row,col,gi_star,norm,est_pct,R,G,B,hex
0,0,,,,,,,
0,1,,,,,,,
0,2,,,,,,,
0,3,,,,,,,
0,4,,,,,,,
0,5,,,,,,,
0,6,,,,,,,
0,7,,,,,,,
0,8,,,,,,,
0,9,,,,,,,
0,10,,,,,,,
0,11,,,,,,,
0,12,,,,,,,
0,13,,,,,,,
0,14,,,,,,,
0,15,,,,,,,
0,16,,,,,,,
0,17,,,,,,,
0,18,,,,,,,
0,19,,,,,,,
0,20,,,,,,,
0,21,,,,,,,
0,22,,,,,,,
0,23,,,,,,,
0,24,,,,,,,
0,25,,,,,,,
0,26,,,,,,,
0,27,,,,,,,
0,28,,,,,,,
0,29,,,,,,,
0,30,,,,,,,
0,31,,,,,,,
0,32,,,,,,,
0,33,,,,,,,
0,34,,,,,,,
0,35,,,,,,,
0,36,,,,,,,
0,37,,,,,,,
0,38,,,,,,,
0,39,,,,,,,
0,40,,,,,,,
0,41,,,,,,,
0,42,,,,,,,
0,43,,,,,,,
0,44,,,,,,,
0,45,,,,,,,
0,46,,,,,,,
0,47,,,,,,,
0,48,,,,,,,
0,49,,,,,,,
0,50,,,,,,,
0,51,,,,,,,
0,52,,,,,,,
0,53,,,,,,,
0,54,,,,,,,
0,55,,,,,,,
0,56,,,,,,,
0,57,,,,,,,
0,58,,,,,,,
0,59,,,,,,,
0,60,,,,,,,
0,61,,,,,,,
0,62,,,,,,,
0,63,,,,,,,
0,64,,,,,,,
0,65,,,,,,,
0,66,,,,,,,
0,67,,,,,,,
0,68,,,,,,,
0,69,,,,,,,
0,70,,,,,,,
0,71,,,,,,,
0,72,,,,,,,
0,73,,,,,,,
0,74,,,,,,,
0,75,,,,,,,
0,76,,,,,,,
0,77,,,,,,,
0,78,,,,,,,
0,79,,,,,,,
0,80,,,,,,,
0,81,,,,,,,
0,82,,,,,,,
0,83,,,,,,,
0,84,,,,,,,
0,85,,,,,,,
0,86,,,,,,,
0,87,,,,,,,
0,88,,,,,,,
0,89,,,,,,,
0,90,,,,,,,
0,91,,,,,,,
0,92,,,,,,,
0,93,,,,,,,
1,0,,,,,,,
1,1,,,,,,,
1,2,,,,,,,
1,3,,,,,,,
1,4,,,,,,,
1,5,,,,,,,
1,6,,,,,,,
1,7,,,,,,,
1,8,,,,,,,
1,9,,,,,,,
1,10,,,,,,,
1,11,,,,,,,
1,12,,,,,,,
1,13,,,,,,,
1,14,,,,,,,
1,15,,,,,,,
1,16,,,,,,,
1,17,,,,,,,
1,18,,,,,,,
1,19,,,,,,,
1,20,,,,,,,
1,21,,,,,,,
1,22,,,,,,,
1,23,,,,,,,
1,24,,,,,,,
1,25,,,,,,,
1,26,,,,,,,
1,27,,,,,,,
1,28,,,,,,,
1,29,,,,,,,
1,30,,,,,,,
1,31,,,,,,,
1,32,,,,,,,
1,33,,,,,,,
1,34,,,,,,,
1,35,,,,,,,
1,36,,,,,,,
1,37,,,,,,,
1,38,,,,,,,
1,39,,,,,,,
1,40,,,,,,,
1,41,,,,,,,
1,42,,,,,,,
1,43,,,,,,,
1,44,,,,,,,
1,45,,,,,,,
1,46,,,,,,,
1,47,,,,,,,
1,48,,,,,,,
1,49,,,,,,,
1,50,,,,,,,
1,51,,,,,,,
1,52,,,,,,,
1,53,,,,,,,
1,54,,,,,,,
1,55,,,,,,,
1,56,,,,,,,
1,57,,,,,,,
1,58,,,,,,,
1,59,,,,,,,
1,60,,,,,,,
1,61,,,,,,,
1,62,,,,,,,
1,63,,,,,,,
1,64,,,,,,,
1,65,,,,,,,
1,66,,,,,,,
1,67,,,,,,,
1,68,,,,,,,
1,69,,,,,,,
1,70,,,,,,,
1,71,,,,,,,
1,72,,,,,,,
1,73,,,,,,,
1,74,,,,,,,
1,75,,,,,,,
1,76,,,,,,,
1,77,,,,,,,
1,78,,,,,,,
1,79,,,,,,,
1,80,,,,,,,
1,81,,,,,,,
1,82,,,,,,,
1,83,,,,,,,
1,84,,,,,,,
1,85,,,,,,,
1,86,,,,,,,
1,87,,,,,,,
1,88,,,,,,,
1,89,,,,,,,
1,90,,,,,,,
1,91,,,,,,,
1,92,,,,,,,
1,93,,,,,,,
2,0,,,,,,,
2,1,,,,,,,
2,2,,,,,,,
2,3,,,,,,,
2,4,,,,,,,
2,5,,,,,,,
2,6,,,,,,,
2,7,,,,,,,
2,8,,,,,,,
2,9,,,,,,,
2,10,,,,,,,
2,11,,,,,,,
2,12,,,,,,,
2,13,,,,,,,
2,14,,,,,,,
2,15,,,,,,,
2,16,,,,,,,
2,17,,,,,,,
2,18,,,,,,,
2,19,,,,,,,
2,20,,,,,,,
2,21,,,,,,,
2,22,,,,,,,
2,23,,,,,,,
2,24,,,,,,,
2,25,,,,,,,
2,26,,,,,,,
2,27,,,,,,,
2,28,,,,,,,
2,29,,,,,,,
2,30,,,,,,,
2,31,,,,,,,
2,32,,,,,,,
2,33,,,,,,,
2,34,,,,,,,
2,35,,,,,,,
2,36,,,,,,,
2,37,,,,,,,
2,38,,,,,,,
2,39,,,,,,,
2,40,,,,,,,
2,41,,,,,,,
2,42,,,,,,,
2,43,,,,,,,
2,44,,,,,,,
2,45,,,,,,,
2,46,,,,,,,
2,47,,,,,,,
2,48,,,,,,,
2,49,,,,,,,
2,50,,,,,,,
2,51,,,,,,,
2,52,,,,,,,
2,53,,,,,,,
2,54,,,,,,,
2,55,,,,,,,
2,56,,,,,,,
2,57,,,,,,,
2,58,,,,,,,
2,59,,,,,,,
2,60,,,,,,,
2,61,,,,,,,
2,62,,,,,,,
2,63,,,,,,,
2,64,,,,,,,
2,65,,,,,,,
2,66,,,,,,,
2,67,,,,,,,
2,68,,,,,,,
2,69,-2.98,0.2577,2.0,58,83,139,#3A538B
2,70,,,,,,,
2,71,,,,,,,
2,72,,,,,,,
2,73,,,,,,,
2,74,,,,,,,
2,75,,,,,,,
2,76,,,,,,,
2,77,,,,,,,
2,78,,,,,,,
2,79,,,,,,,
2,80,,,,,,,
2,81,,,,,,,
2,82,,,,,,,
2,83,,,,,,,
2,84,,,,,,,
2,85,,,,,,,
2,86,,,,,,,
2,87,,,,,,,
2,88,,,,,,,
2,89,,,,,,,
2,90,,,,,,,
2,91,,,,,,,
2,92,,,,,,,
2,93,,,,,,,
3,0,,,,,,,
3,1,,,,,,,
3,2,,,,,,,
3,3,,,,,,,
3,4,,,,,,,
3,5,,,,,,,
3,6,,,,,,,
3,7,,,,,,,
3,8,,,,,,,
3,9,,,,,,,
3,10,,,,,,,
3,11,,,,,,,
3,12,,,,,,,
3,13,,,,,,,
3,14,,,,,,,
3,15,,,,,,,
3,16,,,,,,,
3,17,,,,,,,
3,18,,,,,,,
3,19,,,,,,,
3,20,,,,,,,
3,21,,,,,,,
3,22,,,,,,,
3,23,,,,,,,
3,24,,,,,,,
3,25,,,,,,,
3,26,,,,,,,
3,27,,,,,,,
3,28,,,,,,,
3,29,,,,,,,
3,30,,,,,,,
3,31,,,,,,,
3,32,,,,,,,
3,33,,,,,,,
3,34,,,,,,,
3,35,,,,,,,
3,36,,,,,,,
3,37,,,,,,,
3,38,,,,,,,
3,39,,,,,,,
3,40,,,,,,,
3,41,,,,,,,
3,42,,,,,,,
3,43,,,,,,,
3,44,,,,,,,
3,45,,,,,,,
3,46,,,,,,,
3,47,,,,,,,
3,48,,,,,,,
3,49,,,,,,,
3,50,,,,,,,
3,51,,,,,,,
3,52,,,,,,,
3,53,,,,,,,
3,54,,,,,,,
3,55,,,,,,,
3,56,,,,,,,
3,57,,,,,,,
3,58,,,,,,,
3,59,,,,,,,
3,60,,,,,,,
3,61,,,,,,,
3,62,,,,,,,
3,63,,,,,,,
3,64,,,,,,,
3,65,,,,,,,
3,66,,,,,,,
3,67,,,,,,,
3,68,,,,,,,
3,69,-2.98,0.2577,2.0,58,83,139,#3A538B
3,70,,,,,,,
3,71,,,,,,,
3,72,,,,,,,
3,73,,,,,,,
3,74,,,,,,,
3,75,,,,,,,
3,76,,,,,,,
3,77,,,,,,,
3,78,,,,,,,
3,79,,,,,,,
3,80,,,,,,,
3,81,,,,,,,
3,82,,,,,,,
3,83,,,,,,,
3,84,,,,,,,
3,85,,,,,,,
3,86,,,,,,,
3,87,,,,,,,
3,88,,,,,,,
3,89,,,,,,,
3,90,,,,,,,
3,91,,,,,,,
3,92,,,,,,,
3,93,,,,,,,
4,0,,,,,,,
4,1,,,,,,,
4,2,,,,,,,
4,3,,,,,,,
4,4,,,,,,,
4,5,,,,,,,
4,6,,,,,,,
4,7,,,,,,,
4,8,,,,,,,
4,9,,,,,,,
4,10,,,,,,,
4,11,,,,,,,
4,12,,,,,,,
4,13,,,,,,,
4,14,,,,,,,
4,15,,,,,,,
4,16,,,,,,,
4,17,,,,,,,
4,18,,,,,,,
4,19,,,,,,,
4,20,,,,,,,
4,21,,,,,,,
4,22,,,,,,,
4,23,,,,,,,
4,24,,,,,,,
4,25,,,,,,,
4,26,,,,,,,
4,27,,,,,,,
4,28,,,,,,,
4,29,,,,,,,
4,30,,,,,,,
4,31,,,,,,,
4,32,,,,,,,
4,33,,,,,,,
4,34,,,,,,,
4,35,,,,,,,
4,36,,,,,,,
4,37,,,,,,,
4,38,,,,,,,
4,39,,,,,,,
4,40,,,,,,,
4,41,,,,,,,
4,42,,,,,,,
4,43,,,,,,,
4,44,,,,,,,
4,45,,,,,,,
4,46,,,,,,,
4,47,,,,,,,
4,48,,,,,,,
4,49,,,,,,,
4,50,,,,,,,
4,51,,,,,,,
4,52,,,,,,,
4,53,,,,,,,
4,54,,,,,,,
4,55,,,,,,,
4,56,,,,,,,
4,57,,,,,,,
4,58,,,,,,,
4,59,,,,,,,
4,60,,,,,,,
4,61,,,,,,,
4,62,,,,,,,
4,63,,,,,,,
4,64,,,,,,,
4,65,,,,,,,
4,66,,,,,,,
4,67,-2.79,0.2721,3.8,56,88,140,#38588C
4,68,-2.98,0.2577,2.0,58,83,139,#3A538B
4,69,,,,,,,
4,70,,,,,,,
4,71,,,,,,,
4,72,,,,,,,
4,73,,,,,,,
4,74,,,,,,,
4,75,,,,,,,
4,76,,,,,,,
4,77,,,,,,,
4,78,,,,,,,
4,79,,,,,,,
4,80,,,,,,,
4,81,,,,,,,
4,82,,,,,,,
4,83,,,,,,,
4,84,,,,,,,
4,85,,,,,,,
4,86,,,,,,,
4,87,,,,,,,
4,88,,,,,,,
4,89,,,,,,,
4,90,,,,,,,
4,91,,,,,,,
4,92,,,,,,,
4,93,,,,,,,
5,0,,,,,,,
5,1,,,,,,,
5,2,,,,,,,
5,3,,,,,,,
5,4,,,,,,,
5,5,,,,,,,
5,6,,,,,,,
5,7,,,,,,,
5,8,,,,,,,
5,9,,,,,,,
5,10,,,,,,,
5,11,,,,,,,
5,12,,,,,,,
5,13,,,,,,,
5,14,,,,,,,
5,15,,,,,,,
5,16,,,,,,,
5,17,,,,,,,
5,18,,,,,,,
5,19,,,,,,,
5,20,,,,,,,
5,21,,,,,,,
5,22,,,,,,,
5,23,,,,,,,
5,24,,,,,,,
5,25,,,,,,,
5,26,,,,,,,
5,27,,,,,,,
5,28,,,,,,,
5,29,,,,,,,
5,30,,,,,,,
5,31,,,,,,,
5,32,,,,,,,
5,33,,,,,,,
5,34,,,,,,,
5,35,,,,,,,
5,36,,,,,,,
5,37,,,,,,,
5,38,,,,,,,
5,39,,,,,,,
5,40,,,,,,,
5,41,,,,,,,
5,42,,,,,,,
5,43,,,,,,,
5,44,,,,,,,
5,45,,,,,,,
5,46,,,,,,,
5,47,,,,,,,
5,48,,,,,,,
5,49,,,,,,,
5,50,,,,,,,
5,51,,,,,,,
5,52,,,,,,,
5,53,,,,,,,
5,54,,,,,,,
5,55,,,,,,,
5,56,,,,,,,
5,57,,,,,,,
5,58,,,,,,,
5,59,,,,,,,
5,60,,,,,,,
5,61,,,,,,,
5,62,,,,,,,
5,63,,,,,,,
5,64,,,,,,,
5,65,,,,,,,
5,66,,,,,,,
5,67,-2.79,0.2721,3.8,56,88,140,#38588C
5,68,,,,,,,
5,69,,,,,,,
5,70,,,,,,,
5,71,,,,,,,
5,72,,,,,,,
5,73,,,,,,,
5,74,,,,,,,
5,75,,,,,,,
5,76,,,,,,,
5,77,,,,,,,
5,78,,,,,,,
5,79,,,,,,,
5,80,,,,,,,
5,81,,,,,,,
5,82,,,,,,,
5,83,,,,,,,
5,84,,,,,,,
5,85,,,,,,,
5,86,,,,,,,
5,87,,,,,,,
5,88,,,,,,,
5,89,,,,,,,
5,90,,,,,,,
5,91,,,,,,,
5,92,,,,,,,
5,93,,,,,,,
6,0,,,,,,,
6,1,,,,,,,
6,2,,,,,,,
6,3,,,,,,,
6,4,,,,,,,
6,5,,,,,,,
6,6,,,,,,,
6,7,,,,,,,
6,8,,,,,,,
6,9,,,,,,,
6,10,,,,,,,
6,11,,,,,,,
6,12,,,,,,,
6,13,,,,,,,
6,14,,,,,,,
6,15,,,,,,,
6,16,,,,,,,
6,17,,,,,,,
6,18,,,,,,,
6,19,,,,,,,
6,20,,,,,,,
6,21,,,,,,,
6,22,,,,,,,
6,23,,,,,,,
6,24,,,,,,,
6,25,,,,,,,
6,26,,,,,,,
6,27,,,,,,,
6,28,,,,,,,
6,29,,,,,,,
6,30,,,,,,,
6,31,,,,,,,
6,32,,,,,,,
6,33,,,,,,,
6,34,,,,,,,
6,35,,,,,,,
6,36,,,,,,,
6,37,,,,,,,
6,38,,,,,,,
6,39,,,,,,,
6,40,,,,,,,
6,41,,,,,,,
6,42,,,,,,,
6,43,,,,,,,
6,44,,,,,,,
6,45,,,,,,,
6,46,,,,,,,
6,47,,,,,,,
6,48,,,,,,,
6,49,,,,,,,
6,50,,,,,,,
6,51,,,,,,,
6,52,,,,,,,
6,53,,,,,,,
6,54,,,,,,,
6,55,,,,,,,
6,56,,,,,,,
6,57,,,,,,,
6,58,,,,,,,
6,59,,,,,,,
6,60,,,,,,,
6,61,,,,,,,
6,62,,,,,,,
6,63,,,,,,,
6,64,-3.02,0.2547,1.6,58,83,139,#3A538B
6,65,,,,,,,
6,66,,,,,,,
6,67,-2.65,0.2828,5.2,55,91,141,#375B8D
6,68,,,,,,,
6,69,,,,,,,
6,70,,,,,,,
6,71,,,,,,,
6,72,,,,,,,
6,73,,,,,,,
6,74,,,,,,,
6,75,,,,,,,
6,76,,,,,,,
6,77,,,,,,,
6,78,,,,,,,
6,79,,,,,,,
6,80,,,,,,,
6,81,,,,,,,
6,82,,,,,,,
6,83,,,,,,,
6,84,,,,,,,
6,85,,,,,,,
6,86,,,,,,,
6,87,,,,,,,
6,88,,,,,,,
6,89,,,,,,,
6,90,,,,,,,
6,91,,,,,,,
6,92,,,,,,,
6,93,,,,,,,
7,0,,,,,,,
7,1,,,,,,,
7,2,,,,,,,
7,3,,,,,,,
7,4,,,,,,,
7,5,,,,,,,
7,6,,,,,,,
7,7,,,,,,,
7,8,,,,,,,
7,9,,,,,,,
7,10,,,,,,,
7,11,,,,,,,
7,12,,,,,,,
7,13,,,,,,,
7,14,,,,,,,
7,15,,,,,,,
7,16,,,,,,,
7,17,,,,,,,
7,18,,,,,,,
7,19,,,,,,,
7,20,,,,,,,
7,21,,,,,,,
7,22,,,,,,,
7,23,,,,,,,
7,24,,,,,,,
7,25,,,,,,,
7,26,,,,,,,
7,27,,,,,,,
7,28,,,,,,,
7,29,,,,,,,
7,30,,,,,,,
7,31,,,,,,,
7,32,,,,,,,
7,33,,,,,,,
7,34,,,,,,,
7,35,,,,,,,
7,36,,,,,,,
7,37,,,,,,,
7,38,,,,,,,
7,39,,,,,,,
7,40,,,,,,,
7,41,,,,,,,
7,42,,,,,,,
7,43,,,,,,,
7,44,,,,,,,
7,45,,,,,,,
7,46,,,,,,,
7,47,,,,,,,
7,48,,,,,,,
7,49,,,,,,,
7,50,,,,,,,
7,51,,,,,,,
7,52,,,,,,,
7,53,,,,,,,
7,54,,,,,,,
7,55,,,,,,,
7,56,,,,,,,
7,57,,,,,,,
7,58,,,,,,,
7,59,,,,,,,
7,60,,,,,,,
7,61,,,,,,,
7,62,,,,,,,
7,63,-3.02,0.2547,1.6,58,83,139,#3A538B
7,64,-3.02,0.2547,1.6,58,83,139,#3A538B
7,65,nan,nan,nan,0,0,0,#000000
7,66,,,,,,,
7,67,,,,,,,
7,68,,,,,,,
7,69,,,,,,,
7,70,,,,,,,
7,71,,,,,,,
7,72,,,,,,,
7,73,,,,,,,
7,74,,,,,,,
7,75,,,,,,,
7,76,,,,,,,
7,77,,,,,,,
7,78,,,,,,,
7,79,,,,,,,
7,80,,,,,,,
7,81,,,,,,,
7,82,,,,,,,
7,83,,,,,,,
7,84,,,,,,,
7,85,,,,,,,
7,86,,,,,,,
7,87,,,,,,,
7,88,,,,,,,
7,89,,,,,,,
7,90,,,,,,,
7,91,,,,,,,
7,92,,,,,,,
7,93,,,,,,,
8,0,,,,,,,
8,1,,,,,,,
8,2,,,,,,,
8,3,,,,,,,
8,4,,,,,,,
8,5,,,,,,,
8,6,,,,,,,
8,7,,,,,,,
8,8,,,,,,,
8,9,,,,,,,
8,10,,,,,,,
8,11,,,,,,,
8,12,,,,,,,
8,13,,,,,,,
8,14,,,,,,,
8,15,,,,,,,
8,16,,,,,,,
8,17,,,,,,,
8,18,,,,,,,
8,19,,,,,,,
8,20,,,,,,,
8,21,,,,,,,
8,22,,,,,,,
8,23,,,,,,,
8,24,,,,,,,
8,25,,,,,,,
8,26,,,,,,,
8,27,,,,,,,
8,28,,,,,,,
8,29,,,,,,,
8,30,,,,,,,
8,31,,,,,,,
8,32,,,,,,,
8,33,,,,,,,
8,34,,,,,,,
8,35,,,,,,,
8,36,,,,,,,
8,37,,,,,,,
8,38,,,,,,,
8,39,,,,,,,
8,40,,,,,,,
8,41,,,,,,,
8,42,,,,,,,
8,43,,,,,,,
8,44,,,,,,,
8,45,,,,,,,
8,46,,,,,,,
8,47,,,,,,,
8,48,,,,,,,
8,49,,,,,,,
8,50,,,,,,,
8,51,,,,,,,
8,52,,,,,,,
8,53,,,,,,,
8,54,,,,,,,
8,55,,,,,,,
8,56,,,,,,,
8,57,,,,,,,
8,58,,,,,,,
8,59,,,,,,,
8,60,,,,,,,
8,61,,,,,,,
8,62,,,,,,,
8,63,,,,,,,
8,64,,,,,,,
8,65,-3.02,0.2547,1.6,58,83,139,#3A538B
8,66,-2.23,0.3147,9.4,51,99,141,#33638D
8,67,,,,,,,
8,68,,,,,,,
8,69,,,,,,,
8,70,,,,,,,
8,71,,,,,,,
8,72,,,,,,,
8,73,,,,,,,
8,74,,,,,,,
8,75,,,,,,,
8,76,,,,,,,
8,77,,,,,,,
8,78,,,,,,,
8,79,,,,,,,
8,80,,,,,,,
8,81,,,,,,,
8,82,,,,,,,
8,83,,,,,,,
8,84,,,,,,,
8,85,,,,,,,
8,86,,,,,,,
8,87,,,,,,,
8,88,,,,,,,
8,89,,,,,,,
8,90,,,,,,,
8,91,,,,,,,
8,92,,,,,,,
8,93,,,,,,,
9,0,,,,,,,
9,1,,,,,,,
9,2,,,,,,,
9,3,,,,,,,
9,4,,,,,,,
9,5,,,,,,,
9,6,,,,,,,
9,7,,,,,,,
9,8,,,,,,,
9,9,,,,,,,
9,10,,,,,,,
9,11,,,,,,,
9,12,,,,,,,
9,13,,,,,,,
9,14,,,,,,,
9,15,,,,,,,
9,16,,,,,,,
9,17,,,,,,,
9,18,,,,,,,
9,19,,,,,,,
9,20,,,,,,,
9,21,,,,,,,
9,22,,,,,,,
9,23,,,,,,,
9,24,,,,,,,
9,25,,,,,,,
9,26,,,,,,,
9,27,,,,,,,
9,28,,,,,,,
9,29,,,,,,,
9,30,,,,,,,
9,31,,,,,,,
9,32,,,,,,,
9,33,,,,,,,
9,34,,,,,,,
9,35,,,,,,,
9,36,,,,,,,
9,37,,,,,,,
9,38,,,,,,,
9,39,,,,,,,
9,40,,,,,,,
9,41,,,,,,,
9,42,,,,,,,
9,43,,,,,,,
9,44,,,,,,,
9,45,,,,,,,
9,46,,,,,,,
9,47,,,,,,,
9,48,,,,,,,
9,49,,,,,,,
9,50,,,,,,,
9,51,,,,,,,
9,52,,,,,,,
9,53,,,,,,,
9,54,,,,,,,
9,55,,,,,,,
9,56,,,,,,,
9,57,,,,,,,
9,58,,,,,,,
9,59,,,,,,,
9,60,,,,,,,
9,61,,,,,,,
9,62,,,,,,,
9,63,,,,,,,
9,64,-2.23,0.3147,9.4,51,99,141,#33638D
9,65,-2.6,0.2866,5.7,54,92,141,#365C8D
9,66,-2.23,0.3147,9.4,51,99,141,#33638D
9,67,,,,,,,
9,68,,,,,,,
9,69,,,,,,,
9,70,,,,,,,
9,71,,,,,,,
9,72,,,,,,,
9,73,,,,,,,
9,74,,,,,,,
9,75,,,,,,,
9,76,,,,,,,
9,77,,,,,,,
9,78,,,,,,,
9,79,,,,,,,
9,80,,,,,,,
9,81,,,,,,,
9,82,,,,,,,
9,83,,,,,,,
9,84,,,,,,,
9,85,,,,,,,
9,86,,,,,,,
9,87,,,,,,,
9,88,,,,,,,
9,89,,,,,,,
9,90,,,,,,,
9,91,,,,,,,
9,92,,,,,,,
9,93,,,,,,,
10,0,,,,,,,
10,1,,,,,,,
10,2,,,,,,,
10,3,,,,,,,
10,4,,,,,,,
10,5,,,,,,,
10,6,,,,,,,
10,7,,,,,,,
10,8,,,,,,,
10,9,,,,,,,
10,10,,,,,,,
10,11,,,,,,,
10,12,,,,,,,
10,13,,,,,,,
10,14,,,,,,,
10,15,,,,,,,
10,16,,,,,,,
10,17,,,,,,,
10,18,,,,,,,
10,19,,,,,,,
10,20,,,,,,,
10,21,,,,,,,
10,22,,,,,,,
10,23,,,,,,,
10,24,,,,,,,
10,25,,,,,,,
10,26,,,,,,,
10,27,,,,,,,
10,28,,,,,,,
10,29,,,,,,,
10,30,,,,,,,
10,31,,,,,,,
10,32,,,,,,,
10,33,,,,,,,
10,34,,,,,,,
10,35,,,,,,,
10,36,,,,,,,
10,37,,,,,,,
10,38,,,,,,,
10,39,,,,,,,
10,40,,,,,,,
10,41,,,,,,,
10,42,,,,,,,
10,43,,,,,,,
10,44,,,,,,,
10,45,,,,,,,
10,46,,,,,,,
10,47,,,,,,,
10,48,,,,,,,
10,49,,,,,,,
10,50,,,,,,,
10,51,,,,,,,
10,52,,,,,,,
10,53,,,,,,,
10,54,,,,,,,
10,55,,,,,,,
10,56,,,,,,,
10,57,,,,,,,
10,58,,,,,,,
10,59,,,,,,,
10,60,,,,,,,
10,61,,,,,,,
10,62,-2.23,0.3147,9.4,51,99,141,#33638D
10,63,-2.23,0.3147,9.4,51,99,141,#33638D
10,64,-2.23,0.3147,9.4,51,99,141,#33638D
10,65,-2.6,0.2866,5.7,54,92,141,#365C8D
10,66,-2.23,0.3147,9.4,51,99,141,#33638D
10,67,,,,,,,
10,68,,,,,,,
10,69,,,,,,,
10,70,,,,,,,
10,71,,,,,,,
10,72,,,,,,,
10,73,,,,,,,
10,74,,,,,,,
10,75,,,,,,,
10,76,,,,,,,
10,77,,,,,,,
10,78,,,,,,,
10,79,,,,,,,
10,80,,,,,,,
10,81,,,,,,,
10,82,,,,,,,
10,83,,,,,,,
10,84,,,,,,,
10,85,,,,,,,
10,86,,,,,,,
10,87,,,,,,,
10,88,,,,,,,
10,89,,,,,,,
10,90,,,,,,,
10,91,,,,,,,
10,92,,,,,,,
10,93,,,,,,,
11,0,,,,,,,
11,1,,,,,,,
11,2,,,,,,,
11,3,,,,,,,
11,4,,,,,,,
11,5,,,,,,,
11,6,,,,,,,
11,7,,,,,,,
11,8,,,,,,,
11,9,,,,,,,
11,10,,,,,,,
11,11,,,,,,,
11,12,,,,,,,
11,13,,,,,,,
11,14,,,,,,,
11,15,,,,,,,
11,16,,,,,,,
11,17,,,,,,,
11,18,,,,,,,
11,19,,,,,,,
11,20,,,,,,,
11,21,,,,,,,
11,22,,,,,,,
11,23,,,,,,,
11,24,,,,,,,
11,25,,,,,,,
11,26,,,,,,,
11,27,,,,,,,
11,28,,,,,,,
11,29,,,,,,,
11,30,,,,,,,
11,31,,,,,,,
11,32,,,,,,,
11,33,,,,,,,
11,34,,,,,,,
11,35,,,,,,,
11,36,,,,,,,
11,37,,,,,,,
11,38,,,,,,,
11,39,,,,,,,
11,40,,,,,,,
11,41,,,,,,,
11,42,,,,,,,
11,43,,,,,,,
11,44,,,,,,,
11,45,,,,,,,
11,46,,,,,,,
11,47,,,,,,,
11,48,,,,,,,
11,49,,,,,,,
11,50,,,,,,,
11,51,,,,,,,
11,52,,,,,,,
11,53,,,,,,,
11,54,,,,,,,
11,55,,,,,,,
11,56,,,,,,,
11,57,,,,,,,
11,58,,,,,,,
11,59,,,,,,,
11,60,,,,,,,
11,61,,,,,,,
11,62,,,,,,,
11,63,-2.23,0.3147,9.4,51,99,141,#33638D
11,64,-3.02,0.2547,1.6,58,83,139,#3A538B
11,65,nan,nan,nan,0,0,0,#000000
11,66,nan,nan,nan,0,0,0,#000000
11,67,,,,,,,
11,68,,,,,,,
11,69,,,,,,,
11,70,,,,,,,
11,71,,,,,,,
11,72,,,,,,,
11,73,,,,,,,
11,74,,,,,,,
11,75,,,,,,,
11,76,,,,,,,
11,77,,,,,,,
11,78,,,,,,,
11,79,,,,,,,
11,80,,,,,,,
11,81,,,,,,,
11,82,,,,,,,
11,83,,,,,,,
11,84,,,,,,,
11,85,,,,,,,
11,86,,,,,,,
11,87,,,,,,,
11,88,,,,,,,
11,89,,,,,,,
11,90,,,,,,,
11,91,,,,,,,
11,92,,,,,,,
11,93,,,,,,,
12,0,,,,,,,
12,1,,,,,,,
12,2,,,,,,,
12,3,,,,,,,
12,4,,,,,,,
12,5,,,,,,,
12,6,,,,,,,
12,7,,,,,,,
12,8,,,,,,,
12,9,,,,,,,
12,10,,,,,,,
12,11,,,,,,,
12,12,,,,,,,
12,13,,,,,,,
12,14,,,,,,,
12,15,,,,,,,
12,16,,,,,,,
12,17,,,,,,,
12,18,,,,,,,
12,19,,,,,,,
12,20,,,,,,,
12,21,,,,,,,
12,22,,,,,,,
12,23,,,,,,,
12,24,,,,,,,
12,25,,,,,,,
12,26,,,,,,,
12,27,,,,,,,
12,28,,,,,,,
12,29,,,,,,,
12,30,,,,,,,
12,31,,,,,,,
12,32,,,,,,,
12,33,,,,,,,
12,34,,,,,,,
12,35,,,,,,,
12,36,,,,,,,
12,37,,,,,,,
12,38,,,,,,,
12,39,,,,,,,
12,40,,,,,,,
12,41,,,,,,,
12,42,,,,,,,
12,43,,,,,,,
12,44,,,,,,,
12,45,,,,,,,
12,46,,,,,,,
12,47,,,,,,,
12,48,,,,,,,
12,49,,,,,,,
12,50,,,,,,,
12,51,,,,,,,
12,52,,,,,,,
12,53,,,,,,,
12,54,,,,,,,
12,55,,,,,,,
12,56,,,,,,,
12,57,,,,,,,
12,58,,,,,,,
12,59,,,,,,,
12,60,,,,,,,
12,61,,,,,,,
12,62,,,,,,,
12,63,,,,,,,
12,64,,,,,,,
12,65,,,,,,,
12,66,-3.58,0.2121,0.0,63,71,136,#3F4788
12,67,,,,,,,
12,68,,,,,,,
12,69,,,,,,,
12,70,,,,,,,
12,71,,,,,,,
12,72,,,,,,,
12,73,,,,,,,
12,74,,,,,,,
12,75,,,,,,,
12,76,,,,,,,
12,77,,,,,,,
12,78,,,,,,,
12,79,,,,,,,
12,80,,,,,,,
12,81,,,,,,,
12,82,,,,,,,
12,83,,,,,,,
12,84,,,,,,,
12,85,,,,,,,
12,86,,,,,,,
12,87,,,,,,,
12,88,,,,,,,
12,89,,,,,,,
12,90,,,,,,,
12,91,,,,,,,
12,92,,,,,,,
12,93,,,,,,,
13,0,,,,,,,
13,1,,,,,,,
13,2,,,,,,,
13,3,,,,,,,
13,4,,,,,,,
13,5,,,,,,,
13,6,,,,,,,
13,7,,,,,,,
13,8,,,,,,,
13,9,,,,,,,
13,10,,,,,,,
13,11,,,,,,,
13,12,,,,,,,
13,13,,,,,,,
13,14,,,,,,,
13,15,,,,,,,
13,16,,,,,,,
13,17,,,,,,,
13,18,,,,,,,
13,19,,,,,,,
13,20,,,,,,,
13,21,,,,,,,
13,22,,,,,,,
13,23,,,,,,,
13,24,,,,,,,
13,25,,,,,,,
13,26,,,,,,,
13,27,,,,,,,
13,28,,,,,,,
13,29,,,,,,,
13,30,,,,,,,
13,31,,,,,,,
13,32,,,,,,,
13,33,,,,,,,
13,34,,,,,,,
13,35,,,,,,,
13,36,,,,,,,
13,37,,,,,,,
13,38,,,,,,,
13,39,,,,,,,
13,40,,,,,,,
13,41,,,,,,,
13,42,,,,,,,
13,43,,,,,,,
13,44,,,,,,,
13,45,,,,,,,
13,46,,,,,,,
13,47,,,,,,,
13,48,,,,,,,
13,49,,,,,,,
13,50,,,,,,,
13,51,,,,,,,
13,52,,,,,,,
13,53,,,,,,,
13,54,,,,,,,
13,55,,,,,,,
13,56,,,,,,,
13,57,,,,,,,
13,58,,,,,,,
13,59,,,,,,,
13,60,,,,,,,
13,61,,,,,,,
13,62,,,,,,,
13,63,,,,,,,
13,64,,,,,,,
13,65,,,,,,,
13,66,,,,,,,
13,67,,,,,,,
13,68,,,,,,,
13,69,,,,,,,
13,70,,,,,,,
13,71,,,,,,,
13,72,,,,,,,
13,73,,,,,,,
13,74,,,,,,,
13,75,,,,,,,
13,76,,,,,,,
13,77,,,,,,,
13,78,,,,,,,
13,79,,,,,,,
13,80,,,,,,,
13,81,,,,,,,
13,82,,,,,,,
13,83,,,,,,,
13,84,,,,,,,
13,85,,,,,,,
13,86,,,,,,,
13,87,,,,,,,
13,88,,,,,,,
13,89,,,,,,,
13,90,,,,,,,
13,91,,,,,,,
13,92,,,,,,,
13,93,,,,,,,
14,0,,,,,,,
14,1,,,,,,,
14,2,,,,,,,
14,3,,,,,,,
14,4,,,,,,,
14,5,,,,,,,
14,6,,,,,,,
14,7,,,,,,,
14,8,,,,,,,
14,9,,,,,,,
14,10,,,,,,,
14,11,,,,,,,
14,12,,,,,,,
14,13,,,,,,,
14,14,,,,,,,
14,15,,,,,,,
14,16,,,,,,,
14,17,,,,,,,
14,18,,,,,,,
14,19,,,,,,,
14,20,,,,,,,
14,21,,,,,,,
14,22,,,,,,,
14,23,,,,,,,
14,24,,,,,,,
14,25,,,,,,,
14,26,,,,,,,
14,27,,,,,,,
14,28,,,,,,,
14,29,,,,,,,
14,30,,,,,,,
14,31,,,,,,,
14,32,,,,,,,
14,33,,,,,,,
14,34,,,,,,,
14,35,,,,,,,
14,36,,,,,,,
14,37,,,,,,,
14,38,,,,,,,
14,39,,,,,,,
14,40,,,,,,,
14,41,,,,,,,
14,42,,,,,,,
14,43,,,,,,,
14,44,,,,,,,
14,45,,,,,,,
14,46,,,,,,,
14,47,,,,,,,
14,48,,,,,,,
14,49,,,,,,,
14,50,,,,,,,
14,51,,,,,,,
14,52,,,,,,,
14,53,,,,,,,
14,54,,,,,,,
14,55,,,,,,,
14,56,,,,,,,
14,57,,,,,,,
14,58,,,,,,,
14,59,,,,,,,
14,60,,,,,,,
14,61,,,,,,,
14,62,,,,,,,
14,63,,,,,,,
14,64,,,,,,,
14,65,,,,,,,
14,66,,,,,,,
14,67,,,,,,,
14,68,,,,,,,
14,69,,,,,,,
14,70,,,,,,,
14,71,,,,,,,
14,72,,,,,,,
14,73,,,,,,,
14,74,,,,,,,
14,75,,,,,,,
14,76,,,,,,,
14,77,,,,,,,
14,78,,,,,,,
14,79,,,,,,,
14,80,,,,,,,
14,81,,,,,,,
14,82,,,,,,,
14,83,,,,,,,
14,84,,,,,,,
14,85,,,,,,,
14,86,,,,,,,
14,87,,,,,,,
14,88,,,,,,,
14,89,,,,,,,
14,90,,,,,,,
14,91,,,,,,,
14,92,,,,,,,
14,93,,,,,,,
15,0,,,,,,,
15,1,,,,,,,
15,2,,,,,,,
15,3,,,,,,,
15,4,,,,,,,
15,5,,,,,,,
15,6,,,,,,,
15,7,,,,,,,
15,8,,,,,,,
15,9,,,,,,,
15,10,,,,,,,
15,11,,,,,,,
15,12,,,,,,,
15,13,,,,,,,
15,14,,,,,,,
15,15,,,,,,,
15,16,,,,,,,
15,17,,,,,,,
15,18,,,,,,,
15,19,,,,,,,
15,20,,,,,,,
15,21,,,,,,,
15,22,,,,,,,
15,23,,,,,,,
15,24,,,,,,,
15,25,,,,,,,
15,26,,,,,,,
15,27,,,,,,,
15,28,,,,,,,
15,29,,,,,,,
15,30,,,,,,,
15,31,,,,,,,
15,32,,,,,,,
15,33,,,,,,,
15,34,,,,,,,
15,35,,,,,,,
15,36,,,,,,,
15,37,,,,,,,
15,38,,,,,,,
15,39,,,,,,,
15,40,,,,,,,
15,41,,,,,,,
15,42,,,,,,,
15,43,,,,,,,
15,44,,,,,,,
15,45,,,,,,,
15,46,,,,,,,
15,47,,,,,,,
15,48,,,,,,,
15,49,,,,,,,
15,50,,,,,,,
15,51,,,,,,,
15,52,,,,,,,
15,53,,,,,,,
15,54,,,,,,,
15,55,,,,,,,
15,56,,,,,,,
15,57,,,,,,,
15,58,,,,,,,
15,59,,,,,,,
15,60,,,,,,,
15,61,,,,,,,
15,62,,,,,,,
15,63,,,,,,,
15,64,,,,,,,
15,65,-2.79,0.2721,3.8,56,88,140,#38588C
15,66,,,,,,,
15,67,,,,,,,
15,68,,,,,,,
15,69,,,,,,,
15,70,,,,,,,
15,71,,,,,,,
15,72,,,,,,,
15,73,,,,,,,
15,74,,,,,,,
15,75,,,,,,,
15,76,,,,,,,
15,77,,,,,,,
15,78,,,,,,,
15,79,,,,,,,
15,80,,,,,,,
15,81,,,,,,,
15,82,,,,,,,
15,83,,,,,,,
15,84,,,,,,,
15,85,,,,,,,
15,86,,,,,,,
15,87,,,,,,,
15,88,,,,,,,
15,89,,,,,,,
15,90,,,,,,,
15,91,,,,,,,
15,92,,,,,,,
15,93,,,,,,,
16,0,,,,,,,
16,1,,,,,,,
16,2,,,,,,,
16,3,,,,,,,
16,4,,,,,,,
16,5,,,,,,,
16,6,,,,,,,
16,7,,,,,,,
16,8,,,,,,,
16,9,,,,,,,
16,10,,,,,,,
16,11,,,,,,,
16,12,,,,,,,
16,13,,,,,,,
16,14,,,,,,,
16,15,,,,,,,
16,16,,,,,,,
16,17,,,,,,,
16,18,,,,,,,
16,19,,,,,,,
16,20,,,,,,,
16,21,,,,,,,
16,22,,,,,,,
16,23,,,,,,,
16,24,,,,,,,
16,25,,,,,,,
16,26,,,,,,,
16,27,,,,,,,
16,28,,,,,,,
16,29,,,,,,,
16,30,,,,,,,
16,31,,,,,,,
16,32,,,,,,,
16,33,,,,,,,
16,34,,,,,,,
16,35,,,,,,,
16,36,,,,,,,
16,37,,,,,,,
16,38,,,,,,,
16,39,,,,,,,
16,40,,,,,,,
16,41,,,,,,,
16,42,,,,,,,
16,43,,,,,,,
16,44,,,,,,,
16,45,,,,,,,
16,46,,,,,,,
16,47,,,,,,,
16,48,,,,,,,
16,49,,,,,,,
16,50,,,,,,,
16,51,,,,,,,
16,52,,,,,,,
16,53,,,,,,,
16,54,,,,,,,
16,55,,,,,,,
16,56,,,,,,,
16,57,,,,,,,
16,58,,,,,,,
16,59,,,,,,,
16,60,,,,,,,
16,61,,,,,,,
16,62,,,,,,,
16,63,,,,,,,
16,64,,,,,,,
16,65,-2.47,0.2964,7.0,53,94,141,#355E8D
16,66,,,,,,,
16,67,,,,,,,
16,68,,,,,,,
16,69,,,,,,,
16,70,,,,,,,
16,71,,,,,,,
16,72,,,,,,,
16,73,,,,,,,
16,74,,,,,,,
16,75,,,,,,,
16,76,,,,,,,
16,77,,,,,,,
16,78,,,,,,,
16,79,,,,,,,
16,80,,,,,,,
16,81,,,,,,,
16,82,,,,,,,
16,83,,,,,,,
16,84,,,,,,,
16,85,,,,,,,
16,86,,,,,,,
16,87,,,,,,,
16,88,,,,,,,
16,89,,,,,,,
16,90,,,,,,,
16,91,,,,,,,
16,92,,,,,,,
16,93,,,,,,,
17,0,,,,,,,
17,1,,,,,,,
17,2,,,,,,,
17,3,,,,,,,
17,4,,,,,,,
17,5,,,,,,,
17,6,,,,,,,
17,7,,,,,,,
17,8,,,,,,,
17,9,,,,,,,
17,10,,,,,,,
17,11,,,,,,,
17,12,,,,,,,
17,13,,,,,,,
17,14,,,,,,,
17,15,,,,,,,
17,16,,,,,,,
17,17,,,,,,,
17,18,,,,,,,
17,19,,,,,,,
17,20,,,,,,,
17,21,,,,,,,
17,22,,,,,,,
17,23,,,,,,,
17,24,,,,,,,
17,25,,,,,,,
17,26,,,,,,,
17,27,,,,,,,
17,28,,,,,,,
17,29,,,,,,,
17,30,,,,,,,
17,31,,,,,,,
17,32,,,,,,,
17,33,,,,,,,
17,34,,,,,,,
17,35,,,,,,,
17,36,,,,,,,
17,37,,,,,,,
17,38,,,,,,,
17,39,,,,,,,
17,40,,,,,,,
17,41,,,,,,,
17,42,,,,,,,
17,43,,,,,,,
17,44,,,,,,,
17,45,,,,,,,
17,46,,,,,,,
17,47,,,,,,,
17,48,,,,,,,
17,49,,,,,,,
17,50,,,,,,,
17,51,,,,,,,
17,52,,,,,,,
17,53,,,,,,,
17,54,,,,,,,
17,55,,,,,,,
17,56,,,,,,,
17,57,,,,,,,
17,58,,,,,,,
17,59,,,,,,,
17,60,,,,,,,
17,61,,,,,,,
17,62,,,,,,,
17,63,,,,,,,
17,64,,,,,,,
17,65,,,,,,,
17,66,,,,,,,
17,67,,,,,,,
17,68,,,,,,,
17,69,,,,,,,
17,70,,,,,,,
17,71,,,,,,,
17,72,,,,,,,
17,73,,,,,,,
17,74,,,,,,,
17,75,,,,,,,
17,76,,,,,,,
17,77,,,,,,,
17,78,,,,,,,
17,79,,,,,,,
17,80,,,,,,,
17,81,,,,,,,
17,82,,,,,,,
17,83,,,,,,,
17,84,,,,,,,
17,85,,,,,,,
17,86,,,,,,,
17,87,,,,,,,
17,88,,,,,,,
17,89,,,,,,,
17,90,,,,,,,
17,91,,,,,,,
17,92,,,,,,,
17,93,,,,,,,
18,0,,,,,,,
18,1,,,,,,,
18,2,,,,,,,
18,3,,,,,,,
18,4,,,,,,,
18,5,,,,,,,
18,6,,,,,,,
18,7,,,,,,,
18,8,,,,,,,
18,9,,,,,,,
18,10,,,,,,,
18,11,,,,,,,
18,12,,,,,,,
18,13,,,,,,,
18,14,,,,,,,
18,15,,,,,,,
18,16,,,,,,,
18,17,,,,,,,
18,18,,,,,,,
18,19,,,,,,,
18,20,,,,,,,
18,21,,,,,,,
18,22,,,,,,,
18,23,,,,,,,
18,24,,,,,,,
18,25,,,,,,,
18,26,,,,,,,
18,27,,,,,,,
18,28,,,,,,,
18,29,,,,,,,
18,30,,,,,,,
18,31,,,,,,,
18,32,,,,,,,
18,33,,,,,,,
18,34,,,,,,,
18,35,,,,,,,
18,36,,,,,,,
18,37,,,,,,,
18,38,,,,,,,
18,39,,,,,,,
18,40,,,,,,,
18,41,,,,,,,
18,42,,,,,,,
18,43,,,,,,,
18,44,,,,,,,
18,45,,,,,,,
18,46,,,,,,,
18,47,,,,,,,
18,48,,,,,,,
18,49,,,,,,,
18,50,,,,,,,
18,51,,,,,,,
18,52,,,,,,,
18,53,,,,,,,
18,54,,,,,,,
18,55,,,,,,,
18,56,,,,,,,
18,57,,,,,,,
18,58,,,,,,,
18,59,,,,,,,
18,60,,,,,,,
18,61,,,,,,,
18,62,,,,,,,
18,63,,,,,,,
18,64,,,,,,,
18,65,,,,,,,
18,66,,,,,,,
18,67,,,,,,,
18,68,,,,,,,
18,69,,,,,,,
18,70,,,,,,,
18,71,,,,,,,
18,72,,,,,,,
18,73,,,,,,,
18,74,,,,,,,
18,75,,,,,,,
18,76,,,,,,,
18,77,,,,,,,
18,78,,,,,,,
18,79,,,,,,,
18,80,,,,,,,
18,81,,,,,,,
18,82,,,,,,,
18,83,,,,,,,
18,84,,,,,,,
18,85,,,,,,,
18,86,,,,,,,
18,87,,,,,,,
18,88,,,,,,,
18,89,,,,,,,
18,90,,,,,,,
18,91,,,,,,,
18,92,,,,,,,
18,93,,,,,,,
19,0,,,,,,,
19,1,,,,,,,
19,2,,,,,,,
19,3,,,,,,,
19,4,,,,,,,
19,5,,,,,,,
19,6,,,,,,,
19,7,,,,,,,
19,8,,,,,,,
19,9,,,,,,,
19,10,,,,,,,
19,11,,,,,,,
19,12,,,,,,,
19,13,,,,,,,
19,14,,,,,,,
19,15,,,,,,,
19,16,,,,,,,
19,17,,,,,,,
19,18,,,,,,,
19,19,,,,,,,
19,20,,,,,,,
19,21,,,,,,,
19,22,,,,,,,
19,23,,,,,,,
19,24,,,,,,,
19,25,,,,,,,
19,26,,,,,,,
19,27,,,,,,,
19,28,,,,,,,
19,29,,,,,,,
19,30,,,,,,,
19,31,,,,,,,
19,32,,,,,,,
19,33,,,,,,,
19,34,,,,,,,
19,35,,,,,,,
19,36,,,,,,,
19,37,,,,,,,
19,38,,,,,,,
19,39,,,,,,,
19,40,,,,,,,
19,41,,,,,,,
19,42,,,,,,,
19,43,,,,,,,
19,44,,,,,,,
19,45,,,,,,,
19,46,,,,,,,
19,47,,,,,,,
19,48,,,,,,,
19,49,,,,,,,
19,50,,,,,,,
19,51,,,,,,,
19,52,,,,,,,
19,53,,,,,,,
19,54,,,,,,,
19,55,,,,,,,
19,56,,,,,,,
19,57,,,,,,,
19,58,,,,,,,
19,59,,,,,,,
19,60,,,,,,,
19,61,,,,,,,
19,62,,,,,,,
19,63,,,,,,,
19,64,,,,,,,
19,65,,,,,,,
19,66,,,,,,,
19,67,,,,,,,
19,68,,,,,,,
19,69,,,,,,,
19,70,,,,,,,
19,71,,,,,,,
19,72,,,,,,,
19,73,,,,,,,
19,74,,,,,,,
19,75,,,,,,,
19,76,,,,,,,
19,77,,,,,,,
19,78,,,,,,,
19,79,,,,,,,
19,80,,,,,,,
19,81,,,,,,,
19,82,,,,,,,
19,83,,,,,,,
19,84,,,,,,,
19,85,,,,,,,
19,86,,,,,,,
19,87,,,,,,,
19,88,,,,,,,
19,89,,,,,,,
19,90,,,,,,,
19,91,,,,,,,
19,92,,,,,,,
19,93,,,,,,,
20,0,,,,,,,
20,1,,,,,,,
20,2,,,,,,,
20,3,,,,,,,
20,4,,,,,,,
20,5,,,,,,,
20,6,,,,,,,
20,7,,,,,,,
20,8,,,,,,,
20,9,,,,,,,
20,10,,,,,,,
20,11,,,,,,,
20,12,,,,,,,
20,13,,,,,,,
20,14,,,,,,,
20,15,,,,,,,
20,16,,,,,,,
20,17,,,,,,,
20,18,,,,,,,
20,19,,,,,,,
20,20,,,,,,,
20,21,,,,,,,
20,22,,,,,,,
20,23,,,,,,,
20,24,,,,,,,
20,25,,,,,,,
20,26,,,,,,,
20,27,,,,,,,
20,28,,,,,,,
20,29,,,,,,,
20,30,,,,,,,
20,31,,,,,,,
20,32,,,,,,,
20,33,,,,,,,
20,34,,,,,,,
20,35,,,,,,,
20,36,,,,,,,
20,37,,,,,,,
20,38,,,,,,,
20,39,,,,,,,
20,40,,,,,,,
20,41,,,,,,,
20,42,,,,,,,
20,43,,,,,,,
20,44,,,,,,,
20,45,,,,,,,
20,46,,,,,,,
20,47,,,,,,,
20,48,,,,,,,
20,49,,,,,,,
20,50,,,,,,,
20,51,,,,,,,
20,52,,,,,,,
20,53,,,,,,,
20,54,,,,,,,
20,55,,,,,,,
20,56,,,,,,,
20,57,,,,,,,
20,58,,,,,,,
20,59,,,,,,,
20,60,,,,,,,
20,61,,,,,,,
20,62,,,,,,,
20,63,,,,,,,
20,64,,,,,,,
20,65,,,,,,,
20,66,,,,,,,
20,67,,,,,,,
20,68,,,,,,,
20,69,,,,,,,
20,70,,,,,,,
20,71,,,,,,,
20,72,,,,,,,
20,73,,,,,,,
20,74,,,,,,,
20,75,,,,,,,
20,76,,,,,,,
20,77,,,,,,,
20,78,,,,,,,
20,79,,,,,,,
20,80,,,,,,,
20,81,,,,,,,
20,82,,,,,,,
20,83,,,,,,,
20,84,,,,,,,
20,85,,,,,,,
20,86,,,,,,,
20,87,,,,,,,
20,88,,,,,,,
20,89,,,,,,,
20,90,,,,,,,
20,91,,,,,,,
20,92,,,,,,,
20,93,,,,,,,
21,0,,,,,,,
21,1,,,,,,,
21,2,,,,,,,
21,3,,,,,,,
21,4,,,,,,,
21,5,,,,,,,
21,6,,,,,,,
21,7,,,,,,,
21,8,,,,,,,
21,9,,,,,,,
21,10,,,,,,,
21,11,,,,,,,
21,12,,,,,,,
21,13,,,,,,,
21,14,,,,,,,
21,15,,,,,,,
21,16,,,,,,,
21,17,,,,,,,
21,18,,,,,,,
21,19,,,,,,,
21,20,,,,,,,
21,21,,,,,,,
21,22,,,,,,,
21,23,,,,,,,
21,24,,,,,,,
21,25,,,,,,,
21,26,,,,,,,
21,27,,,,,,,
21,28,,,,,,,
21,29,,,,,,,
21,30,,,,,,,
21,31,,,,,,,
21,32,,,,,,,
21,33,,,,,,,
21,34,,,,,,,
21,35,,,,,,,
21,36,,,,,,,
21,37,,,,,,,
21,38,,,,,,,
21,39,,,,,,,
21,40,,,,,,,
21,41,,,,,,,
21,42,,,,,,,
21,43,,,,,,,
21,44,,,,,,,
21,45,,,,,,,
21,46,,,,,,,
21,47,,,,,,,
21,48,,,,,,,
21,49,,,,,,,
21,50,,,,,,,
21,51,,,,,,,
21,52,,,,,,,
21,53,,,,,,,
21,54,,,,,,,
21,55,,,,,,,
21,56,,,,,,,
21,57,,,,,,,
21,58,,,,,,,
21,59,,,,,,,
21,60,,,,,,,
21,61,,,,,,,
21,62,,,,,,,
21,63,,,,,,,
21,64,,,,,,,
21,65,,,,,,,
21,66,,,,,,,
21,67,,,,,,,
21,68,,,,,,,
21,69,,,,,,,
21,70,,,,,,,
21,71,,,,,,,
21,72,,,,,,,
21,73,,,,,,,
21,74,,,,,,,
21,75,,,,,,,
21,76,,,,,,,
21,77,,,,,,,
21,78,,,,,,,
21,79,,,,,,,
21,80,,,,,,,
21,81,,,,,,,
21,82,,,,,,,
21,83,,,,,,,
21,84,,,,,,,
21,85,,,,,,,
21,86,,,,,,,
21,87,,,,,,,
21,88,,,,,,,
21,89,,,,,,,
21,90,,,,,,,
21,91,,,,,,,
21,92,,,,,,,
21,93,,,,,,,
22,0,,,,,,,
22,1,,,,,,,
22,2,,,,,,,
22,3,,,,,,,
22,4,,,,,,,
22,5,,,,,,,
22,6,,,,,,,
22,7,,,,,,,
22,8,,,,,,,
22,9,,,,,,,
22,10,,,,,,,
22,11,,,,,,,
22,12,,,,,,,
22,13,,,,,,,
22,14,,,,,,,
22,15,,,,,,,
22,16,,,,,,,
22,17,,,,,,,
22,18,,,,,,,
22,19,,,,,,,
22,20,,,,,,,
22,21,,,,,,,
22,22,,,,,,,
22,23,,,,,,,
22,24,,,,,,,
22,25,,,,,,,
22,26,,,,,,,
22,27,,,,,,,
22,28,,,,,,,
22,29,,,,,,,
22,30,,,,,,,
22,31,,,,,,,
22,32,,,,,,,
22,33,,,,,,,
22,34,,,,,,,
22,35,,,,,,,
22,36,,,,,,,
22,37,,,,,,,
22,38,,,,,,,
22,39,,,,,,,
22,40,,,,,,,
22,41,,,,,,,
22,42,,,,,,,
22,43,,,,,,,
22,44,,,,,,,
22,45,,,,,,,
22,46,,,,,,,
22,47,,,,,,,
22,48,,,,,,,
22,49,,,,,,,
22,50,,,,,,,
22,51,,,,,,,
22,52,,,,,,,
22,53,,,,,,,
22,54,,,,,,,
22,55,,,,,,,
22,56,,,,,,,
22,57,,,,,,,
22,58,,,,,,,
22,59,,,,,,,
22,60,,,,,,,
22,61,,,,,,,
22,62,,,,,,,
22,63,,,,,,,
22,64,,,,,,,
22,65,,,,,,,
22,66,,,,,,,
22,67,,,,,,,
22,68,,,,,,,
22,69,,,,,,,
22,70,,,,,,,
22,71,,,,,,,
22,72,,,,,,,
22,73,,,,,,,
22,74,,,,,,,
22,75,,,,,,,
22,76,,,,,,,
22,77,,,,,,,
22,78,,,,,,,
22,79,,,,,,,
22,80,,,,,,,
22,81,,,,,,,
22,82,,,,,,,
22,83,,,,,,,
22,84,,,,,,,
22,85,,,,,,,
22,86,,,,,,,
22,87,,,,,,,
22,88,,,,,,,
22,89,,,,,,,
22,90,,,,,,,
22,91,,,,,,,
22,92,,,,,,,
22,93,,,,,,,
23,0,,,,,,,
23,1,,,,,,,
23,2,,,,,,,
23,3,,,,,,,
23,4,,,,,,,
23,5,,,,,,,
23,6,,,,,,,
23,7,,,,,,,
23,8,,,,,,,
23,9,,,,,,,
23,10,,,,,,,
23,11,,,,,,,
23,12,,,,,,,
23,13,,,,,,,
23,14,,,,,,,
23,15,,,,,,,
23,16,,,,,,,
23,17,,,,,,,
23,18,,,,,,,
23,19,,,,,,,
23,20,,,,,,,
23,21,,,,,,,
23,22,,,,,,,
23,23,,,,,,,
23,24,,,,,,,
23,25,,,,,,,
23,26,,,,,,,
23,27,,,,,,,
23,28,,,,,,,
23,29,,,,,,,
23,30,,,,,,,
23,31,,,,,,,
23,32,,,,,,,
23,33,,,,,,,
23,34,,,,,,,
23,35,,,,,,,
23,36,,,,,,,
23,37,,,,,,,
23,38,,,,,,,
23,39,,,,,,,
23,40,,,,,,,
23,41,,,,,,,
23,42,,,,,,,
23,43,,,,,,,
23,44,,,,,,,
23,45,,,,,,,
23,46,,,,,,,
23,47,,,,,,,
23,48,,,,,,,
23,49,,,,,,,
23,50,,,,,,,
23,51,,,,,,,
23,52,,,,,,,
23,53,,,,,,,
23,54,,,,,,,
23,55,,,,,,,
23,56,,,,,,,
23,57,,,,,,,
23,58,,,,,,,
23,59,,,,,,,
23,60,,,,,,,
23,61,,,,,,,
23,62,,,,,,,
23,63,,,,,,,
23,64,,,,,,,
23,65,,,,,,,
23,66,,,,,,,
23,67,,,,,,,
23,68,,,,,,,
23,69,,,,,,,
23,70,,,,,,,
23,71,,,,,,,
23,72,,,,,,,
23,73,,,,,,,
23,74,,,,,,,
23,75,,,,,,,
23,76,,,,,,,
23,77,,,,,,,
23,78,,,,,,,
23,79,,,,,,,
23,80,,,,,,,
23,81,,,,,,,
23,82,,,,,,,
23,83,,,,,,,
23,84,,,,,,,
23,85,,,,,,,
23,86,,,,,,,
23,87,,,,,,,
23,88,,,,,,,
23,89,,,,,,,
23,90,,,,,,,
23,91,,,,,,,
23,92,,,,,,,
23,93,,,,,,,
24,0,,,,,,,
24,1,,,,,,,
24,2,,,,,,,
24,3,,,,,,,
24,4,,,,,,,
24,5,,,,,,,
24,6,,,,,,,
24,7,,,,,,,
24,8,,,,,,,
24,9,,,,,,,
24,10,,,,,,,
24,11,,,,,,,
24,12,,,,,,,
24,13,,,,,,,
24,14,,,,,,,
24,15,,,,,,,
24,16,,,,,,,
24,17,,,,,,,
24,18,,,,,,,
24,19,,,,,,,
24,20,,,,,,,
24,21,,,,,,,
24,22,,,,,,,
24,23,,,,,,,
24,24,,,,,,,
24,25,,,,,,,
24,26,,,,,,,
24,27,,,,,,,
24,28,,,,,,,
24,29,,,,,,,
24,30,,,,,,,
24,31,,,,,,,
24,32,,,,,,,
24,33,,,,,,,
24,34,,,,,,,
24,35,,,,,,,
24,36,,,,,,,
24,37,,,,,,,
24,38,,,,,,,
24,39,,,,,,,
24,40,,,,,,,
24,41,,,,,,,
24,42,,,,,,,
24,43,,,,,,,
24,44,,,,,,,
24,45,,,,,,,
24,46,,,,,,,
24,47,,,,,,,
24,48,,,,,,,
24,49,,,,,,,
24,50,,,,,,,
24,51,,,,,,,
24,52,,,,,,,
24,53,,,,,,,
24,54,,,,,,,
24,55,,,,,,,
24,56,,,,,,,
24,57,,,,,,,
24,58,,,,,,,
24,59,,,,,,,
24,60,,,,,,,
24,61,,,,,,,
24,62,,,,,,,
24,63,,,,,,,
24,64,,,,,,,
24,65,,,,,,,
24,66,,,,,,,
24,67,,,,,,,
24,68,,,,,,,
24,69,,,,,,,
24,70,,,,,,,
24,71,,,,,,,
24,72,,,,,,,
24,73,,,,,,,
24,74,,,,,,,
24,75,,,,,,,
24,76,,,,,,,
24,77,,,,,,,
24,78,,,,,,,
24,79,,,,,,,
24,80,,,,,,,
24,81,,,,,,,
24,82,,,,,,,
24,83,,,,,,,
24,84,,,,,,,
24,85,,,,,,,
24,86,,,,,,,
24,87,,,,,,,
24,88,,,,,,,
24,89,,,,,,,
24,90,,,,,,,
24,91,,,,,,,
24,92,,,,,,,
24,93,,,,,,,
25,0,,,,,,,
25,1,,,,,,,
25,2,,,,,,,
25,3,,,,,,,
25,4,,,,,,,
25,5,,,,,,,
25,6,,,,,,,
25,7,,,,,,,
25,8,,,,,,,
25,9,,,,,,,
25,10,,,,,,,
25,11,,,,,,,
25,12,,,,,,,
25,13,,,,,,,
25,14,,,,,,,
25,15,,,,,,,
25,16,,,,,,,
25,17,,,,,,,
25,18,,,,,,,
25,19,,,,,,,
25,20,,,,,,,
25,21,,,,,,,
25,22,,,,,,,
25,23,,,,,,,
25,24,,,,,,,
25,25,,,,,,,
25,26,,,,,,,
25,27,,,,,,,
25,28,,,,,,,
25,29,,,,,,,
25,30,,,,,,,
25,31,,,,,,,
25,32,,,,,,,
25,33,,,,,,,
25,34,,,,,,,
25,35,,,,,,,
25,36,,,,,,,
25,37,,,,,,,
25,38,,,,,,,
25,39,,,,,,,
25,40,,,,,,,
25,41,,,,,,,
25,42,,,,,,,
25,43,,,,,,,
25,44,,,,,,,
25,45,,,,,,,
25,46,,,,,,,
25,47,,,,,,,
25,48,,,,,,,
25,49,,,,,,,
25,50,,,,,,,
25,51,,,,,,,
25,52,,,,,,,
25,53,,,,,,,
25,54,,,,,,,
25,55,,,,,,,
25,56,,,,,,,
25,57,,,,,,,
25,58,,,,,,,
25,59,,,,,,,
25,60,,,,,,,
25,61,,,,,,,
25,62,,,,,,,
25,63,,,,,,,
25,64,,,,,,,
25,65,,,,,,,
25,66,,,,,,,
25,67,,,,,,,
25,68,,,,,,,
25,69,,,,,,,
25,70,,,,,,,
25,71,,,,,,,
25,72,,,,,,,
25,73,,,,,,,
25,74,,,,,,,
25,75,,,,,,,
25,76,,,,,,,
25,77,,,,,,,
25,78,,,,,,,
25,79,,,,,,,
25,80,,,,,,,
25,81,,,,,,,
25,82,,,,,,,
25,83,,,,,,,
25,84,,,,,,,
25,85,,,,,,,
25,86,,,,,,,
25,87,,,,,,,
25,88,,,,,,,
25,89,,,,,,,
25,90,,,,,,,
25,91,,,,,,,
25,92,,,,,,,
25,93,,,,,,,
26,0,,,,,,,
26,1,,,,,,,
26,2,,,,,,,
26,3,,,,,,,
26,4,,,,,,,
26,5,,,,,,,
26,6,,,,,,,
26,7,,,,,,,
26,8,,,,,,,
26,9,,,,,,,
26,10,,,,,,,
26,11,,,,,,,
26,12,,,,,,,
26,13,,,,,,,
26,14,,,,,,,
26,15,,,,,,,
26,16,,,,,,,
26,17,,,,,,,
26,18,,,,,,,
26,19,,,,,,,
26,20,,,,,,,
26,21,,,,,,,
26,22,,,,,,,
26,23,,,,,,,
26,24,,,,,,,
26,25,,,,,,,
26,26,,,,,,,
26,27,,,,,,,
26,28,,,,,,,
26,29,,,,,,,
26,30,,,,,,,
26,31,,,,,,,
26,32,,,,,,,
26,33,,,,,,,
26,34,,,,,,,
26,35,,,,,,,
26,36,,,,,,,
26,37,,,,,,,
26,38,,,,,,,
26,39,,,,,,,
26,40,,,,,,,
26,41,,,,,,,
26,42,,,,,,,
26,43,,,,,,,
26,44,,,,,,,
26,45,,,,,,,
26,46,,,,,,,
26,47,,,,,,,
26,48,,,,,,,
26,49,,,,,,,
26,50,,,,,,,
26,51,,,,,,,
26,52,,,,,,,
26,53,,,,,,,
26,54,,,,,,,
26,55,,,,,,,
26,56,,,,,,,
26,57,,,,,,,
26,58,,,,,,,
26,59,,,,,,,
26,60,,,,,,,
26,61,,,,,,,
26,62,,,,,,,
26,63,,,,,,,
26,64,,,,,,,
26,65,,,,,,,
26,66,,,,,,,
26,67,,,,,,,
26,68,,,,,,,
26,69,,,,,,,
26,70,,,,,,,
26,71,,,,,,,
26,72,,,,,,,
26,73,,,,,,,
26,74,,,,,,,
26,75,,,,,,,
26,76,,,,,,,
26,77,,,,,,,
26,78,,,,,,,
26,79,,,,,,,
26,80,,,,,,,
26,81,,,,,,,
26,82,,,,,,,
26,83,,,,,,,
26,84,,,,,,,
26,85,,,,,,,
26,86,,,,,,,
26,87,,,,,,,
26,88,,,,,,,
26,89,,,,,,,
26,90,,,,,,,
26,91,,,,,,,
26,92,,,,,,,
26,93,,,,,,,
27,0,,,,,,,
27,1,,,,,,,
27,2,,,,,,,
27,3,,,,,,,
27,4,,,,,,,
27,5,,,,,,,
27,6,,,,,,,
27,7,,,,,,,
27,8,,,,,,,
27,9,,,,,,,
27,10,,,,,,,
27,11,,,,,,,
27,12,,,,,,,
27,13,,,,,,,
27,14,,,,,,,
27,15,,,,,,,
27,16,,,,,,,
27,17,,,,,,,
27,18,,,,,,,
27,19,,,,,,,
27,20,,,,,,,
27,21,,,,,,,
27,22,,,,,,,
27,23,,,,,,,
27,24,,,,,,,
27,25,,,,,,,
27,26,,,,,,,
27,27,,,,,,,
27,28,,,,,,,
27,29,,,,,,,
27,30,,,,,,,
27,31,,,,,,,
27,32,,,,,,,
27,33,,,,,,,
27,34,,,,,,,
27,35,,,,,,,
27,36,,,,,,,
27,37,,,,,,,
27,38,,,,,,,
27,39,,,,,,,
27,40,,,,,,,
27,41,,,,,,,
27,42,,,,,,,
27,43,,,,,,,
27,44,,,,,,,
27,45,,,,,,,
27,46,,,,,,,
27,47,,,,,,,
27,48,,,,,,,
27,49,,,,,,,
27,50,,,,,,,
27,51,,,,,,,
27,52,,,,,,,
27,53,,,,,,,
27,54,,,,,,,
27,55,,,,,,,
27,56,,,,,,,
27,57,,,,,,,
27,58,,,,,,,
27,59,,,,,,,
27,60,,,,,,,
27,61,,,,,,,
27,62,,,,,,,
27,63,,,,,,,
27,64,,,,,,,
27,65,,,,,,,
27,66,,,,,,,
27,67,,,,,,,
27,68,,,,,,,
27,69,,,,,,,
27,70,,,,,,,
27,71,,,,,,,
27,72,,,,,,,
27,73,,,,,,,
27,74,,,,,,,
27,75,,,,,,,
27,76,,,,,,,
27,77,,,,,,,
27,78,,,,,,,
27,79,,,,,,,
27,80,,,,,,,
27,81,,,,,,,
27,82,,,,,,,
27,83,,,,,,,
27,84,,,,,,,
27,85,,,,,,,
27,86,,,,,,,
27,87,,,,,,,
27,88,,,,,,,
27,89,,,,,,,
27,90,,,,,,,
27,91,,,,,,,
27,92,,,,,,,
27,93,,,,,,,
28,0,,,,,,,
28,1,,,,,,,
28,2,,,,,,,
28,3,,,,,,,
28,4,,,,,,,
28,5,,,,,,,
28,6,,,,,,,
28,7,,,,,,,
28,8,,,,,,,
28,9,,,,,,,
28,10,,,,,,,
28,11,,,,,,,
28,12,,,,,,,
28,13,,,,,,,
28,14,,,,,,,
28,15,,,,,,,
28,16,,,,,,,
28,17,,,,,,,
28,18,,,,,,,
28,19,,,,,,,
28,20,,,,,,,
28,21,,,,,,,
28,22,,,,,,,
28,23,,,,,,,
28,24,,,,,,,
28,25,,,,,,,
28,26,,,,,,,
28,27,,,,,,,
28,28,,,,,,,
28,29,,,,,,,
28,30,,,,,,,
28,31,,,,,,,
28,32,,,,,,,
28,33,,,,,,,
28,34,,,,,,,
28,35,,,,,,,
28,36,,,,,,,
28,37,,,,,,,
28,38,,,,,,,
28,39,,,,,,,
28,40,,,,,,,
28,41,,,,,,,
28,42,,,,,,,
28,43,,,,,,,
28,44,,,,,,,
28,45,,,,,,,
28,46,,,,,,,
28,47,,,,,,,
28,48,,,,,,,
28,49,,,,,,,
28,50,,,,,,,
28,51,,,,,,,
28,52,,,,,,,
28,53,,,,,,,
28,54,,,,,,,
28,55,,,,,,,
28,56,,,,,,,
28,57,,,,,,,
28,58,,,,,,,
28,59,,,,,,,
28,60,,,,,,,
28,61,,,,,,,
28,62,,,,,,,
28,63,,,,,,,
28,64,,,,,,,
28,65,,,,,,,
28,66,,,,,,,
28,67,,,,,,,
28,68,,,,,,,
28,69,,,,,,,
28,70,,,,,,,
28,71,,,,,,,
28,72,,,,,,,
28,73,,,,,,,
28,74,,,,,,,
28,75,,,,,,,
28,76,,,,,,,
28,77,,,,,,,
28,78,,,,,,,
28,79,,,,,,,
28,80,,,,,,,
28,81,,,,,,,
28,82,,,,,,,
28,83,,,,,,,
28,84,,,,,,,
28,85,,,,,,,
28,86,,,,,,,
28,87,,,,,,,
28,88,,,,,,,
28,89,,,,,,,
28,90,,,,,,,
28,91,,,,,,,
28,92,,,,,,,
28,93,,,,,,,
29,0,,,,,,,
29,1,,,,,,,
29,2,,,,,,,
29,3,,,,,,,
29,4,,,,,,,
29,5,,,,,,,
29,6,,,,,,,
29,7,,,,,,,
29,8,,,,,,,
29,9,,,,,,,
29,10,,,,,,,
29,11,,,,,,,
29,12,,,,,,,
29,13,,,,,,,
29,14,,,,,,,
29,15,,,,,,,
29,16,,,,,,,
29,17,,,,,,,
29,18,,,,,,,
29,19,,,,,,,
29,20,,,,,,,
29,21,,,,,,,
29,22,,,,,,,
29,23,,,,,,,
29,24,,,,,,,
29,25,,,,,,,
29,26,,,,,,,
29,27,,,,,,,
29,28,,,,,,,
29,29,,,,,,,
29,30,,,,,,,
29,31,,,,,,,
29,32,,,,,,,
29,33,,,,,,,
29,34,,,,,,,
29,35,,,,,,,
29,36,,,,,,,
29,37,,,,,,,
29,38,,,,,,,
29,39,,,,,,,
29,40,,,,,,,
29,41,,,,,,,
29,42,,,,,,,
29,43,,,,,,,
29,44,,,,,,,
29,45,,,,,,,
29,46,,,,,,,
29,47,,,,,,,
29,48,,,,,,,
29,49,,,,,,,
29,50,,,,,,,
29,51,,,,,,,
29,52,,,,,,,
29,53,,,,,,,
29,54,,,,,,,
29,55,,,,,,,
29,56,,,,,,,
29,57,,,,,,,
29,58,,,,,,,
29,59,,,,,,,
29,60,,,,,,,
29,61,,,,,,,
29,62,,,,,,,
29,63,,,,,,,
29,64,,,,,,,
29,65,,,,,,,
29,66,,,,,,,
29,67,,,,,,,
29,68,,,,,,,
29,69,,,,,,,
29,70,,,,,,,
29,71,,,,,,,
29,72,,,,,,,
29,73,,,,,,,
29,74,,,,,,,
29,75,,,,,,,
29,76,,,,,,,
29,77,,,,,,,
29,78,,,,,,,
29,79,,,,,,,
29,80,,,,,,,
29,81,,,,,,,
29,82,,,,,,,
29,83,,,,,,,
29,84,,,,,,,
29,85,,,,,,,
29,86,,,,,,,
29,87,,,,,,,
29,88,,,,,,,
29,89,,,,,,,
29,90,,,,,,,
29,91,,,,,,,
29,92,,,,,,,
29,93,,,,,,,
30,0,,,,,,,
30,1,,,,,,,
30,2,,,,,,,
30,3,,,,,,,
30,4,,,,,,,
30,5,,,,,,,
30,6,,,,,,,
30,7,,,,,,,
30,8,,,,,,,
30,9,,,,,,,
30,10,,,,,,,
30,11,,,,,,,
30,12,,,,,,,
30,13,,,,,,,
30,14,,,,,,,
30,15,,,,,,,
30,16,,,,,,,
30,17,,,,,,,
30,18,,,,,,,
30,19,,,,,,,
30,20,,,,,,,
30,21,,,,,,,
30,22,,,,,,,
30,23,,,,,,,
30,24,,,,,,,
30,25,,,,,,,
30,26,,,,,,,
30,27,,,,,,,
30,28,,,,,,,
30,29,,,,,,,
30,30,,,,,,,
30,31,,,,,,,
30,32,,,,,,,
30,33,,,,,,,
30,34,,,,,,,
30,35,,,,,,,
30,36,,,,,,,
30,37,,,,,,,
30,38,,,,,,,
30,39,,,,,,,
30,40,,,,,,,
30,41,,,,,,,
30,42,,,,,,,
30,43,,,,,,,
30,44,,,,,,,
30,45,,,,,,,
30,46,,,,,,,
30,47,,,,,,,
30,48,,,,,,,
30,49,,,,,,,
30,50,,,,,,,
30,51,,,,,,,
30,52,,,,,,,
30,53,,,,,,,
30,54,,,,,,,
30,55,,,,,,,
30,56,,,,,,,
30,57,,,,,,,
30,58,,,,,,,
30,59,,,,,,,
30,60,,,,,,,
30,61,,,,,,,
30,62,,,,,,,
30,63,,,,,,,
30,64,,,,,,,
30,65,,,,,,,
30,66,,,,,,,
30,67,,,,,,,
30,68,,,,,,,
30,69,,,,,,,
30,70,,,,,,,
30,71,,,,,,,
30,72,,,,,,,
30,73,,,,,,,
30,74,,,,,,,
30,75,,,,,,,
30,76,,,,,,,
30,77,,,,,,,
30,78,,,,,,,
30,79,,,,,,,
30,80,,,,,,,
30,81,,,,,,,
30,82,,,,,,,
30,83,,,,,,,
30,84,,,,,,,
30,85,,,,,,,
30,86,,,,,,,
30,87,,,,,,,
30,88,,,,,,,
30,89,,,,,,,
30,90,,,,,,,
30,91,,,,,,,
30,92,,,,,,,
30,93,,,,,,,
31,0,,,,,,,
31,1,,,,,,,
31,2,,,,,,,
31,3,,,,,,,
31,4,,,,,,,
31,5,,,,,,,
31,6,,,,,,,
31,7,,,,,,,
31,8,,,,,,,
31,9,,,,,,,
31,10,,,,,,,
31,11,,,,,,,
31,12,,,,,,,
31,13,,,,,,,
31,14,,,,,,,
31,15,,,,,,,
31,16,,,,,,,
31,17,,,,,,,
31,18,,,,,,,
31,19,,,,,,,
31,20,,,,,,,
31,21,,,,,,,
31,22,,,,,,,
31,23,,,,,,,
31,24,,,,,,,
31,25,,,,,,,
31,26,,,,,,,
31,27,,,,,,,
31,28,,,,,,,
31,29,,,,,,,
31,30,,,,,,,
31,31,,,,,,,
31,32,,,,,,,
31,33,,,,,,,
31,34,,,,,,,
31,35,,,,,,,
31,36,,,,,,,
31,37,,,,,,,
31,38,,,,,,,
31,39,,,,,,,
31,40,,,,,,,
31,41,,,,,,,
31,42,,,,,,,
31,43,,,,,,,
31,44,,,,,,,
31,45,,,,,,,
31,46,,,,,,,
31,47,,,,,,,
31,48,,,,,,,
31,49,,,,,,,
31,50,,,,,,,
31,51,,,,,,,
31,52,,,,,,,
31,53,,,,,,,
31,54,,,,,,,
31,55,,,,,,,
31,56,,,,,,,
31,57,,,,,,,
31,58,,,,,,,
31,59,,,,,,,
31,60,,,,,,,
31,61,,,,,,,
31,62,,,,,,,
31,63,,,,,,,
31,64,,,,,,,
31,65,,,,,,,
31,66,,,,,,,
31,67,,,,,,,
31,68,,,,,,,
31,69,,,,,,,
31,70,,,,,,,
31,71,,,,,,,
31,72,,,,,,,
31,73,,,,,,,
31,74,,,,,,,
31,75,,,,,,,
31,76,,,,,,,
31,77,,,,,,,
31,78,,,,,,,
31,79,,,,,,,
31,80,,,,,,,
31,81,,,,,,,
31,82,,,,,,,
31,83,,,,,,,
31,84,,,,,,,
31,85,,,,,,,
31,86,,,,,,,
31,87,,,,,,,
31,88,,,,,,,
31,89,,,,,,,
31,90,,,,,,,
31,91,,,,,,,
31,92,,,,,,,
31,93,,,,,,,
32,0,,,,,,,
32,1,,,,,,,
32,2,,,,,,,
32,3,,,,,,,
32,4,,,,,,,
32,5,,,,,,,
32,6,,,,,,,
32,7,,,,,,,
32,8,,,,,,,
32,9,,,,,,,
32,10,,,,,,,
32,11,,,,,,,
32,12,,,,,,,
32,13,,,,,,,
32,14,,,,,,,
32,15,,,,,,,
32,16,,,,,,,
32,17,,,,,,,
32,18,,,,,,,
32,19,,,,,,,
32,20,,,,,,,
32,21,,,,,,,
32,22,,,,,,,
32,23,,,,,,,
32,24,,,,,,,
32,25,,,,,,,
32,26,,,,,,,
32,27,,,,,,,
32,28,,,,,,,
32,29,,,,,,,
32,30,,,,,,,
32,31,,,,,,,
32,32,,,,,,,
32,33,,,,,,,
32,34,,,,,,,
32,35,,,,,,,
32,36,,,,,,,
32,37,,,,,,,
32,38,,,,,,,
32,39,,,,,,,
32,40,,,,,,,
32,41,,,,,,,
32,42,,,,,,,
32,43,,,,,,,
32,44,,,,,,,
32,45,,,,,,,
32,46,,,,,,,
32,47,,,,,,,
32,48,,,,,,,
32,49,,,,,,,
32,50,,,,,,,
32,51,,,,,,,
32,52,,,,,,,
32,53,,,,,,,
32,54,,,,,,,
32,55,,,,,,,
32,56,,,,,,,
32,57,,,,,,,
32,58,,,,,,,
32,59,,,,,,,
32,60,,,,,,,
32,61,,,,,,,
32,62,,,,,,,
32,63,,,,,,,
32,64,,,,,,,
32,65,,,,,,,
32,66,,,,,,,
32,67,,,,,,,
32,68,,,,,,,
32,69,,,,,,,
32,70,,,,,,,
32,71,,,,,,,
32,72,,,,,,,
32,73,,,,,,,
32,74,,,,,,,
32,75,,,,,,,
32,76,,,,,,,
32,77,,,,,,,
32,78,,,,,,,
32,79,,,,,,,
32,80,,,,,,,
32,81,,,,,,,
32,82,,,,,,,
32,83,,,,,,,
32,84,,,,,,,
32,85,,,,,,,
32,86,,,,,,,
32,87,,,,,,,
32,88,,,,,,,
32,89,,,,,,,
32,90,,,,,,,
32,91,,,,,,,
32,92,,,,,,,
32,93,,,,,,,
33,0,,,,,,,
33,1,,,,,,,
33,2,,,,,,,
33,3,,,,,,,
33,4,,,,,,,
33,5,,,,,,,
33,6,,,,,,,
33,7,,,,,,,
33,8,,,,,,,
33,9,,,,,,,
33,10,,,,,,,
33,11,,,,,,,
33,12,,,,,,,
33,13,,,,,,,
33,14,,,,,,,
33,15,,,,,,,
33,16,,,,,,,
33,17,,,,,,,
33,18,,,,,,,
33,19,,,,,,,
33,20,,,,,,,
33,21,,,,,,,
33,22,,,,,,,
33,23,,,,,,,
33,24,,,,,,,
33,25,,,,,,,
33,26,,,,,,,
33,27,,,,,,,
33,28,,,,,,,
33,29,,,,,,,
33,30,,,,,,,
33,31,,,,,,,
33,32,,,,,,,
33,33,,,,,,,
33,34,,,,,,,
33,35,,,,,,,
33,36,,,,,,,
33,37,,,,,,,
33,38,,,,,,,
33,39,,,,,,,
33,40,,,,,,,
33,41,,,,,,,
33,42,,,,,,,
33,43,,,,,,,
33,44,,,,,,,
33,45,,,,,,,
33,46,,,,,,,
33,47,,,,,,,
33,48,,,,,,,
33,49,,,,,,,
33,50,,,,,,,
33,51,,,,,,,
33,52,,,,,,,
33,53,,,,,,,
33,54,,,,,,,
33,55,,,,,,,
33,56,,,,,,,
33,57,,,,,,,
33,58,,,,,,,
33,59,,,,,,,
33,60,,,,,,,
33,61,,,,,,,
33,62,,,,,,,
33,63,,,,,,,
33,64,,,,,,,
33,65,,,,,,,
33,66,,,,,,,
33,67,,,,,,,
33,68,,,,,,,
33,69,,,,,,,
33,70,,,,,,,
33,71,,,,,,,
33,72,,,,,,,
33,73,,,,,,,
33,74,,,,,,,
33,75,,,,,,,
33,76,,,,,,,
33,77,,,,,,,
33,78,,,,,,,
33,79,,,,,,,
33,80,,,,,,,
33,81,,,,,,,
33,82,,,,,,,
33,83,,,,,,,
33,84,,,,,,,
33,85,,,,,,,
33,86,,,,,,,
33,87,,,,,,,
33,88,,,,,,,
33,89,,,,,,,
33,90,,,,,,,
33,91,,,,,,,
33,92,,,,,,,
33,93,,,,,,,
34,0,,,,,,,
34,1,,,,,,,
34,2,,,,,,,
34,3,,,,,,,
34,4,,,,,,,
34,5,,,,,,,
34,6,,,,,,,
34,7,,,,,,,
34,8,,,,,,,
34,9,,,,,,,
34,10,,,,,,,
34,11,,,,,,,
34,12,,,,,,,
34,13,,,,,,,
34,14,,,,,,,
34,15,,,,,,,
34,16,,,,,,,
34,17,,,,,,,
34,18,,,,,,,
34,19,,,,,,,
34,20,,,,,,,
34,21,,,,,,,
34,22,,,,,,,
34,23,,,,,,,
34,24,,,,,,,
34,25,,,,,,,
34,26,,,,,,,
34,27,,,,,,,
34,28,,,,,,,
34,29,,,,,,,
34,30,,,,,,,
34,31,,,,,,,
34,32,,,,,,,
34,33,,,,,,,
34,34,,,,,,,
34,35,,,,,,,
34,36,,,,,,,
34,37,,,,,,,
34,38,,,,,,,
34,39,,,,,,,
34,40,,,,,,,
34,41,,,,,,,
34,42,,,,,,,
34,43,,,,,,,
34,44,,,,,,,
34,45,,,,,,,
34,46,,,,,,,
34,47,,,,,,,
34,48,,,,,,,
34,49,,,,,,,
34,50,,,,,,,
34,51,,,,,,,
34,52,,,,,,,
34,53,,,,,,,
34,54,,,,,,,
34,55,,,,,,,
34,56,,,,,,,
34,57,,,,,,,
34,58,,,,,,,
34,59,,,,,,,
34,60,,,,,,,
34,61,,,,,,,
34,62,,,,,,,
34,63,,,,,,,
34,64,,,,,,,
34,65,,,,,,,
34,66,,,,,,,
34,67,,,,,,,
34,68,,,,,,,
34,69,,,,,,,
34,70,,,,,,,
34,71,,,,,,,
34,72,,,,,,,
34,73,,,,,,,
34,74,,,,,,,
34,75,,,,,,,
34,76,,,,,,,
34,77,,,,,,,
34,78,,,,,,,
34,79,,,,,,,
34,80,,,,,,,
34,81,,,,,,,
34,82,,,,,,,
34,83,,,,,,,
34,84,,,,,,,
34,85,,,,,,,
34,86,,,,,,,
34,87,,,,,,,
34,88,,,,,,,
34,89,,,,,,,
34,90,,,,,,,
34,91,,,,,,,
34,92,,,,,,,
34,93,,,,,,,
35,0,,,,,,,
35,1,,,,,,,
35,2,,,,,,,
35,3,,,,,,,
35,4,,,,,,,
35,5,,,,,,,
35,6,,,,,,,
35,7,,,,,,,
35,8,,,,,,,
35,9,,,,,,,
35,10,,,,,,,
35,11,,,,,,,
35,12,,,,,,,
35,13,,,,,,,
35,14,,,,,,,
35,15,,,,,,,
35,16,,,,,,,
35,17,,,,,,,
35,18,,,,,,,
35,19,,,,,,,
35,20,,,,,,,
35,21,,,,,,,
35,22,,,,,,,
35,23,,,,,,,
35,24,,,,,,,
35,25,,,,,,,
35,26,,,,,,,
35,27,,,,,,,
35,28,,,,,,,
35,29,,,,,,,
35,30,,,,,,,
35,31,,,,,,,
35,32,,,,,,,
35,33,,,,,,,
35,34,,,,,,,
35,35,,,,,,,
35,36,,,,,,,
35,37,,,,,,,
35,38,,,,,,,
35,39,,,,,,,
35,40,,,,,,,
35,41,,,,,,,
35,42,,,,,,,
35,43,,,,,,,
35,44,,,,,,,
35,45,,,,,,,
35,46,,,,,,,
35,47,,,,,,,
35,48,,,,,,,
35,49,nan,nan,nan,0,0,0,#000000
35,50,,,,,,,
35,51,,,,,,,
35,52,,,,,,,
35,53,,,,,,,
35,54,,,,,,,
35,55,,,,,,,
35,56,,,,,,,
35,57,,,,,,,
35,58,,,,,,,
35,59,,,,,,,
35,60,,,,,,,
35,61,,,,,,,
35,62,,,,,,,
35,63,,,,,,,
35,64,,,,,,,
35,65,,,,,,,
35,66,,,,,,,
35,67,,,,,,,
35,68,,,,,,,
35,69,,,,,,,
35,70,,,,,,,
35,71,,,,,,,
35,72,,,,,,,
35,73,,,,,,,
35,74,,,,,,,
35,75,,,,,,,
35,76,,,,,,,
35,77,,,,,,,
35,78,,,,,,,
35,79,,,,,,,
35,80,,,,,,,
35,81,,,,,,,
35,82,,,,,,,
35,83,,,,,,,
35,84,,,,,,,
35,85,,,,,,,
35,86,,,,,,,
35,87,,,,,,,
35,88,,,,,,,
35,89,,,,,,,
35,90,,,,,,,
35,91,,,,,,,
35,92,,,,,,,
35,93,,,,,,,
36,0,,,,,,,
36,1,,,,,,,
36,2,,,,,,,
36,3,,,,,,,
36,4,,,,,,,
36,5,,,,,,,
36,6,,,,,,,
36,7,,,,,,,
36,8,,,,,,,
36,9,,,,,,,
36,10,,,,,,,
36,11,,,,,,,
36,12,,,,,,,
36,13,,,,,,,
36,14,,,,,,,
36,15,,,,,,,
36,16,,,,,,,
36,17,,,,,,,
36,18,,,,,,,
36,19,,,,,,,
36,20,,,,,,,
36,21,,,,,,,
36,22,,,,,,,
36,23,,,,,,,
36,24,,,,,,,
36,25,,,,,,,
36,26,,,,,,,
36,27,,,,,,,
36,28,,,,,,,
36,29,,,,,,,
36,30,,,,,,,
36,31,,,,,,,
36,32,,,,,,,
36,33,,,,,,,
36,34,-1.81,0.3466,13.5,47,107,142,#2F6B8E
36,35,,,,,,,
36,36,,,,,,,
36,37,,,,,,,
36,38,,,,,,,
36,39,,,,,,,
36,40,,,,,,,
36,41,,,,,,,
36,42,,,,,,,
36,43,,,,,,,
36,44,-1.86,0.3428,13.1,48,106,142,#306A8E
36,45,-1.86,0.3428,13.1,48,106,142,#306A8E
36,46,-1.86,0.3428,13.1,48,106,142,#306A8E
36,47,-1.86,0.3428,13.1,48,106,142,#306A8E
36,48,-1.86,0.3428,13.1,48,106,142,#306A8E
36,49,-1.86,0.3428,13.1,48,106,142,#306A8E
36,50,,,,,,,
36,51,,,,,,,
36,52,,,,,,,
36,53,,,,,,,
36,54,,,,,,,
36,55,,,,,,,
36,56,,,,,,,
36,57,,,,,,,
36,58,,,,,,,
36,59,,,,,,,
36,60,,,,,,,
36,61,,,,,,,
36,62,,,,,,,
36,63,,,,,,,
36,64,,,,,,,
36,65,,,,,,,
36,66,,,,,,,
36,67,,,,,,,
36,68,,,,,,,
36,69,,,,,,,
36,70,,,,,,,
36,71,,,,,,,
36,72,,,,,,,
36,73,,,,,,,
36,74,,,,,,,
36,75,,,,,,,
36,76,,,,,,,
36,77,,,,,,,
36,78,,,,,,,
36,79,,,,,,,
36,80,,,,,,,
36,81,,,,,,,
36,82,,,,,,,
36,83,,,,,,,
36,84,,,,,,,
36,85,,,,,,,
36,86,,,,,,,
36,87,,,,,,,
36,88,,,,,,,
36,89,,,,,,,
36,90,,,,,,,
36,91,,,,,,,
36,92,,,,,,,
36,93,,,,,,,
37,0,,,,,,,
37,1,,,,,,,
37,2,,,,,,,
37,3,,,,,,,
37,4,,,,,,,
37,5,,,,,,,
37,6,,,,,,,
37,7,,,,,,,
37,8,,,,,,,
37,9,,,,,,,
37,10,,,,,,,
37,11,,,,,,,
37,12,,,,,,,
37,13,,,,,,,
37,14,,,,,,,
37,15,,,,,,,
37,16,,,,,,,
37,17,,,,,,,
37,18,,,,,,,
37,19,,,,,,,
37,20,,,,,,,
37,21,,,,,,,
37,22,,,,,,,
37,23,,,,,,,
37,24,,,,,,,
37,25,,,,,,,
37,26,,,,,,,
37,27,,,,,,,
37,28,,,,,,,
37,29,,,,,,,
37,30,,,,,,,
37,31,,,,,,,
37,32,,,,,,,
37,33,-1.3,0.3853,18.6,43,116,142,#2B748E
37,34,-0.93,0.4134,22.3,41,123,142,#297B8E
37,35,-0.93,0.4134,22.3,41,123,142,#297B8E
37,36,nan,nan,nan,0,0,0,#000000
37,37,-1.67,0.3572,14.9,46,110,142,#2E6E8E
37,38,nan,nan,nan,0,0,0,#000000
37,39,-1.26,0.3884,19.0,43,117,142,#2B758E
37,40,-1.81,0.3466,13.5,47,107,142,#2F6B8E
37,41,-1.49,0.3709,16.7,45,113,142,#2D718E
37,42,-1.35,0.3815,18.1,44,115,142,#2C738E
37,43,-1.35,0.3815,18.1,44,115,142,#2C738E
37,44,-1.86,0.3428,13.1,48,106,142,#306A8E
37,45,-1.86,0.3428,13.1,48,106,142,#306A8E
37,46,-1.86,0.3428,13.1,48,106,142,#306A8E
37,47,-1.86,0.3428,13.1,48,106,142,#306A8E
37,48,-2.0,0.3322,11.7,49,104,142,#31688E
37,49,-2.0,0.3322,11.7,49,104,142,#31688E
37,50,,,,,,,
37,51,,,,,,,
37,52,,,,,,,
37,53,,,,,,,
37,54,,,,,,,
37,55,,,,,,,
37,56,,,,,,,
37,57,,,,,,,
37,58,,,,,,,
37,59,,,,,,,
37,60,,,,,,,
37,61,,,,,,,
37,62,,,,,,,
37,63,,,,,,,
37,64,,,,,,,
37,65,,,,,,,
37,66,,,,,,,
37,67,,,,,,,
37,68,,,,,,,
37,69,,,,,,,
37,70,,,,,,,
37,71,,,,,,,
37,72,,,,,,,
37,73,,,,,,,
37,74,,,,,,,
37,75,,,,,,,
37,76,,,,,,,
37,77,,,,,,,
37,78,,,,,,,
37,79,,,,,,,
37,80,,,,,,,
37,81,,,,,,,
37,82,,,,,,,
37,83,,,,,,,
37,84,,,,,,,
37,85,,,,,,,
37,86,,,,,,,
37,87,,,,,,,
37,88,,,,,,,
37,89,,,,,,,
37,90,,,,,,,
37,91,,,,,,,
37,92,,,,,,,
37,93,,,,,,,
38,0,,,,,,,
38,1,,,,,,,
38,2,,,,,,,
38,3,,,,,,,
38,4,,,,,,,
38,5,,,,,,,
38,6,,,,,,,
38,7,,,,,,,
38,8,,,,,,,
38,9,,,,,,,
38,10,,,,,,,
38,11,,,,,,,
38,12,,,,,,,
38,13,,,,,,,
38,14,,,,,,,
38,15,,,,,,,
38,16,,,,,,,
38,17,,,,,,,
38,18,,,,,,,
38,19,,,,,,,
38,20,,,,,,,
38,21,,,,,,,
38,22,nan,nan,nan,0,0,0,#000000
38,23,nan,nan,nan,0,0,0,#000000
38,24,,,,,,,
38,25,,,,,,,
38,26,,,,,,,
38,27,,,,,,,
38,28,,,,,,,
38,29,,,,,,,
38,30,,,,,,,
38,31,,,,,,,
38,32,,,,,,,
38,33,-1.26,0.3884,19.0,43,117,142,#2B758E
38,34,-1.3,0.3853,18.6,43,116,142,#2B748E
38,35,-1.3,0.3853,18.6,43,116,142,#2B748E
38,36,-1.72,0.3534,14.4,46,109,142,#2E6D8E
38,37,-1.44,0.3747,17.2,44,113,142,#2C718E
38,38,-1.67,0.3572,14.9,46,110,142,#2E6E8E
38,39,-1.86,0.3428,13.1,48,106,142,#306A8E
38,40,-0.98,0.4096,21.8,41,122,142,#297A8E
38,41,-1.16,0.3960,20.0,42,119,142,#2A778E
38,42,-1.35,0.3815,18.1,44,115,142,#2C738E
38,43,-1.35,0.3815,18.1,44,115,142,#2C738E
38,44,-1.3,0.3853,18.6,43,116,142,#2B748E
38,45,-2.19,0.3177,9.8,50,100,142,#32648E
38,46,-1.86,0.3428,13.1,48,106,142,#306A8E
38,47,-1.86,0.3428,13.1,48,106,142,#306A8E
38,48,-2.09,0.3253,10.8,49,102,142,#31668E
38,49,-2.0,0.3322,11.7,49,104,142,#31688E
38,50,,,,,,,
38,51,,,,,,,
38,52,,,,,,,
38,53,,,,,,,
38,54,,,,,,,
38,55,,,,,,,
38,56,,,,,,,
38,57,,,,,,,
38,58,,,,,,,
38,59,,,,,,,
38,60,,,,,,,
38,61,,,,,,,
38,62,,,,,,,
38,63,,,,,,,
38,64,,,,,,,
38,65,,,,,,,
38,66,,,,,,,
38,67,,,,,,,
38,68,,,,,,,
38,69,,,,,,,
38,70,,,,,,,
38,71,,,,,,,
38,72,,,,,,,
38,73,,,,,,,
38,74,,,,,,,
38,75,,,,,,,
38,76,,,,,,,
38,77,,,,,,,
38,78,,,,,,,
38,79,,,,,,,
38,80,,,,,,,
38,81,,,,,,,
38,82,,,,,,,
38,83,,,,,,,
38,84,,,,,,,
38,85,,,,,,,
38,86,,,,,,,
38,87,,,,,,,
38,88,,,,,,,
38,89,,,,,,,
38,90,,,,,,,
38,91,,,,,,,
38,92,,,,,,,
38,93,,,,,,,
39,0,,,,,,,
39,1,,,,,,,
39,2,,,,,,,
39,3,,,,,,,
39,4,,,,,,,
39,5,,,,,,,
39,6,,,,,,,
39,7,,,,,,,
39,8,,,,,,,
39,9,,,,,,,
39,10,,,,,,,
39,11,,,,,,,
39,12,,,,,,,
39,13,,,,,,,
39,14,,,,,,,
39,15,,,,,,,
39,16,,,,,,,
39,17,,,,,,,
39,18,,,,,,,
39,19,,,,,,,
39,20,,,,,,,
39,21,nan,nan,nan,0,0,0,#000000
39,22,nan,nan,nan,0,0,0,#000000
39,23,,,,,,,
39,24,,,,,,,
39,25,,,,,,,
39,26,,,,,,,
39,27,,,,,,,
39,28,,,,,,,
39,29,,,,,,,
39,30,,,,,,,
39,31,,,,,,,
39,32,-1.49,0.3709,16.7,45,113,142,#2D718E
39,33,-1.3,0.3853,18.6,43,116,142,#2B748E
39,34,-0.93,0.4134,22.3,41,123,142,#297B8E
39,35,-1.26,0.3884,19.0,43,117,142,#2B758E
39,36,-1.77,0.3496,13.9,47,108,142,#2F6C8E
39,37,-1.77,0.3496,13.9,47,108,142,#2F6C8E
39,38,-2.0,0.3322,11.7,49,104,142,#31688E
39,39,-0.98,0.4096,21.8,41,122,142,#297A8E
39,40,-1.35,0.3815,18.1,44,115,142,#2C738E
39,41,-1.26,0.3884,19.0,43,117,142,#2B758E
39,42,-1.35,0.3815,18.1,44,115,142,#2C738E
39,43,-1.44,0.3747,17.2,44,113,142,#2C718E
39,44,-2.0,0.3322,11.7,49,104,142,#31688E
39,45,-2.0,0.3322,11.7,49,104,142,#31688E
39,46,-2.09,0.3253,10.8,49,102,142,#31668E
39,47,-1.86,0.3428,13.1,48,106,142,#306A8E
39,48,-2.0,0.3322,11.7,49,104,142,#31688E
39,49,-2.0,0.3322,11.7,49,104,142,#31688E
39,50,,,,,,,
39,51,,,,,,,
39,52,,,,,,,
39,53,,,,,,,
39,54,,,,,,,
39,55,,,,,,,
39,56,,,,,,,
39,57,,,,,,,
39,58,,,,,,,
39,59,,,,,,,
39,60,,,,,,,
39,61,,,,,,,
39,62,,,,,,,
39,63,,,,,,,
39,64,,,,,,,
39,65,,,,,,,
39,66,,,,,,,
39,67,,,,,,,
39,68,,,,,,,
39,69,,,,,,,
39,70,,,,,,,
39,71,,,,,,,
39,72,,,,,,,
39,73,,,,,,,
39,74,,,,,,,
39,75,,,,,,,
39,76,,,,,,,
39,77,,,,,,,
39,78,,,,,,,
39,79,,,,,,,
39,80,,,,,,,
39,81,,,,,,,
39,82,,,,,,,
39,83,,,,,,,
39,84,,,,,,,
39,85,,,,,,,
39,86,,,,,,,
39,87,,,,,,,
39,88,,,,,,,
39,89,,,,,,,
39,90,,,,,,,
39,91,,,,,,,
39,92,,,,,,,
39,93,,,,,,,
40,0,,,,,,,
40,1,,,,,,,
40,2,,,,,,,
40,3,,,,,,,
40,4,,,,,,,
40,5,,,,,,,
40,6,,,,,,,
40,7,,,,,,,
40,8,,,,,,,
40,9,,,,,,,
40,10,,,,,,,
40,11,,,,,,,
40,12,,,,,,,
40,13,,,,,,,
40,14,,,,,,,
40,15,,,,,,,
40,16,,,,,,,
40,17,,,,,,,
40,18,,,,,,,
40,19,nan,nan,nan,0,0,0,#000000
40,20,nan,nan,nan,0,0,0,#000000
40,21,nan,nan,nan,0,0,0,#000000
40,22,nan,nan,nan,0,0,0,#000000
40,23,,,,,,,
40,24,,,,,,,
40,25,,,,,,,
40,26,,,,,,,
40,27,,,,,,,
40,28,,,,,,,
40,29,,,,,,,
40,30,,,,,,,
40,31,,,,,,,
40,32,nan,nan,nan,0,0,0,#000000
40,33,-0.93,0.4134,22.3,41,123,142,#297B8E
40,34,-1.26,0.3884,19.0,43,117,142,#2B758E
40,35,-1.67,0.3572,14.9,46,110,142,#2E6E8E
40,36,-1.67,0.3572,14.9,46,110,142,#2E6E8E
40,37,-2.09,0.3253,10.8,49,102,142,#31668E
40,38,-1.67,0.3572,14.9,46,110,142,#2E6E8E
40,39,-0.93,0.4134,22.3,41,123,142,#297B8E
40,40,-1.35,0.3815,18.1,44,115,142,#2C738E
40,41,-1.3,0.3853,18.6,43,116,142,#2B748E
40,42,-1.3,0.3853,18.6,43,116,142,#2B748E
40,43,-2.0,0.3322,11.7,49,104,142,#31688E
40,44,-2.0,0.3322,11.7,49,104,142,#31688E
40,45,-2.0,0.3322,11.7,49,104,142,#31688E
40,46,-2.0,0.3322,11.7,49,104,142,#31688E
40,47,-2.0,0.3322,11.7,49,104,142,#31688E
40,48,-2.19,0.3177,9.8,50,100,142,#32648E
40,49,,,,,,,
40,50,,,,,,,
40,51,,,,,,,
40,52,,,,,,,
40,53,,,,,,,
40,54,,,,,,,
40,55,,,,,,,
40,56,,,,,,,
40,57,,,,,,,
40,58,,,,,,,
40,59,,,,,,,
40,60,,,,,,,
40,61,,,,,,,
40,62,,,,,,,
40,63,,,,,,,
40,64,,,,,,,
40,65,,,,,,,
40,66,,,,,,,
40,67,,,,,,,
40,68,,,,,,,
40,69,,,,,,,
40,70,,,,,,,
40,71,,,,,,,
40,72,,,,,,,
40,73,,,,,,,
40,74,,,,,,,
40,75,,,,,,,
40,76,,,,,,,
40,77,,,,,,,
40,78,,,,,,,
40,79,,,,,,,
40,80,,,,,,,
40,81,,,,,,,
40,82,,,,,,,
40,83,,,,,,,
40,84,,,,,,,
40,85,,,,,,,
40,86,,,,,,,
40,87,,,,,,,
40,88,,,,,,,
40,89,,,,,,,
40,90,,,,,,,
40,91,,,,,,,
40,92,,,,,,,
40,93,,,,,,,
41,0,,,,,,,
41,1,,,,,,,
41,2,,,,,,,
41,3,,,,,,,
41,4,,,,,,,
41,5,,,,,,,
41,6,,,,,,,
41,7,,,,,,,
41,8,,,,,,,
41,9,,,,,,,
41,10,,,,,,,
41,11,,,,,,,
41,12,,,,,,,
41,13,,,,,,,
41,14,,,,,,,
41,15,,,,,,,
41,16,,,,,,,
41,17,,,,,,,
41,18,nan,nan,nan,0,0,0,#000000
41,19,nan,nan,nan,0,0,0,#000000
41,20,nan,nan,nan,0,0,0,#000000
41,21,nan,nan,nan,0,0,0,#000000
41,22,,,,,,,
41,23,,,,,,,
41,24,,,,,,,
41,25,,,,,,,
41,26,,,,,,,
41,27,,,,,,,
41,28,,,,,,,
41,29,,,,,,,
41,30,,,,,,,
41,31,,,,,,,
41,32,-1.86,0.3428,13.1,48,106,142,#306A8E
41,33,-1.86,0.3428,13.1,48,106,142,#306A8E
41,34,-1.67,0.3572,14.9,46,110,142,#2E6E8E
41,35,-2.42,0.3002,7.5,53,95,141,#355F8D
41,36,-1.67,0.3572,14.9,46,110,142,#2E6E8E
41,37,-1.67,0.3572,14.9,46,110,142,#2E6E8E
41,38,-2.09,0.3253,10.8,49,102,142,#31668E
41,39,-1.49,0.3709,16.7,45,113,142,#2D718E
41,40,-1.49,0.3709,16.7,45,113,142,#2D718E
41,41,-1.86,0.3428,13.1,48,106,142,#306A8E
41,42,-2.09,0.3253,10.8,49,102,142,#31668E
41,43,-2.19,0.3177,9.8,50,100,142,#32648E
41,44,-2.0,0.3322,11.7,49,104,142,#31688E
41,45,-2.09,0.3253,10.8,49,102,142,#31668E
41,46,-2.19,0.3177,9.8,50,100,142,#32648E
41,47,,,,,,,
41,48,,,,,,,
41,49,,,,,,,
41,50,,,,,,,
41,51,,,,,,,
41,52,,,,,,,
41,53,,,,,,,
41,54,,,,,,,
41,55,,,,,,,
41,56,,,,,,,
41,57,,,,,,,
41,58,,,,,,,
41,59,,,,,,,
41,60,,,,,,,
41,61,,,,,,,
41,62,,,,,,,
41,63,,,,,,,
41,64,,,,,,,
41,65,,,,,,,
41,66,,,,,,,
41,67,,,,,,,
41,68,,,,,,,
41,69,,,,,,,
41,70,,,,,,,
41,71,,,,,,,
41,72,,,,,,,
41,73,,,,,,,
41,74,,,,,,,
41,75,,,,,,,
41,76,,,,,,,
41,77,,,,,,,
41,78,,,,,,,
41,79,,,,,,,
41,80,,,,,,,
41,81,,,,,,,
41,82,,,,,,,
41,83,,,,,,,
41,84,,,,,,,
41,85,,,,,,,
41,86,,,,,,,
41,87,,,,,,,
41,88,,,,,,,
41,89,,,,,,,
41,90,,,,,,,
41,91,,,,,,,
41,92,,,,,,,
41,93,,,,,,,
42,0,,,,,,,
42,1,,,,,,,
42,2,,,,,,,
42,3,,,,,,,
42,4,,,,,,,
42,5,,,,,,,
42,6,,,,,,,
42,7,,,,,,,
42,8,,,,,,,
42,9,,,,,,,
42,10,,,,,,,
42,11,,,,,,,
42,12,,,,,,,
42,13,,,,,,,
42,14,,,,,,,
42,15,,,,,,,
42,16,nan,nan,nan,0,0,0,#000000
42,17,nan,nan,nan,0,0,0,#000000
42,18,nan,nan,nan,0,0,0,#000000
42,19,nan,nan,nan,0,0,0,#000000
42,20,nan,nan,nan,0,0,0,#000000
42,21,nan,nan,nan,0,0,0,#000000
42,22,,,,,,,
42,23,,,,,,,
42,24,,,,,,,
42,25,,,,,,,
42,26,,,,,,,
42,27,,,,,,,
42,28,,,,,,,
42,29,,,,,,,
42,30,,,,,,,
42,31,-2.09,0.3253,10.8,49,102,142,#31668E
42,32,-2.09,0.3253,10.8,49,102,142,#31668E
42,33,-2.0,0.3322,11.7,49,104,142,#31688E
42,34,-1.86,0.3428,13.1,48,106,142,#306A8E
42,35,-2.42,0.3002,7.5,53,95,141,#355F8D
42,36,-1.67,0.3572,14.9,46,110,142,#2E6E8E
42,37,-2.09,0.3253,10.8,49,102,142,#31668E
42,38,-1.86,0.3428,13.1,48,106,142,#306A8E
42,39,-2.05,0.3284,11.2,49,103,142,#31678E
42,40,-2.19,0.3177,9.8,50,100,142,#32648E
42,41,-2.19,0.3177,9.8,50,100,142,#32648E
42,42,-2.09,0.3253,10.8,49,102,142,#31668E
42,43,-2.09,0.3253,10.8,49,102,142,#31668E
42,44,-2.09,0.3253,10.8,49,102,142,#31668E
42,45,-2.09,0.3253,10.8,49,102,142,#31668E
42,46,-2.09,0.3253,10.8,49,102,142,#31668E
42,47,,,,,,,
42,48,,,,,,,
42,49,,,,,,,
42,50,,,,,,,
42,51,,,,,,,
42,52,,,,,,,
42,53,,,,,,,
42,54,,,,,,,
42,55,,,,,,,
42,56,,,,,,,
42,57,,,,,,,
42,58,,,,,,,
42,59,,,,,,,
42,60,,,,,,,
42,61,,,,,,,
42,62,,,,,,,
42,63,,,,,,,
42,64,,,,,,,
42,65,,,,,,,
42,66,,,,,,,
42,67,,,,,,,
42,68,,,,,,,
42,69,,,,,,,
42,70,,,,,,,
42,71,,,,,,,
42,72,,,,,,,
42,73,,,,,,,
42,74,,,,,,,
42,75,,,,,,,
42,76,,,,,,,
42,77,,,,,,,
42,78,,,,,,,
42,79,,,,,,,
42,80,,,,,,,
42,81,,,,,,,
42,82,,,,,,,
42,83,,,,,,,
42,84,,,,,,,
42,85,,,,,,,
42,86,,,,,,,
42,87,,,,,,,
42,88,,,,,,,
42,89,,,,,,,
42,90,,,,,,,
42,91,,,,,,,
42,92,,,,,,,
42,93,,,,,,,
43,0,,,,,,,
43,1,,,,,,,
43,2,,,,,,,
43,3,,,,,,,
43,4,,,,,,,
43,5,,,,,,,
43,6,,,,,,,
43,7,,,,,,,
43,8,,,,,,,
43,9,,,,,,,
43,10,,,,,,,
43,11,,,,,,,
43,12,,,,,,,
43,13,,,,,,,
43,14,,,,,,,
43,15,nan,nan,nan,0,0,0,#000000
43,16,nan,nan,nan,0,0,0,#000000
43,17,nan,nan,nan,0,0,0,#000000
43,18,nan,nan,nan,0,0,0,#000000
43,19,nan,nan,nan,0,0,0,#000000
43,20,nan,nan,nan,0,0,0,#000000
43,21,nan,nan,nan,0,0,0,#000000
43,22,,,,,,,
43,23,,,,,,,
43,24,,,,,,,
43,25,,,,,,,
43,26,,,,,,,
43,27,,,,,,,
43,28,,,,,,,
43,29,,,,,,,
43,30,,,,,,,
43,31,-2.09,0.3253,10.8,49,102,142,#31668E
43,32,-1.67,0.3572,14.9,46,110,142,#2E6E8E
43,33,-2.0,0.3322,11.7,49,104,142,#31688E
43,34,-1.86,0.3428,13.1,48,106,142,#306A8E
43,35,-1.67,0.3572,14.9,46,110,142,#2E6E8E
43,36,-1.67,0.3572,14.9,46,110,142,#2E6E8E
43,37,-1.86,0.3428,13.1,48,106,142,#306A8E
43,38,-2.19,0.3177,9.8,50,100,142,#32648E
43,39,-1.86,0.3428,13.1,48,106,142,#306A8E
43,40,-1.86,0.3428,13.1,48,106,142,#306A8E
43,41,-2.05,0.3284,11.2,49,103,142,#31678E
43,42,-2.19,0.3177,9.8,50,100,142,#32648E
43,43,-2.19,0.3177,9.8,50,100,142,#32648E
43,44,-1.86,0.3428,13.1,48,106,142,#306A8E
43,45,,,,,,,
43,46,,,,,,,
43,47,,,,,,,
43,48,,,,,,,
43,49,,,,,,,
43,50,,,,,,,
43,51,,,,,,,
43,52,,,,,,,
43,53,,,,,,,
43,54,,,,,,,
43,55,,,,,,,
43,56,,,,,,,
43,57,,,,,,,
43,58,,,,,,,
43,59,,,,,,,
43,60,,,,,,,
43,61,,,,,,,
43,62,,,,,,,
43,63,,,,,,,
43,64,,,,,,,
43,65,,,,,,,
43,66,,,,,,,
43,67,,,,,,,
43,68,,,,,,,
43,69,,,,,,,
43,70,,,,,,,
43,71,,,,,,,
43,72,,,,,,,
43,73,,,,,,,
43,74,,,,,,,
43,75,,,,,,,
43,76,,,,,,,
43,77,,,,,,,
43,78,,,,,,,
43,79,,,,,,,
43,80,,,,,,,
43,81,,,,,,,
43,82,,,,,,,
43,83,,,,,,,
43,84,,,,,,,
43,85,,,,,,,
43,86,,,,,,,
43,87,,,,,,,
43,88,,,,,,,
43,89,,,,,,,
43,90,,,,,,,
43,91,,,,,,,
43,92,,,,,,,
43,93,,,,,,,
44,0,,,,,,,
44,1,,,,,,,
44,2,,,,,,,
44,3,,,,,,,
44,4,,,,,,,
44,5,,,,,,,
44,6,,,,,,,
44,7,,,,,,,
44,8,,,,,,,
44,9,,,,,,,
44,10,,,,,,,
44,11,,,,,,,
44,12,,,,,,,
44,13,,,,,,,
44,14,,,,,,,
44,15,,,,,,,
44,16,nan,nan,nan,0,0,0,#000000
44,17,nan,nan,nan,0,0,0,#000000
44,18,nan,nan,nan,0,0,0,#000000
44,19,nan,nan,nan,0,0,0,#000000
44,20,nan,nan,nan,0,0,0,#000000
44,21,nan,nan,nan,0,0,0,#000000
44,22,,,,,,,
44,23,,,,,,,
44,24,,,,,,,
44,25,,,,,,,
44,26,,,,,,,
44,27,,,,,,,
44,28,,,,,,,
44,29,,,,,,,
44,30,-2.09,0.3253,10.8,49,102,142,#31668E
44,31,-1.67,0.3572,14.9,46,110,142,#2E6E8E
44,32,-2.09,0.3253,10.8,49,102,142,#31668E
44,33,-2.09,0.3253,10.8,49,102,142,#31668E
44,34,-1.86,0.3428,13.1,48,106,142,#306A8E
44,35,-1.86,0.3428,13.1,48,106,142,#306A8E
44,36,-2.42,0.3002,7.5,53,95,141,#355F8D
44,37,-2.42,0.3002,7.5,53,95,141,#355F8D
44,38,-2.09,0.3253,10.8,49,102,142,#31668E
44,39,-2.09,0.3253,10.8,49,102,142,#31668E
44,40,-2.09,0.3253,10.8,49,102,142,#31668E
44,41,-2.19,0.3177,9.8,50,100,142,#32648E
44,42,-2.19,0.3177,9.8,50,100,142,#32648E
44,43,-2.19,0.3177,9.8,50,100,142,#32648E
44,44,,,,,,,
44,45,,,,,,,
44,46,,,,,,,
44,47,,,,,,,
44,48,,,,,,,
44,49,,,,,,,
44,50,,,,,,,
44,51,,,,,,,
44,52,,,,,,,
44,53,,,,,,,
44,54,,,,,,,
44,55,,,,,,,
44,56,,,,,,,
44,57,,,,,,,
44,58,,,,,,,
44,59,,,,,,,
44,60,,,,,,,
44,61,,,,,,,
44,62,,,,,,,
44,63,,,,,,,
44,64,,,,,,,
44,65,,,,,,,
44,66,,,,,,,
44,67,,,,,,,
44,68,,,,,,,
44,69,,,,,,,
44,70,,,,,,,
44,71,,,,,,,
44,72,,,,,,,
44,73,,,,,,,
44,74,,,,,,,
44,75,,,,,,,
44,76,,,,,,,
44,77,,,,,,,
44,78,,,,,,,
44,79,,,,,,,
44,80,,,,,,,
44,81,,,,,,,
44,82,,,,,,,
44,83,,,,,,,
44,84,,,,,,,
44,85,,,,,,,
44,86,,,,,,,
44,87,,,,,,,
44,88,,,,,,,
44,89,,,,,,,
44,90,,,,,,,
44,91,,,,,,,
44,92,,,,,,,
44,93,,,,,,,
45,0,,,,,,,
45,1,,,,,,,
45,2,,,,,,,
45,3,,,,,,,
45,4,,,,,,,
45,5,,,,,,,
45,6,,,,,,,
45,7,,,,,,,
45,8,,,,,,,
45,9,,,,,,,
45,10,,,,,,,
45,11,,,,,,,
45,12,,,,,,,
45,13,,,,,,,
45,14,,,,,,,
45,15,,,,,,,
45,16,nan,nan,nan,0,0,0,#000000
45,17,nan,nan,nan,0,0,0,#000000
45,18,nan,nan,nan,0,0,0,#000000
45,19,nan,nan,nan,0,0,0,#000000
45,20,nan,nan,nan,0,0,0,#000000
45,21,,,,,,,
45,22,,,,,,,
45,23,,,,,,,
45,24,,,,,,,
45,25,,,,,,,
45,26,,,,,,,
45,27,,,,,,,
45,28,,,,,,,
45,29,,,,,,,
45,30,,,,,,,
45,31,-2.09,0.3253,10.8,49,102,142,#31668E
45,32,-2.09,0.3253,10.8,49,102,142,#31668E
45,33,-1.86,0.3428,13.1,48,106,142,#306A8E
45,34,-2.19,0.3177,9.8,50,100,142,#32648E
45,35,-1.86,0.3428,13.1,48,106,142,#306A8E
45,36,-2.42,0.3002,7.5,53,95,141,#355F8D
45,37,-2.05,0.3284,11.2,49,103,142,#31678E
45,38,-2.19,0.3177,9.8,50,100,142,#32648E
45,39,-2.37,0.3040,8.0,52,96,141,#34608D
45,40,-2.19,0.3177,9.8,50,100,142,#32648E
45,41,-2.19,0.3177,9.8,50,100,142,#32648E
45,42,-2.28,0.3109,8.9,51,98,141,#33628D
45,43,,,,,,,
45,44,,,,,,,
45,45,,,,,,,
45,46,,,,,,,
45,47,,,,,,,
45,48,,,,,,,
45,49,,,,,,,
45,50,,,,,,,
45,51,,,,,,,
45,52,,,,,,,
45,53,,,,,,,
45,54,,,,,,,
45,55,,,,,,,
45,56,,,,,,,
45,57,,,,,,,
45,58,,,,,,,
45,59,,,,,,,
45,60,,,,,,,
45,61,,,,,,,
45,62,,,,,,,
45,63,,,,,,,
45,64,,,,,,,
45,65,,,,,,,
45,66,,,,,,,
45,67,,,,,,,
45,68,,,,,,,
45,69,,,,,,,
45,70,,,,,,,
45,71,,,,,,,
45,72,,,,,,,
45,73,,,,,,,
45,74,,,,,,,
45,75,,,,,,,
45,76,,,,,,,
45,77,,,,,,,
45,78,,,,,,,
45,79,,,,,,,
45,80,,,,,,,
45,81,,,,,,,
45,82,,,,,,,
45,83,,,,,,,
45,84,,,,,,,
45,85,,,,,,,
45,86,,,,,,,
45,87,,,,,,,
45,88,,,,,,,
45,89,,,,,,,
45,90,,,,,,,
45,91,,,,,,,
45,92,,,,,,,
45,93,,,,,,,
46,0,,,,,,,
46,1,,,,,,,
46,2,,,,,,,
46,3,,,,,,,
46,4,,,,,,,
46,5,,,,,,,
46,6,,,,,,,
46,7,,,,,,,
46,8,,,,,,,
46,9,,,,,,,
46,10,,,,,,,
46,11,,,,,,,
46,12,,,,,,,
46,13,,,,,,,
46,14,,,,,,,
46,15,,,,,,,
46,16,,,,,,,
46,17,nan,nan,nan,0,0,0,#000000
46,18,nan,nan,nan,0,0,0,#000000
46,19,,,,,,,
46,20,,,,,,,
46,21,,,,,,,
46,22,,,,,,,
46,23,,,,,,,
46,24,,,,,,,
46,25,,,,,,,
46,26,,,,,,,
46,27,,,,,,,
46,28,,,,,,,
46,29,,,,,,,
46,30,,,,,,,
46,31,,,,,,,
46,32,-2.42,0.3002,7.5,53,95,141,#355F8D
46,33,-2.84,0.2683,3.4,57,86,140,#39568C
46,34,-2.84,0.2683,3.4,57,86,140,#39568C
46,35,-2.84,0.2683,3.4,57,86,140,#39568C
46,36,-2.42,0.3002,7.5,53,95,141,#355F8D
46,37,-2.19,0.3177,9.8,50,100,142,#32648E
46,38,-2.19,0.3177,9.8,50,100,142,#32648E
46,39,-2.19,0.3177,9.8,50,100,142,#32648E
46,40,-2.19,0.3177,9.8,50,100,142,#32648E
46,41,-2.37,0.3040,8.0,52,96,141,#34608D
46,42,,,,,,,
46,43,,,,,,,
46,44,,,,,,,
46,45,,,,,,,
46,46,,,,,,,
46,47,,,,,,,
46,48,,,,,,,
46,49,,,,,,,
46,50,,,,,,,
46,51,,,,,,,
46,52,,,,,,,
46,53,,,,,,,
46,54,,,,,,,
46,55,,,,,,,
46,56,,,,,,,
46,57,,,,,,,
46,58,,,,,,,
46,59,,,,,,,
46,60,,,,,,,
46,61,,,,,,,
46,62,,,,,,,
46,63,,,,,,,
46,64,,,,,,,
46,65,,,,,,,
46,66,,,,,,,
46,67,,,,,,,
46,68,,,,,,,
46,69,,,,,,,
46,70,,,,,,,
46,71,,,,,,,
46,72,,,,,,,
46,73,,,,,,,
46,74,,,,,,,
46,75,,,,,,,
46,76,,,,,,,
46,77,,,,,,,
46,78,,,,,,,
46,79,,,,,,,
46,80,,,,,,,
46,81,,,,,,,
46,82,,,,,,,
46,83,,,,,,,
46,84,,,,,,,
46,85,,,,,,,
46,86,,,,,,,
46,87,,,,,,,
46,88,,,,,,,
46,89,,,,,,,
46,90,,,,,,,
46,91,,,,,,,
46,92,,,,,,,
46,93,,,,,,,
47,0,,,,,,,
47,1,,,,,,,
47,2,,,,,,,
47,3,,,,,,,
47,4,,,,,,,
47,5,,,,,,,
47,6,,,,,,,
47,7,,,,,,,
47,8,,,,,,,
47,9,,,,,,,
47,10,,,,,,,
47,11,,,,,,,
47,12,,,,,,,
47,13,,,,,,,
47,14,,,,,,,
47,15,,,,,,,
47,16,,,,,,,
47,17,nan,nan,nan,0,0,0,#000000
47,18,,,,,,,
47,19,,,,,,,
47,20,,,,,,,
47,21,,,,,,,
47,22,,,,,,,
47,23,,,,,,,
47,24,,,,,,,
47,25,,,,,,,
47,26,,,,,,,
47,27,-2.23,0.3147,9.4,51,99,141,#33638D
47,28,-1.86,0.3428,13.1,48,106,142,#306A8E
47,29,-2.23,0.3147,9.4,51,99,141,#33638D
47,30,-2.23,0.3147,9.4,51,99,141,#33638D
47,31,nan,nan,nan,0,0,0,#000000
47,32,-2.74,0.2759,4.3,56,89,140,#38598C
47,33,-2.42,0.3002,7.5,53,95,141,#355F8D
47,34,-2.84,0.2683,3.4,57,86,140,#39568C
47,35,-1.86,0.3428,13.1,48,106,142,#306A8E
47,36,-2.42,0.3002,7.5,53,95,141,#355F8D
47,37,-1.86,0.3428,13.1,48,106,142,#306A8E
47,38,-2.19,0.3177,9.8,50,100,142,#32648E
47,39,-2.19,0.3177,9.8,50,100,142,#32648E
47,40,-2.09,0.3253,10.8,49,102,142,#31668E
47,41,,,,,,,
47,42,,,,,,,
47,43,,,,,,,
47,44,,,,,,,
47,45,,,,,,,
47,46,,,,,,,
47,47,,,,,,,
47,48,,,,,,,
47,49,,,,,,,
47,50,,,,,,,
47,51,,,,,,,
47,52,,,,,,,
47,53,,,,,,,
47,54,,,,,,,
47,55,,,,,,,
47,56,,,,,,,
47,57,,,,,,,
47,58,,,,,,,
47,59,,,,,,,
47,60,,,,,,,
47,61,,,,,,,
47,62,,,,,,,
47,63,,,,,,,
47,64,,,,,,,
47,65,,,,,,,
47,66,,,,,,,
47,67,,,,,,,
47,68,,,,,,,
47,69,,,,,,,
47,70,,,,,,,
47,71,,,,,,,
47,72,,,,,,,
47,73,,,,,,,
47,74,,,,,,,
47,75,,,,,,,
47,76,,,,,,,
47,77,,,,,,,
47,78,,,,,,,
47,79,,,,,,,
47,80,,,,,,,
47,81,,,,,,,
47,82,,,,,,,
47,83,,,,,,,
47,84,,,,,,,
47,85,,,,,,,
47,86,,,,,,,
47,87,,,,,,,
47,88,,,,,,,
47,89,,,,,,,
47,90,,,,,,,
47,91,,,,,,,
47,92,,,,,,,
47,93,,,,,,,
48,0,,,,,,,
48,1,,,,,,,
48,2,,,,,,,
48,3,,,,,,,
48,4,,,,,,,
48,5,,,,,,,
48,6,,,,,,,
48,7,,,,,,,
48,8,,,,,,,
48,9,,,,,,,
48,10,,,,,,,
48,11,,,,,,,
48,12,,,,,,,
48,13,,,,,,,
48,14,,,,,,,
48,15,,,,,,,
48,16,nan,nan,nan,0,0,0,#000000
48,17,,,,,,,
48,18,,,,,,,
48,19,,,,,,,
48,20,,,,,,,
48,21,,,,,,,
48,22,,,,,,,
48,23,,,,,,,
48,24,,,,,,,
48,25,,,,,,,
48,26,,,,,,,
48,27,-2.23,0.3147,9.4,51,99,141,#33638D
48,28,-2.6,0.2866,5.7,54,92,141,#365C8D
48,29,-1.86,0.3428,13.1,48,106,142,#306A8E
48,30,-2.23,0.3147,9.4,51,99,141,#33638D
48,31,-2.23,0.3147,9.4,51,99,141,#33638D
48,32,-2.74,0.2759,4.3,56,89,140,#38598C
48,33,-2.74,0.2759,4.3,56,89,140,#38598C
48,34,-2.6,0.2866,5.7,54,92,141,#365C8D
48,35,-2.37,0.3040,8.0,52,96,141,#34608D
48,36,-2.42,0.3002,7.5,53,95,141,#355F8D
48,37,-2.37,0.3040,8.0,52,96,141,#34608D
48,38,-2.6,0.2866,5.7,54,92,141,#365C8D
48,39,-2.42,0.3002,7.5,53,95,141,#355F8D
48,40,-2.42,0.3002,7.5,53,95,141,#355F8D
48,41,-2.23,0.3147,9.4,51,99,141,#33638D
48,42,-1.86,0.3428,13.1,48,106,142,#306A8E
48,43,,,,,,,
48,44,,,,,,,
48,45,,,,,,,
48,46,,,,,,,
48,47,,,,,,,
48,48,,,,,,,
48,49,,,,,,,
48,50,,,,,,,
48,51,,,,,,,
48,52,,,,,,,
48,53,,,,,,,
48,54,,,,,,,
48,55,,,,,,,
48,56,,,,,,,
48,57,,,,,,,
48,58,,,,,,,
48,59,,,,,,,
48,60,,,,,,,
48,61,,,,,,,
48,62,,,,,,,
48,63,,,,,,,
48,64,,,,,,,
48,65,,,,,,,
48,66,,,,,,,
48,67,,,,,,,
48,68,,,,,,,
48,69,,,,,,,
48,70,,,,,,,
48,71,,,,,,,
48,72,,,,,,,
48,73,,,,,,,
48,74,,,,,,,
48,75,,,,,,,
48,76,,,,,,,
48,77,,,,,,,
48,78,,,,,,,
48,79,,,,,,,
48,80,,,,,,,
48,81,,,,,,,
48,82,,,,,,,
48,83,,,,,,,
48,84,,,,,,,
48,85,,,,,,,
48,86,,,,,,,
48,87,,,,,,,
48,88,,,,,,,
48,89,,,,,,,
48,90,,,,,,,
48,91,,,,,,,
48,92,,,,,,,
48,93,,,,,,,
49,0,,,,,,,
49,1,,,,,,,
49,2,,,,,,,
49,3,,,,,,,
49,4,,,,,,,
49,5,,,,,,,
49,6,,,,,,,
49,7,,,,,,,
49,8,,,,,,,
49,9,,,,,,,
49,10,,,,,,,
49,11,,,,,,,
49,12,,,,,,,
49,13,,,,,,,
49,14,,,,,,,
49,15,,,,,,,
49,16,,,,,,,
49,17,,,,,,,
49,18,,,,,,,
49,19,,,,,,,
49,20,,,,,,,
49,21,,,,,,,
49,22,,,,,,,
49,23,,,,,,,
49,24,,,,,,,
49,25,,,,,,,
49,26,,,,,,,
49,27,nan,nan,nan,0,0,0,#000000
49,28,-2.23,0.3147,9.4,51,99,141,#33638D
49,29,-2.6,0.2866,5.7,54,92,141,#365C8D
49,30,-2.23,0.3147,9.4,51,99,141,#33638D
49,31,-2.23,0.3147,9.4,51,99,141,#33638D
49,32,-3.02,0.2547,1.6,58,83,139,#3A538B
49,33,-1.86,0.3428,13.1,48,106,142,#306A8E
49,34,-3.02,0.2547,1.6,58,83,139,#3A538B
49,35,-2.47,0.2964,7.0,53,94,141,#355E8D
49,36,-3.58,0.2121,0.0,63,71,136,#3F4788
49,37,-1.86,0.3428,13.1,48,106,142,#306A8E
49,38,-1.86,0.3428,13.1,48,106,142,#306A8E
49,39,-2.74,0.2759,4.3,56,89,140,#38598C
49,40,-1.86,0.3428,13.1,48,106,142,#306A8E
49,41,nan,nan,nan,0,0,0,#000000
49,42,-2.23,0.3147,9.4,51,99,141,#33638D
49,43,,,,,,,
49,44,,,,,,,
49,45,,,,,,,
49,46,,,,,,,
49,47,,,,,,,
49,48,,,,,,,
49,49,,,,,,,
49,50,,,,,,,
49,51,,,,,,,
49,52,,,,,,,
49,53,,,,,,,
49,54,,,,,,,
49,55,,,,,,,
49,56,,,,,,,
49,57,,,,,,,
49,58,,,,,,,
49,59,,,,,,,
49,60,,,,,,,
49,61,,,,,,,
49,62,,,,,,,
49,63,,,,,,,
49,64,,,,,,,
49,65,,,,,,,
49,66,,,,,,,
49,67,,,,,,,
49,68,,,,,,,
49,69,,,,,,,
49,70,,,,,,,
49,71,,,,,,,
49,72,,,,,,,
49,73,,,,,,,
49,74,,,,,,,
49,75,,,,,,,
49,76,,,,,,,
49,77,,,,,,,
49,78,,,,,,,
49,79,,,,,,,
49,80,,,,,,,
49,81,,,,,,,
49,82,,,,,,,
49,83,,,,,,,
49,84,,,,,,,
49,85,,,,,,,
49,86,,,,,,,
49,87,,,,,,,
49,88,,,,,,,
49,89,,,,,,,
49,90,,,,,,,
49,91,,,,,,,
49,92,,,,,,,
49,93,,,,,,,
50,0,,,,,,,
50,1,,,,,,,
50,2,,,,,,,
50,3,,,,,,,
50,4,,,,,,,
50,5,,,,,,,
50,6,,,,,,,
50,7,,,,,,,
50,8,,,,,,,
50,9,,,,,,,
50,10,,,,,,,
50,11,,,,,,,
50,12,,,,,,,
50,13,nan,nan,nan,0,0,0,#000000
50,14,nan,nan,nan,0,0,0,#000000
50,15,,,,,,,
50,16,,,,,,,
50,17,,,,,,,
50,18,,,,,,,
50,19,,,,,,,
50,20,,,,,,,
50,21,,,,,,,
50,22,-2.65,0.2828,5.2,55,91,141,#375B8D
50,23,,,,,,,
50,24,,,,,,,
50,25,,,,,,,
50,26,,,,,,,
50,27,-2.23,0.3147,9.4,51,99,141,#33638D
50,28,-2.23,0.3147,9.4,51,99,141,#33638D
50,29,-2.23,0.3147,9.4,51,99,141,#33638D
50,30,-1.86,0.3428,13.1,48,106,142,#306A8E
50,31,-2.23,0.3147,9.4,51,99,141,#33638D
50,32,-2.23,0.3147,9.4,51,99,141,#33638D
50,33,-2.6,0.2866,5.7,54,92,141,#365C8D
50,34,-2.47,0.2964,7.0,53,94,141,#355E8D
50,35,-2.84,0.2683,3.4,57,86,140,#39568C
50,36,-2.65,0.2828,5.2,55,91,141,#375B8D
50,37,-2.65,0.2828,5.2,55,91,141,#375B8D
50,38,-2.65,0.2828,5.2,55,91,141,#375B8D
50,39,nan,nan,nan,0,0,0,#000000
50,40,-2.23,0.3147,9.4,51,99,141,#33638D
50,41,,,,,,,
50,42,,,,,,,
50,43,,,,,,,
50,44,,,,,,,
50,45,,,,,,,
50,46,-2.98,0.2577,2.0,58,83,139,#3A538B
50,47,-3.02,0.2547,1.6,58,83,139,#3A538B
50,48,-3.02,0.2547,1.6,58,83,139,#3A538B
50,49,-2.51,0.2934,6.6,53,94,141,#355E8D
50,50,-3.02,0.2547,1.6,58,83,139,#3A538B
50,51,-3.16,0.2440,0.2,60,80,139,#3C508B
50,52,-3.3,0.2334,0.0,61,77,138,#3D4D8A
50,53,-2.65,0.2828,5.2,55,91,141,#375B8D
50,54,-3.35,0.2296,0.0,62,76,138,#3E4C8A
50,55,-3.4,0.2258,0.0,62,74,137,#3E4A89
50,56,-3.3,0.2334,0.0,61,77,138,#3D4D8A
50,57,-3.53,0.2159,0.0,63,72,137,#3F4889
50,58,-3.58,0.2121,0.0,63,71,136,#3F4788
50,59,-3.02,0.2547,1.6,58,83,139,#3A538B
50,60,,,,,,,
50,61,,,,,,,
50,62,,,,,,,
50,63,,,,,,,
50,64,,,,,,,
50,65,,,,,,,
50,66,,,,,,,
50,67,,,,,,,
50,68,,,,,,,
50,69,,,,,,,
50,70,,,,,,,
50,71,,,,,,,
50,72,,,,,,,
50,73,,,,,,,
50,74,,,,,,,
50,75,,,,,,,
50,76,,,,,,,
50,77,,,,,,,
50,78,,,,,,,
50,79,,,,,,,
50,80,,,,,,,
50,81,,,,,,,
50,82,,,,,,,
50,83,,,,,,,
50,84,,,,,,,
50,85,,,,,,,
50,86,,,,,,,
50,87,,,,,,,
50,88,,,,,,,
50,89,,,,,,,
50,90,,,,,,,
50,91,,,,,,,
50,92,,,,,,,
50,93,,,,,,,
51,0,,,,,,,
51,1,,,,,,,
51,2,,,,,,,
51,3,,,,,,,
51,4,,,,,,,
51,5,,,,,,,
51,6,,,,,,,
51,7,,,,,,,
51,8,,,,,,,
51,9,,,,,,,
51,10,,,,,,,
51,11,,,,,,,
51,12,nan,nan,nan,0,0,0,#000000
51,13,nan,nan,nan,0,0,0,#000000
51,14,nan,nan,nan,0,0,0,#000000
51,15,,,,,,,
51,16,,,,,,,
51,17,,,,,,,
51,18,,,,,,,
51,19,,,,,,,
51,20,,,,,,,
51,21,,,,,,,
51,22,-2.65,0.2828,5.2,55,91,141,#375B8D
51,23,-2.65,0.2828,5.2,55,91,141,#375B8D
51,24,,,,,,,
51,25,,,,,,,
51,26,,,,,,,
51,27,,,,,,,
51,28,-2.23,0.3147,9.4,51,99,141,#33638D
51,29,-2.23,0.3147,9.4,51,99,141,#33638D
51,30,-2.23,0.3147,9.4,51,99,141,#33638D
51,31,-2.23,0.3147,9.4,51,99,141,#33638D
51,32,-2.23,0.3147,9.4,51,99,141,#33638D
51,33,-2.88,0.2653,3.0,57,85,140,#39558C
51,34,-2.65,0.2828,5.2,55,91,141,#375B8D
51,35,-2.23,0.3147,9.4,51,99,141,#33638D
51,36,-2.51,0.2934,6.6,53,94,141,#355E8D
51,37,-2.65,0.2828,5.2,55,91,141,#375B8D
51,38,-2.65,0.2828,5.2,55,91,141,#375B8D
51,39,-2.65,0.2828,5.2,55,91,141,#375B8D
51,40,-2.23,0.3147,9.4,51,99,141,#33638D
51,41,,,,,,,
51,42,,,,,,,
51,43,,,,,,,
51,44,-3.02,0.2547,1.6,58,83,139,#3A538B
51,45,-2.98,0.2577,2.0,58,83,139,#3A538B
51,46,-2.98,0.2577,2.0,58,83,139,#3A538B
51,47,-3.16,0.2440,0.2,60,80,139,#3C508B
51,48,-3.21,0.2402,0.0,60,79,138,#3C4F8A
51,49,-3.21,0.2402,0.0,60,79,138,#3C4F8A
51,50,-3.21,0.2402,0.0,60,79,138,#3C4F8A
51,51,-3.21,0.2402,0.0,60,79,138,#3C4F8A
51,52,-3.21,0.2402,0.0,60,79,138,#3C4F8A
51,53,-3.21,0.2402,0.0,60,79,138,#3C4F8A
51,54,-3.21,0.2402,0.0,60,79,138,#3C4F8A
51,55,-3.4,0.2258,0.0,62,74,137,#3E4A89
51,56,-2.79,0.2721,3.8,56,88,140,#38588C
51,57,-3.3,0.2334,0.0,61,77,138,#3D4D8A
51,58,-3.4,0.2258,0.0,62,74,137,#3E4A89
51,59,-3.02,0.2547,1.6,58,83,139,#3A538B
51,60,-3.02,0.2547,1.6,58,83,139,#3A538B
51,61,,,,,,,
51,62,,,,,,,
51,63,,,,,,,
51,64,,,,,,,
51,65,,,,,,,
51,66,,,,,,,
51,67,,,,,,,
51,68,,,,,,,
51,69,,,,,,,
51,70,,,,,,,
51,71,,,,,,,
51,72,,,,,,,
51,73,,,,,,,
51,74,,,,,,,
51,75,,,,,,,
51,76,,,,,,,
51,77,,,,,,,
51,78,,,,,,,
51,79,,,,,,,
51,80,,,,,,,
51,81,,,,,,,
51,82,,,,,,,
51,83,,,,,,,
51,84,,,,,,,
51,85,,,,,,,
51,86,,,,,,,
51,87,,,,,,,
51,88,,,,,,,
51,89,,,,,,,
51,90,,,,,,,
51,91,,,,,,,
51,92,,,,,,,
51,93,,,,,,,
52,0,,,,,,,
52,1,,,,,,,
52,2,,,,,,,
52,3,,,,,,,
52,4,,,,,,,
52,5,,,,,,,
52,6,,,,,,,
52,7,,,,,,,
52,8,,,,,,,
52,9,,,,,,,
52,10,,,,,,,
52,11,,,,,,,
52,12,,,,,,,
52,13,,,,,,,
52,14,nan,nan,nan,0,0,0,#000000
52,15,,,,,,,
52,16,,,,,,,
52,17,,,,,,,
52,18,,,,,,,
52,19,,,,,,,
52,20,-2.65,0.2828,5.2,55,91,141,#375B8D
52,21,,,,,,,
52,22,-2.65,0.2828,5.2,55,91,141,#375B8D
52,23,-2.65,0.2828,5.2,55,91,141,#375B8D
52,24,,,,,,,
52,25,,,,,,,
52,26,-2.23,0.3147,9.4,51,99,141,#33638D
52,27,-1.86,0.3428,13.1,48,106,142,#306A8E
52,28,,,,,,,
52,29,-2.23,0.3147,9.4,51,99,141,#33638D
52,30,-2.23,0.3147,9.4,51,99,141,#33638D
52,31,-2.23,0.3147,9.4,51,99,141,#33638D
52,32,-3.07,0.2509,1.1,59,82,139,#3B528B
52,33,-3.02,0.2547,1.6,58,83,139,#3A538B
52,34,-1.86,0.3428,13.1,48,106,142,#306A8E
52,35,-2.6,0.2866,5.7,54,92,141,#365C8D
52,36,-2.51,0.2934,6.6,53,94,141,#355E8D
52,37,-2.47,0.2964,7.0,53,94,141,#355E8D
52,38,-2.65,0.2828,5.2,55,91,141,#375B8D
52,39,-2.65,0.2828,5.2,55,91,141,#375B8D
52,40,,,,,,,
52,41,,,,,,,
52,42,-2.79,0.2721,3.8,56,88,140,#38588C
52,43,-2.79,0.2721,3.8,56,88,140,#38588C
52,44,-2.79,0.2721,3.8,56,88,140,#38588C
52,45,-2.98,0.2577,2.0,58,83,139,#3A538B
52,46,-2.98,0.2577,2.0,58,83,139,#3A538B
52,47,-2.84,0.2683,3.4,57,86,140,#39568C
52,48,-3.16,0.2440,0.2,60,80,139,#3C508B
52,49,-2.65,0.2828,5.2,55,91,141,#375B8D
52,50,-3.21,0.2402,0.0,60,79,138,#3C4F8A
52,51,-3.21,0.2402,0.0,60,79,138,#3C4F8A
52,52,-3.3,0.2334,0.0,61,77,138,#3D4D8A
52,53,-3.3,0.2334,0.0,61,77,138,#3D4D8A
52,54,-3.3,0.2334,0.0,61,77,138,#3D4D8A
52,55,-3.3,0.2334,0.0,61,77,138,#3D4D8A
52,56,-3.4,0.2258,0.0,62,74,137,#3E4A89
52,57,-3.4,0.2258,0.0,62,74,137,#3E4A89
52,58,-3.16,0.2440,0.2,60,80,139,#3C508B
52,59,-2.84,0.2683,3.4,57,86,140,#39568C
52,60,-2.84,0.2683,3.4,57,86,140,#39568C
52,61,,,,,,,
52,62,,,,,,,
52,63,,,,,,,
52,64,,,,,,,
52,65,,,,,,,
52,66,,,,,,,
52,67,,,,,,,
52,68,,,,,,,
52,69,,,,,,,
52,70,,,,,,,
52,71,,,,,,,
52,72,,,,,,,
52,73,,,,,,,
52,74,,,,,,,
52,75,,,,,,,
52,76,,,,,,,
52,77,,,,,,,
52,78,,,,,,,
52,79,,,,,,,
52,80,,,,,,,
52,81,,,,,,,
52,82,,,,,,,
52,83,,,,,,,
52,84,,,,,,,
52,85,,,,,,,
52,86,,,,,,,
52,87,,,,,,,
52,88,,,,,,,
52,89,,,,,,,
52,90,,,,,,,
52,91,,,,,,,
52,92,,,,,,,
52,93,,,,,,,
53,0,,,,,,,
53,1,,,,,,,
53,2,,,,,,,
53,3,,,,,,,
53,4,,,,,,,
53,5,,,,,,,
53,6,,,,,,,
53,7,,,,,,,
53,8,,,,,,,
53,9,,,,,,,
53,10,,,,,,,
53,11,,,,,,,
53,12,,,,,,,
53,13,nan,nan,nan,0,0,0,#000000
53,14,,,,,,,
53,15,,,,,,,
53,16,,,,,,,
53,17,,,,,,,
53,18,,,,,,,
53,19,nan,nan,nan,0,0,0,#000000
53,20,-2.65,0.2828,5.2,55,91,141,#375B8D
53,21,-2.65,0.2828,5.2,55,91,141,#375B8D
53,22,-2.65,0.2828,5.2,55,91,141,#375B8D
53,23,-2.65,0.2828,5.2,55,91,141,#375B8D
53,24,,,,,,,
53,25,,,,,,,
53,26,-2.23,0.3147,9.4,51,99,141,#33638D
53,27,-2.23,0.3147,9.4,51,99,141,#33638D
53,28,-1.86,0.3428,13.1,48,106,142,#306A8E
53,29,-2.65,0.2828,5.2,55,91,141,#375B8D
53,30,-2.23,0.3147,9.4,51,99,141,#33638D
53,31,-3.07,0.2509,1.1,59,82,139,#3B528B
53,32,-3.02,0.2547,1.6,58,83,139,#3A538B
53,33,-2.65,0.2828,5.2,55,91,141,#375B8D
53,34,-2.23,0.3147,9.4,51,99,141,#33638D
53,35,-2.88,0.2653,3.0,57,85,140,#39558C
53,36,-2.65,0.2828,5.2,55,91,141,#375B8D
53,37,-2.47,0.2964,7.0,53,94,141,#355E8D
53,38,-2.65,0.2828,5.2,55,91,141,#375B8D
53,39,-2.79,0.2721,3.8,56,88,140,#38588C
53,40,-2.65,0.2828,5.2,55,91,141,#375B8D
53,41,-2.23,0.3147,9.4,51,99,141,#33638D
53,42,-2.79,0.2721,3.8,56,88,140,#38588C
53,43,-2.47,0.2964,7.0,53,94,141,#355E8D
53,44,-2.79,0.2721,3.8,56,88,140,#38588C
53,45,-2.88,0.2653,3.0,57,85,140,#39558C
53,46,-2.98,0.2577,2.0,58,83,139,#3A538B
53,47,-3.53,0.2159,0.0,63,72,137,#3F4889
53,48,-3.21,0.2402,0.0,60,79,138,#3C4F8A
53,49,-3.3,0.2334,0.0,61,77,138,#3D4D8A
53,50,-3.3,0.2334,0.0,61,77,138,#3D4D8A
53,51,-3.3,0.2334,0.0,61,77,138,#3D4D8A
53,52,-3.58,0.2121,0.0,63,71,136,#3F4788
53,53,-3.3,0.2334,0.0,61,77,138,#3D4D8A
53,54,-3.3,0.2334,0.0,61,77,138,#3D4D8A
53,55,-3.4,0.2258,0.0,62,74,137,#3E4A89
53,56,-3.3,0.2334,0.0,61,77,138,#3D4D8A
53,57,-3.3,0.2334,0.0,61,77,138,#3D4D8A
53,58,-3.02,0.2547,1.6,58,83,139,#3A538B
53,59,-2.88,0.2653,3.0,57,85,140,#39558C
53,60,-1.86,0.3428,13.1,48,106,142,#306A8E
53,61,,,,,,,
53,62,,,,,,,
53,63,,,,,,,
53,64,,,,,,,
53,65,,,,,,,
53,66,,,,,,,
53,67,,,,,,,
53,68,,,,,,,
53,69,,,,,,,
53,70,,,,,,,
53,71,,,,,,,
53,72,,,,,,,
53,73,,,,,,,
53,74,,,,,,,
53,75,,,,,,,
53,76,,,,,,,
53,77,,,,,,,
53,78,,,,,,,
53,79,,,,,,,
53,80,,,,,,,
53,81,,,,,,,
53,82,,,,,,,
53,83,,,,,,,
53,84,,,,,,,
53,85,,,,,,,
53,86,,,,,,,
53,87,,,,,,,
53,88,,,,,,,
53,89,,,,,,,
53,90,,,,,,,
53,91,,,,,,,
53,92,,,,,,,
53,93,,,,,,,
54,0,,,,,,,
54,1,,,,,,,
54,2,,,,,,,
54,3,,,,,,,
54,4,,,,,,,
54,5,,,,,,,
54,6,,,,,,,
54,7,,,,,,,
54,8,,,,,,,
54,9,,,,,,,
54,10,,,,,,,
54,11,,,,,,,
54,12,,,,,,,
54,13,nan,nan,nan,0,0,0,#000000
54,14,,,,,,,
54,15,,,,,,,
54,16,,,,,,,
54,17,,,,,,,
54,18,,,,,,,
54,19,-2.65,0.2828,5.2,55,91,141,#375B8D
54,20,-2.65,0.2828,5.2,55,91,141,#375B8D
54,21,-2.65,0.2828,5.2,55,91,141,#375B8D
54,22,-2.65,0.2828,5.2,55,91,141,#375B8D
54,23,-2.65,0.2828,5.2,55,91,141,#375B8D
54,24,,,,,,,
54,25,,,,,,,
54,26,,,,,,,
54,27,-2.23,0.3147,9.4,51,99,141,#33638D
54,28,-2.74,0.2759,4.3,56,89,140,#38598C
54,29,nan,nan,nan,0,0,0,#000000
54,30,-2.65,0.2828,5.2,55,91,141,#375B8D
54,31,-2.23,0.3147,9.4,51,99,141,#33638D
54,32,-3.02,0.2547,1.6,58,83,139,#3A538B
54,33,-2.79,0.2721,3.8,56,88,140,#38588C
54,34,-2.47,0.2964,7.0,53,94,141,#355E8D
54,35,-2.84,0.2683,3.4,57,86,140,#39568C
54,36,-2.23,0.3147,9.4,51,99,141,#33638D
54,37,-2.6,0.2866,5.7,54,92,141,#365C8D
54,38,-2.23,0.3147,9.4,51,99,141,#33638D
54,39,-2.74,0.2759,4.3,56,89,140,#38598C
54,40,-2.84,0.2683,3.4,57,86,140,#39568C
54,41,-2.79,0.2721,3.8,56,88,140,#38588C
54,42,-3.02,0.2547,1.6,58,83,139,#3A538B
54,43,-2.79,0.2721,3.8,56,88,140,#38588C
54,44,-2.79,0.2721,3.8,56,88,140,#38588C
54,45,-3.02,0.2547,1.6,58,83,139,#3A538B
54,46,-3.02,0.2547,1.6,58,83,139,#3A538B
54,47,-3.02,0.2547,1.6,58,83,139,#3A538B
54,48,-2.51,0.2934,6.6,53,94,141,#355E8D
54,49,-3.4,0.2258,0.0,62,74,137,#3E4A89
54,50,-3.16,0.2440,0.2,60,80,139,#3C508B
54,51,-3.53,0.2159,0.0,63,72,137,#3F4889
54,52,-3.58,0.2121,0.0,63,71,136,#3F4788
54,53,-4.23,0.1627,0.0,69,56,130,#453882
54,54,-3.16,0.2440,0.2,60,80,139,#3C508B
54,55,-3.3,0.2334,0.0,61,77,138,#3D4D8A
54,56,-3.3,0.2334,0.0,61,77,138,#3D4D8A
54,57,-3.49,0.2190,0.0,62,73,137,#3E4989
54,58,-3.49,0.2190,0.0,62,73,137,#3E4989
54,59,-2.79,0.2721,3.8,56,88,140,#38588C
54,60,-1.67,0.3572,14.9,46,110,142,#2E6E8E
54,61,,,,,,,
54,62,,,,,,,
54,63,,,,,,,
54,64,,,,,,,
54,65,,,,,,,
54,66,,,,,,,
54,67,,,,,,,
54,68,,,,,,,
54,69,,,,,,,
54,70,,,,,,,
54,71,,,,,,,
54,72,,,,,,,
54,73,,,,,,,
54,74,,,,,,,
54,75,,,,,,,
54,76,,,,,,,
54,77,,,,,,,
54,78,,,,,,,
54,79,,,,,,,
54,80,,,,,,,
54,81,,,,,,,
54,82,,,,,,,
54,83,,,,,,,
54,84,,,,,,,
54,85,,,,,,,
54,86,,,,,,,
54,87,,,,,,,
54,88,,,,,,,
54,89,,,,,,,
54,90,,,,,,,
54,91,,,,,,,
54,92,,,,,,,
54,93,,,,,,,
55,0,,,,,,,
55,1,,,,,,,
55,2,,,,,,,
55,3,,,,,,,
55,4,,,,,,,
55,5,,,,,,,
55,6,,,,,,,
55,7,,,,,,,
55,8,,,,,,,
55,9,,,,,,,
55,10,,,,,,,
55,11,,,,,,,
55,12,,,,,,,
55,13,nan,nan,nan,0,0,0,#000000
55,14,,,,,,,
55,15,,,,,,,
55,16,,,,,,,
55,17,,,,,,,
55,18,,,,,,,
55,19,,,,,,,
55,20,,,,,,,
55,21,-2.65,0.2828,5.2,55,91,141,#375B8D
55,22,-2.65,0.2828,5.2,55,91,141,#375B8D
55,23,-2.65,0.2828,5.2,55,91,141,#375B8D
55,24,nan,nan,nan,0,0,0,#000000
55,25,,,,,,,
55,26,,,,,,,
55,27,,,,,,,
55,28,-2.65,0.2828,5.2,55,91,141,#375B8D
55,29,-2.65,0.2828,5.2,55,91,141,#375B8D
55,30,-2.65,0.2828,5.2,55,91,141,#375B8D
55,31,-2.65,0.2828,5.2,55,91,141,#375B8D
55,32,-2.23,0.3147,9.4,51,99,141,#33638D
55,33,-2.51,0.2934,6.6,53,94,141,#355E8D
55,34,-2.74,0.2759,4.3,56,89,140,#38598C
55,35,-2.37,0.3040,8.0,52,96,141,#34608D
55,36,-2.47,0.2964,7.0,53,94,141,#355E8D
55,37,-2.47,0.2964,7.0,53,94,141,#355E8D
55,38,-3.35,0.2296,0.0,62,76,138,#3E4C8A
55,39,-2.74,0.2759,4.3,56,89,140,#38598C
55,40,-2.65,0.2828,5.2,55,91,141,#375B8D
55,41,-2.47,0.2964,7.0,53,94,141,#355E8D
55,42,-2.79,0.2721,3.8,56,88,140,#38588C
55,43,-2.79,0.2721,3.8,56,88,140,#38588C
55,44,-2.47,0.2964,7.0,53,94,141,#355E8D
55,45,-2.98,0.2577,2.0,58,83,139,#3A538B
55,46,-2.84,0.2683,3.4,57,86,140,#39568C
55,47,-3.4,0.2258,0.0,62,74,137,#3E4A89
55,48,-3.21,0.2402,0.0,60,79,138,#3C4F8A
55,49,-3.21,0.2402,0.0,60,79,138,#3C4F8A
55,50,-3.3,0.2334,0.0,61,77,138,#3D4D8A
55,51,-3.53,0.2159,0.0,63,72,137,#3F4889
55,52,-3.77,0.1977,0.0,65,66,135,#414287
55,53,-3.91,0.1870,0.0,66,63,133,#423F85
55,54,-3.91,0.1870,0.0,66,63,133,#423F85
55,55,-3.16,0.2440,0.2,60,80,139,#3C508B
55,56,-3.3,0.2334,0.0,61,77,138,#3D4D8A
55,57,-3.49,0.2190,0.0,62,73,137,#3E4989
55,58,-3.49,0.2190,0.0,62,73,137,#3E4989
55,59,-3.49,0.2190,0.0,62,73,137,#3E4989
55,60,,,,,,,
55,61,,,,,,,
55,62,,,,,,,
55,63,,,,,,,
55,64,,,,,,,
55,65,,,,,,,
55,66,,,,,,,
55,67,,,,,,,
55,68,,,,,,,
55,69,,,,,,,
55,70,,,,,,,
55,71,,,,,,,
55,72,,,,,,,
55,73,,,,,,,
55,74,,,,,,,
55,75,,,,,,,
55,76,,,,,,,
55,77,,,,,,,
55,78,,,,,,,
55,79,,,,,,,
55,80,,,,,,,
55,81,,,,,,,
55,82,,,,,,,
55,83,,,,,,,
55,84,,,,,,,
55,85,,,,,,,
55,86,,,,,,,
55,87,,,,,,,
55,88,,,,,,,
55,89,,,,,,,
55,90,,,,,,,
55,91,,,,,,,
55,92,,,,,,,
55,93,,,,,,,
56,0,,,,,,,
56,1,,,,,,,
56,2,,,,,,,
56,3,,,,,,,
56,4,,,,,,,
56,5,,,,,,,
56,6,,,,,,,
56,7,,,,,,,
56,8,,,,,,,
56,9,,,,,,,
56,10,,,,,,,
56,11,,,,,,,
56,12,,,,,,,
56,13,nan,nan,nan,0,0,0,#000000
56,14,,,,,,,
56,15,,,,,,,
56,16,,,,,,,
56,17,,,,,,,
56,18,,,,,,,
56,19,,,,,,,
56,20,,,,,,,
56,21,-2.65,0.2828,5.2,55,91,141,#375B8D
56,22,-2.65,0.2828,5.2,55,91,141,#375B8D
56,23,-2.65,0.2828,5.2,55,91,141,#375B8D
56,24,-2.65,0.2828,5.2,55,91,141,#375B8D
56,25,-2.65,0.2828,5.2,55,91,141,#375B8D
56,26,,,,,,,
56,27,-2.65,0.2828,5.2,55,91,141,#375B8D
56,28,-2.65,0.2828,5.2,55,91,141,#375B8D
56,29,-2.65,0.2828,5.2,55,91,141,#375B8D
56,30,-2.65,0.2828,5.2,55,91,141,#375B8D
56,31,-2.23,0.3147,9.4,51,99,141,#33638D
56,32,-2.51,0.2934,6.6,53,94,141,#355E8D
56,33,-2.88,0.2653,3.0,57,85,140,#39558C
56,34,-2.84,0.2683,3.4,57,86,140,#39568C
56,35,-2.37,0.3040,8.0,52,96,141,#34608D
56,36,-2.37,0.3040,8.0,52,96,141,#34608D
56,37,-2.47,0.2964,7.0,53,94,141,#355E8D
56,38,-2.47,0.2964,7.0,53,94,141,#355E8D
56,39,-2.74,0.2759,4.3,56,89,140,#38598C
56,40,-2.79,0.2721,3.8,56,88,140,#38588C
56,41,-3.02,0.2547,1.6,58,83,139,#3A538B
56,42,-2.79,0.2721,3.8,56,88,140,#38588C
56,43,-2.88,0.2653,3.0,57,85,140,#39558C
56,44,-2.84,0.2683,3.4,57,86,140,#39568C
56,45,-2.98,0.2577,2.0,58,83,139,#3A538B
56,46,-3.16,0.2440,0.2,60,80,139,#3C508B
56,47,-3.58,0.2121,0.0,63,71,136,#3F4788
56,48,-3.21,0.2402,0.0,60,79,138,#3C4F8A
56,49,-3.21,0.2402,0.0,60,79,138,#3C4F8A
56,50,-3.49,0.2190,0.0,62,73,137,#3E4989
56,51,-3.53,0.2159,0.0,63,72,137,#3F4889
56,52,-3.63,0.2083,0.0,64,70,136,#404688
56,53,-3.58,0.2121,0.0,63,71,136,#3F4788
56,54,-3.72,0.2015,0.0,65,68,135,#414487
56,55,-3.67,0.2053,0.0,64,69,136,#404588
56,56,-3.49,0.2190,0.0,62,73,137,#3E4989
56,57,-3.49,0.2190,0.0,62,73,137,#3E4989
56,58,-3.58,0.2121,0.0,63,71,136,#3F4788
56,59,,,,,,,
56,60,,,,,,,
56,61,,,,,,,
56,62,,,,,,,
56,63,,,,,,,
56,64,,,,,,,
56,65,,,,,,,
56,66,,,,,,,
56,67,,,,,,,
56,68,,,,,,,
56,69,,,,,,,
56,70,,,,,,,
56,71,,,,,,,
56,72,,,,,,,
56,73,,,,,,,
56,74,,,,,,,
56,75,,,,,,,
56,76,,,,,,,
56,77,,,,,,,
56,78,,,,,,,
56,79,,,,,,,
56,80,,,,,,,
56,81,,,,,,,
56,82,,,,,,,
56,83,,,,,,,
56,84,,,,,,,
56,85,,,,,,,
56,86,,,,,,,
56,87,,,,,,,
56,88,,,,,,,
56,89,,,,,,,
56,90,,,,,,,
56,91,,,,,,,
56,92,,,,,,,
56,93,,,,,,,
57,0,,,,,,,
57,1,,,,,,,
57,2,,,,,,,
57,3,,,,,,,
57,4,,,,,,,
57,5,,,,,,,
57,6,,,,,,,
57,7,,,,,,,
57,8,,,,,,,
57,9,,,,,,,
57,10,,,,,,,
57,11,,,,,,,
57,12,,,,,,,
57,13,nan,nan,nan,0,0,0,#000000
57,14,,,,,,,
57,15,,,,,,,
57,16,,,,,,,
57,17,,,,,,,
57,18,,,,,,,
57,19,,,,,,,
57,20,,,,,,,
57,21,,,,,,,
57,22,nan,nan,nan,0,0,0,#000000
57,23,-2.65,0.2828,5.2,55,91,141,#375B8D
57,24,-2.65,0.2828,5.2,55,91,141,#375B8D
57,25,-2.65,0.2828,5.2,55,91,141,#375B8D
57,26,-2.65,0.2828,5.2,55,91,141,#375B8D
57,27,-2.65,0.2828,5.2,55,91,141,#375B8D
57,28,-2.65,0.2828,5.2,55,91,141,#375B8D
57,29,-2.65,0.2828,5.2,55,91,141,#375B8D
57,30,-2.23,0.3147,9.4,51,99,141,#33638D
57,31,-2.23,0.3147,9.4,51,99,141,#33638D
57,32,-2.23,0.3147,9.4,51,99,141,#33638D
57,33,-2.51,0.2934,6.6,53,94,141,#355E8D
57,34,-2.88,0.2653,3.0,57,85,140,#39558C
57,35,-2.23,0.3147,9.4,51,99,141,#33638D
57,36,-2.23,0.3147,9.4,51,99,141,#33638D
57,37,-1.86,0.3428,13.1,48,106,142,#306A8E
57,38,-2.19,0.3177,9.8,50,100,142,#32648E
57,39,-3.02,0.2547,1.6,58,83,139,#3A538B
57,40,-2.88,0.2653,3.0,57,85,140,#39558C
57,41,-2.51,0.2934,6.6,53,94,141,#355E8D
57,42,-2.51,0.2934,6.6,53,94,141,#355E8D
57,43,-2.65,0.2828,5.2,55,91,141,#375B8D
57,44,-3.02,0.2547,1.6,58,83,139,#3A538B
57,45,-3.02,0.2547,1.6,58,83,139,#3A538B
57,46,-3.16,0.2440,0.2,60,80,139,#3C508B
57,47,-3.21,0.2402,0.0,60,79,138,#3C4F8A
57,48,-3.21,0.2402,0.0,60,79,138,#3C4F8A
57,49,-3.21,0.2402,0.0,60,79,138,#3C4F8A
57,50,-3.21,0.2402,0.0,60,79,138,#3C4F8A
57,51,-3.72,0.2015,0.0,65,68,135,#414487
57,52,-3.58,0.2121,0.0,63,71,136,#3F4788
57,53,-3.72,0.2015,0.0,65,68,135,#414487
57,54,-3.53,0.2159,0.0,63,72,137,#3F4889
57,55,-3.91,0.1870,0.0,66,63,133,#423F85
57,56,-3.49,0.2190,0.0,62,73,137,#3E4989
57,57,-3.21,0.2402,0.0,60,79,138,#3C4F8A
57,58,-3.07,0.2509,1.1,59,82,139,#3B528B
57,59,,,,,,,
57,60,,,,,,,
57,61,,,,,,,
57,62,,,,,,,
57,63,,,,,,,
57,64,,,,,,,
57,65,,,,,,,
57,66,,,,,,,
57,67,,,,,,,
57,68,,,,,,,
57,69,,,,,,,
57,70,,,,,,,
57,71,,,,,,,
57,72,,,,,,,
57,73,,,,,,,
57,74,,,,,,,
57,75,,,,,,,
57,76,,,,,,,
57,77,,,,,,,
57,78,,,,,,,
57,79,,,,,,,
57,80,,,,,,,
57,81,,,,,,,
57,82,,,,,,,
57,83,,,,,,,
57,84,,,,,,,
57,85,,,,,,,
57,86,,,,,,,
57,87,,,,,,,
57,88,,,,,,,
57,89,,,,,,,
57,90,,,,,,,
57,91,,,,,,,
57,92,,,,,,,
57,93,,,,,,,
58,0,,,,,,,
58,1,,,,,,,
58,2,,,,,,,
58,3,,,,,,,
58,4,,,,,,,
58,5,,,,,,,
58,6,,,,,,,
58,7,,,,,,,
58,8,,,,,,,
58,9,,,,,,,
58,10,,,,,,,
58,11,,,,,,,
58,12,,,,,,,
58,13,nan,nan,nan,0,0,0,#000000
58,14,,,,,,,
58,15,,,,,,,
58,16,,,,,,,
58,17,,,,,,,
58,18,,,,,,,
58,19,,,,,,,
58,20,,,,,,,
58,21,,,,,,,
58,22,,,,,,,
58,23,,,,,,,
58,24,,,,,,,
58,25,-2.65,0.2828,5.2,55,91,141,#375B8D
58,26,-2.65,0.2828,5.2,55,91,141,#375B8D
58,27,,,,,,,
58,28,nan,nan,nan,0,0,0,#000000
58,29,-2.79,0.2721,3.8,56,88,140,#38588C
58,30,-2.79,0.2721,3.8,56,88,140,#38588C
58,31,-2.79,0.2721,3.8,56,88,140,#38588C
58,32,-2.79,0.2721,3.8,56,88,140,#38588C
58,33,-2.79,0.2721,3.8,56,88,140,#38588C
58,34,-2.47,0.2964,7.0,53,94,141,#355E8D
58,35,-2.23,0.3147,9.4,51,99,141,#33638D
58,36,-2.23,0.3147,9.4,51,99,141,#33638D
58,37,-2.84,0.2683,3.4,57,86,140,#39568C
58,38,-2.09,0.3253,10.8,49,102,142,#31668E
58,39,-2.09,0.3253,10.8,49,102,142,#31668E
58,40,-2.79,0.2721,3.8,56,88,140,#38588C
58,41,-2.65,0.2828,5.2,55,91,141,#375B8D
58,42,-2.65,0.2828,5.2,55,91,141,#375B8D
58,43,-2.74,0.2759,4.3,56,89,140,#38598C
58,44,-2.79,0.2721,3.8,56,88,140,#38588C
58,45,-2.98,0.2577,2.0,58,83,139,#3A538B
58,46,-3.16,0.2440,0.2,60,80,139,#3C508B
58,47,-3.16,0.2440,0.2,60,80,139,#3C508B
58,48,-3.35,0.2296,0.0,62,76,138,#3E4C8A
58,49,-3.16,0.2440,0.2,60,80,139,#3C508B
58,50,-3.49,0.2190,0.0,62,73,137,#3E4989
58,51,-3.58,0.2121,0.0,63,71,136,#3F4788
58,52,-3.58,0.2121,0.0,63,71,136,#3F4788
58,53,-3.95,0.1840,0.0,66,63,133,#423F85
58,54,-3.67,0.2053,0.0,64,69,136,#404588
58,55,-3.53,0.2159,0.0,63,72,137,#3F4889
58,56,-3.95,0.1840,0.0,66,63,133,#423F85
58,57,-3.95,0.1840,0.0,66,63,133,#423F85
58,58,-3.3,0.2334,0.0,61,77,138,#3D4D8A
58,59,,,,,,,
58,60,,,,,,,
58,61,,,,,,,
58,62,,,,,,,
58,63,,,,,,,
58,64,,,,,,,
58,65,,,,,,,
58,66,,,,,,,
58,67,,,,,,,
58,68,,,,,,,
58,69,,,,,,,
58,70,,,,,,,
58,71,,,,,,,
58,72,,,,,,,
58,73,,,,,,,
58,74,,,,,,,
58,75,,,,,,,
58,76,,,,,,,
58,77,,,,,,,
58,78,,,,,,,
58,79,,,,,,,
58,80,,,,,,,
58,81,,,,,,,
58,82,,,,,,,
58,83,,,,,,,
58,84,,,,,,,
58,85,,,,,,,
58,86,,,,,,,
58,87,,,,,,,
58,88,,,,,,,
58,89,,,,,,,
58,90,,,,,,,
58,91,,,,,,,
58,92,,,,,,,
58,93,,,,,,,
59,0,,,,,,,
59,1,,,,,,,
59,2,,,,,,,
59,3,,,,,,,
59,4,,,,,,,
59,5,,,,,,,
59,6,,,,,,,
59,7,,,,,,,
59,8,,,,,,,
59,9,,,,,,,
59,10,,,,,,,
59,11,,,,,,,
59,12,,,,,,,
59,13,,,,,,,
59,14,,,,,,,
59,15,,,,,,,
59,16,,,,,,,
59,17,,,,,,,
59,18,,,,,,,
59,19,,,,,,,
59,20,,,,,,,
59,21,,,,,,,
59,22,,,,,,,
59,23,,,,,,,
59,24,,,,,,,
59,25,-2.65,0.2828,5.2,55,91,141,#375B8D
59,26,,,,,,,
59,27,-2.74,0.2759,4.3,56,89,140,#38598C
59,28,-2.79,0.2721,3.8,56,88,140,#38588C
59,29,-2.79,0.2721,3.8,56,88,140,#38588C
59,30,-2.79,0.2721,3.8,56,88,140,#38588C
59,31,-2.79,0.2721,3.8,56,88,140,#38588C
59,32,-2.79,0.2721,3.8,56,88,140,#38588C
59,33,-2.51,0.2934,6.6,53,94,141,#355E8D
59,34,-2.23,0.3147,9.4,51,99,141,#33638D
59,35,-2.47,0.2964,7.0,53,94,141,#355E8D
59,36,-2.42,0.3002,7.5,53,95,141,#355F8D
59,37,-2.84,0.2683,3.4,57,86,140,#39568C
59,38,-2.09,0.3253,10.8,49,102,142,#31668E
59,39,-1.86,0.3428,13.1,48,106,142,#306A8E
59,40,-2.65,0.2828,5.2,55,91,141,#375B8D
59,41,-2.23,0.3147,9.4,51,99,141,#33638D
59,42,-2.19,0.3177,9.8,50,100,142,#32648E
59,43,-2.65,0.2828,5.2,55,91,141,#375B8D
59,44,-1.86,0.3428,13.1,48,106,142,#306A8E
59,45,-2.98,0.2577,2.0,58,83,139,#3A538B
59,46,-3.4,0.2258,0.0,62,74,137,#3E4A89
59,47,-3.16,0.2440,0.2,60,80,139,#3C508B
59,48,-3.16,0.2440,0.2,60,80,139,#3C508B
59,49,-3.16,0.2440,0.2,60,80,139,#3C508B
59,50,-3.16,0.2440,0.2,60,80,139,#3C508B
59,51,-3.53,0.2159,0.0,63,72,137,#3F4889
59,52,-3.58,0.2121,0.0,63,71,136,#3F4788
59,53,-4.09,0.1734,0.0,68,59,132,#443B84
59,54,-3.67,0.2053,0.0,64,69,136,#404588
59,55,-4.37,0.1521,0.0,70,52,128,#463480
59,56,-3.91,0.1870,0.0,66,63,133,#423F85
59,57,-3.95,0.1840,0.0,66,63,133,#423F85
59,58,-3.63,0.2083,0.0,64,70,136,#404688
59,59,,,,,,,
59,60,,,,,,,
59,61,,,,,,,
59,62,,,,,,,
59,63,,,,,,,
59,64,,,,,,,
59,65,,,,,,,
59,66,,,,,,,
59,67,,,,,,,
59,68,,,,,,,
59,69,,,,,,,
59,70,,,,,,,
59,71,,,,,,,
59,72,,,,,,,
59,73,,,,,,,
59,74,,,,,,,
59,75,,,,,,,
59,76,,,,,,,
59,77,,,,,,,
59,78,,,,,,,
59,79,,,,,,,
59,80,,,,,,,
59,81,,,,,,,
59,82,,,,,,,
59,83,,,,,,,
59,84,,,,,,,
59,85,,,,,,,
59,86,,,,,,,
59,87,,,,,,,
59,88,,,,,,,
59,89,,,,,,,
59,90,,,,,,,
59,91,,,,,,,
59,92,,,,,,,
59,93,,,,,,,
60,0,,,,,,,
60,1,,,,,,,
60,2,,,,,,,
60,3,,,,,,,
60,4,,,,,,,
60,5,,,,,,,
60,6,,,,,,,
60,7,,,,,,,
60,8,,,,,,,
60,9,,,,,,,
60,10,,,,,,,
60,11,,,,,,,
60,12,nan,nan,nan,0,0,0,#000000
60,13,,,,,,,
60,14,,,,,,,
60,15,,,,,,,
60,16,,,,,,,
60,17,,,,,,,
60,18,,,,,,,
60,19,,,,,,,
60,20,,,,,,,
60,21,,,,,,,
60,22,nan,nan,nan,0,0,0,#000000
60,23,,,,,,,
60,24,,,,,,,
60,25,,,,,,,
60,26,,,,,,,
60,27,-2.74,0.2759,4.3,56,89,140,#38598C
60,28,-2.74,0.2759,4.3,56,89,140,#38598C
60,29,-2.79,0.2721,3.8,56,88,140,#38588C
60,30,-2.79,0.2721,3.8,56,88,140,#38588C
60,31,-2.79,0.2721,3.8,56,88,140,#38588C
60,32,-2.79,0.2721,3.8,56,88,140,#38588C
60,33,-2.51,0.2934,6.6,53,94,141,#355E8D
60,34,-2.51,0.2934,6.6,53,94,141,#355E8D
60,35,-2.47,0.2964,7.0,53,94,141,#355E8D
60,36,-2.51,0.2934,6.6,53,94,141,#355E8D
60,37,-2.0,0.3322,11.7,49,104,142,#31688E
60,38,-2.09,0.3253,10.8,49,102,142,#31668E
60,39,-2.09,0.3253,10.8,49,102,142,#31668E
60,40,-1.86,0.3428,13.1,48,106,142,#306A8E
60,41,-2.65,0.2828,5.2,55,91,141,#375B8D
60,42,-2.09,0.3253,10.8,49,102,142,#31668E
60,43,-2.47,0.2964,7.0,53,94,141,#355E8D
60,44,-2.42,0.3002,7.5,53,95,141,#355F8D
60,45,-3.02,0.2547,1.6,58,83,139,#3A538B
60,46,-3.21,0.2402,0.0,60,79,138,#3C4F8A
60,47,-3.35,0.2296,0.0,62,76,138,#3E4C8A
60,48,-3.35,0.2296,0.0,62,76,138,#3E4C8A
60,49,-3.49,0.2190,0.0,62,73,137,#3E4989
60,50,-3.07,0.2509,1.1,59,82,139,#3B528B
60,51,-3.4,0.2258,0.0,62,74,137,#3E4A89
60,52,-3.91,0.1870,0.0,66,63,133,#423F85
60,53,-3.91,0.1870,0.0,66,63,133,#423F85
60,54,-3.95,0.1840,0.0,66,63,133,#423F85
60,55,-3.95,0.1840,0.0,66,63,133,#423F85
60,56,-4.09,0.1734,0.0,68,59,132,#443B84
60,57,-3.67,0.2053,0.0,64,69,136,#404588
60,58,,,,,,,
60,59,,,,,,,
60,60,,,,,,,
60,61,,,,,,,
60,62,,,,,,,
60,63,,,,,,,
60,64,,,,,,,
60,65,,,,,,,
60,66,,,,,,,
60,67,,,,,,,
60,68,,,,,,,
60,69,,,,,,,
60,70,,,,,,,
60,71,,,,,,,
60,72,,,,,,,
60,73,,,,,,,
60,74,,,,,,,
60,75,,,,,,,
60,76,,,,,,,
60,77,,,,,,,
60,78,,,,,,,
60,79,,,,,,,
60,80,,,,,,,
60,81,,,,,,,
60,82,,,,,,,
60,83,,,,,,,
60,84,,,,,,,
60,85,,,,,,,
60,86,,,,,,,
60,87,,,,,,,
60,88,,,,,,,
60,89,,,,,,,
60,90,,,,,,,
60,91,,,,,,,
60,92,,,,,,,
60,93,,,,,,,
61,0,,,,,,,
61,1,,,,,,,
61,2,,,,,,,
61,3,,,,,,,
61,4,,,,,,,
61,5,,,,,,,
61,6,,,,,,,
61,7,,,,,,,
61,8,,,,,,,
61,9,,,,,,,
61,10,,,,,,,
61,11,,,,,,,
61,12,,,,,,,
61,13,,,,,,,
61,14,,,,,,,
61,15,,,,,,,
61,16,,,,,,,
61,17,,,,,,,
61,18,,,,,,,
61,19,,,,,,,
61,20,,,,,,,
61,21,,,,,,,
61,22,,,,,,,
61,23,,,,,,,
61,24,,,,,,,
61,25,,,,,,,
61,26,-2.84,0.2683,3.4,57,86,140,#39568C
61,27,-2.74,0.2759,4.3,56,89,140,#38598C
61,28,-2.74,0.2759,4.3,56,89,140,#38598C
61,29,-2.74,0.2759,4.3,56,89,140,#38598C
61,30,-2.51,0.2934,6.6,53,94,141,#355E8D
61,31,-2.51,0.2934,6.6,53,94,141,#355E8D
61,32,-2.65,0.2828,5.2,55,91,141,#375B8D
61,33,-2.47,0.2964,7.0,53,94,141,#355E8D
61,34,-2.74,0.2759,4.3,56,89,140,#38598C
61,35,-2.74,0.2759,4.3,56,89,140,#38598C
61,36,-1.86,0.3428,13.1,48,106,142,#306A8E
61,37,-2.19,0.3177,9.8,50,100,142,#32648E
61,38,-1.86,0.3428,13.1,48,106,142,#306A8E
61,39,-2.51,0.2934,6.6,53,94,141,#355E8D
61,40,-2.65,0.2828,5.2,55,91,141,#375B8D
61,41,-2.09,0.3253,10.8,49,102,142,#31668E
61,42,-2.09,0.3253,10.8,49,102,142,#31668E
61,43,-1.86,0.3428,13.1,48,106,142,#306A8E
61,44,-1.86,0.3428,13.1,48,106,142,#306A8E
61,45,-2.47,0.2964,7.0,53,94,141,#355E8D
61,46,-2.98,0.2577,2.0,58,83,139,#3A538B
61,47,-3.21,0.2402,0.0,60,79,138,#3C4F8A
61,48,-3.21,0.2402,0.0,60,79,138,#3C4F8A
61,49,-3.21,0.2402,0.0,60,79,138,#3C4F8A
61,50,-3.35,0.2296,0.0,62,76,138,#3E4C8A
61,51,-3.91,0.1870,0.0,66,63,133,#423F85
61,52,-3.16,0.2440,0.2,60,80,139,#3C508B
61,53,-2.98,0.2577,2.0,58,83,139,#3A538B
61,54,-3.16,0.2440,0.2,60,80,139,#3C508B
61,55,-3.91,0.1870,0.0,66,63,133,#423F85
61,56,-4.05,0.1764,0.0,67,61,132,#433D84
61,57,-3.91,0.1870,0.0,66,63,133,#423F85
61,58,,,,,,,
61,59,,,,,,,
61,60,,,,,,,
61,61,,,,,,,
61,62,,,,,,,
61,63,,,,,,,
61,64,,,,,,,
61,65,,,,,,,
61,66,,,,,,,
61,67,,,,,,,
61,68,,,,,,,
61,69,,,,,,,
61,70,,,,,,,
61,71,,,,,,,
61,72,,,,,,,
61,73,,,,,,,
61,74,,,,,,,
61,75,,,,,,,
61,76,,,,,,,
61,77,,,,,,,
61,78,,,,,,,
61,79,,,,,,,
61,80,,,,,,,
61,81,,,,,,,
61,82,,,,,,,
61,83,,,,,,,
61,84,,,,,,,
61,85,,,,,,,
61,86,,,,,,,
61,87,,,,,,,
61,88,,,,,,,
61,89,,,,,,,
61,90,,,,,,,
61,91,,,,,,,
61,92,,,,,,,
61,93,,,,,,,
62,0,,,,,,,
62,1,,,,,,,
62,2,,,,,,,
62,3,,,,,,,
62,4,,,,,,,
62,5,,,,,,,
62,6,,,,,,,
62,7,,,,,,,
62,8,,,,,,,
62,9,,,,,,,
62,10,,,,,,,
62,11,,,,,,,
62,12,,,,,,,
62,13,,,,,,,
62,14,,,,,,,
62,15,,,,,,,
62,16,,,,,,,
62,17,,,,,,,
62,18,,,,,,,
62,19,,,,,,,
62,20,,,,,,,
62,21,,,,,,,
62,22,,,,,,,
62,23,,,,,,,
62,24,,,,,,,
62,25,,,,,,,
62,26,,,,,,,
62,27,-3.58,0.2121,0.0,63,71,136,#3F4788
62,28,-2.74,0.2759,4.3,56,89,140,#38598C
62,29,-2.74,0.2759,4.3,56,89,140,#38598C
62,30,-2.74,0.2759,4.3,56,89,140,#38598C
62,31,-2.51,0.2934,6.6,53,94,141,#355E8D
62,32,-2.23,0.3147,9.4,51,99,141,#33638D
62,33,-2.47,0.2964,7.0,53,94,141,#355E8D
62,34,-3.02,0.2547,1.6,58,83,139,#3A538B
62,35,-2.23,0.3147,9.4,51,99,141,#33638D
62,36,-1.86,0.3428,13.1,48,106,142,#306A8E
62,37,-2.09,0.3253,10.8,49,102,142,#31668E
62,38,-2.19,0.3177,9.8,50,100,142,#32648E
62,39,-2.65,0.2828,5.2,55,91,141,#375B8D
62,40,-2.47,0.2964,7.0,53,94,141,#355E8D
62,41,-1.86,0.3428,13.1,48,106,142,#306A8E
62,42,-1.86,0.3428,13.1,48,106,142,#306A8E
62,43,-2.42,0.3002,7.5,53,95,141,#355F8D
62,44,-1.86,0.3428,13.1,48,106,142,#306A8E
62,45,-2.42,0.3002,7.5,53,95,141,#355F8D
62,46,-2.98,0.2577,2.0,58,83,139,#3A538B
62,47,-3.49,0.2190,0.0,62,73,137,#3E4989
62,48,-3.91,0.1870,0.0,66,63,133,#423F85
62,49,-3.58,0.2121,0.0,63,71,136,#3F4788
62,50,-3.4,0.2258,0.0,62,74,137,#3E4A89
62,51,-3.95,0.1840,0.0,66,63,133,#423F85
62,52,-3.95,0.1840,0.0,66,63,133,#423F85
62,53,-2.47,0.2964,7.0,53,94,141,#355E8D
62,54,-4.05,0.1764,0.0,67,61,132,#433D84
62,55,-3.4,0.2258,0.0,62,74,137,#3E4A89
62,56,-3.63,0.2083,0.0,64,70,136,#404688
62,57,nan,nan,nan,0,0,0,#000000
62,58,,,,,,,
62,59,,,,,,,
62,60,,,,,,,
62,61,,,,,,,
62,62,,,,,,,
62,63,,,,,,,
62,64,,,,,,,
62,65,,,,,,,
62,66,,,,,,,
62,67,,,,,,,
62,68,,,,,,,
62,69,,,,,,,
62,70,,,,,,,
62,71,,,,,,,
62,72,,,,,,,
62,73,,,,,,,
62,74,,,,,,,
62,75,,,,,,,
62,76,,,,,,,
62,77,,,,,,,
62,78,,,,,,,
62,79,,,,,,,
62,80,,,,,,,
62,81,,,,,,,
62,82,,,,,,,
62,83,,,,,,,
62,84,,,,,,,
62,85,,,,,,,
62,86,,,,,,,
62,87,,,,,,,
62,88,,,,,,,
62,89,,,,,,,
62,90,,,,,,,
62,91,,,,,,,
62,92,,,,,,,
62,93,,,,,,,
63,0,,,,,,,
63,1,,,,,,,
63,2,,,,,,,
63,3,,,,,,,
63,4,,,,,,,
63,5,,,,,,,
63,6,,,,,,,
63,7,,,,,,,
63,8,,,,,,,
63,9,,,,,,,
63,10,,,,,,,
63,11,,,,,,,
63,12,,,,,,,
63,13,,,,,,,
63,14,,,,,,,
63,15,,,,,,,
63,16,,,,,,,
63,17,,,,,,,
63,18,,,,,,,
63,19,,,,,,,
63,20,,,,,,,
63,21,,,,,,,
63,22,,,,,,,
63,23,,,,,,,
63,24,,,,,,,
63,25,,,,,,,
63,26,-2.79,0.2721,3.8,56,88,140,#38588C
63,27,-3.58,0.2121,0.0,63,71,136,#3F4788
63,28,-3.58,0.2121,0.0,63,71,136,#3F4788
63,29,-2.74,0.2759,4.3,56,89,140,#38598C
63,30,-2.23,0.3147,9.4,51,99,141,#33638D
63,31,-2.84,0.2683,3.4,57,86,140,#39568C
63,32,-2.23,0.3147,9.4,51,99,141,#33638D
63,33,-2.74,0.2759,4.3,56,89,140,#38598C
63,34,-2.51,0.2934,6.6,53,94,141,#355E8D
63,35,-2.84,0.2683,3.4,57,86,140,#39568C
63,36,-2.0,0.3322,11.7,49,104,142,#31688E
63,37,-2.09,0.3253,10.8,49,102,142,#31668E
63,38,-2.51,0.2934,6.6,53,94,141,#355E8D
63,39,-2.65,0.2828,5.2,55,91,141,#375B8D
63,40,-3.02,0.2547,1.6,58,83,139,#3A538B
63,41,-2.65,0.2828,5.2,55,91,141,#375B8D
63,42,-2.0,0.3322,11.7,49,104,142,#31688E
63,43,-2.28,0.3109,8.9,51,98,141,#33628D
63,44,-2.51,0.2934,6.6,53,94,141,#355E8D
63,45,-2.28,0.3109,8.9,51,98,141,#33628D
63,46,-3.58,0.2121,0.0,63,71,136,#3F4788
63,47,-3.3,0.2334,0.0,61,77,138,#3D4D8A
63,48,-3.49,0.2190,0.0,62,73,137,#3E4989
63,49,-3.72,0.2015,0.0,65,68,135,#414487
63,50,-3.21,0.2402,0.0,60,79,138,#3C4F8A
63,51,-3.3,0.2334,0.0,61,77,138,#3D4D8A
63,52,-3.95,0.1840,0.0,66,63,133,#423F85
63,53,-3.63,0.2083,0.0,64,70,136,#404688
63,54,-3.16,0.2440,0.2,60,80,139,#3C508B
63,55,-3.95,0.1840,0.0,66,63,133,#423F85
63,56,-3.21,0.2402,0.0,60,79,138,#3C4F8A
63,57,,,,,,,
63,58,,,,,,,
63,59,,,,,,,
63,60,,,,,,,
63,61,,,,,,,
63,62,,,,,,,
63,63,,,,,,,
63,64,,,,,,,
63,65,,,,,,,
63,66,,,,,,,
63,67,,,,,,,
63,68,,,,,,,
63,69,,,,,,,
63,70,,,,,,,
63,71,,,,,,,
63,72,,,,,,,
63,73,,,,,,,
63,74,,,,,,,
63,75,,,,,,,
63,76,,,,,,,
63,77,,,,,,,
63,78,,,,,,,
63,79,,,,,,,
63,80,,,,,,,
63,81,,,,,,,
63,82,,,,,,,
63,83,,,,,,,
63,84,,,,,,,
63,85,,,,,,,
63,86,,,,,,,
63,87,,,,,,,
63,88,,,,,,,
63,89,,,,,,,
63,90,,,,,,,
63,91,,,,,,,
63,92,,,,,,,
63,93,,,,,,,
64,0,,,,,,,
64,1,,,,,,,
64,2,,,,,,,
64,3,,,,,,,
64,4,,,,,,,
64,5,,,,,,,
64,6,,,,,,,
64,7,,,,,,,
64,8,,,,,,,
64,9,,,,,,,
64,10,,,,,,,
64,11,,,,,,,
64,12,,,,,,,
64,13,,,,,,,
64,14,,,,,,,
64,15,,,,,,,
64,16,,,,,,,
64,17,,,,,,,
64,18,,,,,,,
64,19,,,,,,,
64,20,,,,,,,
64,21,,,,,,,
64,22,,,,,,,
64,23,-3.02,0.2547,1.6,58,83,139,#3A538B
64,24,-3.02,0.2547,1.6,58,83,139,#3A538B
64,25,-3.02,0.2547,1.6,58,83,139,#3A538B
64,26,-2.51,0.2934,6.6,53,94,141,#355E8D
64,27,-2.79,0.2721,3.8,56,88,140,#38588C
64,28,-3.58,0.2121,0.0,63,71,136,#3F4788
64,29,-2.84,0.2683,3.4,57,86,140,#39568C
64,30,-2.79,0.2721,3.8,56,88,140,#38588C
64,31,nan,nan,nan,0,0,0,#000000
64,32,-2.79,0.2721,3.8,56,88,140,#38588C
64,33,-2.47,0.2964,7.0,53,94,141,#355E8D
64,34,-2.74,0.2759,4.3,56,89,140,#38598C
64,35,-2.47,0.2964,7.0,53,94,141,#355E8D
64,36,-1.86,0.3428,13.1,48,106,142,#306A8E
64,37,-2.51,0.2934,6.6,53,94,141,#355E8D
64,38,-2.23,0.3147,9.4,51,99,141,#33638D
64,39,-3.02,0.2547,1.6,58,83,139,#3A538B
64,40,-2.51,0.2934,6.6,53,94,141,#355E8D
64,41,-1.86,0.3428,13.1,48,106,142,#306A8E
64,42,-2.74,0.2759,4.3,56,89,140,#38598C
64,43,-2.28,0.3109,8.9,51,98,141,#33628D
64,44,-2.47,0.2964,7.0,53,94,141,#355E8D
64,45,-3.53,0.2159,0.0,63,72,137,#3F4889
64,46,-4.05,0.1764,0.0,67,61,132,#433D84
64,47,-3.67,0.2053,0.0,64,69,136,#404588
64,48,-2.79,0.2721,3.8,56,88,140,#38588C
64,49,-3.3,0.2334,0.0,61,77,138,#3D4D8A
64,50,-3.63,0.2083,0.0,64,70,136,#404688
64,51,-3.91,0.1870,0.0,66,63,133,#423F85
64,52,-4.05,0.1764,0.0,67,61,132,#433D84
64,53,-3.77,0.1977,0.0,65,66,135,#414287
64,54,-3.91,0.1870,0.0,66,63,133,#423F85
64,55,-3.3,0.2334,0.0,61,77,138,#3D4D8A
64,56,,,,,,,
64,57,,,,,,,
64,58,,,,,,,
64,59,,,,,,,
64,60,,,,,,,
64,61,,,,,,,
64,62,,,,,,,
64,63,,,,,,,
64,64,,,,,,,
64,65,,,,,,,
64,66,,,,,,,
64,67,,,,,,,
64,68,,,,,,,
64,69,,,,,,,
64,70,,,,,,,
64,71,,,,,,,
64,72,,,,,,,
64,73,,,,,,,
64,74,,,,,,,
64,75,,,,,,,
64,76,,,,,,,
64,77,,,,,,,
64,78,,,,,,,
64,79,,,,,,,
64,80,,,,,,,
64,81,,,,,,,
64,82,,,,,,,
64,83,,,,,,,
64,84,,,,,,,
64,85,,,,,,,
64,86,,,,,,,
64,87,,,,,,,
64,88,,,,,,,
64,89,,,,,,,
64,90,,,,,,,
64,91,,,,,,,
64,92,,,,,,,
64,93,,,,,,,
65,0,,,,,,,
65,1,,,,,,,
65,2,,,,,,,
65,3,,,,,,,
65,4,,,,,,,
65,5,,,,,,,
65,6,,,,,,,
65,7,,,,,,,
65,8,,,,,,,
65,9,,,,,,,
65,10,,,,,,,
65,11,,,,,,,
65,12,,,,,,,
65,13,,,,,,,
65,14,,,,,,,
65,15,,,,,,,
65,16,,,,,,,
65,17,,,,,,,
65,18,,,,,,,
65,19,,,,,,,
65,20,,,,,,,
65,21,,,,,,,
65,22,,,,,,,
65,23,,,,,,,
65,24,,,,,,,
65,25,-3.02,0.2547,1.6,58,83,139,#3A538B
65,26,-3.02,0.2547,1.6,58,83,139,#3A538B
65,27,-2.51,0.2934,6.6,53,94,141,#355E8D
65,28,-2.79,0.2721,3.8,56,88,140,#38588C
65,29,-2.84,0.2683,3.4,57,86,140,#39568C
65,30,nan,nan,nan,0,0,0,#000000
65,31,,,,,,,
65,32,-2.47,0.2964,7.0,53,94,141,#355E8D
65,33,-2.47,0.2964,7.0,53,94,141,#355E8D
65,34,-2.47,0.2964,7.0,53,94,141,#355E8D
65,35,-2.47,0.2964,7.0,53,94,141,#355E8D
65,36,-2.51,0.2934,6.6,53,94,141,#355E8D
65,37,-2.47,0.2964,7.0,53,94,141,#355E8D
65,38,-2.74,0.2759,4.3,56,89,140,#38598C
65,39,-2.47,0.2964,7.0,53,94,141,#355E8D
65,40,-2.51,0.2934,6.6,53,94,141,#355E8D
65,41,-2.47,0.2964,7.0,53,94,141,#355E8D
65,42,-2.37,0.3040,8.0,52,96,141,#34608D
65,43,-2.37,0.3040,8.0,52,96,141,#34608D
65,44,-2.65,0.2828,5.2,55,91,141,#375B8D
65,45,-3.35,0.2296,0.0,62,76,138,#3E4C8A
65,46,-3.67,0.2053,0.0,64,69,136,#404588
65,47,-3.91,0.1870,0.0,66,63,133,#423F85
65,48,-3.3,0.2334,0.0,61,77,138,#3D4D8A
65,49,-4.47,0.1445,0.0,70,50,126,#46327E
65,50,-3.77,0.1977,0.0,65,66,135,#414287
65,51,-3.95,0.1840,0.0,66,63,133,#423F85
65,52,-3.91,0.1870,0.0,66,63,133,#423F85
65,53,-3.77,0.1977,0.0,65,66,135,#414287
65,54,-3.4,0.2258,0.0,62,74,137,#3E4A89
65,55,,,,,,,
65,56,,,,,,,
65,57,,,,,,,
65,58,,,,,,,
65,59,,,,,,,
65,60,,,,,,,
65,61,,,,,,,
65,62,,,,,,,
65,63,,,,,,,
65,64,,,,,,,
65,65,,,,,,,
65,66,,,,,,,
65,67,,,,,,,
65,68,,,,,,,
65,69,,,,,,,
65,70,,,,,,,
65,71,,,,,,,
65,72,,,,,,,
65,73,,,,,,,
65,74,,,,,,,
65,75,,,,,,,
65,76,,,,,,,
65,77,,,,,,,
65,78,,,,,,,
65,79,,,,,,,
65,80,,,,,,,
65,81,,,,,,,
65,82,,,,,,,
65,83,,,,,,,
65,84,,,,,,,
65,85,,,,,,,
65,86,,,,,,,
65,87,,,,,,,
65,88,,,,,,,
65,89,,,,,,,
65,90,,,,,,,
65,91,,,,,,,
65,92,,,,,,,
65,93,,,,,,,
66,0,,,,,,,
66,1,,,,,,,
66,2,,,,,,,
66,3,,,,,,,
66,4,,,,,,,
66,5,,,,,,,
66,6,,,,,,,
66,7,,,,,,,
66,8,,,,,,,
66,9,,,,,,,
66,10,,,,,,,
66,11,,,,,,,
66,12,,,,,,,
66,13,,,,,,,
66,14,,,,,,,
66,15,,,,,,,
66,16,,,,,,,
66,17,,,,,,,
66,18,,,,,,,
66,19,,,,,,,
66,20,,,,,,,
66,21,,,,,,,
66,22,,,,,,,
66,23,-3.02,0.2547,1.6,58,83,139,#3A538B
66,24,-3.02,0.2547,1.6,58,83,139,#3A538B
66,25,-3.02,0.2547,1.6,58,83,139,#3A538B
66,26,-3.02,0.2547,1.6,58,83,139,#3A538B
66,27,-3.02,0.2547,1.6,58,83,139,#3A538B
66,28,-2.51,0.2934,6.6,53,94,141,#355E8D
66,29,,,,,,,
66,30,,,,,,,
66,31,-2.79,0.2721,3.8,56,88,140,#38588C
66,32,-2.23,0.3147,9.4,51,99,141,#33638D
66,33,-2.47,0.2964,7.0,53,94,141,#355E8D
66,34,-2.88,0.2653,3.0,57,85,140,#39558C
66,35,-2.51,0.2934,6.6,53,94,141,#355E8D
66,36,-2.65,0.2828,5.2,55,91,141,#375B8D
66,37,-2.51,0.2934,6.6,53,94,141,#355E8D
66,38,-2.47,0.2964,7.0,53,94,141,#355E8D
66,39,-3.07,0.2509,1.1,59,82,139,#3B528B
66,40,-2.23,0.3147,9.4,51,99,141,#33638D
66,41,-3.02,0.2547,1.6,58,83,139,#3A538B
66,42,-2.74,0.2759,4.3,56,89,140,#38598C
66,43,-3.4,0.2258,0.0,62,74,137,#3E4A89
66,44,-3.02,0.2547,1.6,58,83,139,#3A538B
66,45,-3.58,0.2121,0.0,63,71,136,#3F4788
66,46,-3.4,0.2258,0.0,62,74,137,#3E4A89
66,47,-3.53,0.2159,0.0,63,72,137,#3F4889
66,48,-3.77,0.1977,0.0,65,66,135,#414287
66,49,-3.3,0.2334,0.0,61,77,138,#3D4D8A
66,50,-3.91,0.1870,0.0,66,63,133,#423F85
66,51,-3.53,0.2159,0.0,63,72,137,#3F4889
66,52,-3.16,0.2440,0.2,60,80,139,#3C508B
66,53,-3.95,0.1840,0.0,66,63,133,#423F85
66,54,-3.4,0.2258,0.0,62,74,137,#3E4A89
66,55,,,,,,,
66,56,,,,,,,
66,57,,,,,,,
66,58,,,,,,,
66,59,,,,,,,
66,60,,,,,,,
66,61,,,,,,,
66,62,,,,,,,
66,63,,,,,,,
66,64,,,,,,,
66,65,,,,,,,
66,66,,,,,,,
66,67,,,,,,,
66,68,,,,,,,
66,69,,,,,,,
66,70,,,,,,,
66,71,,,,,,,
66,72,,,,,,,
66,73,,,,,,,
66,74,,,,,,,
66,75,,,,,,,
66,76,,,,,,,
66,77,,,,,,,
66,78,,,,,,,
66,79,,,,,,,
66,80,,,,,,,
66,81,,,,,,,
66,82,,,,,,,
66,83,,,,,,,
66,84,,,,,,,
66,85,,,,,,,
66,86,,,,,,,
66,87,,,,,,,
66,88,,,,,,,
66,89,,,,,,,
66,90,,,,,,,
66,91,,,,,,,
66,92,,,,,,,
66,93,,,,,,,
67,0,,,,,,,
67,1,,,,,,,
67,2,,,,,,,
67,3,,,,,,,
67,4,,,,,,,
67,5,,,,,,,
67,6,,,,,,,
67,7,,,,,,,
67,8,,,,,,,
67,9,,,,,,,
67,10,,,,,,,
67,11,,,,,,,
67,12,,,,,,,
67,13,,,,,,,
67,14,,,,,,,
67,15,,,,,,,
67,16,,,,,,,
67,17,,,,,,,
67,18,,,,,,,
67,19,,,,,,,
67,20,,,,,,,
67,21,,,,,,,
67,22,,,,,,,
67,23,-3.02,0.2547,1.6,58,83,139,#3A538B
67,24,-3.02,0.2547,1.6,58,83,139,#3A538B
67,25,,,,,,,
67,26,nan,nan,nan,0,0,0,#000000
67,27,-2.51,0.2934,6.6,53,94,141,#355E8D
67,28,-2.51,0.2934,6.6,53,94,141,#355E8D
67,29,,,,,,,
67,30,-2.74,0.2759,4.3,56,89,140,#38598C
67,31,-2.23,0.3147,9.4,51,99,141,#33638D
67,32,-2.88,0.2653,3.0,57,85,140,#39558C
67,33,-2.23,0.3147,9.4,51,99,141,#33638D
67,34,-2.47,0.2964,7.0,53,94,141,#355E8D
67,35,-2.88,0.2653,3.0,57,85,140,#39558C
67,36,-2.74,0.2759,4.3,56,89,140,#38598C
67,37,-2.74,0.2759,4.3,56,89,140,#38598C
67,38,-2.65,0.2828,5.2,55,91,141,#375B8D
67,39,-2.65,0.2828,5.2,55,91,141,#375B8D
67,40,-3.02,0.2547,1.6,58,83,139,#3A538B
67,41,-3.02,0.2547,1.6,58,83,139,#3A538B
67,42,-3.3,0.2334,0.0,61,77,138,#3D4D8A
67,43,-3.02,0.2547,1.6,58,83,139,#3A538B
67,44,-3.02,0.2547,1.6,58,83,139,#3A538B
67,45,-3.49,0.2190,0.0,62,73,137,#3E4989
67,46,-3.21,0.2402,0.0,60,79,138,#3C4F8A
67,47,-3.4,0.2258,0.0,62,74,137,#3E4A89
67,48,-3.16,0.2440,0.2,60,80,139,#3C508B
67,49,-4.05,0.1764,0.0,67,61,132,#433D84
67,50,-3.16,0.2440,0.2,60,80,139,#3C508B
67,51,-3.58,0.2121,0.0,63,71,136,#3F4788
67,52,-3.16,0.2440,0.2,60,80,139,#3C508B
67,53,-3.95,0.1840,0.0,66,63,133,#423F85
67,54,,,,,,,
67,55,,,,,,,
67,56,,,,,,,
67,57,,,,,,,
67,58,,,,,,,
67,59,,,,,,,
67,60,,,,,,,
67,61,,,,,,,
67,62,,,,,,,
67,63,,,,,,,
67,64,,,,,,,
67,65,,,,,,,
67,66,,,,,,,
67,67,,,,,,,
67,68,,,,,,,
67,69,,,,,,,
67,70,,,,,,,
67,71,,,,,,,
67,72,,,,,,,
67,73,,,,,,,
67,74,,,,,,,
67,75,,,,,,,
67,76,,,,,,,
67,77,,,,,,,
67,78,,,,,,,
67,79,,,,,,,
67,80,,,,,,,
67,81,,,,,,,
67,82,,,,,,,
67,83,,,,,,,
67,84,,,,,,,
67,85,,,,,,,
67,86,,,,,,,
67,87,,,,,,,
67,88,,,,,,,
67,89,,,,,,,
67,90,,,,,,,
67,91,,,,,,,
67,92,,,,,,,
67,93,,,,,,,
68,0,,,,,,,
68,1,,,,,,,
68,2,,,,,,,
68,3,,,,,,,
68,4,,,,,,,
68,5,,,,,,,
68,6,,,,,,,
68,7,,,,,,,
68,8,,,,,,,
68,9,,,,,,,
68,10,,,,,,,
68,11,,,,,,,
68,12,,,,,,,
68,13,,,,,,,
68,14,,,,,,,
68,15,,,,,,,
68,16,,,,,,,
68,17,nan,nan,nan,0,0,0,#000000
68,18,,,,,,,
68,19,,,,,,,
68,20,,,,,,,
68,21,,,,,,,
68,22,,,,,,,
68,23,,,,,,,
68,24,-3.02,0.2547,1.6,58,83,139,#3A538B
68,25,-3.02,0.2547,1.6,58,83,139,#3A538B
68,26,-3.02,0.2547,1.6,58,83,139,#3A538B
68,27,-3.02,0.2547,1.6,58,83,139,#3A538B
68,28,,,,,,,
68,29,,,,,,,
68,30,-3.58,0.2121,0.0,63,71,136,#3F4788
68,31,-2.51,0.2934,6.6,53,94,141,#355E8D
68,32,-2.23,0.3147,9.4,51,99,141,#33638D
68,33,-2.88,0.2653,3.0,57,85,140,#39558C
68,34,-2.84,0.2683,3.4,57,86,140,#39568C
68,35,-2.74,0.2759,4.3,56,89,140,#38598C
68,36,-2.79,0.2721,3.8,56,88,140,#38588C
68,37,-2.51,0.2934,6.6,53,94,141,#355E8D
68,38,-3.02,0.2547,1.6,58,83,139,#3A538B
68,39,-3.02,0.2547,1.6,58,83,139,#3A538B
68,40,-3.58,0.2121,0.0,63,71,136,#3F4788
68,41,-3.3,0.2334,0.0,61,77,138,#3D4D8A
68,42,-3.02,0.2547,1.6,58,83,139,#3A538B
68,43,-2.98,0.2577,2.0,58,83,139,#3A538B
68,44,-3.07,0.2509,1.1,59,82,139,#3B528B
68,45,-3.49,0.2190,0.0,62,73,137,#3E4989
68,46,-3.16,0.2440,0.2,60,80,139,#3C508B
68,47,-3.21,0.2402,0.0,60,79,138,#3C4F8A
68,48,-3.53,0.2159,0.0,63,72,137,#3F4889
68,49,-3.53,0.2159,0.0,63,72,137,#3F4889
68,50,-3.3,0.2334,0.0,61,77,138,#3D4D8A
68,51,nan,nan,nan,0,0,0,#000000
68,52,nan,nan,nan,0,0,0,#000000
68,53,,,,,,,
68,54,,,,,,,
68,55,,,,,,,
68,56,,,,,,,
68,57,,,,,,,
68,58,,,,,,,
68,59,,,,,,,
68,60,,,,,,,
68,61,,,,,,,
68,62,,,,,,,
68,63,,,,,,,
68,64,,,,,,,
68,65,,,,,,,
68,66,,,,,,,
68,67,,,,,,,
68,68,,,,,,,
68,69,,,,,,,
68,70,,,,,,,
68,71,,,,,,,
68,72,,,,,,,
68,73,,,,,,,
68,74,,,,,,,
68,75,,,,,,,
68,76,,,,,,,
68,77,,,,,,,
68,78,,,,,,,
68,79,,,,,,,
68,80,,,,,,,
68,81,,,,,,,
68,82,,,,,,,
68,83,,,,,,,
68,84,,,,,,,
68,85,,,,,,,
68,86,,,,,,,
68,87,,,,,,,
68,88,,,,,,,
68,89,,,,,,,
68,90,,,,,,,
68,91,,,,,,,
68,92,,,,,,,
68,93,,,,,,,
69,0,,,,,,,
69,1,,,,,,,
69,2,,,,,,,
69,3,,,,,,,
69,4,,,,,,,
69,5,,,,,,,
69,6,,,,,,,
69,7,,,,,,,
69,8,,,,,,,
69,9,,,,,,,
69,10,,,,,,,
69,11,,,,,,,
69,12,,,,,,,
69,13,,,,,,,
69,14,,,,,,,
69,15,,,,,,,
69,16,,,,,,,
69,17,,,,,,,
69,18,,,,,,,
69,19,,,,,,,
69,20,,,,,,,
69,21,,,,,,,
69,22,,,,,,,
69,23,,,,,,,
69,24,-3.02,0.2547,1.6,58,83,139,#3A538B
69,25,-3.02,0.2547,1.6,58,83,139,#3A538B
69,26,-3.02,0.2547,1.6,58,83,139,#3A538B
69,27,-3.02,0.2547,1.6,58,83,139,#3A538B
69,28,,,,,,,
69,29,-2.23,0.3147,9.4,51,99,141,#33638D
69,30,-2.23,0.3147,9.4,51,99,141,#33638D
69,31,-3.58,0.2121,0.0,63,71,136,#3F4788
69,32,-2.51,0.2934,6.6,53,94,141,#355E8D
69,33,-2.51,0.2934,6.6,53,94,141,#355E8D
69,34,-2.84,0.2683,3.4,57,86,140,#39568C
69,35,-2.79,0.2721,3.8,56,88,140,#38588C
69,36,-2.23,0.3147,9.4,51,99,141,#33638D
69,37,-2.79,0.2721,3.8,56,88,140,#38588C
69,38,-3.02,0.2547,1.6,58,83,139,#3A538B
69,39,-3.07,0.2509,1.1,59,82,139,#3B528B
69,40,-2.79,0.2721,3.8,56,88,140,#38588C
69,41,-3.02,0.2547,1.6,58,83,139,#3A538B
69,42,-2.98,0.2577,2.0,58,83,139,#3A538B
69,43,-2.47,0.2964,7.0,53,94,141,#355E8D
69,44,-2.23,0.3147,9.4,51,99,141,#33638D
69,45,-3.58,0.2121,0.0,63,71,136,#3F4788
69,46,-3.53,0.2159,0.0,63,72,137,#3F4889
69,47,-3.16,0.2440,0.2,60,80,139,#3C508B
69,48,-3.67,0.2053,0.0,64,69,136,#404588
69,49,nan,nan,nan,0,0,0,#000000
69,50,,,,,,,
69,51,-3.95,0.1840,0.0,66,63,133,#423F85
69,52,-4.09,0.1734,0.0,68,59,132,#443B84
69,53,,,,,,,
69,54,,,,,,,
69,55,,,,,,,
69,56,,,,,,,
69,57,,,,,,,
69,58,,,,,,,
69,59,,,,,,,
69,60,,,,,,,
69,61,,,,,,,
69,62,,,,,,,
69,63,,,,,,,
69,64,,,,,,,
69,65,,,,,,,
69,66,,,,,,,
69,67,,,,,,,
69,68,,,,,,,
69,69,,,,,,,
69,70,,,,,,,
69,71,,,,,,,
69,72,,,,,,,
69,73,,,,,,,
69,74,,,,,,,
69,75,,,,,,,
69,76,,,,,,,
69,77,,,,,,,
69,78,,,,,,,
69,79,,,,,,,
69,80,,,,,,,
69,81,,,,,,,
69,82,,,,,,,
69,83,,,,,,,
69,84,,,,,,,
69,85,,,,,,,
69,86,,,,,,,
69,87,,,,,,,
69,88,,,,,,,
69,89,,,,,,,
69,90,,,,,,,
69,91,,,,,,,
69,92,,,,,,,
69,93,,,,,,,
70,0,,,,,,,
70,1,,,,,,,
70,2,,,,,,,
70,3,,,,,,,
70,4,,,,,,,
70,5,,,,,,,
70,6,,,,,,,
70,7,,,,,,,
70,8,,,,,,,
70,9,,,,,,,
70,10,,,,,,,
70,11,,,,,,,
70,12,,,,,,,
70,13,,,,,,,
70,14,,,,,,,
70,15,,,,,,,
70,16,,,,,,,
70,17,,,,,,,
70,18,,,,,,,
70,19,,,,,,,
70,20,,,,,,,
70,21,,,,,,,
70,22,,,,,,,
70,23,-3.02,0.2547,1.6,58,83,139,#3A538B
70,24,-3.02,0.2547,1.6,58,83,139,#3A538B
70,25,-3.02,0.2547,1.6,58,83,139,#3A538B
70,26,-3.02,0.2547,1.6,58,83,139,#3A538B
70,27,,,,,,,
70,28,,,,,,,
70,29,-2.23,0.3147,9.4,51,99,141,#33638D
70,30,-2.23,0.3147,9.4,51,99,141,#33638D
70,31,-2.23,0.3147,9.4,51,99,141,#33638D
70,32,-2.65,0.2828,5.2,55,91,141,#375B8D
70,33,-2.51,0.2934,6.6,53,94,141,#355E8D
70,34,-2.51,0.2934,6.6,53,94,141,#355E8D
70,35,-2.79,0.2721,3.8,56,88,140,#38588C
70,36,-2.47,0.2964,7.0,53,94,141,#355E8D
70,37,-2.98,0.2577,2.0,58,83,139,#3A538B
70,38,-3.02,0.2547,1.6,58,83,139,#3A538B
70,39,-2.88,0.2653,3.0,57,85,140,#39558C
70,40,-2.65,0.2828,5.2,55,91,141,#375B8D
70,41,-2.79,0.2721,3.8,56,88,140,#38588C
70,42,-2.47,0.2964,7.0,53,94,141,#355E8D
70,43,-2.51,0.2934,6.6,53,94,141,#355E8D
70,44,-2.51,0.2934,6.6,53,94,141,#355E8D
70,45,-3.21,0.2402,0.0,60,79,138,#3C4F8A
70,46,-3.16,0.2440,0.2,60,80,139,#3C508B
70,47,-3.4,0.2258,0.0,62,74,137,#3E4A89
70,48,-3.63,0.2083,0.0,64,70,136,#404688
70,49,-3.58,0.2121,0.0,63,71,136,#3F4788
70,50,-3.16,0.2440,0.2,60,80,139,#3C508B
70,51,-3.95,0.1840,0.0,66,63,133,#423F85
70,52,-3.91,0.1870,0.0,66,63,133,#423F85
70,53,,,,,,,
70,54,,,,,,,
70,55,,,,,,,
70,56,,,,,,,
70,57,,,,,,,
70,58,,,,,,,
70,59,,,,,,,
70,60,,,,,,,
70,61,,,,,,,
70,62,,,,,,,
70,63,,,,,,,
70,64,,,,,,,
70,65,,,,,,,
70,66,,,,,,,
70,67,,,,,,,
70,68,,,,,,,
70,69,,,,,,,
70,70,,,,,,,
70,71,,,,,,,
70,72,,,,,,,
70,73,,,,,,,
70,74,,,,,,,
70,75,,,,,,,
70,76,,,,,,,
70,77,,,,,,,
70,78,,,,,,,
70,79,,,,,,,
70,80,,,,,,,
70,81,,,,,,,
70,82,,,,,,,
70,83,,,,,,,
70,84,,,,,,,
70,85,,,,,,,
70,86,,,,,,,
70,87,,,,,,,
70,88,,,,,,,
70,89,,,,,,,
70,90,,,,,,,
70,91,,,,,,,
70,92,,,,,,,
70,93,,,,,,,
71,0,,,,,,,
71,1,,,,,,,
71,2,,,,,,,
71,3,,,,,,,
71,4,,,,,,,
71,5,,,,,,,
71,6,,,,,,,
71,7,,,,,,,
71,8,,,,,,,
71,9,,,,,,,
71,10,,,,,,,
71,11,,,,,,,
71,12,,,,,,,
71,13,,,,,,,
71,14,,,,,,,
71,15,,,,,,,
71,16,,,,,,,
71,17,,,,,,,
71,18,,,,,,,
71,19,,,,,,,
71,20,,,,,,,
71,21,,,,,,,
71,22,,,,,,,
71,23,,,,,,,
71,24,,,,,,,
71,25,,,,,,,
71,26,,,,,,,
71,27,,,,,,,
71,28,,,,,,,
71,29,-2.23,0.3147,9.4,51,99,141,#33638D
71,30,-2.23,0.3147,9.4,51,99,141,#33638D
71,31,-3.07,0.2509,1.1,59,82,139,#3B528B
71,32,-3.07,0.2509,1.1,59,82,139,#3B528B
71,33,-2.65,0.2828,5.2,55,91,141,#375B8D
71,34,-2.79,0.2721,3.8,56,88,140,#38588C
71,35,-2.79,0.2721,3.8,56,88,140,#38588C
71,36,-2.79,0.2721,3.8,56,88,140,#38588C
71,37,-2.79,0.2721,3.8,56,88,140,#38588C
71,38,-3.02,0.2547,1.6,58,83,139,#3A538B
71,39,-3.02,0.2547,1.6,58,83,139,#3A538B
71,40,-2.51,0.2934,6.6,53,94,141,#355E8D
71,41,-2.65,0.2828,5.2,55,91,141,#375B8D
71,42,-2.51,0.2934,6.6,53,94,141,#355E8D
71,43,-2.65,0.2828,5.2,55,91,141,#375B8D
71,44,-2.98,0.2577,2.0,58,83,139,#3A538B
71,45,-3.16,0.2440,0.2,60,80,139,#3C508B
71,46,-3.4,0.2258,0.0,62,74,137,#3E4A89
71,47,-3.58,0.2121,0.0,63,71,136,#3F4788
71,48,-3.58,0.2121,0.0,63,71,136,#3F4788
71,49,-3.58,0.2121,0.0,63,71,136,#3F4788
71,50,-3.95,0.1840,0.0,66,63,133,#423F85
71,51,-3.91,0.1870,0.0,66,63,133,#423F85
71,52,-3.91,0.1870,0.0,66,63,133,#423F85
71,53,-3.91,0.1870,0.0,66,63,133,#423F85
71,54,,,,,,,
71,55,,,,,,,
71,56,,,,,,,
71,57,,,,,,,
71,58,,,,,,,
71,59,,,,,,,
71,60,,,,,,,
71,61,,,,,,,
71,62,,,,,,,
71,63,,,,,,,
71,64,,,,,,,
71,65,,,,,,,
71,66,,,,,,,
71,67,,,,,,,
71,68,,,,,,,
71,69,,,,,,,
71,70,,,,,,,
71,71,,,,,,,
71,72,,,,,,,
71,73,,,,,,,
71,74,,,,,,,
71,75,,,,,,,
71,76,,,,,,,
71,77,,,,,,,
71,78,,,,,,,
71,79,,,,,,,
71,80,,,,,,,
71,81,,,,,,,
71,82,,,,,,,
71,83,,,,,,,
71,84,,,,,,,
71,85,,,,,,,
71,86,,,,,,,
71,87,,,,,,,
71,88,,,,,,,
71,89,,,,,,,
71,90,,,,,,,
71,91,,,,,,,
71,92,,,,,,,
71,93,,,,,,,
72,0,,,,,,,
72,1,,,,,,,
72,2,,,,,,,
72,3,,,,,,,
72,4,,,,,,,
72,5,,,,,,,
72,6,,,,,,,
72,7,,,,,,,
72,8,,,,,,,
72,9,,,,,,,
72,10,,,,,,,
72,11,,,,,,,
72,12,,,,,,,
72,13,,,,,,,
72,14,,,,,,,
72,15,,,,,,,
72,16,,,,,,,
72,17,,,,,,,
72,18,,,,,,,
72,19,,,,,,,
72,20,,,,,,,
72,21,,,,,,,
72,22,,,,,,,
72,23,,,,,,,
72,24,,,,,,,
72,25,,,,,,,
72,26,,,,,,,
72,27,,,,,,,
72,28,,,,,,,
72,29,-2.23,0.3147,9.4,51,99,141,#33638D
72,30,-3.58,0.2121,0.0,63,71,136,#3F4788
72,31,-3.58,0.2121,0.0,63,71,136,#3F4788
72,32,-3.07,0.2509,1.1,59,82,139,#3B528B
72,33,-3.07,0.2509,1.1,59,82,139,#3B528B
72,34,-2.79,0.2721,3.8,56,88,140,#38588C
72,35,-2.23,0.3147,9.4,51,99,141,#33638D
72,36,-2.79,0.2721,3.8,56,88,140,#38588C
72,37,-3.02,0.2547,1.6,58,83,139,#3A538B
72,38,-2.98,0.2577,2.0,58,83,139,#3A538B
72,39,-2.98,0.2577,2.0,58,83,139,#3A538B
72,40,-2.51,0.2934,6.6,53,94,141,#355E8D
72,41,-3.16,0.2440,0.2,60,80,139,#3C508B
72,42,-3.16,0.2440,0.2,60,80,139,#3C508B
72,43,-2.51,0.2934,6.6,53,94,141,#355E8D
72,44,-3.53,0.2159,0.0,63,72,137,#3F4889
72,45,-3.16,0.2440,0.2,60,80,139,#3C508B
72,46,-3.58,0.2121,0.0,63,71,136,#3F4788
72,47,-3.58,0.2121,0.0,63,71,136,#3F4788
72,48,-3.58,0.2121,0.0,63,71,136,#3F4788
72,49,-3.53,0.2159,0.0,63,72,137,#3F4889
72,50,-3.53,0.2159,0.0,63,72,137,#3F4889
72,51,nan,nan,nan,0,0,0,#000000
72,52,-3.91,0.1870,0.0,66,63,133,#423F85
72,53,,,,,,,
72,54,,,,,,,
72,55,,,,,,,
72,56,,,,,,,
72,57,,,,,,,
72,58,,,,,,,
72,59,,,,,,,
72,60,,,,,,,
72,61,,,,,,,
72,62,,,,,,,
72,63,,,,,,,
72,64,,,,,,,
72,65,,,,,,,
72,66,,,,,,,
72,67,,,,,,,
72,68,,,,,,,
72,69,,,,,,,
72,70,,,,,,,
72,71,,,,,,,
72,72,,,,,,,
72,73,,,,,,,
72,74,,,,,,,
72,75,,,,,,,
72,76,,,,,,,
72,77,,,,,,,
72,78,,,,,,,
72,79,,,,,,,
72,80,,,,,,,
72,81,,,,,,,
72,82,,,,,,,
72,83,,,,,,,
72,84,,,,,,,
72,85,,,,,,,
72,86,,,,,,,
72,87,,,,,,,
72,88,,,,,,,
72,89,,,,,,,
72,90,,,,,,,
72,91,,,,,,,
72,92,,,,,,,
72,93,,,,,,,
73,0,,,,,,,
73,1,,,,,,,
73,2,,,,,,,
73,3,,,,,,,
73,4,,,,,,,
73,5,,,,,,,
73,6,,,,,,,
73,7,,,,,,,
73,8,,,,,,,
73,9,,,,,,,
73,10,,,,,,,
73,11,,,,,,,
73,12,,,,,,,
73,13,,,,,,,
73,14,,,,,,,
73,15,,,,,,,
73,16,,,,,,,
73,17,,,,,,,
73,18,,,,,,,
73,19,,,,,,,
73,20,,,,,,,
73,21,,,,,,,
73,22,,,,,,,
73,23,,,,,,,
73,24,,,,,,,
73,25,,,,,,,
73,26,,,,,,,
73,27,,,,,,,
73,28,,,,,,,
73,29,-3.58,0.2121,0.0,63,71,136,#3F4788
73,30,-3.58,0.2121,0.0,63,71,136,#3F4788
73,31,-3.58,0.2121,0.0,63,71,136,#3F4788
73,32,-3.58,0.2121,0.0,63,71,136,#3F4788
73,33,-2.51,0.2934,6.6,53,94,141,#355E8D
73,34,nan,nan,nan,0,0,0,#000000
73,35,-2.47,0.2964,7.0,53,94,141,#355E8D
73,36,-2.23,0.3147,9.4,51,99,141,#33638D
73,37,-2.98,0.2577,2.0,58,83,139,#3A538B
73,38,-2.98,0.2577,2.0,58,83,139,#3A538B
73,39,-2.98,0.2577,2.0,58,83,139,#3A538B
73,40,-2.98,0.2577,2.0,58,83,139,#3A538B
73,41,-2.51,0.2934,6.6,53,94,141,#355E8D
73,42,-3.16,0.2440,0.2,60,80,139,#3C508B
73,43,-3.16,0.2440,0.2,60,80,139,#3C508B
73,44,-3.53,0.2159,0.0,63,72,137,#3F4889
73,45,-3.53,0.2159,0.0,63,72,137,#3F4889
73,46,-2.65,0.2828,5.2,55,91,141,#375B8D
73,47,-3.58,0.2121,0.0,63,71,136,#3F4788
73,48,-3.16,0.2440,0.2,60,80,139,#3C508B
73,49,-3.53,0.2159,0.0,63,72,137,#3F4889
73,50,,,,,,,
73,51,,,,,,,
73,52,,,,,,,
73,53,,,,,,,
73,54,,,,,,,
73,55,,,,,,,
73,56,,,,,,,
73,57,,,,,,,
73,58,,,,,,,
73,59,,,,,,,
73,60,,,,,,,
73,61,,,,,,,
73,62,,,,,,,
73,63,,,,,,,
73,64,,,,,,,
73,65,,,,,,,
73,66,,,,,,,
73,67,,,,,,,
73,68,,,,,,,
73,69,,,,,,,
73,70,,,,,,,
73,71,,,,,,,
73,72,,,,,,,
73,73,,,,,,,
73,74,,,,,,,
73,75,,,,,,,
73,76,,,,,,,
73,77,,,,,,,
73,78,,,,,,,
73,79,,,,,,,
73,80,,,,,,,
73,81,,,,,,,
73,82,,,,,,,
73,83,,,,,,,
73,84,,,,,,,
73,85,,,,,,,
73,86,,,,,,,
73,87,,,,,,,
73,88,,,,,,,
73,89,,,,,,,
73,90,,,,,,,
73,91,,,,,,,
73,92,,,,,,,
73,93,,,,,,,
74,0,,,,,,,
74,1,,,,,,,
74,2,,,,,,,
74,3,,,,,,,
74,4,,,,,,,
74,5,,,,,,,
74,6,,,,,,,
74,7,,,,,,,
74,8,,,,,,,
74,9,,,,,,,
74,10,,,,,,,
74,11,,,,,,,
74,12,,,,,,,
74,13,,,,,,,
74,14,,,,,,,
74,15,,,,,,,
74,16,,,,,,,
74,17,,,,,,,
74,18,,,,,,,
74,19,,,,,,,
74,20,,,,,,,
74,21,,,,,,,
74,22,,,,,,,
74,23,nan,nan,nan,0,0,0,#000000
74,24,,,,,,,
74,25,,,,,,,
74,26,nan,nan,nan,0,0,0,#000000
74,27,,,,,,,
74,28,,,,,,,
74,29,-3.58,0.2121,0.0,63,71,136,#3F4788
74,30,-3.58,0.2121,0.0,63,71,136,#3F4788
74,31,-3.58,0.2121,0.0,63,71,136,#3F4788
74,32,-2.51,0.2934,6.6,53,94,141,#355E8D
74,33,-2.51,0.2934,6.6,53,94,141,#355E8D
74,34,-2.51,0.2934,6.6,53,94,141,#355E8D
74,35,-2.84,0.2683,3.4,57,86,140,#39568C
74,36,-2.47,0.2964,7.0,53,94,141,#355E8D
74,37,-2.23,0.3147,9.4,51,99,141,#33638D
74,38,-2.98,0.2577,2.0,58,83,139,#3A538B
74,39,-3.02,0.2547,1.6,58,83,139,#3A538B
74,40,-2.51,0.2934,6.6,53,94,141,#355E8D
74,41,-2.51,0.2934,6.6,53,94,141,#355E8D
74,42,-3.3,0.2334,0.0,61,77,138,#3D4D8A
74,43,-3.16,0.2440,0.2,60,80,139,#3C508B
74,44,nan,nan,nan,0,0,0,#000000
74,45,-3.53,0.2159,0.0,63,72,137,#3F4889
74,46,-3.58,0.2121,0.0,63,71,136,#3F4788
74,47,-3.58,0.2121,0.0,63,71,136,#3F4788
74,48,-3.53,0.2159,0.0,63,72,137,#3F4889
74,49,,,,,,,
74,50,,,,,,,
74,51,,,,,,,
74,52,,,,,,,
74,53,,,,,,,
74,54,,,,,,,
74,55,,,,,,,
74,56,,,,,,,
74,57,,,,,,,
74,58,,,,,,,
74,59,,,,,,,
74,60,,,,,,,
74,61,,,,,,,
74,62,,,,,,,
74,63,,,,,,,
74,64,,,,,,,
74,65,,,,,,,
74,66,,,,,,,
74,67,,,,,,,
74,68,,,,,,,
74,69,,,,,,,
74,70,,,,,,,
74,71,,,,,,,
74,72,,,,,,,
74,73,,,,,,,
74,74,,,,,,,
74,75,,,,,,,
74,76,,,,,,,
74,77,,,,,,,
74,78,,,,,,,
74,79,,,,,,,
74,80,,,,,,,
74,81,,,,,,,
74,82,,,,,,,
74,83,,,,,,,
74,84,,,,,,,
74,85,,,,,,,
74,86,,,,,,,
74,87,,,,,,,
74,88,,,,,,,
74,89,,,,,,,
74,90,,,,,,,
74,91,,,,,,,
74,92,,,,,,,
74,93,,,,,,,
75,0,,,,,,,
75,1,,,,,,,
75,2,,,,,,,
75,3,,,,,,,
75,4,,,,,,,
75,5,,,,,,,
75,6,,,,,,,
75,7,,,,,,,
75,8,,,,,,,
75,9,,,,,,,
75,10,,,,,,,
75,11,,,,,,,
75,12,,,,,,,
75,13,,,,,,,
75,14,,,,,,,
75,15,,,,,,,
75,16,,,,,,,
75,17,,,,,,,
75,18,,,,,,,
75,19,,,,,,,
75,20,,,,,,,
75,21,,,,,,,
75,22,,,,,,,
75,23,,,,,,,
75,24,,,,,,,
75,25,nan,nan,nan,0,0,0,#000000
75,26,nan,nan,nan,0,0,0,#000000
75,27,,,,,,,
75,28,-3.58,0.2121,0.0,63,71,136,#3F4788
75,29,-3.58,0.2121,0.0,63,71,136,#3F4788
75,30,,,,,,,
75,31,-2.51,0.2934,6.6,53,94,141,#355E8D
75,32,-2.51,0.2934,6.6,53,94,141,#355E8D
75,33,-2.51,0.2934,6.6,53,94,141,#355E8D
75,34,,,,,,,
75,35,nan,nan,nan,0,0,0,#000000
75,36,-2.84,0.2683,3.4,57,86,140,#39568C
75,37,-2.47,0.2964,7.0,53,94,141,#355E8D
75,38,-3.02,0.2547,1.6,58,83,139,#3A538B
75,39,-3.02,0.2547,1.6,58,83,139,#3A538B
75,40,-3.02,0.2547,1.6,58,83,139,#3A538B
75,41,-2.51,0.2934,6.6,53,94,141,#355E8D
75,42,-2.98,0.2577,2.0,58,83,139,#3A538B
75,43,-3.49,0.2190,0.0,62,73,137,#3E4989
75,44,-3.16,0.2440,0.2,60,80,139,#3C508B
75,45,,,,,,,
75,46,,,,,,,
75,47,nan,nan,nan,0,0,0,#000000
75,48,,,,,,,
75,49,,,,,,,
75,50,,,,,,,
75,51,,,,,,,
75,52,-2.42,0.3002,7.5,53,95,141,#355F8D
75,53,-3.16,0.2440,0.2,60,80,139,#3C508B
75,54,nan,nan,nan,0,0,0,#000000
75,55,,,,,,,
75,56,,,,,,,
75,57,,,,,,,
75,58,,,,,,,
75,59,,,,,,,
75,60,,,,,,,
75,61,,,,,,,
75,62,,,,,,,
75,63,,,,,,,
75,64,,,,,,,
75,65,,,,,,,
75,66,,,,,,,
75,67,,,,,,,
75,68,,,,,,,
75,69,,,,,,,
75,70,,,,,,,
75,71,,,,,,,
75,72,,,,,,,
75,73,,,,,,,
75,74,,,,,,,
75,75,,,,,,,
75,76,,,,,,,
75,77,,,,,,,
75,78,,,,,,,
75,79,,,,,,,
75,80,,,,,,,
75,81,,,,,,,
75,82,,,,,,,
75,83,,,,,,,
75,84,,,,,,,
75,85,,,,,,,
75,86,,,,,,,
75,87,,,,,,,
75,88,,,,,,,
75,89,,,,,,,
75,90,,,,,,,
75,91,,,,,,,
75,92,,,,,,,
75,93,,,,,,,
76,0,,,,,,,
76,1,,,,,,,
76,2,,,,,,,
76,3,,,,,,,
76,4,,,,,,,
76,5,,,,,,,
76,6,,,,,,,
76,7,,,,,,,
76,8,,,,,,,
76,9,,,,,,,
76,10,,,,,,,
76,11,,,,,,,
76,12,,,,,,,
76,13,,,,,,,
76,14,,,,,,,
76,15,,,,,,,
76,16,,,,,,,
76,17,,,,,,,
76,18,,,,,,,
76,19,,,,,,,
76,20,,,,,,,
76,21,,,,,,,
76,22,,,,,,,
76,23,,,,,,,
76,24,,,,,,,
76,25,nan,nan,nan,0,0,0,#000000
76,26,,,,,,,
76,27,,,,,,,
76,28,-3.58,0.2121,0.0,63,71,136,#3F4788
76,29,-3.58,0.2121,0.0,63,71,136,#3F4788
76,30,,,,,,,
76,31,-2.51,0.2934,6.6,53,94,141,#355E8D
76,32,-2.51,0.2934,6.6,53,94,141,#355E8D
76,33,-2.51,0.2934,6.6,53,94,141,#355E8D
76,34,,,,,,,
76,35,-2.51,0.2934,6.6,53,94,141,#355E8D
76,36,,,,,,,
76,37,-3.58,0.2121,0.0,63,71,136,#3F4788
76,38,-2.51,0.2934,6.6,53,94,141,#355E8D
76,39,-3.02,0.2547,1.6,58,83,139,#3A538B
76,40,-3.02,0.2547,1.6,58,83,139,#3A538B
76,41,-2.98,0.2577,2.0,58,83,139,#3A538B
76,42,-2.98,0.2577,2.0,58,83,139,#3A538B
76,43,-3.02,0.2547,1.6,58,83,139,#3A538B
76,44,-3.16,0.2440,0.2,60,80,139,#3C508B
76,45,-3.91,0.1870,0.0,66,63,133,#423F85
76,46,-2.09,0.3253,10.8,49,102,142,#31668E
76,47,-2.09,0.3253,10.8,49,102,142,#31668E
76,48,-2.51,0.2934,6.6,53,94,141,#355E8D
76,49,-2.37,0.3040,8.0,52,96,141,#34608D
76,50,,,,,,,
76,51,-2.37,0.3040,8.0,52,96,141,#34608D
76,52,-0.23,0.4666,29.2,35,136,142,#23888E
76,53,0.6,0.5297,37.4,31,151,139,#1F978B
76,54,-3.35,0.2296,0.0,62,76,138,#3E4C8A
76,55,0.6,0.5297,37.4,31,151,139,#1F978B
76,56,,,,,,,
76,57,,,,,,,
76,58,,,,,,,
76,59,,,,,,,
76,60,,,,,,,
76,61,,,,,,,
76,62,,,,,,,
76,63,,,,,,,
76,64,,,,,,,
76,65,,,,,,,
76,66,,,,,,,
76,67,,,,,,,
76,68,,,,,,,
76,69,,,,,,,
76,70,,,,,,,
76,71,,,,,,,
76,72,,,,,,,
76,73,,,,,,,
76,74,,,,,,,
76,75,,,,,,,
76,76,,,,,,,
76,77,,,,,,,
76,78,,,,,,,
76,79,,,,,,,
76,80,,,,,,,
76,81,,,,,,,
76,82,,,,,,,
76,83,,,,,,,
76,84,,,,,,,
76,85,,,,,,,
76,86,,,,,,,
76,87,,,,,,,
76,88,,,,,,,
76,89,,,,,,,
76,90,,,,,,,
76,91,,,,,,,
76,92,,,,,,,
76,93,,,,,,,
77,0,,,,,,,
77,1,,,,,,,
77,2,,,,,,,
77,3,,,,,,,
77,4,,,,,,,
77,5,,,,,,,
77,6,,,,,,,
77,7,,,,,,,
77,8,,,,,,,
77,9,,,,,,,
77,10,,,,,,,
77,11,,,,,,,
77,12,,,,,,,
77,13,,,,,,,
77,14,,,,,,,
77,15,,,,,,,
77,16,,,,,,,
77,17,,,,,,,
77,18,,,,,,,
77,19,,,,,,,
77,20,,,,,,,
77,21,,,,,,,
77,22,,,,,,,
77,23,nan,nan,nan,0,0,0,#000000
77,24,nan,nan,nan,0,0,0,#000000
77,25,nan,nan,nan,0,0,0,#000000
77,26,,,,,,,
77,27,,,,,,,
77,28,-3.58,0.2121,0.0,63,71,136,#3F4788
77,29,-3.58,0.2121,0.0,63,71,136,#3F4788
77,30,,,,,,,
77,31,-2.51,0.2934,6.6,53,94,141,#355E8D
77,32,-2.51,0.2934,6.6,53,94,141,#355E8D
77,33,-2.51,0.2934,6.6,53,94,141,#355E8D
77,34,,,,,,,
77,35,-1.35,0.3815,18.1,44,115,142,#2C738E
77,36,-2.51,0.2934,6.6,53,94,141,#355E8D
77,37,-2.51,0.2934,6.6,53,94,141,#355E8D
77,38,-3.58,0.2121,0.0,63,71,136,#3F4788
77,39,-2.51,0.2934,6.6,53,94,141,#355E8D
77,40,-3.02,0.2547,1.6,58,83,139,#3A538B
77,41,-2.98,0.2577,2.0,58,83,139,#3A538B
77,42,-2.98,0.2577,2.0,58,83,139,#3A538B
77,43,-1.72,0.3534,14.4,46,109,142,#2E6D8E
77,44,-1.81,0.3466,13.5,47,107,142,#2F6B8E
77,45,-2.09,0.3253,10.8,49,102,142,#31668E
77,46,-2.09,0.3253,10.8,49,102,142,#31668E
77,47,-2.09,0.3253,10.8,49,102,142,#31668E
77,48,-2.51,0.2934,6.6,53,94,141,#355E8D
77,49,-2.37,0.3040,8.0,52,96,141,#34608D
77,50,-0.33,0.4590,28.2,36,134,142,#24868E
77,51,-0.51,0.4454,26.4,37,131,142,#25838E
77,52,-0.28,0.4628,28.7,36,135,142,#24878E
77,53,0.51,0.5228,36.5,31,149,139,#1F958B
77,54,0.6,0.5297,37.4,31,151,139,#1F978B
77,55,0.56,0.5266,37.0,31,150,139,#1F968B
77,56,-0.6,0.4385,25.5,38,130,142,#26828E
77,57,-0.6,0.4385,25.5,38,130,142,#26828E
77,58,-0.65,0.4347,25.0,38,129,142,#26818E
77,59,,,,,,,
77,60,,,,,,,
77,61,,,,,,,
77,62,,,,,,,
77,63,,,,,,,
77,64,,,,,,,
77,65,,,,,,,
77,66,,,,,,,
77,67,,,,,,,
77,68,,,,,,,
77,69,,,,,,,
77,70,,,,,,,
77,71,,,,,,,
77,72,,,,,,,
77,73,,,,,,,
77,74,,,,,,,
77,75,,,,,,,
77,76,,,,,,,
77,77,,,,,,,
77,78,,,,,,,
77,79,,,,,,,
77,80,,,,,,,
77,81,,,,,,,
77,82,,,,,,,
77,83,,,,,,,
77,84,,,,,,,
77,85,,,,,,,
77,86,,,,,,,
77,87,,,,,,,
77,88,,,,,,,
77,89,,,,,,,
77,90,,,,,,,
77,91,,,,,,,
77,92,,,,,,,
77,93,,,,,,,
78,0,,,,,,,
78,1,,,,,,,
78,2,,,,,,,
78,3,,,,,,,
78,4,,,,,,,
78,5,,,,,,,
78,6,,,,,,,
78,7,,,,,,,
78,8,,,,,,,
78,9,,,,,,,
78,10,,,,,,,
78,11,,,,,,,
78,12,,,,,,,
78,13,,,,,,,
78,14,,,,,,,
78,15,,,,,,,
78,16,,,,,,,
78,17,,,,,,,
78,18,,,,,,,
78,19,,,,,,,
78,20,,,,,,,
78,21,nan,nan,nan,0,0,0,#000000
78,22,nan,nan,nan,0,0,0,#000000
78,23,nan,nan,nan,0,0,0,#000000
78,24,nan,nan,nan,0,0,0,#000000
78,25,,,,,,,
78,26,,,,,,,
78,27,,,,,,,
78,28,-3.58,0.2121,0.0,63,71,136,#3F4788
78,29,-3.58,0.2121,0.0,63,71,136,#3F4788
78,30,-3.58,0.2121,0.0,63,71,136,#3F4788
78,31,,,,,,,
78,32,,,,,,,
78,33,nan,nan,nan,0,0,0,#000000
78,34,,,,,,,
78,35,-1.35,0.3815,18.1,44,115,142,#2C738E
78,36,-1.35,0.3815,18.1,44,115,142,#2C738E
78,37,-2.51,0.2934,6.6,53,94,141,#355E8D
78,38,-2.51,0.2934,6.6,53,94,141,#355E8D
78,39,-3.58,0.2121,0.0,63,71,136,#3F4788
78,40,-2.98,0.2577,2.0,58,83,139,#3A538B
78,41,-2.98,0.2577,2.0,58,83,139,#3A538B
78,42,-3.02,0.2547,1.6,58,83,139,#3A538B
78,43,-1.72,0.3534,14.4,46,109,142,#2E6D8E
78,44,-1.72,0.3534,14.4,46,109,142,#2E6D8E
78,45,-2.09,0.3253,10.8,49,102,142,#31668E
78,46,-2.09,0.3253,10.8,49,102,142,#31668E
78,47,-2.09,0.3253,10.8,49,102,142,#31668E
78,48,-2.09,0.3253,10.8,49,102,142,#31668E
78,49,-0.42,0.4522,27.3,37,132,142,#25848E
78,50,-0.42,0.4522,27.3,37,132,142,#25848E
78,51,-0.42,0.4522,27.3,37,132,142,#25848E
78,52,-0.33,0.4590,28.2,36,134,142,#24868E
78,53,0.6,0.5297,37.4,31,151,139,#1F978B
78,54,0.6,0.5297,37.4,31,151,139,#1F978B
78,55,0.6,0.5297,37.4,31,151,139,#1F978B
78,56,0.6,0.5297,37.4,31,151,139,#1F978B
78,57,-0.6,0.4385,25.5,38,130,142,#26828E
78,58,-0.6,0.4385,25.5,38,130,142,#26828E
78,59,,,,,,,
78,60,,,,,,,
78,61,,,,,,,
78,62,,,,,,,
78,63,,,,,,,
78,64,,,,,,,
78,65,,,,,,,
78,66,,,,,,,
78,67,,,,,,,
78,68,,,,,,,
78,69,,,,,,,
78,70,,,,,,,
78,71,,,,,,,
78,72,,,,,,,
78,73,,,,,,,
78,74,,,,,,,
78,75,,,,,,,
78,76,,,,,,,
78,77,,,,,,,
78,78,,,,,,,
78,79,,,,,,,
78,80,,,,,,,
78,81,,,,,,,
78,82,,,,,,,
78,83,,,,,,,
78,84,,,,,,,
78,85,,,,,,,
78,86,,,,,,,
78,87,,,,,,,
78,88,,,,,,,
78,89,,,,,,,
78,90,,,,,,,
78,91,,,,,,,
78,92,,,,,,,
78,93,,,,,,,
79,0,,,,,,,
79,1,,,,,,,
79,2,,,,,,,
79,3,,,,,,,
79,4,,,,,,,
79,5,,,,,,,
79,6,,,,,,,
79,7,,,,,,,
79,8,,,,,,,
79,9,,,,,,,
79,10,,,,,,,
79,11,,,,,,,
79,12,,,,,,,
79,13,,,,,,,
79,14,,,,,,,
79,15,,,,,,,
79,16,,,,,,,
79,17,,,,,,,
79,18,,,,,,,
79,19,,,,,,,
79,20,,,,,,,
79,21,nan,nan,nan,0,0,0,#000000
79,22,,,,,,,
79,23,nan,nan,nan,0,0,0,#000000
79,24,nan,nan,nan,0,0,0,#000000
79,25,,,,,,,
79,26,,,,,,,
79,27,,,,,,,
79,28,,,,,,,
79,29,-3.58,0.2121,0.0,63,71,136,#3F4788
79,30,,,,,,,
79,31,,,,,,,
79,32,,,,,,,
79,33,,,,,,,
79,34,,,,,,,
79,35,-1.53,0.3679,16.3,45,113,142,#2D718E
79,36,-1.35,0.3815,18.1,44,115,142,#2C738E
79,37,-1.35,0.3815,18.1,44,115,142,#2C738E
79,38,-2.51,0.2934,6.6,53,94,141,#355E8D
79,39,-2.98,0.2577,2.0,58,83,139,#3A538B
79,40,-1.72,0.3534,14.4,46,109,142,#2E6D8E
79,41,-2.98,0.2577,2.0,58,83,139,#3A538B
79,42,-1.67,0.3572,14.9,46,110,142,#2E6E8E
79,43,-1.72,0.3534,14.4,46,109,142,#2E6D8E
79,44,-1.53,0.3679,16.3,45,113,142,#2D718E
79,45,-1.86,0.3428,13.1,48,106,142,#306A8E
79,46,-2.09,0.3253,10.8,49,102,142,#31668E
79,47,-2.09,0.3253,10.8,49,102,142,#31668E
79,48,-2.09,0.3253,10.8,49,102,142,#31668E
79,49,-2.09,0.3253,10.8,49,102,142,#31668E
79,50,-0.42,0.4522,27.3,37,132,142,#25848E
79,51,-0.42,0.4522,27.3,37,132,142,#25848E
79,52,-0.28,0.4628,28.7,36,135,142,#24878E
79,53,0.51,0.5228,36.5,31,149,139,#1F958B
79,54,0.6,0.5297,37.4,31,151,139,#1F978B
79,55,0.6,0.5297,37.4,31,151,139,#1F978B
79,56,0.56,0.5266,37.0,31,150,139,#1F968B
79,57,1.77,0.6186,49.0,38,173,129,#26AD81
79,58,1.77,0.6186,49.0,38,173,129,#26AD81
79,59,3.35,0.7386,64.6,88,199,101,#58C765
79,60,,,,,,,
79,61,,,,,,,
79,62,,,,,,,
79,63,,,,,,,
79,64,,,,,,,
79,65,,,,,,,
79,66,,,,,,,
79,67,,,,,,,
79,68,,,,,,,
79,69,,,,,,,
79,70,,,,,,,
79,71,,,,,,,
79,72,,,,,,,
79,73,,,,,,,
79,74,,,,,,,
79,75,,,,,,,
79,76,,,,,,,
79,77,,,,,,,
79,78,,,,,,,
79,79,,,,,,,
79,80,,,,,,,
79,81,,,,,,,
79,82,,,,,,,
79,83,,,,,,,
79,84,,,,,,,
79,85,,,,,,,
79,86,,,,,,,
79,87,,,,,,,
79,88,,,,,,,
79,89,,,,,,,
79,90,,,,,,,
79,91,,,,,,,
79,92,,,,,,,
79,93,,,,,,,
80,0,,,,,,,
80,1,,,,,,,
80,2,,,,,,,
80,3,,,,,,,
80,4,,,,,,,
80,5,,,,,,,
80,6,,,,,,,
80,7,,,,,,,
80,8,,,,,,,
80,9,,,,,,,
80,10,,,,,,,
80,11,,,,,,,
80,12,,,,,,,
80,13,,,,,,,
80,14,,,,,,,
80,15,,,,,,,
80,16,,,,,,,
80,17,,,,,,,
80,18,,,,,,,
80,19,,,,,,,
80,20,,,,,,,
80,21,,,,,,,
80,22,,,,,,,
80,23,nan,nan,nan,0,0,0,#000000
80,24,nan,nan,nan,0,0,0,#000000
80,25,,,,,,,
80,26,,,,,,,
80,27,,,,,,,
80,28,-3.58,0.2121,0.0,63,71,136,#3F4788
80,29,-3.58,0.2121,0.0,63,71,136,#3F4788
80,30,,,,,,,
80,31,nan,nan,nan,0,0,0,#000000
80,32,,,,,,,
80,33,,,,,,,
80,34,,,,,,,
80,35,-1.53,0.3679,16.3,45,113,142,#2D718E
80,36,-1.53,0.3679,16.3,45,113,142,#2D718E
80,37,-1.35,0.3815,18.1,44,115,142,#2C738E
80,38,-0.93,0.4134,22.3,41,123,142,#297B8E
80,39,-1.77,0.3496,13.9,47,108,142,#2F6C8E
80,40,-1.72,0.3534,14.4,46,109,142,#2E6D8E
80,41,-1.72,0.3534,14.4,46,109,142,#2E6D8E
80,42,-1.72,0.3534,14.4,46,109,142,#2E6D8E
80,43,-1.72,0.3534,14.4,46,109,142,#2E6D8E
80,44,-1.72,0.3534,14.4,46,109,142,#2E6D8E
80,45,-1.77,0.3496,13.9,47,108,142,#2F6C8E
80,46,-2.09,0.3253,10.8,49,102,142,#31668E
80,47,-2.09,0.3253,10.8,49,102,142,#31668E
80,48,-2.09,0.3253,10.8,49,102,142,#31668E
80,49,-2.09,0.3253,10.8,49,102,142,#31668E
80,50,-0.42,0.4522,27.3,37,132,142,#25848E
80,51,-0.42,0.4522,27.3,37,132,142,#25848E
80,52,-0.28,0.4628,28.7,36,135,142,#24878E
80,53,-0.28,0.4628,28.7,36,135,142,#24878E
80,54,2.23,0.6535,53.5,49,181,123,#31B57B
80,55,0.74,0.5403,38.8,31,154,138,#1F9A8A
80,56,2.74,0.6923,58.6,64,189,114,#40BD72
80,57,2.98,0.7105,61.0,72,193,110,#48C16E
80,58,3.02,0.7135,61.4,74,193,109,#4AC16D
80,59,2.98,0.7105,61.0,72,193,110,#48C16E
80,60,3.35,0.7386,64.6,88,199,101,#58C765
80,61,,,,,,,
80,62,,,,,,,
80,63,,,,,,,
80,64,,,,,,,
80,65,,,,,,,
80,66,,,,,,,
80,67,,,,,,,
80,68,,,,,,,
80,69,,,,,,,
80,70,,,,,,,
80,71,,,,,,,
80,72,,,,,,,
80,73,,,,,,,
80,74,,,,,,,
80,75,,,,,,,
80,76,,,,,,,
80,77,,,,,,,
80,78,,,,,,,
80,79,,,,,,,
80,80,,,,,,,
80,81,,,,,,,
80,82,,,,,,,
80,83,,,,,,,
80,84,,,,,,,
80,85,,,,,,,
80,86,,,,,,,
80,87,,,,,,,
80,88,,,,,,,
80,89,,,,,,,
80,90,,,,,,,
80,91,,,,,,,
80,92,,,,,,,
80,93,,,,,,,
81,0,,,,,,,
81,1,,,,,,,
81,2,,,,,,,
81,3,,,,,,,
81,4,,,,,,,
81,5,,,,,,,
81,6,,,,,,,
81,7,,,,,,,
81,8,,,,,,,
81,9,,,,,,,
81,10,,,,,,,
81,11,,,,,,,
81,12,,,,,,,
81,13,,,,,,,
81,14,,,,,,,
81,15,,,,,,,
81,16,,,,,,,
81,17,,,,,,,
81,18,,,,,,,
81,19,,,,,,,
81,20,,,,,,,
81,21,,,,,,,
81,22,nan,nan,nan,0,0,0,#000000
81,23,,,,,,,
81,24,,,,,,,
81,25,,,,,,,
81,26,,,,,,,
81,27,,,,,,,
81,28,-3.58,0.2121,0.0,63,71,136,#3F4788
81,29,-3.58,0.2121,0.0,63,71,136,#3F4788
81,30,nan,nan,nan,0,0,0,#000000
81,31,nan,nan,nan,0,0,0,#000000
81,32,nan,nan,nan,0,0,0,#000000
81,33,,,,,,,
81,34,,,,,,,
81,35,,,,,,,
81,36,-1.53,0.3679,16.3,45,113,142,#2D718E
81,37,-0.93,0.4134,22.3,41,123,142,#297B8E
81,38,-1.3,0.3853,18.6,43,116,142,#2B748E
81,39,-1.16,0.3960,20.0,42,119,142,#2A778E
81,40,-1.72,0.3534,14.4,46,109,142,#2E6D8E
81,41,-1.72,0.3534,14.4,46,109,142,#2E6D8E
81,42,-1.72,0.3534,14.4,46,109,142,#2E6D8E
81,43,-1.72,0.3534,14.4,46,109,142,#2E6D8E
81,44,-1.67,0.3572,14.9,46,110,142,#2E6E8E
81,45,-1.67,0.3572,14.9,46,110,142,#2E6E8E
81,46,-2.09,0.3253,10.8,49,102,142,#31668E
81,47,-2.09,0.3253,10.8,49,102,142,#31668E
81,48,-2.09,0.3253,10.8,49,102,142,#31668E
81,49,-2.19,0.3177,9.8,50,100,142,#32648E
81,50,-0.6,0.4385,25.5,38,130,142,#26828E
81,51,-0.42,0.4522,27.3,37,132,142,#25848E
81,52,-0.19,0.4697,29.6,35,137,142,#23898E
81,53,2.42,0.6680,55.4,53,183,121,#35B779
81,54,2.05,0.6398,51.8,44,177,126,#2CB17E
81,55,2.05,0.6398,51.8,44,177,126,#2CB17E
81,56,2.79,0.6961,59.1,66,190,113,#42BE71
81,57,3.02,0.7135,61.4,74,193,109,#4AC16D
81,58,3.02,0.7135,61.4,74,193,109,#4AC16D
81,59,3.4,0.7424,65.1,90,200,100,#5AC864
81,60,3.4,0.7424,65.1,90,200,100,#5AC864
81,61,nan,nan,nan,0,0,0,#000000
81,62,,,,,,,
81,63,,,,,,,
81,64,,,,,,,
81,65,,,,,,,
81,66,,,,,,,
81,67,,,,,,,
81,68,,,,,,,
81,69,,,,,,,
81,70,,,,,,,
81,71,,,,,,,
81,72,,,,,,,
81,73,,,,,,,
81,74,,,,,,,
81,75,,,,,,,
81,76,,,,,,,
81,77,,,,,,,
81,78,,,,,,,
81,79,,,,,,,
81,80,,,,,,,
81,81,,,,,,,
81,82,,,,,,,
81,83,,,,,,,
81,84,,,,,,,
81,85,,,,,,,
81,86,,,,,,,
81,87,,,,,,,
81,88,,,,,,,
81,89,,,,,,,
81,90,,,,,,,
81,91,,,,,,,
81,92,,,,,,,
81,93,,,,,,,
82,0,,,,,,,
82,1,,,,,,,
82,2,,,,,,,
82,3,,,,,,,
82,4,,,,,,,
82,5,,,,,,,
82,6,,,,,,,
82,7,,,,,,,
82,8,,,,,,,
82,9,,,,,,,
82,10,,,,,,,
82,11,,,,,,,
82,12,,,,,,,
82,13,,,,,,,
82,14,,,,,,,
82,15,,,,,,,
82,16,,,,,,,
82,17,,,,,,,
82,18,,,,,,,
82,19,,,,,,,
82,20,,,,,,,
82,21,,,,,,,
82,22,,,,,,,
82,23,,,,,,,
82,24,,,,,,,
82,25,,,,,,,
82,26,,,,,,,
82,27,,,,,,,
82,28,-3.58,0.2121,0.0,63,71,136,#3F4788
82,29,,,,,,,
82,30,,,,,,,
82,31,nan,nan,nan,0,0,0,#000000
82,32,nan,nan,nan,0,0,0,#000000
82,33,,,,,,,
82,34,,,,,,,
82,35,,,,,,,
82,36,,,,,,,
82,37,-1.26,0.3884,19.0,43,117,142,#2B758E
82,38,-1.26,0.3884,19.0,43,117,142,#2B758E
82,39,-1.26,0.3884,19.0,43,117,142,#2B758E
82,40,-1.72,0.3534,14.4,46,109,142,#2E6D8E
82,41,-1.72,0.3534,14.4,46,109,142,#2E6D8E
82,42,-1.72,0.3534,14.4,46,109,142,#2E6D8E
82,43,-1.72,0.3534,14.4,46,109,142,#2E6D8E
82,44,-1.67,0.3572,14.9,46,110,142,#2E6E8E
82,45,-2.19,0.3177,9.8,50,100,142,#32648E
82,46,-2.09,0.3253,10.8,49,102,142,#31668E
82,47,-2.51,0.2934,6.6,53,94,141,#355E8D
82,48,-2.09,0.3253,10.8,49,102,142,#31668E
82,49,-2.09,0.3253,10.8,49,102,142,#31668E
82,50,0.88,0.5510,40.2,30,157,137,#1E9D89
82,51,-0.42,0.4522,27.3,37,132,142,#25848E
82,52,-0.42,0.4522,27.3,37,132,142,#25848E
82,53,4.09,0.7948,71.9,119,209,83,#77D153
82,54,4.05,0.7918,71.5,117,208,84,#75D054
82,55,4.33,0.8131,74.3,132,212,75,#84D44B
82,56,3.26,0.7318,63.7,84,197,104,#54C568
82,57,2.74,0.6923,58.6,64,189,114,#40BD72
82,58,3.02,0.7135,61.4,74,193,109,#4AC16D
82,59,3.4,0.7424,65.1,90,200,100,#5AC864
82,60,3.35,0.7386,64.6,88,199,101,#58C765
82,61,3.44,0.7454,65.5,90,200,100,#5AC864
82,62,3.16,0.7242,62.7,80,196,106,#50C46A
82,63,,,,,,,
82,64,,,,,,,
82,65,,,,,,,
82,66,,,,,,,
82,67,,,,,,,
82,68,,,,,,,
82,69,,,,,,,
82,70,,,,,,,
82,71,,,,,,,
82,72,,,,,,,
82,73,,,,,,,
82,74,,,,,,,
82,75,,,,,,,
82,76,,,,,,,
82,77,,,,,,,
82,78,,,,,,,
82,79,,,,,,,
82,80,,,,,,,
82,81,,,,,,,
82,82,,,,,,,
82,83,,,,,,,
82,84,,,,,,,
82,85,,,,,,,
82,86,,,,,,,
82,87,,,,,,,
82,88,,,,,,,
82,89,,,,,,,
82,90,,,,,,,
82,91,,,,,,,
82,92,,,,,,,
82,93,,,,,,,
83,0,,,,,,,
83,1,,,,,,,
83,2,,,,,,,
83,3,,,,,,,
83,4,,,,,,,
83,5,,,,,,,
83,6,,,,,,,
83,7,,,,,,,
83,8,,,,,,,
83,9,,,,,,,
83,10,,,,,,,
83,11,,,,,,,
83,12,,,,,,,
83,13,,,,,,,
83,14,,,,,,,
83,15,,,,,,,
83,16,,,,,,,
83,17,,,,,,,
83,18,,,,,,,
83,19,,,,,,,
83,20,,,,,,,
83,21,,,,,,,
83,22,,,,,,,
83,23,,,,,,,
83,24,,,,,,,
83,25,,,,,,,
83,26,,,,,,,
83,27,,,,,,,
83,28,-3.58,0.2121,0.0,63,71,136,#3F4788
83,29,,,,,,,
83,30,,,,,,,
83,31,nan,nan,nan,0,0,0,#000000
83,32,nan,nan,nan,0,0,0,#000000
83,33,,,,,,,
83,34,,,,,,,
83,35,,,,,,,
83,36,,,,,,,
83,37,-0.93,0.4134,22.3,41,123,142,#297B8E
83,38,-0.98,0.4096,21.8,41,122,142,#297A8E
83,39,-1.16,0.3960,20.0,42,119,142,#2A778E
83,40,-0.93,0.4134,22.3,41,123,142,#297B8E
83,41,-1.77,0.3496,13.9,47,108,142,#2F6C8E
83,42,-1.72,0.3534,14.4,46,109,142,#2E6D8E
83,43,-1.72,0.3534,14.4,46,109,142,#2E6D8E
83,44,-1.67,0.3572,14.9,46,110,142,#2E6E8E
83,45,-2.42,0.3002,7.5,53,95,141,#355F8D
83,46,2.05,0.6398,51.8,44,177,126,#2CB17E
83,47,2.0,0.6360,51.3,42,176,127,#2AB07F
83,48,-2.05,0.3284,11.2,49,103,142,#31678E
83,49,-2.09,0.3253,10.8,49,102,142,#31668E
83,50,0.93,0.5548,40.7,31,158,137,#1F9E89
83,51,-0.42,0.4522,27.3,37,132,142,#25848E
83,52,4.19,0.8024,72.9,124,210,80,#7CD250
83,53,4.05,0.7918,71.5,117,208,84,#75D054
83,54,4.09,0.7948,71.9,119,209,83,#77D153
83,55,4.09,0.7948,71.9,119,209,83,#77D153
83,56,3.26,0.7318,63.7,84,197,104,#54C568
83,57,2.84,0.6999,59.6,68,191,112,#44BF70
83,58,4.0,0.7880,71.1,115,208,86,#73D056
83,59,3.4,0.7424,65.1,90,200,100,#5AC864
83,60,3.35,0.7386,64.6,88,199,101,#58C765
83,61,3.4,0.7424,65.1,90,200,100,#5AC864
83,62,3.3,0.7348,64.1,86,198,103,#56C667
83,63,,,,,,,
83,64,,,,,,,
83,65,,,,,,,
83,66,,,,,,,
83,67,,,,,,,
83,68,,,,,,,
83,69,,,,,,,
83,70,,,,,,,
83,71,,,,,,,
83,72,,,,,,,
83,73,,,,,,,
83,74,,,,,,,
83,75,,,,,,,
83,76,,,,,,,
83,77,,,,,,,
83,78,,,,,,,
83,79,,,,,,,
83,80,,,,,,,
83,81,,,,,,,
83,82,,,,,,,
83,83,,,,,,,
83,84,,,,,,,
83,85,,,,,,,
83,86,,,,,,,
83,87,,,,,,,
83,88,,,,,,,
83,89,,,,,,,
83,90,,,,,,,
83,91,,,,,,,
83,92,,,,,,,
83,93,,,,,,,
84,0,,,,,,,
84,1,,,,,,,
84,2,,,,,,,
84,3,,,,,,,
84,4,,,,,,,
84,5,,,,,,,
84,6,,,,,,,
84,7,,,,,,,
84,8,,,,,,,
84,9,,,,,,,
84,10,,,,,,,
84,11,,,,,,,
84,12,,,,,,,
84,13,,,,,,,
84,14,,,,,,,
84,15,,,,,,,
84,16,,,,,,,
84,17,,,,,,,
84,18,,,,,,,
84,19,,,,,,,
84,20,,,,,,,
84,21,,,,,,,
84,22,,,,,,,
84,23,,,,,,,
84,24,,,,,,,
84,25,,,,,,,
84,26,,,,,,,
84,27,-3.58,0.2121,0.0,63,71,136,#3F4788
84,28,-3.58,0.2121,0.0,63,71,136,#3F4788
84,29,,,,,,,
84,30,,,,,,,
84,31,,,,,,,
84,32,,,,,,,
84,33,,,,,,,
84,34,,,,,,,
84,35,,,,,,,
84,36,-0.93,0.4134,22.3,41,123,142,#297B8E
84,37,-0.98,0.4096,21.8,41,122,142,#297A8E
84,38,-1.16,0.3960,20.0,42,119,142,#2A778E
84,39,-1.16,0.3960,20.0,42,119,142,#2A778E
84,40,-1.16,0.3960,20.0,42,119,142,#2A778E
84,41,-1.81,0.3466,13.5,47,107,142,#2F6B8E
84,42,-1.77,0.3496,13.9,47,108,142,#2F6C8E
84,43,-1.72,0.3534,14.4,46,109,142,#2E6D8E
84,44,-1.67,0.3572,14.9,46,110,142,#2E6E8E
84,45,1.86,0.6254,49.9,40,174,128,#28AE80
84,46,1.86,0.6254,49.9,40,174,128,#28AE80
84,47,1.81,0.6216,49.4,39,173,129,#27AD81
84,48,1.86,0.6254,49.9,40,174,128,#28AE80
84,49,-2.09,0.3253,10.8,49,102,142,#31668E
84,50,-2.09,0.3253,10.8,49,102,142,#31668E
84,51,4.56,0.8305,76.6,142,214,69,#8ED645
84,52,4.47,0.8237,75.7,137,213,72,#89D548
84,53,4.09,0.7948,71.9,119,209,83,#77D153
84,54,4.09,0.7948,71.9,119,209,83,#77D153
84,55,4.09,0.7948,71.9,119,209,83,#77D153
84,56,3.3,0.7348,64.1,86,198,103,#56C667
84,57,3.95,0.7842,70.6,112,207,87,#70CF57
84,58,3.95,0.7842,70.6,112,207,87,#70CF57
84,59,4.0,0.7880,71.1,115,208,86,#73D056
84,60,4.0,0.7880,71.1,115,208,86,#73D056
84,61,3.49,0.7492,66.0,92,200,99,#5CC863
84,62,3.21,0.7280,63.2,82,197,105,#52C569
84,63,,,,,,,
84,64,,,,,,,
84,65,,,,,,,
84,66,,,,,,,
84,67,,,,,,,
84,68,,,,,,,
84,69,,,,,,,
84,70,,,,,,,
84,71,,,,,,,
84,72,,,,,,,
84,73,,,,,,,
84,74,,,,,,,
84,75,,,,,,,
84,76,,,,,,,
84,77,,,,,,,
84,78,,,,,,,
84,79,,,,,,,
84,80,,,,,,,
84,81,,,,,,,
84,82,,,,,,,
84,83,,,,,,,
84,84,,,,,,,
84,85,,,,,,,
84,86,,,,,,,
84,87,,,,,,,
84,88,,,,,,,
84,89,,,,,,,
84,90,,,,,,,
84,91,,,,,,,
84,92,,,,,,,
84,93,,,,,,,
85,0,,,,,,,
85,1,,,,,,,
85,2,,,,,,,
85,3,,,,,,,
85,4,,,,,,,
85,5,,,,,,,
85,6,,,,,,,
85,7,,,,,,,
85,8,,,,,,,
85,9,,,,,,,
85,10,,,,,,,
85,11,,,,,,,
85,12,,,,,,,
85,13,,,,,,,
85,14,,,,,,,
85,15,,,,,,,
85,16,,,,,,,
85,17,,,,,,,
85,18,,,,,,,
85,19,,,,,,,
85,20,,,,,,,
85,21,,,,,,,
85,22,,,,,,,
85,23,,,,,,,
85,24,,,,,,,
85,25,,,,,,,
85,26,,,,,,,
85,27,-3.58,0.2121,0.0,63,71,136,#3F4788
85,28,-3.58,0.2121,0.0,63,71,136,#3F4788
85,29,,,,,,,
85,30,,,,,,,
85,31,,,,,,,
85,32,,,,,,,
85,33,,,,,,,
85,34,,,,,,,
85,35,,,,,,,
85,36,-0.98,0.4096,21.8,41,122,142,#297A8E
85,37,-1.16,0.3960,20.0,42,119,142,#2A778E
85,38,-1.53,0.3679,16.3,45,113,142,#2D718E
85,39,-1.53,0.3679,16.3,45,113,142,#2D718E
85,40,-1.26,0.3884,19.0,43,117,142,#2B758E
85,41,-1.77,0.3496,13.9,47,108,142,#2F6C8E
85,42,-1.67,0.3572,14.9,46,110,142,#2E6E8E
85,43,-1.72,0.3534,14.4,46,109,142,#2E6D8E
85,44,-1.77,0.3496,13.9,47,108,142,#2F6C8E
85,45,-1.67,0.3572,14.9,46,110,142,#2E6E8E
85,46,1.86,0.6254,49.9,40,174,128,#28AE80
85,47,1.86,0.6254,49.9,40,174,128,#28AE80
85,48,1.81,0.6216,49.4,39,173,129,#27AD81
85,49,1.86,0.6254,49.9,40,174,128,#28AE80
85,50,4.7,0.8412,78.0,149,216,64,#95D840
85,51,4.7,0.8412,78.0,149,216,64,#95D840
85,52,4.56,0.8305,76.6,142,214,69,#8ED645
85,53,4.09,0.7948,71.9,119,209,83,#77D153
85,54,4.09,0.7948,71.9,119,209,83,#77D153
85,55,4.09,0.7948,71.9,119,209,83,#77D153
85,56,3.21,0.7280,63.2,82,197,105,#52C569
85,57,5.35,0.8905,84.4,181,222,43,#B5DE2B
85,58,3.86,0.7773,69.7,110,206,88,#6ECE58
85,59,4.23,0.8055,73.3,127,211,78,#7FD34E
85,60,4.23,0.8055,73.3,127,211,78,#7FD34E
85,61,3.58,0.7561,66.9,96,202,96,#60CA60
85,62,3.58,0.7561,66.9,96,202,96,#60CA60
85,63,,,,,,,
85,64,,,,,,,
85,65,,,,,,,
85,66,,,,,,,
85,67,,,,,,,
85,68,,,,,,,
85,69,,,,,,,
85,70,,,,,,,
85,71,,,,,,,
85,72,,,,,,,
85,73,,,,,,,
85,74,,,,,,,
85,75,,,,,,,
85,76,,,,,,,
85,77,,,,,,,
85,78,,,,,,,
85,79,,,,,,,
85,80,,,,,,,
85,81,,,,,,,
85,82,,,,,,,
85,83,,,,,,,
85,84,,,,,,,
85,85,,,,,,,
85,86,,,,,,,
85,87,,,,,,,
85,88,,,,,,,
85,89,,,,,,,
85,90,,,,,,,
85,91,,,,,,,
85,92,,,,,,,
85,93,,,,,,,
86,0,,,,,,,
86,1,,,,,,,
86,2,,,,,,,
86,3,,,,,,,
86,4,,,,,,,
86,5,,,,,,,
86,6,,,,,,,
86,7,,,,,,,
86,8,,,,,,,
86,9,,,,,,,
86,10,,,,,,,
86,11,,,,,,,
86,12,,,,,,,
86,13,,,,,,,
86,14,,,,,,,
86,15,,,,,,,
86,16,,,,,,,
86,17,,,,,,,
86,18,,,,,,,
86,19,,,,,,,
86,20,,,,,,,
86,21,,,,,,,
86,22,,,,,,,
86,23,,,,,,,
86,24,,,,,,,
86,25,,,,,,,
86,26,,,,,,,
86,27,,,,,,,
86,28,,,,,,,
86,29,,,,,,,
86,30,,,,,,,
86,31,,,,,,,
86,32,,,,,,,
86,33,,,,,,,
86,34,,,,,,,
86,35,-0.98,0.4096,21.8,41,122,142,#297A8E
86,36,-1.16,0.3960,20.0,42,119,142,#2A778E
86,37,-1.53,0.3679,16.3,45,113,142,#2D718E
86,38,-0.98,0.4096,21.8,41,122,142,#297A8E
86,39,-0.93,0.4134,22.3,41,123,142,#297B8E
86,40,-1.26,0.3884,19.0,43,117,142,#2B758E
86,41,-1.67,0.3572,14.9,46,110,142,#2E6E8E
86,42,-1.77,0.3496,13.9,47,108,142,#2F6C8E
86,43,-1.49,0.3709,16.7,45,113,142,#2D718E
86,44,-1.72,0.3534,14.4,46,109,142,#2E6D8E
86,45,-1.77,0.3496,13.9,47,108,142,#2F6C8E
86,46,-1.67,0.3572,14.9,46,110,142,#2E6E8E
86,47,1.86,0.6254,49.9,40,174,128,#28AE80
86,48,1.86,0.6254,49.9,40,174,128,#28AE80
86,49,5.16,0.8761,82.5,173,220,48,#ADDC30
86,50,4.84,0.8518,79.4,157,217,59,#9DD93B
86,51,4.7,0.8412,78.0,149,216,64,#95D840
86,52,4.47,0.8237,75.7,137,213,72,#89D548
86,53,5.16,0.8761,82.5,173,220,48,#ADDC30
86,54,5.21,0.8799,83.0,176,221,47,#B0DD2F
86,55,4.09,0.7948,71.9,119,209,83,#77D153
86,56,5.63,0.9118,87.2,197,224,33,#C5E021
86,57,5.53,0.9042,86.2,192,223,37,#C0DF25
86,58,5.53,0.9042,86.2,192,223,37,#C0DF25
86,59,4.23,0.8055,73.3,127,211,78,#7FD34E
86,60,4.23,0.8055,73.3,127,211,78,#7FD34E
86,61,3.58,0.7561,66.9,96,202,96,#60CA60
86,62,3.67,0.7629,67.8,101,203,94,#65CB5E
86,63,,,,,,,
86,64,,,,,,,
86,65,,,,,,,
86,66,,,,,,,
86,67,,,,,,,
86,68,,,,,,,
86,69,,,,,,,
86,70,,,,,,,
86,71,,,,,,,
86,72,,,,,,,
86,73,,,,,,,
86,74,,,,,,,
86,75,,,,,,,
86,76,,,,,,,
86,77,,,,,,,
86,78,,,,,,,
86,79,,,,,,,
86,80,,,,,,,
86,81,,,,,,,
86,82,,,,,,,
86,83,,,,,,,
86,84,,,,,,,
86,85,,,,,,,
86,86,,,,,,,
86,87,,,,,,,
86,88,,,,,,,
86,89,,,,,,,
86,90,,,,,,,
86,91,,,,,,,
86,92,,,,,,,
86,93,,,,,,,
87,0,,,,,,,
87,1,,,,,,,
87,2,,,,,,,
87,3,,,,,,,
87,4,,,,,,,
87,5,,,,,,,
87,6,,,,,,,
87,7,,,,,,,
87,8,,,,,,,
87,9,,,,,,,
87,10,,,,,,,
87,11,,,,,,,
87,12,,,,,,,
87,13,,,,,,,
87,14,,,,,,,
87,15,,,,,,,
87,16,,,,,,,
87,17,,,,,,,
87,18,,,,,,,
87,19,,,,,,,
87,20,,,,,,,
87,21,,,,,,,
87,22,,,,,,,
87,23,,,,,,,
87,24,,,,,,,
87,25,,,,,,,
87,26,,,,,,,
87,27,,,,,,,
87,28,,,,,,,
87,29,,,,,,,
87,30,,,,,,,
87,31,,,,,,,
87,32,,,,,,,
87,33,,,,,,,
87,34,,,,,,,
87,35,-1.16,0.3960,20.0,42,119,142,#2A778E
87,36,-1.53,0.3679,16.3,45,113,142,#2D718E
87,37,-0.98,0.4096,21.8,41,122,142,#297A8E
87,38,-1.16,0.3960,20.0,42,119,142,#2A778E
87,39,-1.16,0.3960,20.0,42,119,142,#2A778E
87,40,-0.93,0.4134,22.3,41,123,142,#297B8E
87,41,-1.77,0.3496,13.9,47,108,142,#2F6C8E
87,42,-1.49,0.3709,16.7,45,113,142,#2D718E
87,43,-1.49,0.3709,16.7,45,113,142,#2D718E
87,44,-1.49,0.3709,16.7,45,113,142,#2D718E
87,45,-1.72,0.3534,14.4,46,109,142,#2E6D8E
87,46,-1.77,0.3496,13.9,47,108,142,#2F6C8E
87,47,4.42,0.8199,75.2,134,213,73,#86D549
87,48,4.42,0.8199,75.2,134,213,73,#86D549
87,49,4.19,0.8024,72.9,124,210,80,#7CD250
87,50,5.16,0.8761,82.5,173,220,48,#ADDC30
87,51,4.93,0.8586,80.3,160,218,57,#A0DA39
87,52,5.16,0.8761,82.5,173,220,48,#ADDC30
87,53,5.16,0.8761,82.5,173,220,48,#ADDC30
87,54,5.77,0.9225,88.6,205,225,29,#CDE11D
87,55,5.77,0.9225,88.6,205,225,29,#CDE11D
87,56,5.53,0.9042,86.2,192,223,37,#C0DF25
87,57,5.53,0.9042,86.2,192,223,37,#C0DF25
87,58,5.53,0.9042,86.2,192,223,37,#C0DF25
87,59,4.23,0.8055,73.3,127,211,78,#7FD34E
87,60,3.49,0.7492,66.0,92,200,99,#5CC863
87,61,3.53,0.7523,66.4,94,201,98,#5EC962
87,62,3.72,0.7667,68.3,103,204,92,#67CC5C
87,63,3.72,0.7667,68.3,103,204,92,#67CC5C
87,64,,,,,,,
87,65,,,,,,,
87,66,,,,,,,
87,67,,,,,,,
87,68,,,,,,,
87,69,,,,,,,
87,70,,,,,,,
87,71,,,,,,,
87,72,,,,,,,
87,73,,,,,,,
87,74,,,,,,,
87,75,,,,,,,
87,76,,,,,,,
87,77,,,,,,,
87,78,,,,,,,
87,79,,,,,,,
87,80,,,,,,,
87,81,,,,,,,
87,82,,,,,,,
87,83,,,,,,,
87,84,,,,,,,
87,85,,,,,,,
87,86,,,,,,,
87,87,,,,,,,
87,88,,,,,,,
87,89,,,,,,,
87,90,,,,,,,
87,91,,,,,,,
87,92,,,,,,,
87,93,,,,,,,
88,0,,,,,,,
88,1,,,,,,,
88,2,,,,,,,
88,3,,,,,,,
88,4,,,,,,,
88,5,,,,,,,
88,6,,,,,,,
88,7,,,,,,,
88,8,,,,,,,
88,9,,,,,,,
88,10,,,,,,,
88,11,,,,,,,
88,12,,,,,,,
88,13,,,,,,,
88,14,,,,,,,
88,15,,,,,,,
88,16,,,,,,,
88,17,,,,,,,
88,18,,,,,,,
88,19,,,,,,,
88,20,,,,,,,
88,21,,,,,,,
88,22,,,,,,,
88,23,,,,,,,
88,24,,,,,,,
88,25,,,,,,,
88,26,,,,,,,
88,27,,,,,,,
88,28,,,,,,,
88,29,,,,,,,
88,30,,,,,,,
88,31,,,,,,,
88,32,,,,,,,
88,33,,,,,,,
88,34,-1.16,0.3960,20.0,42,119,142,#2A778E
88,35,-1.53,0.3679,16.3,45,113,142,#2D718E
88,36,-0.98,0.4096,21.8,41,122,142,#297A8E
88,37,-1.16,0.3960,20.0,42,119,142,#2A778E
88,38,-1.16,0.3960,20.0,42,119,142,#2A778E
88,39,-1.16,0.3960,20.0,42,119,142,#2A778E
88,40,-1.16,0.3960,20.0,42,119,142,#2A778E
88,41,-0.93,0.4134,22.3,41,123,142,#297B8E
88,42,-1.49,0.3709,16.7,45,113,142,#2D718E
88,43,-1.49,0.3709,16.7,45,113,142,#2D718E
88,44,-1.49,0.3709,16.7,45,113,142,#2D718E
88,45,-1.49,0.3709,16.7,45,113,142,#2D718E
88,46,-1.72,0.3534,14.4,46,109,142,#2E6D8E
88,47,4.42,0.8199,75.2,134,213,73,#86D549
88,48,4.42,0.8199,75.2,134,213,73,#86D549
88,49,4.42,0.8199,75.2,134,213,73,#86D549
88,50,4.19,0.8024,72.9,124,210,80,#7CD250
88,51,4.93,0.8586,80.3,160,218,57,#A0DA39
88,52,5.12,0.8731,82.1,170,220,50,#AADC32
88,53,5.12,0.8731,82.1,170,220,50,#AADC32
88,54,5.77,0.9225,88.6,205,225,29,#CDE11D
88,55,5.77,0.9225,88.6,205,225,29,#CDE11D
88,56,5.53,0.9042,86.2,192,223,37,#C0DF25
88,57,4.19,0.8024,72.9,124,210,80,#7CD250
88,58,4.23,0.8055,73.3,127,211,78,#7FD34E
88,59,4.23,0.8055,73.3,127,211,78,#7FD34E
88,60,3.53,0.7523,66.4,94,201,98,#5EC962
88,61,3.53,0.7523,66.4,94,201,98,#5EC962
88,62,3.77,0.7705,68.8,105,205,91,#69CD5B
88,63,3.77,0.7705,68.8,105,205,91,#69CD5B
88,64,,,,,,,
88,65,,,,,,,
88,66,,,,,,,
88,67,,,,,,,
88,68,,,,,,,
88,69,,,,,,,
88,70,,,,,,,
88,71,,,,,,,
88,72,,,,,,,
88,73,,,,,,,
88,74,,,,,,,
88,75,,,,,,,
88,76,,,,,,,
88,77,,,,,,,
88,78,,,,,,,
88,79,,,,,,,
88,80,,,,,,,
88,81,,,,,,,
88,82,,,,,,,
88,83,,,,,,,
88,84,,,,,,,
88,85,,,,,,,
88,86,,,,,,,
88,87,,,,,,,
88,88,,,,,,,
88,89,,,,,,,
88,90,,,,,,,
88,91,,,,,,,
88,92,,,,,,,
88,93,,,,,,,
89,0,,,,,,,
89,1,,,,,,,
89,2,,,,,,,
89,3,,,,,,,
89,4,,,,,,,
89,5,,,,,,,
89,6,,,,,,,
89,7,,,,,,,
89,8,,,,,,,
89,9,,,,,,,
89,10,,,,,,,
89,11,,,,,,,
89,12,,,,,,,
89,13,,,,,,,
89,14,,,,,,,
89,15,,,,,,,
89,16,,,,,,,
89,17,,,,,,,
89,18,,,,,,,
89,19,,,,,,,
89,20,,,,,,,
89,21,,,,,,,
89,22,,,,,,,
89,23,,,,,,,
89,24,,,,,,,
89,25,,,,,,,
89,26,,,,,,,
89,27,,,,,,,
89,28,,,,,,,
89,29,,,,,,,
89,30,,,,,,,
89,31,,,,,,,
89,32,,,,,,,
89,33,,,,,,,
89,34,-1.53,0.3679,16.3,45,113,142,#2D718E
89,35,-0.98,0.4096,21.8,41,122,142,#297A8E
89,36,-1.16,0.3960,20.0,42,119,142,#2A778E
89,37,-1.16,0.3960,20.0,42,119,142,#2A778E
89,38,-1.16,0.3960,20.0,42,119,142,#2A778E
89,39,-1.16,0.3960,20.0,42,119,142,#2A778E
89,40,-1.16,0.3960,20.0,42,119,142,#2A778E
89,41,-1.16,0.3960,20.0,42,119,142,#2A778E
89,42,-0.93,0.4134,22.3,41,123,142,#297B8E
89,43,-1.49,0.3709,16.7,45,113,142,#2D718E
89,44,-1.49,0.3709,16.7,45,113,142,#2D718E
89,45,-1.49,0.3709,16.7,45,113,142,#2D718E
89,46,-1.49,0.3709,16.7,45,113,142,#2D718E
89,47,4.42,0.8199,75.2,134,213,73,#86D549
89,48,4.42,0.8199,75.2,134,213,73,#86D549
89,49,4.42,0.8199,75.2,134,213,73,#86D549
89,50,4.42,0.8199,75.2,134,213,73,#86D549
89,51,5.02,0.8655,81.1,165,219,54,#A5DB36
89,52,4.65,0.8374,77.5,147,215,65,#93D741
89,53,5.16,0.8761,82.5,173,220,48,#ADDC30
89,54,5.77,0.9225,88.6,205,225,29,#CDE11D
89,55,5.67,0.9149,87.6,200,224,32,#C8E020
89,56,5.53,0.9042,86.2,192,223,37,#C0DF25
89,57,4.23,0.8055,73.3,127,211,78,#7FD34E
89,58,4.23,0.8055,73.3,127,211,78,#7FD34E
89,59,4.23,0.8055,73.3,127,211,78,#7FD34E
89,60,3.53,0.7523,66.4,94,201,98,#5EC962
89,61,3.53,0.7523,66.4,94,201,98,#5EC962
89,62,3.35,0.7386,64.6,88,199,101,#58C765
89,63,3.77,0.7705,68.8,105,205,91,#69CD5B
89,64,,,,,,,
89,65,,,,,,,
89,66,,,,,,,
89,67,,,,,,,
89,68,,,,,,,
89,69,,,,,,,
89,70,,,,,,,
89,71,,,,,,,
89,72,,,,,,,
89,73,,,,,,,
89,74,,,,,,,
89,75,,,,,,,
89,76,,,,,,,
89,77,,,,,,,
89,78,,,,,,,
89,79,,,,,,,
89,80,,,,,,,
89,81,,,,,,,
89,82,,,,,,,
89,83,,,,,,,
89,84,,,,,,,
89,85,,,,,,,
89,86,,,,,,,
89,87,,,,,,,
89,88,,,,,,,
89,89,,,,,,,
89,90,,,,,,,
89,91,,,,,,,
89,92,,,,,,,
89,93,,,,,,,
90,0,,,,,,,
90,1,,,,,,,
90,2,,,,,,,
90,3,,,,,,,
90,4,,,,,,,
90,5,,,,,,,
90,6,,,,,,,
90,7,,,,,,,
90,8,,,,,,,
90,9,,,,,,,
90,10,,,,,,,
90,11,,,,,,,
90,12,,,,,,,
90,13,,,,,,,
90,14,,,,,,,
90,15,,,,,,,
90,16,,,,,,,
90,17,,,,,,,
90,18,,,,,,,
90,19,,,,,,,
90,20,,,,,,,
90,21,,,,,,,
90,22,,,,,,,
90,23,,,,,,,
90,24,,,,,,,
90,25,,,,,,,
90,26,,,,,,,
90,27,,,,,,,
90,28,,,,,,,
90,29,,,,,,,
90,30,,,,,,,
90,31,,,,,,,
90,32,,,,,,,
90,33,-1.53,0.3679,16.3,45,113,142,#2D718E
90,34,-0.98,0.4096,21.8,41,122,142,#297A8E
90,35,-1.16,0.3960,20.0,42,119,142,#2A778E
90,36,-1.16,0.3960,20.0,42,119,142,#2A778E
90,37,-1.16,0.3960,20.0,42,119,142,#2A778E
90,38,-1.16,0.3960,20.0,42,119,142,#2A778E
90,39,-1.16,0.3960,20.0,42,119,142,#2A778E
90,40,-1.16,0.3960,20.0,42,119,142,#2A778E
90,41,-1.16,0.3960,20.0,42,119,142,#2A778E
90,42,-1.16,0.3960,20.0,42,119,142,#2A778E
90,43,-0.93,0.4134,22.3,41,123,142,#297B8E
90,44,-1.49,0.3709,16.7,45,113,142,#2D718E
90,45,-1.49,0.3709,16.7,45,113,142,#2D718E
90,46,4.42,0.8199,75.2,134,213,73,#86D549
90,47,4.42,0.8199,75.2,134,213,73,#86D549
90,48,4.42,0.8199,75.2,134,213,73,#86D549
90,49,4.42,0.8199,75.2,134,213,73,#86D549
90,50,4.65,0.8374,77.5,147,215,65,#93D741
90,51,4.51,0.8267,76.1,139,214,70,#8BD646
90,52,5.16,0.8761,82.5,173,220,48,#ADDC30
90,53,5.77,0.9225,88.6,205,225,29,#CDE11D
90,54,5.77,0.9225,88.6,205,225,29,#CDE11D
90,55,4.79,0.8480,78.9,155,217,60,#9BD93C
90,56,5.53,0.9042,86.2,192,223,37,#C0DF25
90,57,4.23,0.8055,73.3,127,211,78,#7FD34E
90,58,4.23,0.8055,73.3,127,211,78,#7FD34E
90,59,4.23,0.8055,73.3,127,211,78,#7FD34E
90,60,3.53,0.7523,66.4,94,201,98,#5EC962
90,61,3.4,0.7424,65.1,90,200,100,#5AC864
90,62,3.4,0.7424,65.1,90,200,100,#5AC864
90,63,3.77,0.7705,68.8,105,205,91,#69CD5B
90,64,3.77,0.7705,68.8,105,205,91,#69CD5B
90,65,,,,,,,
90,66,,,,,,,
90,67,,,,,,,
90,68,,,,,,,
90,69,,,,,,,
90,70,,,,,,,
90,71,,,,,,,
90,72,,,,,,,
90,73,,,,,,,
90,74,,,,,,,
90,75,,,,,,,
90,76,,,,,,,
90,77,,,,,,,
90,78,,,,,,,
90,79,,,,,,,
90,80,,,,,,,
90,81,,,,,,,
90,82,,,,,,,
90,83,,,,,,,
90,84,,,,,,,
90,85,,,,,,,
90,86,,,,,,,
90,87,,,,,,,
90,88,,,,,,,
90,89,,,,,,,
90,90,,,,,,,
90,91,,,,,,,
90,92,,,,,,,
90,93,,,,,,,
91,0,,,,,,,
91,1,,,,,,,
91,2,,,,,,,
91,3,,,,,,,
91,4,,,,,,,
91,5,,,,,,,
91,6,,,,,,,
91,7,,,,,,,
91,8,,,,,,,
91,9,,,,,,,
91,10,,,,,,,
91,11,,,,,,,
91,12,,,,,,,
91,13,,,,,,,
91,14,,,,,,,
91,15,,,,,,,
91,16,,,,,,,
91,17,,,,,,,
91,18,,,,,,,
91,19,,,,,,,
91,20,,,,,,,
91,21,,,,,,,
91,22,,,,,,,
91,23,,,,,,,
91,24,,,,,,,
91,25,,,,,,,
91,26,,,,,,,
91,27,,,,,,,
91,28,,,,,,,
91,29,,,,,,,
91,30,,,,,,,
91,31,,,,,,,
91,32,-1.16,0.3960,20.0,42,119,142,#2A778E
91,33,nan,nan,nan,0,0,0,#000000
91,34,-1.16,0.3960,20.0,42,119,142,#2A778E
91,35,-1.16,0.3960,20.0,42,119,142,#2A778E
91,36,-1.16,0.3960,20.0,42,119,142,#2A778E
91,37,-1.16,0.3960,20.0,42,119,142,#2A778E
91,38,-1.16,0.3960,20.0,42,119,142,#2A778E
91,39,-1.16,0.3960,20.0,42,119,142,#2A778E
91,40,-1.16,0.3960,20.0,42,119,142,#2A778E
91,41,-1.16,0.3960,20.0,42,119,142,#2A778E
91,42,-1.16,0.3960,20.0,42,119,142,#2A778E
91,43,-1.16,0.3960,20.0,42,119,142,#2A778E
91,44,-0.93,0.4134,22.3,41,123,142,#297B8E
91,45,4.42,0.8199,75.2,134,213,73,#86D549
91,46,,,,,,,
91,47,,,,,,,
91,48,,,,,,,
91,49,,,,,,,
91,50,4.09,0.7948,71.9,119,209,83,#77D153
91,51,5.3,0.8867,83.9,181,222,43,#B5DE2B
91,52,5.3,0.8867,83.9,181,222,43,#B5DE2B
91,53,5.4,0.8943,84.9,184,222,41,#B8DE29
91,54,4.88,0.8548,79.8,157,217,59,#9DD93B
91,55,4.79,0.8480,78.9,155,217,60,#9BD93C
91,56,5.07,0.8693,81.6,168,219,52,#A8DB34
91,57,3.44,0.7454,65.5,90,200,100,#5AC864
91,58,3.4,0.7424,65.1,90,200,100,#5AC864
91,59,4.23,0.8055,73.3,127,211,78,#7FD34E
91,60,3.4,0.7424,65.1,90,200,100,#5AC864
91,61,3.4,0.7424,65.1,90,200,100,#5AC864
91,62,4.33,0.8131,74.3,132,212,75,#84D44B
91,63,4.23,0.8055,73.3,127,211,78,#7FD34E
91,64,4.23,0.8055,73.3,127,211,78,#7FD34E
91,65,,,,,,,
91,66,,,,,,,
91,67,,,,,,,
91,68,,,,,,,
91,69,,,,,,,
91,70,,,,,,,
91,71,,,,,,,
91,72,,,,,,,
91,73,,,,,,,
91,74,,,,,,,
91,75,,,,,,,
91,76,,,,,,,
91,77,,,,,,,
91,78,,,,,,,
91,79,,,,,,,
91,80,,,,,,,
91,81,,,,,,,
91,82,,,,,,,
91,83,,,,,,,
91,84,,,,,,,
91,85,,,,,,,
91,86,,,,,,,
91,87,,,,,,,
91,88,,,,,,,
91,89,,,,,,,
91,90,,,,,,,
91,91,,,,,,,
91,92,,,,,,,
91,93,,,,,,,
92,0,,,,,,,
92,1,,,,,,,
92,2,,,,,,,
92,3,,,,,,,
92,4,,,,,,,
92,5,,,,,,,
92,6,,,,,,,
92,7,,,,,,,
92,8,,,,,,,
92,9,,,,,,,
92,10,,,,,,,
92,11,,,,,,,
92,12,,,,,,,
92,13,,,,,,,
92,14,,,,,,,
92,15,,,,,,,
92,16,,,,,,,
92,17,,,,,,,
92,18,,,,,,,
92,19,,,,,,,
92,20,,,,,,,
92,21,,,,,,,
92,22,,,,,,,
92,23,,,,,,,
92,24,,,,,,,
92,25,,,,,,,
92,26,,,,,,,
92,27,,,,,,,
92,28,,,,,,,
92,29,,,,,,,
92,30,,,,,,,
92,31,,,,,,,
92,32,-1.16,0.3960,20.0,42,119,142,#2A778E
92,33,-1.16,0.3960,20.0,42,119,142,#2A778E
92,34,-1.16,0.3960,20.0,42,119,142,#2A778E
92,35,-1.16,0.3960,20.0,42,119,142,#2A778E
92,36,-1.16,0.3960,20.0,42,119,142,#2A778E
92,37,-1.16,0.3960,20.0,42,119,142,#2A778E
92,38,-1.16,0.3960,20.0,42,119,142,#2A778E
92,39,-1.16,0.3960,20.0,42,119,142,#2A778E
92,40,-1.16,0.3960,20.0,42,119,142,#2A778E
92,41,-1.16,0.3960,20.0,42,119,142,#2A778E
92,42,-1.16,0.3960,20.0,42,119,142,#2A778E
92,43,-1.16,0.3960,20.0,42,119,142,#2A778E
92,44,-1.16,0.3960,20.0,42,119,142,#2A778E
92,45,-0.93,0.4134,22.3,41,123,142,#297B8E
92,46,,,,,,,
92,47,,,,,,,
92,48,4.09,0.7948,71.9,119,209,83,#77D153
92,49,4.09,0.7948,71.9,119,209,83,#77D153
92,50,5.16,0.8761,82.5,173,220,48,#ADDC30
92,51,4.88,0.8548,79.8,157,217,59,#9DD93B
92,52,5.07,0.8693,81.6,168,219,52,#A8DB34
92,53,4.93,0.8586,80.3,160,218,57,#A0DA39
92,54,5.91,0.9331,90.0,210,226,27,#D2E21B
92,55,4.79,0.8480,78.9,155,217,60,#9BD93C
92,56,4.93,0.8586,80.3,160,218,57,#A0DA39
92,57,3.44,0.7454,65.5,90,200,100,#5AC864
92,58,3.44,0.7454,65.5,90,200,100,#5AC864
92,59,3.49,0.7492,66.0,92,200,99,#5CC863
92,60,3.4,0.7424,65.1,90,200,100,#5AC864
92,61,3.49,0.7492,66.0,92,200,99,#5CC863
92,62,4.23,0.8055,73.3,127,211,78,#7FD34E
92,63,4.23,0.8055,73.3,127,211,78,#7FD34E
92,64,4.23,0.8055,73.3,127,211,78,#7FD34E
92,65,,,,,,,
92,66,,,,,,,
92,67,,,,,,,
92,68,,,,,,,
92,69,,,,,,,
92,70,,,,,,,
92,71,,,,,,,
92,72,,,,,,,
92,73,,,,,,,
92,74,,,,,,,
92,75,,,,,,,
92,76,,,,,,,
92,77,,,,,,,
92,78,,,,,,,
92,79,,,,,,,
92,80,,,,,,,
92,81,,,,,,,
92,82,,,,,,,
92,83,,,,,,,
92,84,,,,,,,
92,85,,,,,,,
92,86,,,,,,,
92,87,,,,,,,
92,88,,,,,,,
92,89,,,,,,,
92,90,,,,,,,
92,91,,,,,,,
92,92,,,,,,,
92,93,,,,,,,
93,0,,,,,,,
93,1,,,,,,,
93,2,,,,,,,
93,3,,,,,,,
93,4,,,,,,,
93,5,,,,,,,
93,6,,,,,,,
93,7,,,,,,,
93,8,,,,,,,
93,9,,,,,,,
93,10,,,,,,,
93,11,,,,,,,
93,12,,,,,,,
93,13,,,,,,,
93,14,,,,,,,
93,15,,,,,,,
93,16,,,,,,,
93,17,,,,,,,
93,18,,,,,,,
93,19,,,,,,,
93,20,,,,,,,
93,21,,,,,,,
93,22,,,,,,,
93,23,,,,,,,
93,24,,,,,,,
93,25,,,,,,,
93,26,,,,,,,
93,27,,,,,,,
93,28,,,,,,,
93,29,,,,,,,
93,30,,,,,,,
93,31,,,,,,,
93,32,,,,,,,
93,33,-1.16,0.3960,20.0,42,119,142,#2A778E
93,34,,,,,,,
93,35,,,,,,,
93,36,-1.16,0.3960,20.0,42,119,142,#2A778E
93,37,-1.16,0.3960,20.0,42,119,142,#2A778E
93,38,-1.16,0.3960,20.0,42,119,142,#2A778E
93,39,,,,,,,
93,40,,,,,,,
93,41,-1.16,0.3960,20.0,42,119,142,#2A778E
93,42,-1.16,0.3960,20.0,42,119,142,#2A778E
93,43,-1.16,0.3960,20.0,42,119,142,#2A778E
93,44,,,,,,,
93,45,,,,,,,
93,46,,,,,,,
93,47,4.09,0.7948,71.9,119,209,83,#77D153
93,48,4.09,0.7948,71.9,119,209,83,#77D153
93,49,5.16,0.8761,82.5,173,220,48,#ADDC30
93,50,4.88,0.8548,79.8,157,217,59,#9DD93B
93,51,4.93,0.8586,80.3,160,218,57,#A0DA39
93,52,4.88,0.8548,79.8,157,217,59,#9DD93B
93,53,4.93,0.8586,80.3,160,218,57,#A0DA39
93,54,5.91,0.9331,90.0,210,226,27,#D2E21B
93,55,5.72,0.9187,88.1,202,225,31,#CAE11F
93,56,3.44,0.7454,65.5,90,200,100,#5AC864
93,57,3.44,0.7454,65.5,90,200,100,#5AC864
93,58,3.4,0.7424,65.1,90,200,100,#5AC864
93,59,3.67,0.7629,67.8,101,203,94,#65CB5E
93,60,3.67,0.7629,67.8,101,203,94,#65CB5E
93,61,3.67,0.7629,67.8,101,203,94,#65CB5E
93,62,3.35,0.7386,64.6,88,199,101,#58C765
93,63,4.33,0.8131,74.3,132,212,75,#84D44B
93,64,3.3,0.7348,64.1,86,198,103,#56C667
93,65,,,,,,,
93,66,,,,,,,
93,67,,,,,,,
93,68,,,,,,,
93,69,,,,,,,
93,70,,,,,,,
93,71,,,,,,,
93,72,,,,,,,
93,73,,,,,,,
93,74,,,,,,,
93,75,,,,,,,
93,76,,,,,,,
93,77,,,,,,,
93,78,,,,,,,
93,79,,,,,,,
93,80,,,,,,,
93,81,,,,,,,
93,82,,,,,,,
93,83,,,,,,,
93,84,,,,,,,
93,85,,,,,,,
93,86,,,,,,,
93,87,,,,,,,
93,88,,,,,,,
93,89,,,,,,,
93,90,,,,,,,
93,91,,,,,,,
93,92,,,,,,,
93,93,,,,,,,
94,0,,,,,,,
94,1,,,,,,,
94,2,,,,,,,
94,3,,,,,,,
94,4,,,,,,,
94,5,,,,,,,
94,6,,,,,,,
94,7,,,,,,,
94,8,,,,,,,
94,9,,,,,,,
94,10,,,,,,,
94,11,,,,,,,
94,12,,,,,,,
94,13,,,,,,,
94,14,,,,,,,
94,15,,,,,,,
94,16,,,,,,,
94,17,,,,,,,
94,18,,,,,,,
94,19,,,,,,,
94,20,,,,,,,
94,21,,,,,,,
94,22,,,,,,,
94,23,,,,,,,
94,24,,,,,,,
94,25,,,,,,,
94,26,,,,,,,
94,27,,,,,,,
94,28,,,,,,,
94,29,,,,,,,
94,30,,,,,,,
94,31,,,,,,,
94,32,,,,,,,
94,33,,,,,,,
94,34,,,,,,,
94,35,,,,,,,
94,36,,,,,,,
94,37,-1.16,0.3960,20.0,42,119,142,#2A778E
94,38,-1.16,0.3960,20.0,42,119,142,#2A778E
94,39,,,,,,,
94,40,,,,,,,
94,41,,,,,,,
94,42,,,,,,,
94,43,,,,,,,
94,44,,,,,,,
94,45,,,,,,,
94,46,,,,,,,
94,47,4.09,0.7948,71.9,119,209,83,#77D153
94,48,5.16,0.8761,82.5,173,220,48,#ADDC30
94,49,4.88,0.8548,79.8,157,217,59,#9DD93B
94,50,4.93,0.8586,80.3,160,218,57,#A0DA39
94,51,4.74,0.8442,78.4,152,216,62,#98D83E
94,52,4.84,0.8518,79.4,157,217,59,#9DD93B
94,53,4.93,0.8586,80.3,160,218,57,#A0DA39
94,54,5.58,0.9080,86.7,194,223,35,#C2DF23
94,55,5.63,0.9118,87.2,197,224,33,#C5E021
94,56,3.49,0.7492,66.0,92,200,99,#5CC863
94,57,3.44,0.7454,65.5,90,200,100,#5AC864
94,58,4.37,0.8161,74.7,132,212,75,#84D44B
94,59,3.72,0.7667,68.3,103,204,92,#67CC5C
94,60,3.67,0.7629,67.8,101,203,94,#65CB5E
94,61,3.4,0.7424,65.1,90,200,100,#5AC864
94,62,3.4,0.7424,65.1,90,200,100,#5AC864
94,63,3.4,0.7424,65.1,90,200,100,#5AC864
94,64,3.4,0.7424,65.1,90,200,100,#5AC864
94,65,3.4,0.7424,65.1,90,200,100,#5AC864
94,66,,,,,,,
94,67,,,,,,,
94,68,,,,,,,
94,69,,,,,,,
94,70,,,,,,,
94,71,,,,,,,
94,72,,,,,,,
94,73,,,,,,,
94,74,,,,,,,
94,75,,,,,,,
94,76,,,,,,,
94,77,,,,,,,
94,78,,,,,,,
94,79,,,,,,,
94,80,,,,,,,
94,81,,,,,,,
94,82,,,,,,,
94,83,,,,,,,
94,84,,,,,,,
94,85,,,,,,,
94,86,,,,,,,
94,87,,,,,,,
94,88,,,,,,,
94,89,,,,,,,
94,90,,,,,,,
94,91,,,,,,,
94,92,,,,,,,
94,93,,,,,,,
95,0,,,,,,,
95,1,,,,,,,
95,2,,,,,,,
95,3,,,,,,,
95,4,,,,,,,
95,5,,,,,,,
95,6,,,,,,,
95,7,,,,,,,
95,8,,,,,,,
95,9,,,,,,,
95,10,,,,,,,
95,11,,,,,,,
95,12,,,,,,,
95,13,,,,,,,
95,14,,,,,,,
95,15,,,,,,,
95,16,,,,,,,
95,17,,,,,,,
95,18,,,,,,,
95,19,,,,,,,
95,20,,,,,,,
95,21,,,,,,,
95,22,,,,,,,
95,23,,,,,,,
95,24,,,,,,,
95,25,,,,,,,
95,26,,,,,,,
95,27,,,,,,,
95,28,,,,,,,
95,29,,,,,,,
95,30,,,,,,,
95,31,,,,,,,
95,32,,,,,,,
95,33,,,,,,,
95,34,-1.16,0.3960,20.0,42,119,142,#2A778E
95,35,,,,,,,
95,36,,,,,,,
95,37,,,,,,,
95,38,nan,nan,nan,0,0,0,#000000
95,39,,,,,,,
95,40,,,,,,,
95,41,,,,,,,
95,42,,,,,,,
95,43,,,,,,,
95,44,,,,,,,
95,45,,,,,,,
95,46,,,,,,,
95,47,5.16,0.8761,82.5,173,220,48,#ADDC30
95,48,4.88,0.8548,79.8,157,217,59,#9DD93B
95,49,4.93,0.8586,80.3,160,218,57,#A0DA39
95,50,4.74,0.8442,78.4,152,216,62,#98D83E
95,51,4.98,0.8624,80.7,162,218,55,#A2DA37
95,52,4.65,0.8374,77.5,147,215,65,#93D741
95,53,5.72,0.9187,88.1,202,225,31,#CAE11F
95,54,5.67,0.9149,87.6,200,224,32,#C8E020
95,55,5.26,0.8837,83.5,178,221,45,#B2DD2D
95,56,5.58,0.9080,86.7,194,223,35,#C2DF23
95,57,4.37,0.8161,74.7,132,212,75,#84D44B
95,58,4.37,0.8161,74.7,132,212,75,#84D44B
95,59,4.37,0.8161,74.7,132,212,75,#84D44B
95,60,4.42,0.8199,75.2,134,213,73,#86D549
95,61,5.91,0.9331,90.0,210,226,27,#D2E21B
95,62,3.16,0.7242,62.7,80,196,106,#50C46A
95,63,3.4,0.7424,65.1,90,200,100,#5AC864
95,64,3.4,0.7424,65.1,90,200,100,#5AC864
95,65,3.4,0.7424,65.1,90,200,100,#5AC864
95,66,,,,,,,
95,67,,,,,,,
95,68,,,,,,,
95,69,,,,,,,
95,70,,,,,,,
95,71,,,,,,,
95,72,,,,,,,
95,73,,,,,,,
95,74,,,,,,,
95,75,,,,,,,
95,76,,,,,,,
95,77,,,,,,,
95,78,,,,,,,
95,79,,,,,,,
95,80,,,,,,,
95,81,,,,,,,
95,82,,,,,,,
95,83,,,,,,,
95,84,,,,,,,
95,85,,,,,,,
95,86,,,,,,,
95,87,,,,,,,
95,88,,,,,,,
95,89,,,,,,,
95,90,,,,,,,
95,91,,,,,,,
95,92,,,,,,,
95,93,,,,,,,
96,0,,,,,,,
96,1,,,,,,,
96,2,,,,,,,
96,3,,,,,,,
96,4,,,,,,,
96,5,,,,,,,
96,6,,,,,,,
96,7,,,,,,,
96,8,,,,,,,
96,9,,,,,,,
96,10,,,,,,,
96,11,,,,,,,
96,12,,,,,,,
96,13,,,,,,,
96,14,,,,,,,
96,15,,,,,,,
96,16,,,,,,,
96,17,,,,,,,
96,18,,,,,,,
96,19,,,,,,,
96,20,,,,,,,
96,21,,,,,,,
96,22,,,,,,,
96,23,,,,,,,
96,24,,,,,,,
96,25,,,,,,,
96,26,,,,,,,
96,27,,,,,,,
96,28,,,,,,,
96,29,,,,,,,
96,30,,,,,,,
96,31,,,,,,,
96,32,,,,,,,
96,33,,,,,,,
96,34,,,,,,,
96,35,,,,,,,
96,36,,,,,,,
96,37,,,,,,,
96,38,,,,,,,
96,39,,,,,,,
96,40,,,,,,,
96,41,,,,,,,
96,42,,,,,,,
96,43,,,,,,,
96,44,,,,,,,
96,45,,,,,,,
96,46,5.16,0.8761,82.5,173,220,48,#ADDC30
96,47,4.88,0.8548,79.8,157,217,59,#9DD93B
96,48,4.93,0.8586,80.3,160,218,57,#A0DA39
96,49,4.74,0.8442,78.4,152,216,62,#98D83E
96,50,4.98,0.8624,80.7,162,218,55,#A2DA37
96,51,4.65,0.8374,77.5,147,215,65,#93D741
96,52,4.84,0.8518,79.4,157,217,59,#9DD93B
96,53,5.67,0.9149,87.6,200,224,32,#C8E020
96,54,5.35,0.8905,84.4,181,222,43,#B5DE2B
96,55,5.35,0.8905,84.4,181,222,43,#B5DE2B
96,56,5.26,0.8837,83.5,178,221,45,#B2DD2D
96,57,4.37,0.8161,74.7,132,212,75,#84D44B
96,58,4.37,0.8161,74.7,132,212,75,#84D44B
96,59,4.37,0.8161,74.7,132,212,75,#84D44B
96,60,5.44,0.8974,85.3,186,222,40,#BADE28
96,61,5.95,0.9361,90.4,213,226,26,#D5E21A
96,62,5.91,0.9331,90.0,210,226,27,#D2E21B
96,63,6.19,0.9544,92.7,226,228,24,#E2E418
96,64,4.05,0.7918,71.5,117,208,84,#75D054
96,65,3.67,0.7629,67.8,101,203,94,#65CB5E
96,66,3.72,0.7667,68.3,103,204,92,#67CC5C
96,67,,,,,,,
96,68,,,,,,,
96,69,,,,,,,
96,70,,,,,,,
96,71,,,,,,,
96,72,,,,,,,
96,73,,,,,,,
96,74,,,,,,,
96,75,,,,,,,
96,76,,,,,,,
96,77,,,,,,,
96,78,,,,,,,
96,79,,,,,,,
96,80,,,,,,,
96,81,,,,,,,
96,82,,,,,,,
96,83,,,,,,,
96,84,,,,,,,
96,85,,,,,,,
96,86,,,,,,,
96,87,,,,,,,
96,88,,,,,,,
96,89,,,,,,,
96,90,,,,,,,
96,91,,,,,,,
96,92,,,,,,,
96,93,,,,,,,
97,0,,,,,,,
97,1,,,,,,,
97,2,,,,,,,
97,3,,,,,,,
97,4,,,,,,,
97,5,,,,,,,
97,6,,,,,,,
97,7,,,,,,,
97,8,,,,,,,
97,9,,,,,,,
97,10,,,,,,,
97,11,,,,,,,
97,12,,,,,,,
97,13,,,,,,,
97,14,,,,,,,
97,15,,,,,,,
97,16,,,,,,,
97,17,,,,,,,
97,18,,,,,,,
97,19,,,,,,,
97,20,,,,,,,
97,21,,,,,,,
97,22,,,,,,,
97,23,,,,,,,
97,24,,,,,,,
97,25,,,,,,,
97,26,,,,,,,
97,27,,,,,,,
97,28,,,,,,,
97,29,,,,,,,
97,30,,,,,,,
97,31,,,,,,,
97,32,,,,,,,
97,33,,,,,,,
97,34,,,,,,,
97,35,,,,,,,
97,36,,,,,,,
97,37,,,,,,,
97,38,,,,,,,
97,39,,,,,,,
97,40,,,,,,,
97,41,,,,,,,
97,42,,,,,,,
97,43,,,,,,,
97,44,,,,,,,
97,45,,,,,,,
97,46,4.88,0.8548,79.8,157,217,59,#9DD93B
97,47,4.93,0.8586,80.3,160,218,57,#A0DA39
97,48,4.74,0.8442,78.4,152,216,62,#98D83E
97,49,4.98,0.8624,80.7,162,218,55,#A2DA37
97,50,4.65,0.8374,77.5,147,215,65,#93D741
97,51,4.84,0.8518,79.4,157,217,59,#9DD93B
97,52,4.19,0.8024,72.9,124,210,80,#7CD250
97,53,4.19,0.8024,72.9,124,210,80,#7CD250
97,54,5.58,0.9080,86.7,194,223,35,#C2DF23
97,55,5.49,0.9012,85.8,189,223,38,#BDDF26
97,56,5.3,0.8867,83.9,181,222,43,#B5DE2B
97,57,5.4,0.8943,84.9,184,222,41,#B8DE29
97,58,5.44,0.8974,85.3,186,222,40,#BADE28
97,59,5.35,0.8905,84.4,181,222,43,#B5DE2B
97,60,5.4,0.8943,84.9,184,222,41,#B8DE29
97,61,5.35,0.8905,84.4,181,222,43,#B5DE2B
97,62,5.91,0.9331,90.0,210,226,27,#D2E21B
97,63,5.91,0.9331,90.0,210,226,27,#D2E21B
97,64,4.0,0.7880,71.1,115,208,86,#73D056
97,65,4.0,0.7880,71.1,115,208,86,#73D056
97,66,3.72,0.7667,68.3,103,204,92,#67CC5C
97,67,3.72,0.7667,68.3,103,204,92,#67CC5C
97,68,3.72,0.7667,68.3,103,204,92,#67CC5C
97,69,3.95,0.7842,70.6,112,207,87,#70CF57
97,70,,,,,,,
97,71,,,,,,,
97,72,,,,,,,
97,73,,,,,,,
97,74,,,,,,,
97,75,,,,,,,
97,76,,,,,,,
97,77,,,,,,,
97,78,,,,,,,
97,79,,,,,,,
97,80,,,,,,,
97,81,,,,,,,
97,82,,,,,,,
97,83,,,,,,,
97,84,,,,,,,
97,85,,,,,,,
97,86,,,,,,,
97,87,,,,,,,
97,88,,,,,,,
97,89,,,,,,,
97,90,,,,,,,
97,91,,,,,,,
97,92,,,,,,,
97,93,,,,,,,
98,0,,,,,,,
98,1,,,,,,,
98,2,,,,,,,
98,3,,,,,,,
98,4,,,,,,,
98,5,,,,,,,
98,6,,,,,,,
98,7,,,,,,,
98,8,,,,,,,
98,9,,,,,,,
98,10,,,,,,,
98,11,,,,,,,
98,12,,,,,,,
98,13,,,,,,,
98,14,,,,,,,
98,15,,,,,,,
98,16,,,,,,,
98,17,,,,,,,
98,18,,,,,,,
98,19,,,,,,,
98,20,,,,,,,
98,21,,,,,,,
98,22,,,,,,,
98,23,,,,,,,
98,24,,,,,,,
98,25,,,,,,,
98,26,,,,,,,
98,27,,,,,,,
98,28,,,,,,,
98,29,,,,,,,
98,30,,,,,,,
98,31,,,,,,,
98,32,,,,,,,
98,33,,,,,,,
98,34,,,,,,,
98,35,,,,,,,
98,36,,,,,,,
98,37,,,,,,,
98,38,,,,,,,
98,39,,,,,,,
98,40,,,,,,,
98,41,,,,,,,
98,42,,,,,,,
98,43,,,,,,,
98,44,,,,,,,
98,45,,,,,,,
98,46,4.93,0.8586,80.3,160,218,57,#A0DA39
98,47,4.74,0.8442,78.4,152,216,62,#98D83E
98,48,4.98,0.8624,80.7,162,218,55,#A2DA37
98,49,4.65,0.8374,77.5,147,215,65,#93D741
98,50,4.84,0.8518,79.4,157,217,59,#9DD93B
98,51,4.19,0.8024,72.9,124,210,80,#7CD250
98,52,4.19,0.8024,72.9,124,210,80,#7CD250
98,53,4.19,0.8024,72.9,124,210,80,#7CD250
98,54,5.16,0.8761,82.5,173,220,48,#ADDC30
98,55,5.16,0.8761,82.5,173,220,48,#ADDC30
98,56,4.84,0.8518,79.4,157,217,59,#9DD93B
98,57,5.35,0.8905,84.4,181,222,43,#B5DE2B
98,58,5.35,0.8905,84.4,181,222,43,#B5DE2B
98,59,5.4,0.8943,84.9,184,222,41,#B8DE29
98,60,5.35,0.8905,84.4,181,222,43,#B5DE2B
98,61,5.35,0.8905,84.4,181,222,43,#B5DE2B
98,62,5.91,0.9331,90.0,210,226,27,#D2E21B
98,63,5.91,0.9331,90.0,210,226,27,#D2E21B
98,64,5.95,0.9361,90.4,213,226,26,#D5E21A
98,65,4.0,0.7880,71.1,115,208,86,#73D056
98,66,4.05,0.7918,71.5,117,208,84,#75D054
98,67,3.91,0.7811,70.2,110,206,88,#6ECE58
98,68,3.21,0.7280,63.2,82,197,105,#52C569
98,69,3.95,0.7842,70.6,112,207,87,#70CF57
98,70,4.0,0.7880,71.1,115,208,86,#73D056
98,71,,,,,,,
98,72,,,,,,,
98,73,,,,,,,
98,74,,,,,,,
98,75,,,,,,,
98,76,,,,,,,
98,77,,,,,,,
98,78,,,,,,,
98,79,,,,,,,
98,80,,,,,,,
98,81,,,,,,,
98,82,,,,,,,
98,83,,,,,,,
98,84,,,,,,,
98,85,,,,,,,
98,86,,,,,,,
98,87,,,,,,,
98,88,,,,,,,
98,89,,,,,,,
98,90,,,,,,,
98,91,,,,,,,
98,92,,,,,,,
98,93,,,,,,,
99,0,,,,,,,
99,1,,,,,,,
99,2,,,,,,,
99,3,,,,,,,
99,4,,,,,,,
99,5,,,,,,,
99,6,,,,,,,
99,7,,,,,,,
99,8,,,,,,,
99,9,,,,,,,
99,10,,,,,,,
99,11,,,,,,,
99,12,,,,,,,
99,13,,,,,,,
99,14,,,,,,,
99,15,,,,,,,
99,16,,,,,,,
99,17,,,,,,,
99,18,,,,,,,
99,19,,,,,,,
99,20,,,,,,,
99,21,,,,,,,
99,22,,,,,,,
99,23,,,,,,,
99,24,,,,,,,
99,25,,,,,,,
99,26,,,,,,,
99,27,,,,,,,
99,28,,,,,,,
99,29,,,,,,,
99,30,,,,,,,
99,31,,,,,,,
99,32,,,,,,,
99,33,,,,,,,
99,34,,,,,,,
99,35,,,,,,,
99,36,,,,,,,
99,37,,,,,,,
99,38,,,,,,,
99,39,,,,,,,
99,40,,,,,,,
99,41,,,,,,,
99,42,,,,,,,
99,43,,,,,,,
99,44,,,,,,,
99,45,,,,,,,
99,46,4.74,0.8442,78.4,152,216,62,#98D83E
99,47,4.98,0.8624,80.7,162,218,55,#A2DA37
99,48,4.65,0.8374,77.5,147,215,65,#93D741
99,49,4.84,0.8518,79.4,157,217,59,#9DD93B
99,50,4.19,0.8024,72.9,124,210,80,#7CD250
99,51,5.35,0.8905,84.4,181,222,43,#B5DE2B
99,52,6.42,0.9718,95.0,236,229,27,#ECE51B
99,53,6.42,0.9718,95.0,236,229,27,#ECE51B
99,54,5.16,0.8761,82.5,173,220,48,#ADDC30
99,55,5.4,0.8943,84.9,184,222,41,#B8DE29
99,56,5.35,0.8905,84.4,181,222,43,#B5DE2B
99,57,5.35,0.8905,84.4,181,222,43,#B5DE2B
99,58,6.37,0.9680,94.5,234,229,26,#EAE51A
99,59,6.42,0.9718,95.0,236,229,27,#ECE51B
99,60,5.95,0.9361,90.4,213,226,26,#D5E21A
99,61,5.91,0.9331,90.0,210,226,27,#D2E21B
99,62,5.91,0.9331,90.0,210,226,27,#D2E21B
99,63,5.91,0.9331,90.0,210,226,27,#D2E21B
99,64,6.0,0.9399,90.8,216,226,25,#D8E219
99,65,4.0,0.7880,71.1,115,208,86,#73D056
99,66,4.0,0.7880,71.1,115,208,86,#73D056
99,67,4.0,0.7880,71.1,115,208,86,#73D056
99,68,3.02,0.7135,61.4,74,193,109,#4AC16D
99,69,4.09,0.7948,71.9,119,209,83,#77D153
99,70,4.37,0.8161,74.7,132,212,75,#84D44B
99,71,4.65,0.8374,77.5,147,215,65,#93D741
99,72,,,,,,,
99,73,,,,,,,
99,74,,,,,,,
99,75,,,,,,,
99,76,,,,,,,
99,77,,,,,,,
99,78,,,,,,,
99,79,,,,,,,
99,80,,,,,,,
99,81,,,,,,,
99,82,,,,,,,
99,83,,,,,,,
99,84,,,,,,,
99,85,,,,,,,
99,86,,,,,,,
99,87,,,,,,,
99,88,,,,,,,
99,89,,,,,,,
99,90,,,,,,,
99,91,,,,,,,
99,92,,,,,,,
99,93,,,,,,,
100,0,,,,,,,
100,1,,,,,,,
100,2,,,,,,,
100,3,,,,,,,
100,4,,,,,,,
100,5,,,,,,,
100,6,,,,,,,
100,7,,,,,,,
100,8,,,,,,,
100,9,,,,,,,
100,10,,,,,,,
100,11,,,,,,,
100,12,,,,,,,
100,13,,,,,,,
100,14,,,,,,,
100,15,,,,,,,
100,16,,,,,,,
100,17,,,,,,,
100,18,,,,,,,
100,19,,,,,,,
100,20,,,,,,,
100,21,,,,,,,
100,22,,,,,,,
100,23,,,,,,,
100,24,,,,,,,
100,25,,,,,,,
100,26,,,,,,,
100,27,,,,,,,
100,28,,,,,,,
100,29,,,,,,,
100,30,,,,,,,
100,31,,,,,,,
100,32,,,,,,,
100,33,,,,,,,
100,34,,,,,,,
100,35,,,,,,,
100,36,,,,,,,
100,37,,,,,,,
100,38,,,,,,,
100,39,,,,,,,
100,40,,,,,,,
100,41,,,,,,,
100,42,,,,,,,
100,43,,,,,,,
100,44,,,,,,,
100,45,,,,,,,
100,46,,,,,,,
100,47,4.65,0.8374,77.5,147,215,65,#93D741
100,48,4.84,0.8518,79.4,157,217,59,#9DD93B
100,49,4.19,0.8024,72.9,124,210,80,#7CD250
100,50,4.79,0.8480,78.9,155,217,60,#9BD93C
100,51,5.35,0.8905,84.4,181,222,43,#B5DE2B
100,52,5.35,0.8905,84.4,181,222,43,#B5DE2B
100,53,6.42,0.9718,95.0,236,229,27,#ECE51B
100,54,6.42,0.9718,95.0,236,229,27,#ECE51B
100,55,5.4,0.8943,84.9,184,222,41,#B8DE29
100,56,6.28,0.9612,93.6,231,228,25,#E7E419
100,57,5.4,0.8943,84.9,184,222,41,#B8DE29
100,58,6.42,0.9718,95.0,236,229,27,#ECE51B
100,59,6.42,0.9718,95.0,236,229,27,#ECE51B
100,60,6.56,0.9825,96.4,244,230,30,#F4E61E
100,61,5.91,0.9331,90.0,210,226,27,#D2E21B
100,62,5.91,0.9331,90.0,210,226,27,#D2E21B
100,63,5.86,0.9293,89.5,208,225,28,#D0E11C
100,64,6.05,0.9437,91.3,218,227,25,#DAE319
100,65,4.74,0.8442,78.4,152,216,62,#98D83E
100,66,4.0,0.7880,71.1,115,208,86,#73D056
100,67,2.51,0.6748,56.3,56,185,119,#38B977
100,68,3.91,0.7811,70.2,110,206,88,#6ECE58
100,69,4.09,0.7948,71.9,119,209,83,#77D153
100,70,4.0,0.7880,71.1,115,208,86,#73D056
100,71,4.6,0.8336,77.0,144,215,67,#90D743
100,72,5.4,0.8943,84.9,184,222,41,#B8DE29
100,73,,,,,,,
100,74,,,,,,,
100,75,,,,,,,
100,76,,,,,,,
100,77,,,,,,,
100,78,,,,,,,
100,79,,,,,,,
100,80,,,,,,,
100,81,,,,,,,
100,82,,,,,,,
100,83,,,,,,,
100,84,,,,,,,
100,85,,,,,,,
100,86,,,,,,,
100,87,,,,,,,
100,88,,,,,,,
100,89,,,,,,,
100,90,,,,,,,
100,91,,,,,,,
100,92,,,,,,,
100,93,,,,,,,
101,0,,,,,,,
101,1,,,,,,,
101,2,,,,,,,
101,3,,,,,,,
101,4,,,,,,,
101,5,,,,,,,
101,6,,,,,,,
101,7,,,,,,,
101,8,,,,,,,
101,9,,,,,,,
101,10,,,,,,,
101,11,,,,,,,
101,12,,,,,,,
101,13,,,,,,,
101,14,,,,,,,
101,15,,,,,,,
101,16,,,,,,,
101,17,,,,,,,
101,18,,,,,,,
101,19,,,,,,,
101,20,,,,,,,
101,21,,,,,,,
101,22,,,,,,,
101,23,,,,,,,
101,24,,,,,,,
101,25,,,,,,,
101,26,,,,,,,
101,27,,,,,,,
101,28,,,,,,,
101,29,,,,,,,
101,30,,,,,,,
101,31,,,,,,,
101,32,,,,,,,
101,33,,,,,,,
101,34,,,,,,,
101,35,,,,,,,
101,36,,,,,,,
101,37,,,,,,,
101,38,,,,,,,
101,39,,,,,,,
101,40,,,,,,,
101,41,,,,,,,
101,42,,,,,,,
101,43,,,,,,,
101,44,,,,,,,
101,45,,,,,,,
101,46,,,,,,,
101,47,4.84,0.8518,79.4,157,217,59,#9DD93B
101,48,4.19,0.8024,72.9,124,210,80,#7CD250
101,49,4.79,0.8480,78.9,155,217,60,#9BD93C
101,50,4.79,0.8480,78.9,155,217,60,#9BD93C
101,51,4.79,0.8480,78.9,155,217,60,#9BD93C
101,52,5.35,0.8905,84.4,181,222,43,#B5DE2B
101,53,5.35,0.8905,84.4,181,222,43,#B5DE2B
101,54,6.28,0.9612,93.6,231,228,25,#E7E419
101,55,6.28,0.9612,93.6,231,228,25,#E7E419
101,56,6.28,0.9612,93.6,231,228,25,#E7E419
101,57,6.28,0.9612,93.6,231,228,25,#E7E419
101,58,6.42,0.9718,95.0,236,229,27,#ECE51B
101,59,6.42,0.9718,95.0,236,229,27,#ECE51B
101,60,6.42,0.9718,95.0,236,229,27,#ECE51B
101,61,5.95,0.9361,90.4,213,226,26,#D5E21A
101,62,6.05,0.9437,91.3,218,227,25,#DAE319
101,63,6.19,0.9544,92.7,226,228,24,#E2E418
101,64,6.05,0.9437,91.3,218,227,25,#DAE319
101,65,4.84,0.8518,79.4,157,217,59,#9DD93B
101,66,4.93,0.8586,80.3,160,218,57,#A0DA39
101,67,3.86,0.7773,69.7,110,206,88,#6ECE58
101,68,3.91,0.7811,70.2,110,206,88,#6ECE58
101,69,4.05,0.7918,71.5,117,208,84,#75D054
101,70,4.74,0.8442,78.4,152,216,62,#98D83E
101,71,4.19,0.8024,72.9,124,210,80,#7CD250
101,72,5.3,0.8867,83.9,181,222,43,#B5DE2B
101,73,,,,,,,
101,74,,,,,,,
101,75,,,,,,,
101,76,,,,,,,
101,77,,,,,,,
101,78,,,,,,,
101,79,,,,,,,
101,80,,,,,,,
101,81,,,,,,,
101,82,,,,,,,
101,83,,,,,,,
101,84,,,,,,,
101,85,,,,,,,
101,86,,,,,,,
101,87,,,,,,,
101,88,,,,,,,
101,89,,,,,,,
101,90,,,,,,,
101,91,,,,,,,
101,92,,,,,,,
101,93,,,,,,,
102,0,,,,,,,
102,1,,,,,,,
102,2,,,,,,,
102,3,,,,,,,
102,4,,,,,,,
102,5,,,,,,,
102,6,,,,,,,
102,7,,,,,,,
102,8,,,,,,,
102,9,,,,,,,
102,10,,,,,,,
102,11,,,,,,,
102,12,,,,,,,
102,13,,,,,,,
102,14,,,,,,,
102,15,,,,,,,
102,16,,,,,,,
102,17,,,,,,,
102,18,,,,,,,
102,19,,,,,,,
102,20,,,,,,,
102,21,,,,,,,
102,22,,,,,,,
102,23,,,,,,,
102,24,,,,,,,
102,25,,,,,,,
102,26,,,,,,,
102,27,,,,,,,
102,28,,,,,,,
102,29,,,,,,,
102,30,,,,,,,
102,31,,,,,,,
102,32,,,,,,,
102,33,,,,,,,
102,34,,,,,,,
102,35,,,,,,,
102,36,,,,,,,
102,37,,,,,,,
102,38,,,,,,,
102,39,,,,,,,
102,40,,,,,,,
102,41,,,,,,,
102,42,,,,,,,
102,43,,,,,,,
102,44,,,,,,,
102,45,,,,,,,
102,46,,,,,,,
102,47,,,,,,,
102,48,4.79,0.8480,78.9,155,217,60,#9BD93C
102,49,4.79,0.8480,78.9,155,217,60,#9BD93C
102,50,4.79,0.8480,78.9,155,217,60,#9BD93C
102,51,4.79,0.8480,78.9,155,217,60,#9BD93C
102,52,4.79,0.8480,78.9,155,217,60,#9BD93C
102,53,4.79,0.8480,78.9,155,217,60,#9BD93C
102,54,5.12,0.8731,82.1,170,220,50,#AADC32
102,55,6.05,0.9437,91.3,218,227,25,#DAE319
102,56,6.28,0.9612,93.6,231,228,25,#E7E419
102,57,6.28,0.9612,93.6,231,228,25,#E7E419
102,58,6.42,0.9718,95.0,236,229,27,#ECE51B
102,59,6.42,0.9718,95.0,236,229,27,#ECE51B
102,60,6.0,0.9399,90.8,216,226,25,#D8E219
102,61,6.23,0.9574,93.1,229,228,25,#E5E419
102,62,6.56,0.9825,96.4,244,230,30,#F4E61E
102,63,6.05,0.9437,91.3,218,227,25,#DAE319
102,64,5.86,0.9293,89.5,208,225,28,#D0E11C
102,65,4.88,0.8548,79.8,157,217,59,#9DD93B
102,66,4.88,0.8548,79.8,157,217,59,#9DD93B
102,67,4.56,0.8305,76.6,142,214,69,#8ED645
102,68,4.42,0.8199,75.2,134,213,73,#86D549
102,69,5.12,0.8731,82.1,170,220,50,#AADC32
102,70,4.65,0.8374,77.5,147,215,65,#93D741
102,71,4.93,0.8586,80.3,160,218,57,#A0DA39
102,72,5.16,0.8761,82.5,173,220,48,#ADDC30
102,73,5.16,0.8761,82.5,173,220,48,#ADDC30
102,74,,,,,,,
102,75,,,,,,,
102,76,,,,,,,
102,77,,,,,,,
102,78,,,,,,,
102,79,,,,,,,
102,80,,,,,,,
102,81,,,,,,,
102,82,,,,,,,
102,83,,,,,,,
102,84,,,,,,,
102,85,,,,,,,
102,86,,,,,,,
102,87,,,,,,,
102,88,,,,,,,
102,89,,,,,,,
102,90,,,,,,,
102,91,,,,,,,
102,92,,,,,,,
102,93,,,,,,,
103,0,,,,,,,
103,1,,,,,,,
103,2,,,,,,,
103,3,,,,,,,
103,4,,,,,,,
103,5,,,,,,,
103,6,,,,,,,
103,7,,,,,,,
103,8,,,,,,,
103,9,,,,,,,
103,10,,,,,,,
103,11,,,,,,,
103,12,,,,,,,
103,13,,,,,,,
103,14,,,,,,,
103,15,,,,,,,
103,16,,,,,,,
103,17,,,,,,,
103,18,,,,,,,
103,19,,,,,,,
103,20,,,,,,,
103,21,,,,,,,
103,22,,,,,,,
103,23,,,,,,,
103,24,,,,,,,
103,25,,,,,,,
103,26,,,,,,,
103,27,,,,,,,
103,28,,,,,,,
103,29,,,,,,,
103,30,,,,,,,
103,31,,,,,,,
103,32,,,,,,,
103,33,,,,,,,
103,34,,,,,,,
103,35,,,,,,,
103,36,,,,,,,
103,37,,,,,,,
103,38,,,,,,,
103,39,,,,,,,
103,40,,,,,,,
103,41,,,,,,,
103,42,,,,,,,
103,43,,,,,,,
103,44,,,,,,,
103,45,,,,,,,
103,46,,,,,,,
103,47,,,,,,,
103,48,,,,,,,
103,49,4.79,0.8480,78.9,155,217,60,#9BD93C
103,50,,,,,,,
103,51,,,,,,,
103,52,,,,,,,
103,53,4.88,0.8548,79.8,157,217,59,#9DD93B
103,54,6.14,0.9506,92.2,223,227,24,#DFE318
103,55,6.14,0.9506,92.2,223,227,24,#DFE318
103,56,5.21,0.8799,83.0,176,221,47,#B0DD2F
103,57,5.95,0.9361,90.4,213,226,26,#D5E21A
103,58,5.86,0.9293,89.5,208,225,28,#D0E11C
103,59,6.37,0.9680,94.5,234,229,26,#EAE51A
103,60,6.42,0.9718,95.0,236,229,27,#ECE51B
103,61,6.28,0.9612,93.6,231,228,25,#E7E419
103,62,6.42,0.9718,95.0,236,229,27,#ECE51B
103,63,6.19,0.9544,92.7,226,228,24,#E2E418
103,64,5.58,0.9080,86.7,194,223,35,#C2DF23
103,65,4.88,0.8548,79.8,157,217,59,#9DD93B
103,66,4.56,0.8305,76.6,142,214,69,#8ED645
103,67,5.02,0.8655,81.1,165,219,54,#A5DB36
103,68,6.14,0.9506,92.2,223,227,24,#DFE318
103,69,5.12,0.8731,82.1,170,220,50,#AADC32
103,70,6.05,0.9437,91.3,218,227,25,#DAE319
103,71,5.86,0.9293,89.5,208,225,28,#D0E11C
103,72,6.0,0.9399,90.8,216,226,25,#D8E219
103,73,5.16,0.8761,82.5,173,220,48,#ADDC30
103,74,5.16,0.8761,82.5,173,220,48,#ADDC30
103,75,,,,,,,
103,76,,,,,,,
103,77,,,,,,,
103,78,,,,,,,
103,79,,,,,,,
103,80,,,,,,,
103,81,,,,,,,
103,82,,,,,,,
103,83,,,,,,,
103,84,,,,,,,
103,85,,,,,,,
103,86,,,,,,,
103,87,,,,,,,
103,88,,,,,,,
103,89,,,,,,,
103,90,,,,,,,
103,91,,,,,,,
103,92,,,,,,,
103,93,,,,,,,
104,0,,,,,,,
104,1,,,,,,,
104,2,,,,,,,
104,3,,,,,,,
104,4,,,,,,,
104,5,,,,,,,
104,6,,,,,,,
104,7,,,,,,,
104,8,,,,,,,
104,9,,,,,,,
104,10,,,,,,,
104,11,,,,,,,
104,12,,,,,,,
104,13,,,,,,,
104,14,,,,,,,
104,15,,,,,,,
104,16,,,,,,,
104,17,,,,,,,
104,18,,,,,,,
104,19,,,,,,,
104,20,,,,,,,
104,21,,,,,,,
104,22,,,,,,,
104,23,,,,,,,
104,24,,,,,,,
104,25,,,,,,,
104,26,,,,,,,
104,27,,,,,,,
104,28,,,,,,,
104,29,,,,,,,
104,30,,,,,,,
104,31,,,,,,,
104,32,,,,,,,
104,33,,,,,,,
104,34,,,,,,,
104,35,,,,,,,
104,36,,,,,,,
104,37,,,,,,,
104,38,,,,,,,
104,39,,,,,,,
104,40,,,,,,,
104,41,,,,,,,
104,42,,,,,,,
104,43,,,,,,,
104,44,,,,,,,
104,45,,,,,,,
104,46,,,,,,,
104,47,,,,,,,
104,48,,,,,,,
104,49,4.79,0.8480,78.9,155,217,60,#9BD93C
104,50,,,,,,,
104,51,,,,,,,
104,52,,,,,,,
104,53,5.07,0.8693,81.6,168,219,52,#A8DB34
104,54,6.14,0.9506,92.2,223,227,24,#DFE318
104,55,6.09,0.9468,91.7,221,227,24,#DDE318
104,56,5.91,0.9331,90.0,210,226,27,#D2E21B
104,57,5.91,0.9331,90.0,210,226,27,#D2E21B
104,58,5.86,0.9293,89.5,208,225,28,#D0E11C
104,59,6.47,0.9756,95.5,239,229,28,#EFE51C
104,60,6.23,0.9574,93.1,229,228,25,#E5E419
104,61,6.23,0.9574,93.1,229,228,25,#E5E419
104,62,6.42,0.9718,95.0,236,229,27,#ECE51B
104,63,6.47,0.9756,95.5,239,229,28,#EFE51C
104,64,6.23,0.9574,93.1,229,228,25,#E5E419
104,65,5.63,0.9118,87.2,197,224,33,#C5E021
104,66,5.4,0.8943,84.9,184,222,41,#B8DE29
104,67,6.65,0.9893,97.3,248,230,33,#F8E621
104,68,6.14,0.9506,92.2,223,227,24,#DFE318
104,69,6.14,0.9506,92.2,223,227,24,#DFE318
104,70,5.91,0.9331,90.0,210,226,27,#D2E21B
104,71,5.91,0.9331,90.0,210,226,27,#D2E21B
104,72,5.77,0.9225,88.6,205,225,29,#CDE11D
104,73,5.63,0.9118,87.2,197,224,33,#C5E021
104,74,5.26,0.8837,83.5,178,221,45,#B2DD2D
104,75,nan,nan,nan,0,0,0,#000000
104,76,,,,,,,
104,77,,,,,,,
104,78,,,,,,,
104,79,,,,,,,
104,80,,,,,,,
104,81,,,,,,,
104,82,,,,,,,
104,83,,,,,,,
104,84,,,,,,,
104,85,,,,,,,
104,86,,,,,,,
104,87,,,,,,,
104,88,,,,,,,
104,89,,,,,,,
104,90,,,,,,,
104,91,,,,,,,
104,92,,,,,,,
104,93,,,,,,,
105,0,,,,,,,
105,1,,,,,,,
105,2,,,,,,,
105,3,,,,,,,
105,4,,,,,,,
105,5,,,,,,,
105,6,,,,,,,
105,7,,,,,,,
105,8,,,,,,,
105,9,,,,,,,
105,10,,,,,,,
105,11,,,,,,,
105,12,,,,,,,
105,13,,,,,,,
105,14,,,,,,,
105,15,,,,,,,
105,16,,,,,,,
105,17,,,,,,,
105,18,,,,,,,
105,19,,,,,,,
105,20,,,,,,,
105,21,,,,,,,
105,22,,,,,,,
105,23,,,,,,,
105,24,,,,,,,
105,25,,,,,,,
105,26,,,,,,,
105,27,,,,,,,
105,28,,,,,,,
105,29,,,,,,,
105,30,,,,,,,
105,31,,,,,,,
105,32,,,,,,,
105,33,,,,,,,
105,34,,,,,,,
105,35,,,,,,,
105,36,,,,,,,
105,37,,,,,,,
105,38,,,,,,,
105,39,,,,,,,
105,40,,,,,,,
105,41,,,,,,,
105,42,,,,,,,
105,43,,,,,,,
105,44,,,,,,,
105,45,,,,,,,
105,46,,,,,,,
105,47,,,,,,,
105,48,,,,,,,
105,49,,,,,,,
105,50,,,,,,,
105,51,,,,,,,
105,52,5.58,0.9080,86.7,194,223,35,#C2DF23
105,53,5.72,0.9187,88.1,202,225,31,#CAE11F
105,54,6.14,0.9506,92.2,223,227,24,#DFE318
105,55,5.72,0.9187,88.1,202,225,31,#CAE11F
105,56,5.67,0.9149,87.6,200,224,32,#C8E020
105,57,6.6,0.9855,96.8,246,230,32,#F6E620
105,58,6.42,0.9718,95.0,236,229,27,#ECE51B
105,59,6.47,0.9756,95.5,239,229,28,#EFE51C
105,60,6.56,0.9825,96.4,244,230,30,#F4E61E
105,61,6.28,0.9612,93.6,231,228,25,#E7E419
105,62,6.28,0.9612,93.6,231,228,25,#E7E419
105,63,6.05,0.9437,91.3,218,227,25,#DAE319
105,64,6.28,0.9612,93.6,231,228,25,#E7E419
105,65,5.35,0.8905,84.4,181,222,43,#B5DE2B
105,66,6.74,0.9961,98.2,253,231,37,#FDE725
105,67,6.79,0.9999,98.7,253,231,37,#FDE725
105,68,6.65,0.9893,97.3,248,230,33,#F8E621
105,69,5.72,0.9187,88.1,202,225,31,#CAE11F
105,70,5.91,0.9331,90.0,210,226,27,#D2E21B
105,71,5.86,0.9293,89.5,208,225,28,#D0E11C
105,72,5.77,0.9225,88.6,205,225,29,#CDE11D
105,73,5.86,0.9293,89.5,208,225,28,#D0E11C
105,74,5.21,0.8799,83.0,176,221,47,#B0DD2F
105,75,,,,,,,
105,76,,,,,,,
105,77,,,,,,,
105,78,,,,,,,
105,79,,,,,,,
105,80,,,,,,,
105,81,,,,,,,
105,82,,,,,,,
105,83,,,,,,,
105,84,,,,,,,
105,85,,,,,,,
105,86,,,,,,,
105,87,,,,,,,
105,88,,,,,,,
105,89,,,,,,,
105,90,,,,,,,
105,91,,,,,,,
105,92,,,,,,,
105,93,,,,,,,
106,0,,,,,,,
106,1,,,,,,,
106,2,,,,,,,
106,3,,,,,,,
106,4,,,,,,,
106,5,,,,,,,
106,6,,,,,,,
106,7,,,,,,,
106,8,,,,,,,
106,9,,,,,,,
106,10,,,,,,,
106,11,,,,,,,
106,12,,,,,,,
106,13,,,,,,,
106,14,,,,,,,
106,15,,,,,,,
106,16,,,,,,,
106,17,,,,,,,
106,18,,,,,,,
106,19,,,,,,,
106,20,,,,,,,
106,21,,,,,,,
106,22,,,,,,,
106,23,,,,,,,
106,24,,,,,,,
106,25,,,,,,,
106,26,,,,,,,
106,27,,,,,,,
106,28,,,,,,,
106,29,,,,,,,
106,30,,,,,,,
106,31,,,,,,,
106,32,,,,,,,
106,33,,,,,,,
106,34,,,,,,,
106,35,,,,,,,
106,36,,,,,,,
106,37,,,,,,,
106,38,,,,,,,
106,39,,,,,,,
106,40,,,,,,,
106,41,,,,,,,
106,42,,,,,,,
106,43,,,,,,,
106,44,,,,,,,
106,45,,,,,,,
106,46,,,,,,,
106,47,,,,,,,
106,48,,,,,,,
106,49,,,,,,,
106,50,,,,,,,
106,51,,,,,,,
106,52,5.4,0.8943,84.9,184,222,41,#B8DE29
106,53,5.3,0.8867,83.9,181,222,43,#B5DE2B
106,54,5.77,0.9225,88.6,205,225,29,#CDE11D
106,55,5.95,0.9361,90.4,213,226,26,#D5E21A
106,56,6.42,0.9718,95.0,236,229,27,#ECE51B
106,57,6.7,0.9931,97.8,251,231,35,#FBE723
106,58,6.6,0.9855,96.8,246,230,32,#F6E620
106,59,6.6,0.9855,96.8,246,230,32,#F6E620
106,60,6.65,0.9893,97.3,248,230,33,#F8E621
106,61,6.56,0.9825,96.4,244,230,30,#F4E61E
106,62,6.23,0.9574,93.1,229,228,25,#E5E419
106,63,5.91,0.9331,90.0,210,226,27,#D2E21B
106,64,5.95,0.9361,90.4,213,226,26,#D5E21A
106,65,6.37,0.9680,94.5,234,229,26,#EAE51A
106,66,6.05,0.9437,91.3,218,227,25,#DAE319
106,67,6.42,0.9718,95.0,236,229,27,#ECE51B
106,68,6.6,0.9855,96.8,246,230,32,#F6E620
106,69,6.28,0.9612,93.6,231,228,25,#E7E419
106,70,5.77,0.9225,88.6,205,225,29,#CDE11D
106,71,5.95,0.9361,90.4,213,226,26,#D5E21A
106,72,5.77,0.9225,88.6,205,225,29,#CDE11D
106,73,5.95,0.9361,90.4,213,226,26,#D5E21A
106,74,5.53,0.9042,86.2,192,223,37,#C0DF25
106,75,,,,,,,
106,76,,,,,,,
106,77,,,,,,,
106,78,,,,,,,
106,79,,,,,,,
106,80,,,,,,,
106,81,,,,,,,
106,82,,,,,,,
106,83,,,,,,,
106,84,,,,,,,
106,85,,,,,,,
106,86,,,,,,,
106,87,,,,,,,
106,88,,,,,,,
106,89,,,,,,,
106,90,,,,,,,
106,91,,,,,,,
106,92,,,,,,,
106,93,,,,,,,
107,0,,,,,,,
107,1,,,,,,,
107,2,,,,,,,
107,3,,,,,,,
107,4,,,,,,,
107,5,,,,,,,
107,6,,,,,,,
107,7,,,,,,,
107,8,,,,,,,
107,9,,,,,,,
107,10,,,,,,,
107,11,,,,,,,
107,12,,,,,,,
107,13,,,,,,,
107,14,,,,,,,
107,15,,,,,,,
107,16,,,,,,,
107,17,,,,,,,
107,18,,,,,,,
107,19,,,,,,,
107,20,,,,,,,
107,21,,,,,,,
107,22,,,,,,,
107,23,,,,,,,
107,24,,,,,,,
107,25,,,,,,,
107,26,,,,,,,
107,27,,,,,,,
107,28,,,,,,,
107,29,,,,,,,
107,30,,,,,,,
107,31,,,,,,,
107,32,,,,,,,
107,33,,,,,,,
107,34,,,,,,,
107,35,,,,,,,
107,36,,,,,,,
107,37,,,,,,,
107,38,,,,,,,
107,39,,,,,,,
107,40,,,,,,,
107,41,,,,,,,
107,42,,,,,,,
107,43,,,,,,,
107,44,,,,,,,
107,45,,,,,,,
107,46,,,,,,,
107,47,,,,,,,
107,48,,,,,,,
107,49,,,,,,,
107,50,,,,,,,
107,51,4.65,0.8374,77.5,147,215,65,#93D741
107,52,4.65,0.8374,77.5,147,215,65,#93D741
107,53,5.35,0.8905,84.4,181,222,43,#B5DE2B
107,54,5.67,0.9149,87.6,200,224,32,#C8E020
107,55,6.28,0.9612,93.6,231,228,25,#E7E419
107,56,6.51,0.9787,95.9,241,229,29,#F1E51D
107,57,6.79,0.9999,98.7,253,231,37,#FDE725
107,58,6.56,0.9825,96.4,244,230,30,#F4E61E
107,59,6.6,0.9855,96.8,246,230,32,#F6E620
107,60,6.23,0.9574,93.1,229,228,25,#E5E419
107,61,6.47,0.9756,95.5,239,229,28,#EFE51C
107,62,6.6,0.9855,96.8,246,230,32,#F6E620
107,63,6.28,0.9612,93.6,231,228,25,#E7E419
107,64,6.6,0.9855,96.8,246,230,32,#F6E620
107,65,6.6,0.9855,96.8,246,230,32,#F6E620
107,66,6.74,0.9961,98.2,253,231,37,#FDE725
107,67,6.79,0.9999,98.7,253,231,37,#FDE725
107,68,6.79,0.9999,98.7,253,231,37,#FDE725
107,69,6.23,0.9574,93.1,229,228,25,#E5E419
107,70,5.16,0.8761,82.5,173,220,48,#ADDC30
107,71,5.16,0.8761,82.5,173,220,48,#ADDC30
107,72,5.53,0.9042,86.2,192,223,37,#C0DF25
107,73,5.53,0.9042,86.2,192,223,37,#C0DF25
107,74,5.53,0.9042,86.2,192,223,37,#C0DF25
107,75,nan,nan,nan,0,0,0,#000000
107,76,,,,,,,
107,77,,,,,,,
107,78,,,,,,,
107,79,,,,,,,
107,80,,,,,,,
107,81,,,,,,,
107,82,,,,,,,
107,83,,,,,,,
107,84,,,,,,,
107,85,,,,,,,
107,86,,,,,,,
107,87,,,,,,,
107,88,,,,,,,
107,89,,,,,,,
107,90,,,,,,,
107,91,,,,,,,
107,92,,,,,,,
107,93,,,,,,,
108,0,,,,,,,
108,1,,,,,,,
108,2,,,,,,,
108,3,,,,,,,
108,4,,,,,,,
108,5,,,,,,,
108,6,,,,,,,
108,7,,,,,,,
108,8,,,,,,,
108,9,,,,,,,
108,10,,,,,,,
108,11,,,,,,,
108,12,,,,,,,
108,13,,,,,,,
108,14,,,,,,,
108,15,,,,,,,
108,16,,,,,,,
108,17,,,,,,,
108,18,,,,,,,
108,19,,,,,,,
108,20,,,,,,,
108,21,,,,,,,
108,22,,,,,,,
108,23,,,,,,,
108,24,,,,,,,
108,25,,,,,,,
108,26,,,,,,,
108,27,,,,,,,
108,28,,,,,,,
108,29,,,,,,,
108,30,,,,,,,
108,31,,,,,,,
108,32,,,,,,,
108,33,,,,,,,
108,34,,,,,,,
108,35,,,,,,,
108,36,,,,,,,
108,37,,,,,,,
108,38,,,,,,,
108,39,,,,,,,
108,40,,,,,,,
108,41,,,,,,,
108,42,,,,,,,
108,43,,,,,,,
108,44,,,,,,,
108,45,,,,,,,
108,46,,,,,,,
108,47,,,,,,,
108,48,,,,,,,
108,49,,,,,,,
108,50,,,,,,,
108,51,4.65,0.8374,77.5,147,215,65,#93D741
108,52,4.47,0.8237,75.7,137,213,72,#89D548
108,53,5.16,0.8761,82.5,173,220,48,#ADDC30
108,54,5.49,0.9012,85.8,189,223,38,#BDDF26
108,55,6.09,0.9468,91.7,221,227,24,#DDE318
108,56,6.65,0.9893,97.3,248,230,33,#F8E621
108,57,6.23,0.9574,93.1,229,228,25,#E5E419
108,58,6.23,0.9574,93.1,229,228,25,#E5E419
108,59,5.67,0.9149,87.6,200,224,32,#C8E020
108,60,6.14,0.9506,92.2,223,227,24,#DFE318
108,61,6.14,0.9506,92.2,223,227,24,#DFE318
108,62,6.42,0.9718,95.0,236,229,27,#ECE51B
108,63,6.42,0.9718,95.0,236,229,27,#ECE51B
108,64,6.42,0.9718,95.0,236,229,27,#ECE51B
108,65,6.37,0.9680,94.5,234,229,26,#EAE51A
108,66,6.7,0.9931,97.8,251,231,35,#FBE723
108,67,6.74,0.9961,98.2,253,231,37,#FDE725
108,68,6.09,0.9468,91.7,221,227,24,#DDE318
108,69,6.23,0.9574,93.1,229,228,25,#E5E419
108,70,4.74,0.8442,78.4,152,216,62,#98D83E
108,71,5.16,0.8761,82.5,173,220,48,#ADDC30
108,72,5.58,0.9080,86.7,194,223,35,#C2DF23
108,73,5.53,0.9042,86.2,192,223,37,#C0DF25
108,74,5.49,0.9012,85.8,189,223,38,#BDDF26
108,75,5.91,0.9331,90.0,210,226,27,#D2E21B
108,76,,,,,,,
108,77,,,,,,,
108,78,,,,,,,
108,79,,,,,,,
108,80,,,,,,,
108,81,,,,,,,
108,82,,,,,,,
108,83,,,,,,,
108,84,,,,,,,
108,85,,,,,,,
108,86,,,,,,,
108,87,,,,,,,
108,88,,,,,,,
108,89,,,,,,,
108,90,,,,,,,
108,91,,,,,,,
108,92,,,,,,,
108,93,,,,,,,
109,0,,,,,,,
109,1,,,,,,,
109,2,,,,,,,
109,3,,,,,,,
109,4,,,,,,,
109,5,,,,,,,
109,6,,,,,,,
109,7,,,,,,,
109,8,,,,,,,
109,9,,,,,,,
109,10,,,,,,,
109,11,,,,,,,
109,12,,,,,,,
109,13,,,,,,,
109,14,,,,,,,
109,15,,,,,,,
109,16,,,,,,,
109,17,,,,,,,
109,18,,,,,,,
109,19,,,,,,,
109,20,,,,,,,
109,21,,,,,,,
109,22,,,,,,,
109,23,,,,,,,
109,24,,,,,,,
109,25,,,,,,,
109,26,,,,,,,
109,27,,,,,,,
109,28,,,,,,,
109,29,,,,,,,
109,30,,,,,,,
109,31,,,,,,,
109,32,,,,,,,
109,33,,,,,,,
109,34,,,,,,,
109,35,,,,,,,
109,36,,,,,,,
109,37,,,,,,,
109,38,,,,,,,
109,39,,,,,,,
109,40,,,,,,,
109,41,,,,,,,
109,42,,,,,,,
109,43,,,,,,,
109,44,,,,,,,
109,45,,,,,,,
109,46,,,,,,,
109,47,,,,,,,
109,48,,,,,,,
109,49,,,,,,,
109,50,,,,,,,
109,51,5.49,0.9012,85.8,189,223,38,#BDDF26
109,52,4.23,0.8055,73.3,127,211,78,#7FD34E
109,53,4.98,0.8624,80.7,162,218,55,#A2DA37
109,54,6.19,0.9544,92.7,226,228,24,#E2E418
109,55,6.56,0.9825,96.4,244,230,30,#F4E61E
109,56,6.79,0.9999,98.7,253,231,37,#FDE725
109,57,6.79,0.9999,98.7,253,231,37,#FDE725
109,58,6.23,0.9574,93.1,229,228,25,#E5E419
109,59,5.21,0.8799,83.0,176,221,47,#B0DD2F
109,60,5.72,0.9187,88.1,202,225,31,#CAE11F
109,61,5.91,0.9331,90.0,210,226,27,#D2E21B
109,62,6.51,0.9787,95.9,241,229,29,#F1E51D
109,63,6.6,0.9855,96.8,246,230,32,#F6E620
109,64,6.42,0.9718,95.0,236,229,27,#ECE51B
109,65,6.37,0.9680,94.5,234,229,26,#EAE51A
109,66,6.79,0.9999,98.7,253,231,37,#FDE725
109,67,6.28,0.9612,93.6,231,228,25,#E7E419
109,68,6.05,0.9437,91.3,218,227,25,#DAE319
109,69,4.65,0.8374,77.5,147,215,65,#93D741
109,70,5.53,0.9042,86.2,192,223,37,#C0DF25
109,71,5.58,0.9080,86.7,194,223,35,#C2DF23
109,72,5.53,0.9042,86.2,192,223,37,#C0DF25
109,73,5.21,0.8799,83.0,176,221,47,#B0DD2F
109,74,6.05,0.9437,91.3,218,227,25,#DAE319
109,75,5.95,0.9361,90.4,213,226,26,#D5E21A
109,76,4.88,0.8548,79.8,157,217,59,#9DD93B
109,77,,,,,,,
109,78,,,,,,,
109,79,,,,,,,
109,80,,,,,,,
109,81,,,,,,,
109,82,,,,,,,
109,83,,,,,,,
109,84,,,,,,,
109,85,,,,,,,
109,86,,,,,,,
109,87,,,,,,,
109,88,,,,,,,
109,89,,,,,,,
109,90,,,,,,,
109,91,,,,,,,
109,92,,,,,,,
109,93,,,,,,,
110,0,,,,,,,
110,1,,,,,,,
110,2,,,,,,,
110,3,,,,,,,
110,4,,,,,,,
110,5,,,,,,,
110,6,,,,,,,
110,7,,,,,,,
110,8,,,,,,,
110,9,,,,,,,
110,10,,,,,,,
110,11,,,,,,,
110,12,,,,,,,
110,13,,,,,,,
110,14,,,,,,,
110,15,,,,,,,
110,16,,,,,,,
110,17,,,,,,,
110,18,,,,,,,
110,19,,,,,,,
110,20,,,,,,,
110,21,,,,,,,
110,22,,,,,,,
110,23,,,,,,,
110,24,,,,,,,
110,25,,,,,,,
110,26,,,,,,,
110,27,,,,,,,
110,28,,,,,,,
110,29,,,,,,,
110,30,,,,,,,
110,31,,,,,,,
110,32,,,,,,,
110,33,,,,,,,
110,34,,,,,,,
110,35,,,,,,,
110,36,,,,,,,
110,37,,,,,,,
110,38,,,,,,,
110,39,,,,,,,
110,40,,,,,,,
110,41,,,,,,,
110,42,,,,,,,
110,43,,,,,,,
110,44,,,,,,,
110,45,,,,,,,
110,46,,,,,,,
110,47,,,,,,,
110,48,,,,,,,
110,49,,,,,,,
110,50,,,,,,,
110,51,5.49,0.9012,85.8,189,223,38,#BDDF26
110,52,4.33,0.8131,74.3,132,212,75,#84D44B
110,53,4.98,0.8624,80.7,162,218,55,#A2DA37
110,54,5.86,0.9293,89.5,208,225,28,#D0E11C
110,55,6.56,0.9825,96.4,244,230,30,#F4E61E
110,56,6.14,0.9506,92.2,223,227,24,#DFE318
110,57,6.79,0.9999,98.7,253,231,37,#FDE725
110,58,5.95,0.9361,90.4,213,226,26,#D5E21A
110,59,5.35,0.8905,84.4,181,222,43,#B5DE2B
110,60,6.14,0.9506,92.2,223,227,24,#DFE318
110,61,6.51,0.9787,95.9,241,229,29,#F1E51D
110,62,6.6,0.9855,96.8,246,230,32,#F6E620
110,63,5.44,0.8974,85.3,186,222,40,#BADE28
110,64,5.3,0.8867,83.9,181,222,43,#B5DE2B
110,65,6.19,0.9544,92.7,226,228,24,#E2E418
110,66,5.86,0.9293,89.5,208,225,28,#D0E11C
110,67,6.14,0.9506,92.2,223,227,24,#DFE318
110,68,6.19,0.9544,92.7,226,228,24,#E2E418
110,69,5.72,0.9187,88.1,202,225,31,#CAE11F
110,70,5.67,0.9149,87.6,200,224,32,#C8E020
110,71,5.67,0.9149,87.6,200,224,32,#C8E020
110,72,5.16,0.8761,82.5,173,220,48,#ADDC30
110,73,,,,,,,
110,74,,,,,,,
110,75,4.65,0.8374,77.5,147,215,65,#93D741
110,76,5.72,0.9187,88.1,202,225,31,#CAE11F
110,77,,,,,,,
110,78,,,,,,,
110,79,,,,,,,
110,80,,,,,,,
110,81,,,,,,,
110,82,,,,,,,
110,83,,,,,,,
110,84,,,,,,,
110,85,,,,,,,
110,86,,,,,,,
110,87,,,,,,,
110,88,,,,,,,
110,89,,,,,,,
110,90,,,,,,,
110,91,,,,,,,
110,92,,,,,,,
110,93,,,,,,,
111,0,,,,,,,
111,1,,,,,,,
111,2,,,,,,,
111,3,,,,,,,
111,4,,,,,,,
111,5,,,,,,,
111,6,,,,,,,
111,7,,,,,,,
111,8,,,,,,,
111,9,,,,,,,
111,10,,,,,,,
111,11,,,,,,,
111,12,,,,,,,
111,13,,,,,,,
111,14,,,,,,,
111,15,,,,,,,
111,16,,,,,,,
111,17,,,,,,,
111,18,,,,,,,
111,19,,,,,,,
111,20,,,,,,,
111,21,,,,,,,
111,22,,,,,,,
111,23,,,,,,,
111,24,,,,,,,
111,25,,,,,,,
111,26,,,,,,,
111,27,,,,,,,
111,28,,,,,,,
111,29,,,,,,,
111,30,,,,,,,
111,31,,,,,,,
111,32,,,,,,,
111,33,,,,,,,
111,34,,,,,,,
111,35,,,,,,,
111,36,,,,,,,
111,37,,,,,,,
111,38,,,,,,,
111,39,,,,,,,
111,40,,,,,,,
111,41,,,,,,,
111,42,,,,,,,
111,43,,,,,,,
111,44,,,,,,,
111,45,,,,,,,
111,46,,,,,,,
111,47,,,,,,,
111,48,,,,,,,
111,49,,,,,,,
111,50,,,,,,,
111,51,5.07,0.8693,81.6,168,219,52,#A8DB34
111,52,5.21,0.8799,83.0,176,221,47,#B0DD2F
111,53,5.21,0.8799,83.0,176,221,47,#B0DD2F
111,54,6.19,0.9544,92.7,226,228,24,#E2E418
111,55,6.6,0.9855,96.8,246,230,32,#F6E620
111,56,6.51,0.9787,95.9,241,229,29,#F1E51D
111,57,5.91,0.9331,90.0,210,226,27,#D2E21B
111,58,5.49,0.9012,85.8,189,223,38,#BDDF26
111,59,5.49,0.9012,85.8,189,223,38,#BDDF26
111,60,5.63,0.9118,87.2,197,224,33,#C5E021
111,61,6.05,0.9437,91.3,218,227,25,#DAE319
111,62,5.4,0.8943,84.9,184,222,41,#B8DE29
111,63,5.35,0.8905,84.4,181,222,43,#B5DE2B
111,64,4.98,0.8624,80.7,162,218,55,#A2DA37
111,65,5.35,0.8905,84.4,181,222,43,#B5DE2B
111,66,5.07,0.8693,81.6,168,219,52,#A8DB34
111,67,5.95,0.9361,90.4,213,226,26,#D5E21A
111,68,6.09,0.9468,91.7,221,227,24,#DDE318
111,69,6.42,0.9718,95.0,236,229,27,#ECE51B
111,70,5.63,0.9118,87.2,197,224,33,#C5E021
111,71,5.67,0.9149,87.6,200,224,32,#C8E020
111,72,5.21,0.8799,83.0,176,221,47,#B0DD2F
111,73,5.16,0.8761,82.5,173,220,48,#ADDC30
111,74,4.7,0.8412,78.0,149,216,64,#95D840
111,75,,,,,,,
111,76,nan,nan,nan,0,0,0,#000000
111,77,nan,nan,nan,0,0,0,#000000
111,78,,,,,,,
111,79,,,,,,,
111,80,,,,,,,
111,81,,,,,,,
111,82,,,,,,,
111,83,,,,,,,
111,84,,,,,,,
111,85,,,,,,,
111,86,,,,,,,
111,87,,,,,,,
111,88,,,,,,,
111,89,,,,,,,
111,90,,,,,,,
111,91,,,,,,,
111,92,,,,,,,
111,93,,,,,,,
112,0,,,,,,,
112,1,,,,,,,
112,2,,,,,,,
112,3,,,,,,,
112,4,,,,,,,
112,5,,,,,,,
112,6,,,,,,,
112,7,,,,,,,
112,8,,,,,,,
112,9,,,,,,,
112,10,,,,,,,
112,11,,,,,,,
112,12,,,,,,,
112,13,,,,,,,
112,14,,,,,,,
112,15,,,,,,,
112,16,,,,,,,
112,17,,,,,,,
112,18,,,,,,,
112,19,,,,,,,
112,20,,,,,,,
112,21,,,,,,,
112,22,,,,,,,
112,23,,,,,,,
112,24,,,,,,,
112,25,,,,,,,
112,26,,,,,,,
112,27,,,,,,,
112,28,,,,,,,
112,29,,,,,,,
112,30,,,,,,,
112,31,,,,,,,
112,32,,,,,,,
112,33,,,,,,,
112,34,,,,,,,
112,35,,,,,,,
112,36,,,,,,,
112,37,,,,,,,
112,38,,,,,,,
112,39,,,,,,,
112,40,,,,,,,
112,41,,,,,,,
112,42,,,,,,,
112,43,,,,,,,
112,44,,,,,,,
112,45,,,,,,,
112,46,,,,,,,
112,47,,,,,,,
112,48,,,,,,,
112,49,,,,,,,
112,50,4.42,0.8199,75.2,134,213,73,#86D549
112,51,5.44,0.8974,85.3,186,222,40,#BADE28
112,52,5.72,0.9187,88.1,202,225,31,#CAE11F
112,53,5.95,0.9361,90.4,213,226,26,#D5E21A
112,54,6.28,0.9612,93.6,231,228,25,#E7E419
112,55,6.47,0.9756,95.5,239,229,28,#EFE51C
112,56,6.05,0.9437,91.3,218,227,25,#DAE319
112,57,5.72,0.9187,88.1,202,225,31,#CAE11F
112,58,5.72,0.9187,88.1,202,225,31,#CAE11F
112,59,5.4,0.8943,84.9,184,222,41,#B8DE29
112,60,5.4,0.8943,84.9,184,222,41,#B8DE29
112,61,5.67,0.9149,87.6,200,224,32,#C8E020
112,62,5.58,0.9080,86.7,194,223,35,#C2DF23
112,63,5.4,0.8943,84.9,184,222,41,#B8DE29
112,64,4.74,0.8442,78.4,152,216,62,#98D83E
112,65,4.51,0.8267,76.1,139,214,70,#8BD646
112,66,5.49,0.9012,85.8,189,223,38,#BDDF26
112,67,5.86,0.9293,89.5,208,225,28,#D0E11C
112,68,6.42,0.9718,95.0,236,229,27,#ECE51B
112,69,6.37,0.9680,94.5,234,229,26,#EAE51A
112,70,5.63,0.9118,87.2,197,224,33,#C5E021
112,71,5.77,0.9225,88.6,205,225,29,#CDE11D
112,72,5.21,0.8799,83.0,176,221,47,#B0DD2F
112,73,5.21,0.8799,83.0,176,221,47,#B0DD2F
112,74,4.65,0.8374,77.5,147,215,65,#93D741
112,75,4.7,0.8412,78.0,149,216,64,#95D840
112,76,,,,,,,
112,77,,,,,,,
112,78,,,,,,,
112,79,,,,,,,
112,80,,,,,,,
112,81,,,,,,,
112,82,,,,,,,
112,83,,,,,,,
112,84,,,,,,,
112,85,,,,,,,
112,86,,,,,,,
112,87,,,,,,,
112,88,,,,,,,
112,89,,,,,,,
112,90,,,,,,,
112,91,,,,,,,
112,92,,,,,,,
112,93,,,,,,,
113,0,,,,,,,
113,1,,,,,,,
113,2,,,,,,,
113,3,,,,,,,
113,4,,,,,,,
113,5,,,,,,,
113,6,,,,,,,
113,7,,,,,,,
113,8,,,,,,,
113,9,,,,,,,
113,10,,,,,,,
113,11,,,,,,,
113,12,,,,,,,
113,13,,,,,,,
113,14,,,,,,,
113,15,,,,,,,
113,16,,,,,,,
113,17,,,,,,,
113,18,,,,,,,
113,19,,,,,,,
113,20,,,,,,,
113,21,,,,,,,
113,22,,,,,,,
113,23,,,,,,,
113,24,,,,,,,
113,25,,,,,,,
113,26,,,,,,,
113,27,,,,,,,
113,28,,,,,,,
113,29,,,,,,,
113,30,,,,,,,
113,31,,,,,,,
113,32,,,,,,,
113,33,,,,,,,
113,34,,,,,,,
113,35,,,,,,,
113,36,,,,,,,
113,37,,,,,,,
113,38,,,,,,,
113,39,,,,,,,
113,40,,,,,,,
113,41,,,,,,,
113,42,,,,,,,
113,43,,,,,,,
113,44,,,,,,,
113,45,,,,,,,
113,46,,,,,,,
113,47,,,,,,,
113,48,,,,,,,
113,49,,,,,,,
113,50,4.33,0.8131,74.3,132,212,75,#84D44B
113,51,5.35,0.8905,84.4,181,222,43,#B5DE2B
113,52,5.72,0.9187,88.1,202,225,31,#CAE11F
113,53,5.95,0.9361,90.4,213,226,26,#D5E21A
113,54,5.67,0.9149,87.6,200,224,32,#C8E020
113,55,6.28,0.9612,93.6,231,228,25,#E7E419
113,56,6.05,0.9437,91.3,218,227,25,#DAE319
113,57,5.72,0.9187,88.1,202,225,31,#CAE11F
113,58,5.26,0.8837,83.5,178,221,45,#B2DD2D
113,59,5.26,0.8837,83.5,178,221,45,#B2DD2D
113,60,5.26,0.8837,83.5,178,221,45,#B2DD2D
113,61,5.58,0.9080,86.7,194,223,35,#C2DF23
113,62,5.58,0.9080,86.7,194,223,35,#C2DF23
113,63,5.58,0.9080,86.7,194,223,35,#C2DF23
113,64,4.84,0.8518,79.4,157,217,59,#9DD93B
113,65,5.3,0.8867,83.9,181,222,43,#B5DE2B
113,66,5.95,0.9361,90.4,213,226,26,#D5E21A
113,67,5.86,0.9293,89.5,208,225,28,#D0E11C
113,68,6.79,0.9999,98.7,253,231,37,#FDE725
113,69,6.7,0.9931,97.8,251,231,35,#FBE723
113,70,5.63,0.9118,87.2,197,224,33,#C5E021
113,71,5.63,0.9118,87.2,197,224,33,#C5E021
113,72,4.33,0.8131,74.3,132,212,75,#84D44B
113,73,4.33,0.8131,74.3,132,212,75,#84D44B
113,74,3.53,0.7523,66.4,94,201,98,#5EC962
113,75,3.26,0.7318,63.7,84,197,104,#54C568
113,76,4.7,0.8412,78.0,149,216,64,#95D840
113,77,nan,nan,nan,0,0,0,#000000
113,78,,,,,,,
113,79,,,,,,,
113,80,,,,,,,
113,81,,,,,,,
113,82,,,,,,,
113,83,,,,,,,
113,84,,,,,,,
113,85,,,,,,,
113,86,,,,,,,
113,87,,,,,,,
113,88,,,,,,,
113,89,,,,,,,
113,90,,,,,,,
113,91,,,,,,,
113,92,,,,,,,
113,93,,,,,,,
114,0,,,,,,,
114,1,,,,,,,
114,2,,,,,,,
114,3,,,,,,,
114,4,,,,,,,
114,5,,,,,,,
114,6,,,,,,,
114,7,,,,,,,
114,8,,,,,,,
114,9,,,,,,,
114,10,,,,,,,
114,11,,,,,,,
114,12,,,,,,,
114,13,,,,,,,
114,14,,,,,,,
114,15,,,,,,,
114,16,,,,,,,
114,17,,,,,,,
114,18,,,,,,,
114,19,,,,,,,
114,20,,,,,,,
114,21,,,,,,,
114,22,,,,,,,
114,23,,,,,,,
114,24,,,,,,,
114,25,,,,,,,
114,26,,,,,,,
114,27,,,,,,,
114,28,,,,,,,
114,29,,,,,,,
114,30,,,,,,,
114,31,,,,,,,
114,32,,,,,,,
114,33,,,,,,,
114,34,,,,,,,
114,35,,,,,,,
114,36,,,,,,,
114,37,,,,,,,
114,38,,,,,,,
114,39,,,,,,,
114,40,,,,,,,
114,41,,,,,,,
114,42,,,,,,,
114,43,,,,,,,
114,44,,,,,,,
114,45,,,,,,,
114,46,,,,,,,
114,47,,,,,,,
114,48,,,,,,,
114,49,,,,,,,
114,50,,,,,,,
114,51,5.49,0.9012,85.8,189,223,38,#BDDF26
114,52,5.07,0.8693,81.6,168,219,52,#A8DB34
114,53,5.58,0.9080,86.7,194,223,35,#C2DF23
114,54,6.09,0.9468,91.7,221,227,24,#DDE318
114,55,6.14,0.9506,92.2,223,227,24,#DFE318
114,56,6.14,0.9506,92.2,223,227,24,#DFE318
114,57,5.44,0.8974,85.3,186,222,40,#BADE28
114,58,5.4,0.8943,84.9,184,222,41,#B8DE29
114,59,5.35,0.8905,84.4,181,222,43,#B5DE2B
114,60,5.26,0.8837,83.5,178,221,45,#B2DD2D
114,61,5.63,0.9118,87.2,197,224,33,#C5E021
114,62,5.58,0.9080,86.7,194,223,35,#C2DF23
114,63,5.16,0.8761,82.5,173,220,48,#ADDC30
114,64,5.95,0.9361,90.4,213,226,26,#D5E21A
114,65,4.56,0.8305,76.6,142,214,69,#8ED645
114,66,6.65,0.9893,97.3,248,230,33,#F8E621
114,67,6.65,0.9893,97.3,248,230,33,#F8E621
114,68,6.42,0.9718,95.0,236,229,27,#ECE51B
114,69,5.63,0.9118,87.2,197,224,33,#C5E021
114,70,5.63,0.9118,87.2,197,224,33,#C5E021
114,71,5.72,0.9187,88.1,202,225,31,#CAE11F
114,72,3.72,0.7667,68.3,103,204,92,#67CC5C
114,73,4.33,0.8131,74.3,132,212,75,#84D44B
114,74,3.16,0.7242,62.7,80,196,106,#50C46A
114,75,3.07,0.7173,61.8,76,194,108,#4CC26C
114,76,4.7,0.8412,78.0,149,216,64,#95D840
114,77,3.72,0.7667,68.3,103,204,92,#67CC5C
114,78,nan,nan,nan,0,0,0,#000000
114,79,,,,,,,
114,80,,,,,,,
114,81,,,,,,,
114,82,,,,,,,
114,83,,,,,,,
114,84,,,,,,,
114,85,,,,,,,
114,86,,,,,,,
114,87,,,,,,,
114,88,,,,,,,
114,89,,,,,,,
114,90,,,,,,,
114,91,,,,,,,
114,92,,,,,,,
114,93,,,,,,,
115,0,,,,,,,
115,1,,,,,,,
115,2,,,,,,,
115,3,,,,,,,
115,4,,,,,,,
115,5,,,,,,,
115,6,,,,,,,
115,7,,,,,,,
115,8,,,,,,,
115,9,,,,,,,
115,10,,,,,,,
115,11,,,,,,,
115,12,,,,,,,
115,13,,,,,,,
115,14,,,,,,,
115,15,,,,,,,
115,16,,,,,,,
115,17,,,,,,,
115,18,,,,,,,
115,19,,,,,,,
115,20,,,,,,,
115,21,,,,,,,
115,22,,,,,,,
115,23,,,,,,,
115,24,,,,,,,
115,25,,,,,,,
115,26,,,,,,,
115,27,,,,,,,
115,28,,,,,,,
115,29,,,,,,,
115,30,,,,,,,
115,31,,,,,,,
115,32,,,,,,,
115,33,,,,,,,
115,34,,,,,,,
115,35,,,,,,,
115,36,,,,,,,
115,37,,,,,,,
115,38,-1.3,0.3853,18.6,43,116,142,#2B748E
115,39,-0.74,0.4279,24.1,39,127,142,#277F8E
115,40,,,,,,,
115,41,,,,,,,
115,42,,,,,,,
115,43,,,,,,,
115,44,,,,,,,
115,45,,,,,,,
115,46,,,,,,,
115,47,,,,,,,
115,48,,,,,,,
115,49,3.49,0.7492,66.0,92,200,99,#5CC863
115,50,4.37,0.8161,74.7,132,212,75,#84D44B
115,51,4.19,0.8024,72.9,124,210,80,#7CD250
115,52,5.07,0.8693,81.6,168,219,52,#A8DB34
115,53,5.58,0.9080,86.7,194,223,35,#C2DF23
115,54,6.14,0.9506,92.2,223,227,24,#DFE318
115,55,6.05,0.9437,91.3,218,227,25,#DAE319
115,56,5.67,0.9149,87.6,200,224,32,#C8E020
115,57,5.72,0.9187,88.1,202,225,31,#CAE11F
115,58,5.3,0.8867,83.9,181,222,43,#B5DE2B
115,59,5.35,0.8905,84.4,181,222,43,#B5DE2B
115,60,5.63,0.9118,87.2,197,224,33,#C5E021
115,61,5.58,0.9080,86.7,194,223,35,#C2DF23
115,62,5.72,0.9187,88.1,202,225,31,#CAE11F
115,63,5.26,0.8837,83.5,178,221,45,#B2DD2D
115,64,5.16,0.8761,82.5,173,220,48,#ADDC30
115,65,6.23,0.9574,93.1,229,228,25,#E5E419
115,66,6.05,0.9437,91.3,218,227,25,#DAE319
115,67,6.09,0.9468,91.7,221,227,24,#DDE318
115,68,5.49,0.9012,85.8,189,223,38,#BDDF26
115,69,5.53,0.9042,86.2,192,223,37,#C0DF25
115,70,5.67,0.9149,87.6,200,224,32,#C8E020
115,71,3.81,0.7736,69.2,108,205,90,#6CCD5A
115,72,4.05,0.7918,71.5,117,208,84,#75D054
115,73,3.67,0.7629,67.8,101,203,94,#65CB5E
115,74,2.56,0.6786,56.8,58,186,118,#3ABA76
115,75,2.79,0.6961,59.1,66,190,113,#42BE71
115,76,2.98,0.7105,61.0,72,193,110,#48C16E
115,77,3.67,0.7629,67.8,101,203,94,#65CB5E
115,78,2.93,0.7067,60.5,70,192,111,#46C06F
115,79,,,,,,,
115,80,,,,,,,
115,81,,,,,,,
115,82,,,,,,,
115,83,,,,,,,
115,84,,,,,,,
115,85,,,,,,,
115,86,,,,,,,
115,87,,,,,,,
115,88,,,,,,,
115,89,,,,,,,
115,90,,,,,,,
115,91,,,,,,,
115,92,,,,,,,
115,93,,,,,,,
116,0,,,,,,,
116,1,,,,,,,
116,2,,,,,,,
116,3,,,,,,,
116,4,,,,,,,
116,5,,,,,,,
116,6,,,,,,,
116,7,,,,,,,
116,8,,,,,,,
116,9,,,,,,,
116,10,,,,,,,
116,11,,,,,,,
116,12,,,,,,,
116,13,,,,,,,
116,14,,,,,,,
116,15,,,,,,,
116,16,,,,,,,
116,17,,,,,,,
116,18,,,,,,,
116,19,,,,,,,
116,20,,,,,,,
116,21,,,,,,,
116,22,,,,,,,
116,23,,,,,,,
116,24,,,,,,,
116,25,,,,,,,
116,26,,,,,,,
116,27,,,,,,,
116,28,,,,,,,
116,29,,,,,,,
116,30,,,,,,,
116,31,,,,,,,
116,32,,,,,,,
116,33,,,,,,,
116,34,,,,,,,
116,35,,,,,,,
116,36,,,,,,,
116,37,-0.98,0.4096,21.8,41,122,142,#297A8E
116,38,-0.98,0.4096,21.8,41,122,142,#297A8E
116,39,-1.3,0.3853,18.6,43,116,142,#2B748E
116,40,nan,nan,nan,0,0,0,#000000
116,41,,,,,,,
116,42,,,,,,,
116,43,,,,,,,
116,44,,,,,,,
116,45,,,,,,,
116,46,,,,,,,
116,47,2.14,0.6467,52.6,46,179,124,#2EB37C
116,48,3.58,0.7561,66.9,96,202,96,#60CA60
116,49,,,,,,,
116,50,4.05,0.7918,71.5,117,208,84,#75D054
116,51,4.05,0.7918,71.5,117,208,84,#75D054
116,52,3.72,0.7667,68.3,103,204,92,#67CC5C
116,53,5.72,0.9187,88.1,202,225,31,#CAE11F
116,54,6.19,0.9544,92.7,226,228,24,#E2E418
116,55,5.67,0.9149,87.6,200,224,32,#C8E020
116,56,5.44,0.8974,85.3,186,222,40,#BADE28
116,57,5.67,0.9149,87.6,200,224,32,#C8E020
116,58,5.67,0.9149,87.6,200,224,32,#C8E020
116,59,5.07,0.8693,81.6,168,219,52,#A8DB34
116,60,5.63,0.9118,87.2,197,224,33,#C5E021
116,61,5.63,0.9118,87.2,197,224,33,#C5E021
116,62,6.14,0.9506,92.2,223,227,24,#DFE318
116,63,6.14,0.9506,92.2,223,227,24,#DFE318
116,64,6.05,0.9437,91.3,218,227,25,#DAE319
116,65,6.19,0.9544,92.7,226,228,24,#E2E418
116,66,6.28,0.9612,93.6,231,228,25,#E7E419
116,67,5.86,0.9293,89.5,208,225,28,#D0E11C
116,68,5.67,0.9149,87.6,200,224,32,#C8E020
116,69,5.26,0.8837,83.5,178,221,45,#B2DD2D
116,70,3.86,0.7773,69.7,110,206,88,#6ECE58
116,71,3.72,0.7667,68.3,103,204,92,#67CC5C
116,72,4.05,0.7918,71.5,117,208,84,#75D054
116,73,3.58,0.7561,66.9,96,202,96,#60CA60
116,74,2.84,0.6999,59.6,68,191,112,#44BF70
116,75,2.84,0.6999,59.6,68,191,112,#44BF70
116,76,3.02,0.7135,61.4,74,193,109,#4AC16D
116,77,1.53,0.6003,46.6,34,168,132,#22A884
116,78,3.07,0.7173,61.8,76,194,108,#4CC26C
116,79,,,,,,,
116,80,,,,,,,
116,81,,,,,,,
116,82,,,,,,,
116,83,,,,,,,
116,84,,,,,,,
116,85,,,,,,,
116,86,,,,,,,
116,87,,,,,,,
116,88,,,,,,,
116,89,,,,,,,
116,90,,,,,,,
116,91,,,,,,,
116,92,,,,,,,
116,93,,,,,,,
117,0,,,,,,,
117,1,,,,,,,
117,2,,,,,,,
117,3,,,,,,,
117,4,,,,,,,
117,5,,,,,,,
117,6,,,,,,,
117,7,,,,,,,
117,8,,,,,,,
117,9,,,,,,,
117,10,,,,,,,
117,11,,,,,,,
117,12,,,,,,,
117,13,,,,,,,
117,14,,,,,,,
117,15,,,,,,,
117,16,,,,,,,
117,17,,,,,,,
117,18,,,,,,,
117,19,,,,,,,
117,20,,,,,,,
117,21,,,,,,,
117,22,,,,,,,
117,23,,,,,,,
117,24,,,,,,,
117,25,,,,,,,
117,26,,,,,,,
117,27,,,,,,,
117,28,,,,,,,
117,29,,,,,,,
117,30,,,,,,,
117,31,,,,,,,
117,32,,,,,,,
117,33,,,,,,,
117,34,,,,,,,
117,35,,,,,,,
117,36,,,,,,,
117,37,,,,,,,
117,38,-0.98,0.4096,21.8,41,122,142,#297A8E
117,39,-2.28,0.3109,8.9,51,98,141,#33628D
117,40,-1.16,0.3960,20.0,42,119,142,#2A778E
117,41,,,,,,,
117,42,-0.74,0.4279,24.1,39,127,142,#277F8E
117,43,-0.74,0.4279,24.1,39,127,142,#277F8E
117,44,-0.79,0.4241,23.6,39,126,142,#277E8E
117,45,-0.79,0.4241,23.6,39,126,142,#277E8E
117,46,2.19,0.6505,53.1,47,180,124,#2FB47C
117,47,2.19,0.6505,53.1,47,180,124,#2FB47C
117,48,2.14,0.6467,52.6,46,179,124,#2EB37C
117,49,2.79,0.6961,59.1,66,190,113,#42BE71
117,50,3.3,0.7348,64.1,86,198,103,#56C667
117,51,3.77,0.7705,68.8,105,205,91,#69CD5B
117,52,3.72,0.7667,68.3,103,204,92,#67CC5C
117,53,4.33,0.8131,74.3,132,212,75,#84D44B
117,54,2.56,0.6786,56.8,58,186,118,#3ABA76
117,55,5.67,0.9149,87.6,200,224,32,#C8E020
117,56,5.67,0.9149,87.6,200,224,32,#C8E020
117,57,5.72,0.9187,88.1,202,225,31,#CAE11F
117,58,5.53,0.9042,86.2,192,223,37,#C0DF25
117,59,5.07,0.8693,81.6,168,219,52,#A8DB34
117,60,5.95,0.9361,90.4,213,226,26,#D5E21A
117,61,5.95,0.9361,90.4,213,226,26,#D5E21A
117,62,5.91,0.9331,90.0,210,226,27,#D2E21B
117,63,6.05,0.9437,91.3,218,227,25,#DAE319
117,64,5.72,0.9187,88.1,202,225,31,#CAE11F
117,65,5.63,0.9118,87.2,197,224,33,#C5E021
117,66,5.12,0.8731,82.1,170,220,50,#AADC32
117,67,5.12,0.8731,82.1,170,220,50,#AADC32
117,68,4.23,0.8055,73.3,127,211,78,#7FD34E
117,69,4.51,0.8267,76.1,139,214,70,#8BD646
117,70,3.67,0.7629,67.8,101,203,94,#65CB5E
117,71,3.53,0.7523,66.4,94,201,98,#5EC962
117,72,3.72,0.7667,68.3,103,204,92,#67CC5C
117,73,3.58,0.7561,66.9,96,202,96,#60CA60
117,74,2.84,0.6999,59.6,68,191,112,#44BF70
117,75,2.84,0.6999,59.6,68,191,112,#44BF70
117,76,2.84,0.6999,59.6,68,191,112,#44BF70
117,77,1.63,0.6079,47.6,36,170,131,#24AA83
117,78,1.49,0.5973,46.2,34,167,133,#22A785
117,79,1.44,0.5935,45.7,33,166,133,#21A685
117,80,,,,,,,
117,81,,,,,,,
117,82,,,,,,,
117,83,,,,,,,
117,84,,,,,,,
117,85,,,,,,,
117,86,,,,,,,
117,87,,,,,,,
117,88,,,,,,,
117,89,,,,,,,
117,90,,,,,,,
117,91,,,,,,,
117,92,,,,,,,
117,93,,,,,,,
118,0,,,,,,,
118,1,,,,,,,
118,2,,,,,,,
118,3,,,,,,,
118,4,,,,,,,
118,5,,,,,,,
118,6,,,,,,,
118,7,,,,,,,
118,8,,,,,,,
118,9,,,,,,,
118,10,,,,,,,
118,11,,,,,,,
118,12,,,,,,,
118,13,,,,,,,
118,14,,,,,,,
118,15,,,,,,,
118,16,,,,,,,
118,17,,,,,,,
118,18,,,,,,,
118,19,,,,,,,
118,20,,,,,,,
118,21,,,,,,,
118,22,,,,,,,
118,23,,,,,,,
118,24,,,,,,,
118,25,,,,,,,
118,26,,,,,,,
118,27,,,,,,,
118,28,,,,,,,
118,29,,,,,,,
118,30,,,,,,,
118,31,,,,,,,
118,32,,,,,,,
118,33,,,,,,,
118,34,,,,,,,
118,35,,,,,,,
118,36,,,,,,,
118,37,,,,,,,
118,38,-2.37,0.3040,8.0,52,96,141,#34608D
118,39,-2.05,0.3284,11.2,49,103,142,#31678E
118,40,-2.0,0.3322,11.7,49,104,142,#31688E
118,41,-1.3,0.3853,18.6,43,116,142,#2B748E
118,42,-0.79,0.4241,23.6,39,126,142,#277E8E
118,43,-0.74,0.4279,24.1,39,127,142,#277F8E
118,44,0.19,0.4985,33.3,33,144,141,#21908D
118,45,0.19,0.4985,33.3,33,144,141,#21908D
118,46,0.14,0.4947,32.8,33,143,141,#218F8D
118,47,2.19,0.6505,53.1,47,180,124,#2FB47C
118,48,2.19,0.6505,53.1,47,180,124,#2FB47C
118,49,2.84,0.6999,59.6,68,191,112,#44BF70
118,50,3.3,0.7348,64.1,86,198,103,#56C667
118,51,3.4,0.7424,65.1,90,200,100,#5AC864
118,52,3.77,0.7705,68.8,105,205,91,#69CD5B
118,53,2.7,0.6892,58.2,63,188,115,#3FBC73
118,54,2.7,0.6892,58.2,63,188,115,#3FBC73
118,55,5.77,0.9225,88.6,205,225,29,#CDE11D
118,56,5.72,0.9187,88.1,202,225,31,#CAE11F
118,57,5.49,0.9012,85.8,189,223,38,#BDDF26
118,58,5.4,0.8943,84.9,184,222,41,#B8DE29
118,59,5.4,0.8943,84.9,184,222,41,#B8DE29
118,60,5.91,0.9331,90.0,210,226,27,#D2E21B
118,61,5.95,0.9361,90.4,213,226,26,#D5E21A
118,62,6.09,0.9468,91.7,221,227,24,#DDE318
118,63,6.05,0.9437,91.3,218,227,25,#DAE319
118,64,5.86,0.9293,89.5,208,225,28,#D0E11C
118,65,5.02,0.8655,81.1,165,219,54,#A5DB36
118,66,5.07,0.8693,81.6,168,219,52,#A8DB34
118,67,4.33,0.8131,74.3,132,212,75,#84D44B
118,68,3.72,0.7667,68.3,103,204,92,#67CC5C
118,69,4.33,0.8131,74.3,132,212,75,#84D44B
118,70,3.67,0.7629,67.8,101,203,94,#65CB5E
118,71,3.67,0.7629,67.8,101,203,94,#65CB5E
118,72,1.86,0.6254,49.9,40,174,128,#28AE80
118,73,2.0,0.6360,51.3,42,176,127,#2AB07F
118,74,2.0,0.6360,51.3,42,176,127,#2AB07F
118,75,2.0,0.6360,51.3,42,176,127,#2AB07F
118,76,2.88,0.7029,60.0,68,191,112,#44BF70
118,77,1.49,0.5973,46.2,34,167,133,#22A785
118,78,1.49,0.5973,46.2,34,167,133,#22A785
118,79,1.49,0.5973,46.2,34,167,133,#22A785
118,80,,,,,,,
118,81,,,,,,,
118,82,,,,,,,
118,83,,,,,,,
118,84,,,,,,,
118,85,,,,,,,
118,86,,,,,,,
118,87,,,,,,,
118,88,,,,,,,
118,89,,,,,,,
118,90,,,,,,,
118,91,,,,,,,
118,92,,,,,,,
118,93,,,,,,,
119,0,,,,,,,
119,1,,,,,,,
119,2,,,,,,,
119,3,,,,,,,
119,4,,,,,,,
119,5,,,,,,,
119,6,,,,,,,
119,7,,,,,,,
119,8,,,,,,,
119,9,,,,,,,
119,10,,,,,,,
119,11,,,,,,,
119,12,,,,,,,
119,13,,,,,,,
119,14,,,,,,,
119,15,,,,,,,
119,16,,,,,,,
119,17,,,,,,,
119,18,,,,,,,
119,19,,,,,,,
119,20,,,,,,,
119,21,,,,,,,
119,22,,,,,,,
119,23,,,,,,,
119,24,,,,,,,
119,25,,,,,,,
119,26,,,,,,,
119,27,,,,,,,
119,28,,,,,,,
119,29,,,,,,,
119,30,,,,,,,
119,31,,,,,,,
119,32,,,,,,,
119,33,,,,,,,
119,34,,,,,,,
119,35,,,,,,,
119,36,,,,,,,
119,37,,,,,,,
119,38,,,,,,,
119,39,,,,,,,
119,40,-1.35,0.3815,18.1,44,115,142,#2C738E
119,41,-1.49,0.3709,16.7,45,113,142,#2D718E
119,42,-0.74,0.4279,24.1,39,127,142,#277F8E
119,43,-0.79,0.4241,23.6,39,126,142,#277E8E
119,44,0.28,0.5054,34.2,32,146,140,#20928C
119,45,0.19,0.4985,33.3,33,144,141,#21908D
119,46,0.14,0.4947,32.8,33,143,141,#218F8D
119,47,2.19,0.6505,53.1,47,180,124,#2FB47C
119,48,2.79,0.6961,59.1,66,190,113,#42BE71
119,49,1.07,0.5654,42.1,31,160,136,#1FA088
119,50,1.21,0.5760,43.4,31,162,135,#1FA287
119,51,1.21,0.5760,43.4,31,162,135,#1FA287
119,52,1.12,0.5692,42.5,31,161,136,#1FA188
119,53,2.79,0.6961,59.1,66,190,113,#42BE71
119,54,2.56,0.6786,56.8,58,186,118,#3ABA76
119,55,3.3,0.7348,64.1,86,198,103,#56C667
119,56,3.3,0.7348,64.1,86,198,103,#56C667
119,57,4.47,0.8237,75.7,137,213,72,#89D548
119,58,5.4,0.8943,84.9,184,222,41,#B8DE29
119,59,5.4,0.8943,84.9,184,222,41,#B8DE29
119,60,5.95,0.9361,90.4,213,226,26,#D5E21A
119,61,6.14,0.9506,92.2,223,227,24,#DFE318
119,62,6.14,0.9506,92.2,223,227,24,#DFE318
119,63,6.05,0.9437,91.3,218,227,25,#DAE319
119,64,5.02,0.8655,81.1,165,219,54,#A5DB36
119,65,5.16,0.8761,82.5,173,220,48,#ADDC30
119,66,5.07,0.8693,81.6,168,219,52,#A8DB34
119,67,4.51,0.8267,76.1,139,214,70,#8BD646
119,68,4.19,0.8024,72.9,124,210,80,#7CD250
119,69,4.09,0.7948,71.9,119,209,83,#77D153
119,70,4.09,0.7948,71.9,119,209,83,#77D153
119,71,1.86,0.6254,49.9,40,174,128,#28AE80
119,72,1.86,0.6254,49.9,40,174,128,#28AE80
119,73,1.81,0.6216,49.4,39,173,129,#27AD81
119,74,2.0,0.6360,51.3,42,176,127,#2AB07F
119,75,2.0,0.6360,51.3,42,176,127,#2AB07F
119,76,0.98,0.5586,41.2,31,158,137,#1F9E89
119,77,0.7,0.5373,38.4,31,153,138,#1F998A
119,78,1.44,0.5935,45.7,33,166,133,#21A685
119,79,1.49,0.5973,46.2,34,167,133,#22A785
119,80,,,,,,,
119,81,,,,,,,
119,82,,,,,,,
119,83,,,,,,,
119,84,,,,,,,
119,85,,,,,,,
119,86,,,,,,,
119,87,,,,,,,
119,88,,,,,,,
119,89,,,,,,,
119,90,,,,,,,
119,91,,,,,,,
119,92,,,,,,,
119,93,,,,,,,
120,0,,,,,,,
120,1,,,,,,,
120,2,,,,,,,
120,3,,,,,,,
120,4,,,,,,,
120,5,,,,,,,
120,6,,,,,,,
120,7,,,,,,,
120,8,,,,,,,
120,9,,,,,,,
120,10,,,,,,,
120,11,,,,,,,
120,12,,,,,,,
120,13,,,,,,,
120,14,,,,,,,
120,15,,,,,,,
120,16,,,,,,,
120,17,,,,,,,
120,18,,,,,,,
120,19,,,,,,,
120,20,,,,,,,
120,21,,,,,,,
120,22,,,,,,,
120,23,,,,,,,
120,24,,,,,,,
120,25,,,,,,,
120,26,,,,,,,
120,27,,,,,,,
120,28,,,,,,,
120,29,,,,,,,
120,30,,,,,,,
120,31,,,,,,,
120,32,,,,,,,
120,33,,,,,,,
120,34,,,,,,,
120,35,,,,,,,
120,36,,,,,,,
120,37,,,,,,,
120,38,,,,,,,
120,39,-2.19,0.3177,9.8,50,100,142,#32648E
120,40,-2.19,0.3177,9.8,50,100,142,#32648E
120,41,-2.37,0.3040,8.0,52,96,141,#34608D
120,42,-2.09,0.3253,10.8,49,102,142,#31668E
120,43,-2.09,0.3253,10.8,49,102,142,#31668E
120,44,0.28,0.5054,34.2,32,146,140,#20928C
120,45,0.23,0.5016,33.7,33,145,140,#21918C
120,46,1.26,0.5798,43.9,32,163,134,#20A386
120,47,1.21,0.5760,43.4,31,162,135,#1FA287
120,48,1.21,0.5760,43.4,31,162,135,#1FA287
120,49,1.21,0.5760,43.4,31,162,135,#1FA287
120,50,1.21,0.5760,43.4,31,162,135,#1FA287
120,51,0.88,0.5510,40.2,30,157,137,#1E9D89
120,52,1.21,0.5760,43.4,31,162,135,#1FA287
120,53,0.23,0.5016,33.7,33,145,140,#21918C
120,54,0.14,0.4947,32.8,33,143,141,#218F8D
120,55,3.3,0.7348,64.1,86,198,103,#56C667
120,56,2.37,0.6642,54.9,53,183,121,#35B779
120,57,4.51,0.8267,76.1,139,214,70,#8BD646
120,58,5.3,0.8867,83.9,181,222,43,#B5DE2B
120,59,4.33,0.8131,74.3,132,212,75,#84D44B
120,60,5.95,0.9361,90.4,213,226,26,#D5E21A
120,61,5.95,0.9361,90.4,213,226,26,#D5E21A
120,62,5.4,0.8943,84.9,184,222,41,#B8DE29
120,63,5.3,0.8867,83.9,181,222,43,#B5DE2B
120,64,5.21,0.8799,83.0,176,221,47,#B0DD2F
120,65,5.3,0.8867,83.9,181,222,43,#B5DE2B
120,66,4.84,0.8518,79.4,157,217,59,#9DD93B
120,67,4.65,0.8374,77.5,147,215,65,#93D741
120,68,4.19,0.8024,72.9,124,210,80,#7CD250
120,69,4.09,0.7948,71.9,119,209,83,#77D153
120,70,4.23,0.8055,73.3,127,211,78,#7FD34E
120,71,1.81,0.6216,49.4,39,173,129,#27AD81
120,72,1.91,0.6292,50.4,41,175,127,#29AF7F
120,73,2.0,0.6360,51.3,42,176,127,#2AB07F
120,74,2.0,0.6360,51.3,42,176,127,#2AB07F
120,75,2.0,0.6360,51.3,42,176,127,#2AB07F
120,76,0.98,0.5586,41.2,31,158,137,#1F9E89
120,77,0.98,0.5586,41.2,31,158,137,#1F9E89
120,78,1.63,0.6079,47.6,36,170,131,#24AA83
120,79,,,,,,,
120,80,,,,,,,
120,81,,,,,,,
120,82,,,,,,,
120,83,,,,,,,
120,84,,,,,,,
120,85,,,,,,,
120,86,,,,,,,
120,87,,,,,,,
120,88,,,,,,,
120,89,,,,,,,
120,90,,,,,,,
120,91,,,,,,,
120,92,,,,,,,
120,93,,,,,,,
121,0,,,,,,,
121,1,,,,,,,
121,2,,,,,,,
121,3,,,,,,,
121,4,,,,,,,
121,5,,,,,,,
121,6,,,,,,,
121,7,,,,,,,
121,8,,,,,,,
121,9,,,,,,,
121,10,,,,,,,
121,11,,,,,,,
121,12,,,,,,,
121,13,,,,,,,
121,14,,,,,,,
121,15,,,,,,,
121,16,,,,,,,
121,17,,,,,,,
121,18,,,,,,,
121,19,,,,,,,
121,20,,,,,,,
121,21,,,,,,,
121,22,,,,,,,
121,23,,,,,,,
121,24,,,,,,,
121,25,,,,,,,
121,26,,,,,,,
121,27,,,,,,,
121,28,,,,,,,
121,29,,,,,,,
121,30,,,,,,,
121,31,,,,,,,
121,32,,,,,,,
121,33,,,,,,,
121,34,,,,,,,
121,35,,,,,,,
121,36,,,,,,,
121,37,,,,,,,
121,38,,,,,,,
121,39,-2.19,0.3177,9.8,50,100,142,#32648E
121,40,-1.81,0.3466,13.5,47,107,142,#2F6B8E
121,41,-1.86,0.3428,13.1,48,106,142,#306A8E
121,42,-1.67,0.3572,14.9,46,110,142,#2E6E8E
121,43,-2.09,0.3253,10.8,49,102,142,#31668E
121,44,-2.19,0.3177,9.8,50,100,142,#32648E
121,45,-2.98,0.2577,2.0,58,83,139,#3A538B
121,46,1.26,0.5798,43.9,32,163,134,#20A386
121,47,1.26,0.5798,43.9,32,163,134,#20A386
121,48,0.79,0.5441,39.3,30,155,138,#1E9B8A
121,49,0.51,0.5228,36.5,31,149,139,#1F958B
121,50,1.21,0.5760,43.4,31,162,135,#1FA287
121,51,0.23,0.5016,33.7,33,145,140,#21918C
121,52,0.28,0.5054,34.2,32,146,140,#20928C
121,53,0.23,0.5016,33.7,33,145,140,#21918C
121,54,0.51,0.5228,36.5,31,149,139,#1F958B
121,55,3.3,0.7348,64.1,86,198,103,#56C667
121,56,1.49,0.5973,46.2,34,167,133,#22A785
121,57,2.42,0.6680,55.4,53,183,121,#35B779
121,58,4.05,0.7918,71.5,117,208,84,#75D054
121,59,4.33,0.8131,74.3,132,212,75,#84D44B
121,60,5.02,0.8655,81.1,165,219,54,#A5DB36
121,61,4.74,0.8442,78.4,152,216,62,#98D83E
121,62,4.74,0.8442,78.4,152,216,62,#98D83E
121,63,4.84,0.8518,79.4,157,217,59,#9DD93B
121,64,4.6,0.8336,77.0,144,215,67,#90D743
121,65,4.79,0.8480,78.9,155,217,60,#9BD93C
121,66,2.7,0.6892,58.2,63,188,115,#3FBC73
121,67,2.88,0.7029,60.0,68,191,112,#44BF70
121,68,2.42,0.6680,55.4,53,183,121,#35B779
121,69,2.51,0.6748,56.3,56,185,119,#38B977
121,70,1.81,0.6216,49.4,39,173,129,#27AD81
121,71,1.67,0.6110,48.0,37,171,130,#25AB82
121,72,2.23,0.6535,53.5,49,181,123,#31B57B
121,73,2.19,0.6505,53.1,47,180,124,#2FB47C
121,74,2.0,0.6360,51.3,42,176,127,#2AB07F
121,75,0.19,0.4985,33.3,33,144,141,#21908D
121,76,0.19,0.4985,33.3,33,144,141,#21908D
121,77,-1.3,0.3853,18.6,43,116,142,#2B748E
121,78,,,,,,,
121,79,,,,,,,
121,80,,,,,,,
121,81,,,,,,,
121,82,,,,,,,
121,83,,,,,,,
121,84,,,,,,,
121,85,,,,,,,
121,86,,,,,,,
121,87,,,,,,,
121,88,,,,,,,
121,89,,,,,,,
121,90,,,,,,,
121,91,,,,,,,
121,92,,,,,,,
121,93,,,,,,,
122,0,,,,,,,
122,1,,,,,,,
122,2,,,,,,,
122,3,,,,,,,
122,4,,,,,,,
122,5,,,,,,,
122,6,,,,,,,
122,7,,,,,,,
122,8,,,,,,,
122,9,,,,,,,
122,10,,,,,,,
122,11,,,,,,,
122,12,,,,,,,
122,13,,,,,,,
122,14,,,,,,,
122,15,,,,,,,
122,16,,,,,,,
122,17,,,,,,,
122,18,,,,,,,
122,19,,,,,,,
122,20,,,,,,,
122,21,,,,,,,
122,22,,,,,,,
122,23,,,,,,,
122,24,,,,,,,
122,25,,,,,,,
122,26,,,,,,,
122,27,,,,,,,
122,28,,,,,,,
122,29,,,,,,,
122,30,,,,,,,
122,31,,,,,,,
122,32,,,,,,,
122,33,,,,,,,
122,34,,,,,,,
122,35,,,,,,,
122,36,,,,,,,
122,37,-2.19,0.3177,9.8,50,100,142,#32648E
122,38,-2.19,0.3177,9.8,50,100,142,#32648E
122,39,-1.81,0.3466,13.5,47,107,142,#2F6B8E
122,40,nan,nan,nan,0,0,0,#000000
122,41,nan,nan,nan,0,0,0,#000000
122,42,-2.0,0.3322,11.7,49,104,142,#31688E
122,43,-2.09,0.3253,10.8,49,102,142,#31668E
122,44,-2.37,0.3040,8.0,52,96,141,#34608D
122,45,-1.35,0.3815,18.1,44,115,142,#2C738E
122,46,-1.49,0.3709,16.7,45,113,142,#2D718E
122,47,0.56,0.5266,37.0,31,150,139,#1F968B
122,48,0.51,0.5228,36.5,31,149,139,#1F958B
122,49,0.6,0.5297,37.4,31,151,139,#1F978B
122,50,-1.49,0.3709,16.7,45,113,142,#2D718E
122,51,0.28,0.5054,34.2,32,146,140,#20928C
122,52,0.28,0.5054,34.2,32,146,140,#20928C
122,53,0.23,0.5016,33.7,33,145,140,#21918C
122,54,0.56,0.5266,37.0,31,150,139,#1F968B
122,55,1.49,0.5973,46.2,34,167,133,#22A785
122,56,1.49,0.5973,46.2,34,167,133,#22A785
122,57,2.37,0.6642,54.9,53,183,121,#35B779
122,58,4.37,0.8161,74.7,132,212,75,#84D44B
122,59,5.02,0.8655,81.1,165,219,54,#A5DB36
122,60,5.02,0.8655,81.1,165,219,54,#A5DB36
122,61,4.74,0.8442,78.4,152,216,62,#98D83E
122,62,4.09,0.7948,71.9,119,209,83,#77D153
122,63,4.19,0.8024,72.9,124,210,80,#7CD250
122,64,4.98,0.8624,80.7,162,218,55,#A2DA37
122,65,2.6,0.6816,57.2,59,187,117,#3BBB75
122,66,2.84,0.6999,59.6,68,191,112,#44BF70
122,67,2.74,0.6923,58.6,64,189,114,#40BD72
122,68,2.51,0.6748,56.3,56,185,119,#38B977
122,69,2.42,0.6680,55.4,53,183,121,#35B779
122,70,2.51,0.6748,56.3,56,185,119,#38B977
122,71,2.23,0.6535,53.5,49,181,123,#31B57B
122,72,2.23,0.6535,53.5,49,181,123,#31B57B
122,73,1.02,0.5616,41.6,31,159,136,#1F9F88
122,74,1.02,0.5616,41.6,31,159,136,#1F9F88
122,75,0.19,0.4985,33.3,33,144,141,#21908D
122,76,-1.16,0.3960,20.0,42,119,142,#2A778E
122,77,,,,,,,
122,78,,,,,,,
122,79,,,,,,,
122,80,,,,,,,
122,81,-1.81,0.3466,13.5,47,107,142,#2F6B8E
122,82,-1.72,0.3534,14.4,46,109,142,#2E6D8E
122,83,-1.72,0.3534,14.4,46,109,142,#2E6D8E
122,84,-2.65,0.2828,5.2,55,91,141,#375B8D
122,85,-2.37,0.3040,8.0,52,96,141,#34608D
122,86,-2.74,0.2759,4.3,56,89,140,#38598C
122,87,-2.37,0.3040,8.0,52,96,141,#34608D
122,88,,,,,,,
122,89,,,,,,,
122,90,,,,,,,
122,91,,,,,,,
122,92,,,,,,,
122,93,,,,,,,
123,0,,,,,,,
123,1,,,,,,,
123,2,,,,,,,
123,3,,,,,,,
123,4,,,,,,,
123,5,,,,,,,
123,6,,,,,,,
123,7,,,,,,,
123,8,,,,,,,
123,9,,,,,,,
123,10,,,,,,,
123,11,,,,,,,
123,12,,,,,,,
123,13,,,,,,,
123,14,,,,,,,
123,15,,,,,,,
123,16,,,,,,,
123,17,,,,,,,
123,18,,,,,,,
123,19,,,,,,,
123,20,,,,,,,
123,21,,,,,,,
123,22,,,,,,,
123,23,,,,,,,
123,24,,,,,,,
123,25,,,,,,,
123,26,,,,,,,
123,27,,,,,,,
123,28,,,,,,,
123,29,,,,,,,
123,30,,,,,,,
123,31,,,,,,,
123,32,,,,,,,
123,33,,,,,,,
123,34,,,,,,,
123,35,,,,,,,
123,36,-2.19,0.3177,9.8,50,100,142,#32648E
123,37,-2.19,0.3177,9.8,50,100,142,#32648E
123,38,,,,,,,
123,39,,,,,,,
123,40,,,,,,,
123,41,-2.37,0.3040,8.0,52,96,141,#34608D
123,42,-2.37,0.3040,8.0,52,96,141,#34608D
123,43,-2.37,0.3040,8.0,52,96,141,#34608D
123,44,-2.37,0.3040,8.0,52,96,141,#34608D
123,45,-1.49,0.3709,16.7,45,113,142,#2D718E
123,46,-1.35,0.3815,18.1,44,115,142,#2C738E
123,47,-1.35,0.3815,18.1,44,115,142,#2C738E
123,48,-1.35,0.3815,18.1,44,115,142,#2C738E
123,49,-1.35,0.3815,18.1,44,115,142,#2C738E
123,50,-1.16,0.3960,20.0,42,119,142,#2A778E
123,51,-1.72,0.3534,14.4,46,109,142,#2E6D8E
123,52,-0.65,0.4347,25.0,38,129,142,#26818E
123,53,-0.74,0.4279,24.1,39,127,142,#277F8E
123,54,0.6,0.5297,37.4,31,151,139,#1F978B
123,55,0.28,0.5054,34.2,32,146,140,#20928C
123,56,0.47,0.5198,36.1,31,149,139,#1F958B
123,57,3.53,0.7523,66.4,94,201,98,#5EC962
123,58,3.53,0.7523,66.4,94,201,98,#5EC962
123,59,4.51,0.8267,76.1,139,214,70,#8BD646
123,60,5.02,0.8655,81.1,165,219,54,#A5DB36
123,61,3.12,0.7211,62.3,78,195,107,#4EC36B
123,62,4.05,0.7918,71.5,117,208,84,#75D054
123,63,4.09,0.7948,71.9,119,209,83,#77D153
123,64,4.33,0.8131,74.3,132,212,75,#84D44B
123,65,4.47,0.8237,75.7,137,213,72,#89D548
123,66,2.79,0.6961,59.1,66,190,113,#42BE71
123,67,2.79,0.6961,59.1,66,190,113,#42BE71
123,68,2.37,0.6642,54.9,53,183,121,#35B779
123,69,2.42,0.6680,55.4,53,183,121,#35B779
123,70,2.42,0.6680,55.4,53,183,121,#35B779
123,71,1.35,0.5867,44.8,33,165,133,#21A585
123,72,2.19,0.6505,53.1,47,180,124,#2FB47C
123,73,1.02,0.5616,41.6,31,159,136,#1F9F88
123,74,1.02,0.5616,41.6,31,159,136,#1F9F88
123,75,0.19,0.4985,33.3,33,144,141,#21908D
123,76,-1.12,0.3990,20.4,42,120,142,#2A788E
123,77,-1.12,0.3990,20.4,42,120,142,#2A788E
123,78,,,,,,,
123,79,,,,,,,
123,80,,,,,,,
123,81,-2.47,0.2964,7.0,53,94,141,#355E8D
123,82,-2.79,0.2721,3.8,56,88,140,#38588C
123,83,-2.65,0.2828,5.2,55,91,141,#375B8D
123,84,-2.42,0.3002,7.5,53,95,141,#355F8D
123,85,-2.42,0.3002,7.5,53,95,141,#355F8D
123,86,-2.37,0.3040,8.0,52,96,141,#34608D
123,87,-1.35,0.3815,18.1,44,115,142,#2C738E
123,88,-2.19,0.3177,9.8,50,100,142,#32648E
123,89,-1.63,0.3603,15.3,46,111,142,#2E6F8E
123,90,,,,,,,
123,91,,,,,,,
123,92,,,,,,,
123,93,,,,,,,
124,0,,,,,,,
124,1,,,,,,,
124,2,,,,,,,
124,3,,,,,,,
124,4,,,,,,,
124,5,,,,,,,
124,6,,,,,,,
124,7,,,,,,,
124,8,,,,,,,
124,9,,,,,,,
124,10,,,,,,,
124,11,,,,,,,
124,12,,,,,,,
124,13,,,,,,,
124,14,,,,,,,
124,15,,,,,,,
124,16,,,,,,,
124,17,,,,,,,
124,18,,,,,,,
124,19,,,,,,,
124,20,,,,,,,
124,21,,,,,,,
124,22,,,,,,,
124,23,,,,,,,
124,24,,,,,,,
124,25,,,,,,,
124,26,,,,,,,
124,27,,,,,,,
124,28,,,,,,,
124,29,,,,,,,
124,30,,,,,,,
124,31,,,,,,,
124,32,,,,,,,
124,33,,,,,,,
124,34,,,,,,,
124,35,,,,,,,
124,36,,,,,,,
124,37,,,,,,,
124,38,,,,,,,
124,39,,,,,,,
124,40,,,,,,,
124,41,-2.37,0.3040,8.0,52,96,141,#34608D
124,42,-2.37,0.3040,8.0,52,96,141,#34608D
124,43,-2.37,0.3040,8.0,52,96,141,#34608D
124,44,-1.3,0.3853,18.6,43,116,142,#2B748E
124,45,-1.49,0.3709,16.7,45,113,142,#2D718E
124,46,-1.3,0.3853,18.6,43,116,142,#2B748E
124,47,-1.49,0.3709,16.7,45,113,142,#2D718E
124,48,-1.35,0.3815,18.1,44,115,142,#2C738E
124,49,-1.16,0.3960,20.0,42,119,142,#2A778E
124,50,-1.16,0.3960,20.0,42,119,142,#2A778E
124,51,-1.16,0.3960,20.0,42,119,142,#2A778E
124,52,-1.63,0.3603,15.3,46,111,142,#2E6F8E
124,53,-1.3,0.3853,18.6,43,116,142,#2B748E
124,54,0.37,0.5122,35.1,32,147,140,#20938C
124,55,-0.19,0.4697,29.6,35,137,142,#23898E
124,56,0.84,0.5479,39.8,30,156,137,#1E9C89
124,57,1.67,0.6110,48.0,37,171,130,#25AB82
124,58,3.53,0.7523,66.4,94,201,98,#5EC962
124,59,4.51,0.8267,76.1,139,214,70,#8BD646
124,60,2.42,0.6680,55.4,53,183,121,#35B779
124,61,2.42,0.6680,55.4,53,183,121,#35B779
124,62,3.02,0.7135,61.4,74,193,109,#4AC16D
124,63,2.98,0.7105,61.0,72,193,110,#48C16E
124,64,4.23,0.8055,73.3,127,211,78,#7FD34E
124,65,4.37,0.8161,74.7,132,212,75,#84D44B
124,66,3.72,0.7667,68.3,103,204,92,#67CC5C
124,67,3.26,0.7318,63.7,84,197,104,#54C568
124,68,3.12,0.7211,62.3,78,195,107,#4EC36B
124,69,2.51,0.6748,56.3,56,185,119,#38B977
124,70,1.4,0.5905,45.3,33,166,133,#21A685
124,71,1.4,0.5905,45.3,33,166,133,#21A685
124,72,0.14,0.4947,32.8,33,143,141,#218F8D
124,73,0.14,0.4947,32.8,33,143,141,#218F8D
124,74,-1.07,0.4028,20.9,41,121,142,#29798E
124,75,-1.3,0.3853,18.6,43,116,142,#2B748E
124,76,-0.93,0.4134,22.3,41,123,142,#297B8E
124,77,-1.12,0.3990,20.4,42,120,142,#2A788E
124,78,-2.42,0.3002,7.5,53,95,141,#355F8D
124,79,-3.02,0.2547,1.6,58,83,139,#3A538B
124,80,-2.19,0.3177,9.8,50,100,142,#32648E
124,81,-2.79,0.2721,3.8,56,88,140,#38588C
124,82,-2.47,0.2964,7.0,53,94,141,#355E8D
124,83,-2.51,0.2934,6.6,53,94,141,#355E8D
124,84,-2.65,0.2828,5.2,55,91,141,#375B8D
124,85,-2.23,0.3147,9.4,51,99,141,#33638D
124,86,-3.07,0.2509,1.1,59,82,139,#3B528B
124,87,-2.0,0.3322,11.7,49,104,142,#31688E
124,88,-1.72,0.3534,14.4,46,109,142,#2E6D8E
124,89,-2.47,0.2964,7.0,53,94,141,#355E8D
124,90,-2.47,0.2964,7.0,53,94,141,#355E8D
124,91,,,,,,,
124,92,,,,,,,
124,93,,,,,,,
125,0,,,,,,,
125,1,,,,,,,
125,2,,,,,,,
125,3,,,,,,,
125,4,,,,,,,
125,5,,,,,,,
125,6,,,,,,,
125,7,,,,,,,
125,8,,,,,,,
125,9,,,,,,,
125,10,,,,,,,
125,11,,,,,,,
125,12,,,,,,,
125,13,,,,,,,
125,14,,,,,,,
125,15,,,,,,,
125,16,,,,,,,
125,17,,,,,,,
125,18,,,,,,,
125,19,,,,,,,
125,20,,,,,,,
125,21,,,,,,,
125,22,,,,,,,
125,23,,,,,,,
125,24,,,,,,,
125,25,,,,,,,
125,26,,,,,,,
125,27,,,,,,,
125,28,,,,,,,
125,29,,,,,,,
125,30,,,,,,,
125,31,,,,,,,
125,32,,,,,,,
125,33,,,,,,,
125,34,,,,,,,
125,35,,,,,,,
125,36,,,,,,,
125,37,,,,,,,
125,38,,,,,,,
125,39,,,,,,,
125,40,,,,,,,
125,41,,,,,,,
125,42,-2.37,0.3040,8.0,52,96,141,#34608D
125,43,-2.42,0.3002,7.5,53,95,141,#355F8D
125,44,-1.35,0.3815,18.1,44,115,142,#2C738E
125,45,-1.63,0.3603,15.3,46,111,142,#2E6F8E
125,46,-2.88,0.2653,3.0,57,85,140,#39558C
125,47,-2.23,0.3147,9.4,51,99,141,#33638D
125,48,-0.93,0.4134,22.3,41,123,142,#297B8E
125,49,-0.93,0.4134,22.3,41,123,142,#297B8E
125,50,-1.3,0.3853,18.6,43,116,142,#2B748E
125,51,-0.33,0.4590,28.2,36,134,142,#24868E
125,52,-0.37,0.4560,27.8,37,133,142,#25858E
125,53,-0.05,0.4803,31.0,34,139,141,#228B8D
125,54,-0.74,0.4279,24.1,39,127,142,#277F8E
125,55,0.51,0.5228,36.5,31,149,139,#1F958B
125,56,0.79,0.5441,39.3,30,155,138,#1E9B8A
125,57,0.79,0.5441,39.3,30,155,138,#1E9B8A
125,58,4.56,0.8305,76.6,142,214,69,#8ED645
125,59,4.65,0.8374,77.5,147,215,65,#93D741
125,60,1.53,0.6003,46.6,34,168,132,#22A884
125,61,1.81,0.6216,49.4,39,173,129,#27AD81
125,62,1.53,0.6003,46.6,34,168,132,#22A884
125,63,2.98,0.7105,61.0,72,193,110,#48C16E
125,64,4.19,0.8024,72.9,124,210,80,#7CD250
125,65,3.81,0.7736,69.2,108,205,90,#6CCD5A
125,66,3.49,0.7492,66.0,92,200,99,#5CC863
125,67,3.21,0.7280,63.2,82,197,105,#52C569
125,68,2.98,0.7105,61.0,72,193,110,#48C16E
125,69,2.79,0.6961,59.1,66,190,113,#42BE71
125,70,1.49,0.5973,46.2,34,167,133,#22A785
125,71,1.49,0.5973,46.2,34,167,133,#22A785
125,72,0.14,0.4947,32.8,33,143,141,#218F8D
125,73,0.14,0.4947,32.8,33,143,141,#218F8D
125,74,-1.07,0.4028,20.9,41,121,142,#29798E
125,75,-1.12,0.3990,20.4,42,120,142,#2A788E
125,76,-1.12,0.3990,20.4,42,120,142,#2A788E
125,77,-1.86,0.3428,13.1,48,106,142,#306A8E
125,78,-2.47,0.2964,7.0,53,94,141,#355E8D
125,79,-2.88,0.2653,3.0,57,85,140,#39558C
125,80,-3.72,0.2015,0.0,65,68,135,#414487
125,81,-3.4,0.2258,0.0,62,74,137,#3E4A89
125,82,-2.79,0.2721,3.8,56,88,140,#38588C
125,83,-2.65,0.2828,5.2,55,91,141,#375B8D
125,84,-2.23,0.3147,9.4,51,99,141,#33638D
125,85,-2.79,0.2721,3.8,56,88,140,#38588C
125,86,-2.42,0.3002,7.5,53,95,141,#355F8D
125,87,-1.49,0.3709,16.7,45,113,142,#2D718E
125,88,-1.81,0.3466,13.5,47,107,142,#2F6B8E
125,89,-2.88,0.2653,3.0,57,85,140,#39558C
125,90,-2.74,0.2759,4.3,56,89,140,#38598C
125,91,,,,,,,
125,92,,,,,,,
125,93,,,,,,,
126,0,,,,,,,
126,1,,,,,,,
126,2,,,,,,,
126,3,,,,,,,
126,4,,,,,,,
126,5,,,,,,,
126,6,,,,,,,
126,7,,,,,,,
126,8,,,,,,,
126,9,,,,,,,
126,10,,,,,,,
126,11,,,,,,,
126,12,,,,,,,
126,13,,,,,,,
126,14,,,,,,,
126,15,,,,,,,
126,16,,,,,,,
126,17,,,,,,,
126,18,,,,,,,
126,19,,,,,,,
126,20,,,,,,,
126,21,,,,,,,
126,22,,,,,,,
126,23,,,,,,,
126,24,,,,,,,
126,25,,,,,,,
126,26,,,,,,,
126,27,,,,,,,
126,28,,,,,,,
126,29,,,,,,,
126,30,,,,,,,
126,31,,,,,,,
126,32,,,,,,,
126,33,,,,,,,
126,34,,,,,,,
126,35,,,,,,,
126,36,,,,,,,
126,37,,,,,,,
126,38,,,,,,,
126,39,,,,,,,
126,40,,,,,,,
126,41,,,,,,,
126,42,-2.42,0.3002,7.5,53,95,141,#355F8D
126,43,-1.49,0.3709,16.7,45,113,142,#2D718E
126,44,-1.63,0.3603,15.3,46,111,142,#2E6F8E
126,45,-1.63,0.3603,15.3,46,111,142,#2E6F8E
126,46,-1.72,0.3534,14.4,46,109,142,#2E6D8E
126,47,-2.65,0.2828,5.2,55,91,141,#375B8D
126,48,-2.74,0.2759,4.3,56,89,140,#38598C
126,49,-0.93,0.4134,22.3,41,123,142,#297B8E
126,50,-0.98,0.4096,21.8,41,122,142,#297A8E
126,51,-0.42,0.4522,27.3,37,132,142,#25848E
126,52,-0.42,0.4522,27.3,37,132,142,#25848E
126,53,0.19,0.4985,33.3,33,144,141,#21908D
126,54,-0.23,0.4666,29.2,35,136,142,#23888E
126,55,0.14,0.4947,32.8,33,143,141,#218F8D
126,56,0.84,0.5479,39.8,30,156,137,#1E9C89
126,57,1.77,0.6186,49.0,38,173,129,#26AD81
126,58,2.37,0.6642,54.9,53,183,121,#35B779
126,59,2.23,0.6535,53.5,49,181,123,#31B57B
126,60,1.35,0.5867,44.8,33,165,133,#21A585
126,61,1.81,0.6216,49.4,39,173,129,#27AD81
126,62,3.07,0.7173,61.8,76,194,108,#4CC26C
126,63,3.02,0.7135,61.4,74,193,109,#4AC16D
126,64,3.12,0.7211,62.3,78,195,107,#4EC36B
126,65,3.81,0.7736,69.2,108,205,90,#6CCD5A
126,66,2.84,0.6999,59.6,68,191,112,#44BF70
126,67,2.84,0.6999,59.6,68,191,112,#44BF70
126,68,3.26,0.7318,63.7,84,197,104,#54C568
126,69,0.23,0.5016,33.7,33,145,140,#21918C
126,70,1.4,0.5905,45.3,33,166,133,#21A685
126,71,1.44,0.5935,45.7,33,166,133,#21A685
126,72,-2.05,0.3284,11.2,49,103,142,#31678E
126,73,-1.12,0.3990,20.4,42,120,142,#2A788E
126,74,-1.35,0.3815,18.1,44,115,142,#2C738E
126,75,-1.07,0.4028,20.9,41,121,142,#29798E
126,76,-2.74,0.2759,4.3,56,89,140,#38598C
126,77,-3.02,0.2547,1.6,58,83,139,#3A538B
126,78,-2.79,0.2721,3.8,56,88,140,#38588C
126,79,-3.21,0.2402,0.0,60,79,138,#3C4F8A
126,80,-3.4,0.2258,0.0,62,74,137,#3E4A89
126,81,-3.4,0.2258,0.0,62,74,137,#3E4A89
126,82,-2.65,0.2828,5.2,55,91,141,#375B8D
126,83,-2.98,0.2577,2.0,58,83,139,#3A538B
126,84,-2.98,0.2577,2.0,58,83,139,#3A538B
126,85,-2.98,0.2577,2.0,58,83,139,#3A538B
126,86,-2.6,0.2866,5.7,54,92,141,#365C8D
126,87,-2.6,0.2866,5.7,54,92,141,#365C8D
126,88,-1.67,0.3572,14.9,46,110,142,#2E6E8E
126,89,-2.88,0.2653,3.0,57,85,140,#39558C
126,90,-2.79,0.2721,3.8,56,88,140,#38588C
126,91,-2.84,0.2683,3.4,57,86,140,#39568C
126,92,,,,,,,
126,93,,,,,,,
127,0,,,,,,,
127,1,,,,,,,
127,2,,,,,,,
127,3,,,,,,,
127,4,,,,,,,
127,5,,,,,,,
127,6,,,,,,,
127,7,,,,,,,
127,8,,,,,,,
127,9,,,,,,,
127,10,,,,,,,
127,11,,,,,,,
127,12,,,,,,,
127,13,,,,,,,
127,14,,,,,,,
127,15,,,,,,,
127,16,,,,,,,
127,17,,,,,,,
127,18,,,,,,,
127,19,,,,,,,
127,20,,,,,,,
127,21,,,,,,,
127,22,,,,,,,
127,23,,,,,,,
127,24,,,,,,,
127,25,,,,,,,
127,26,,,,,,,
127,27,,,,,,,
127,28,,,,,,,
127,29,,,,,,,
127,30,,,,,,,
127,31,,,,,,,
127,32,,,,,,,
127,33,,,,,,,
127,34,,,,,,,
127,35,,,,,,,
127,36,,,,,,,
127,37,,,,,,,
127,38,,,,,,,
127,39,,,,,,,
127,40,,,,,,,
127,41,,,,,,,
127,42,-2.28,0.3109,8.9,51,98,141,#33628D
127,43,-2.79,0.2721,3.8,56,88,140,#38588C
127,44,-2.79,0.2721,3.8,56,88,140,#38588C
127,45,-2.84,0.2683,3.4,57,86,140,#39568C
127,46,-2.65,0.2828,5.2,55,91,141,#375B8D
127,47,-2.74,0.2759,4.3,56,89,140,#38598C
127,48,-2.09,0.3253,10.8,49,102,142,#31668E
127,49,-0.98,0.4096,21.8,41,122,142,#297A8E
127,50,-2.09,0.3253,10.8,49,102,142,#31668E
127,51,-2.84,0.2683,3.4,57,86,140,#39568C
127,52,-2.19,0.3177,9.8,50,100,142,#32648E
127,53,-0.28,0.4628,28.7,36,135,142,#24878E
127,54,-0.28,0.4628,28.7,36,135,142,#24878E
127,55,0.14,0.4947,32.8,33,143,141,#218F8D
127,56,1.49,0.5973,46.2,34,167,133,#22A785
127,57,1.67,0.6110,48.0,37,171,130,#25AB82
127,58,2.09,0.6429,52.1,45,178,125,#2DB27D
127,59,1.21,0.5760,43.4,31,162,135,#1FA287
127,60,1.67,0.6110,48.0,37,171,130,#25AB82
127,61,1.81,0.6216,49.4,39,173,129,#27AD81
127,62,2.37,0.6642,54.9,53,183,121,#35B779
127,63,3.07,0.7173,61.8,76,194,108,#4CC26C
127,64,3.07,0.7173,61.8,76,194,108,#4CC26C
127,65,3.16,0.7242,62.7,80,196,106,#50C46A
127,66,3.3,0.7348,64.1,86,198,103,#56C667
127,67,2.93,0.7067,60.5,70,192,111,#46C06F
127,68,0.28,0.5054,34.2,32,146,140,#20928C
127,69,0.28,0.5054,34.2,32,146,140,#20928C
127,70,-0.74,0.4279,24.1,39,127,142,#277F8E
127,71,-0.6,0.4385,25.5,38,130,142,#26828E
127,72,-1.77,0.3496,13.9,47,108,142,#2F6C8E
127,73,-2.42,0.3002,7.5,53,95,141,#355F8D
127,74,-1.86,0.3428,13.1,48,106,142,#306A8E
127,75,-1.86,0.3428,13.1,48,106,142,#306A8E
127,76,-1.86,0.3428,13.1,48,106,142,#306A8E
127,77,-3.02,0.2547,1.6,58,83,139,#3A538B
127,78,-2.79,0.2721,3.8,56,88,140,#38588C
127,79,-3.16,0.2440,0.2,60,80,139,#3C508B
127,80,-3.21,0.2402,0.0,60,79,138,#3C4F8A
127,81,-3.58,0.2121,0.0,63,71,136,#3F4788
127,82,-3.02,0.2547,1.6,58,83,139,#3A538B
127,83,-2.98,0.2577,2.0,58,83,139,#3A538B
127,84,-2.98,0.2577,2.0,58,83,139,#3A538B
127,85,-2.65,0.2828,5.2,55,91,141,#375B8D
127,86,-2.74,0.2759,4.3,56,89,140,#38598C
127,87,-3.02,0.2547,1.6,58,83,139,#3A538B
127,88,-2.79,0.2721,3.8,56,88,140,#38588C
127,89,-2.23,0.3147,9.4,51,99,141,#33638D
127,90,-2.65,0.2828,5.2,55,91,141,#375B8D
127,91,-2.79,0.2721,3.8,56,88,140,#38588C
127,92,,,,,,,
127,93,,,,,,,
128,0,,,,,,,
128,1,,,,,,,
128,2,,,,,,,
128,3,,,,,,,
128,4,,,,,,,
128,5,,,,,,,
128,6,,,,,,,
128,7,,,,,,,
128,8,,,,,,,
128,9,,,,,,,
128,10,,,,,,,
128,11,,,,,,,
128,12,,,,,,,
128,13,,,,,,,
128,14,,,,,,,
128,15,,,,,,,
128,16,,,,,,,
128,17,,,,,,,
128,18,,,,,,,
128,19,,,,,,,
128,20,,,,,,,
128,21,,,,,,,
128,22,,,,,,,
128,23,,,,,,,
128,24,,,,,,,
128,25,,,,,,,
128,26,,,,,,,
128,27,,,,,,,
128,28,,,,,,,
128,29,,,,,,,
128,30,,,,,,,
128,31,,,,,,,
128,32,,,,,,,
128,33,,,,,,,
128,34,,,,,,,
128,35,,,,,,,
128,36,,,,,,,
128,37,,,,,,,
128,38,,,,,,,
128,39,,,,,,,
128,40,,,,,,,
128,41,,,,,,,
128,42,-2.28,0.3109,8.9,51,98,141,#33628D
128,43,-2.79,0.2721,3.8,56,88,140,#38588C
128,44,-2.65,0.2828,5.2,55,91,141,#375B8D
128,45,-2.79,0.2721,3.8,56,88,140,#38588C
128,46,-2.09,0.3253,10.8,49,102,142,#31668E
128,47,-2.79,0.2721,3.8,56,88,140,#38588C
128,48,-2.19,0.3177,9.8,50,100,142,#32648E
128,49,-2.09,0.3253,10.8,49,102,142,#31668E
128,50,-2.09,0.3253,10.8,49,102,142,#31668E
128,51,-2.19,0.3177,9.8,50,100,142,#32648E
128,52,-2.0,0.3322,11.7,49,104,142,#31688E
128,53,-0.51,0.4454,26.4,37,131,142,#25838E
128,54,-0.6,0.4385,25.5,38,130,142,#26828E
128,55,0.14,0.4947,32.8,33,143,141,#218F8D
128,56,1.49,0.5973,46.2,34,167,133,#22A785
128,57,2.51,0.6748,56.3,56,185,119,#38B977
128,58,1.77,0.6186,49.0,38,173,129,#26AD81
128,59,0.6,0.5297,37.4,31,151,139,#1F978B
128,60,0.74,0.5403,38.8,31,154,138,#1F9A8A
128,61,2.56,0.6786,56.8,58,186,118,#3ABA76
128,62,2.0,0.6360,51.3,42,176,127,#2AB07F
128,63,2.37,0.6642,54.9,53,183,121,#35B779
128,64,0.28,0.5054,34.2,32,146,140,#20928C
128,65,3.26,0.7318,63.7,84,197,104,#54C568
128,66,3.26,0.7318,63.7,84,197,104,#54C568
128,67,3.26,0.7318,63.7,84,197,104,#54C568
128,68,0.28,0.5054,34.2,32,146,140,#20928C
128,69,-2.42,0.3002,7.5,53,95,141,#355F8D
128,70,-1.63,0.3603,15.3,46,111,142,#2E6F8E
128,71,-1.72,0.3534,14.4,46,109,142,#2E6D8E
128,72,-1.77,0.3496,13.9,47,108,142,#2F6C8E
128,73,-2.42,0.3002,7.5,53,95,141,#355F8D
128,74,-2.0,0.3322,11.7,49,104,142,#31688E
128,75,-2.6,0.2866,5.7,54,92,141,#365C8D
128,76,-3.02,0.2547,1.6,58,83,139,#3A538B
128,77,-2.51,0.2934,6.6,53,94,141,#355E8D
128,78,-3.91,0.1870,0.0,66,63,133,#423F85
128,79,-4.23,0.1627,0.0,69,56,130,#453882
128,80,-3.07,0.2509,1.1,59,82,139,#3B528B
128,81,-3.02,0.2547,1.6,58,83,139,#3A538B
128,82,-3.02,0.2547,1.6,58,83,139,#3A538B
128,83,-3.07,0.2509,1.1,59,82,139,#3B528B
128,84,-2.84,0.2683,3.4,57,86,140,#39568C
128,85,-2.84,0.2683,3.4,57,86,140,#39568C
128,86,-2.47,0.2964,7.0,53,94,141,#355E8D
128,87,-2.65,0.2828,5.2,55,91,141,#375B8D
128,88,-2.23,0.3147,9.4,51,99,141,#33638D
128,89,-2.74,0.2759,4.3,56,89,140,#38598C
128,90,-2.51,0.2934,6.6,53,94,141,#355E8D
128,91,-2.79,0.2721,3.8,56,88,140,#38588C
128,92,,,,,,,
128,93,,,,,,,
129,0,,,,,,,
129,1,,,,,,,
129,2,,,,,,,
129,3,,,,,,,
129,4,,,,,,,
129,5,,,,,,,
129,6,,,,,,,
129,7,,,,,,,
129,8,,,,,,,
129,9,,,,,,,
129,10,,,,,,,
129,11,,,,,,,
129,12,,,,,,,
129,13,,,,,,,
129,14,,,,,,,
129,15,,,,,,,
129,16,,,,,,,
129,17,,,,,,,
129,18,,,,,,,
129,19,,,,,,,
129,20,,,,,,,
129,21,,,,,,,
129,22,,,,,,,
129,23,,,,,,,
129,24,,,,,,,
129,25,,,,,,,
129,26,,,,,,,
129,27,,,,,,,
129,28,,,,,,,
129,29,,,,,,,
129,30,,,,,,,
129,31,,,,,,,
129,32,,,,,,,
129,33,,,,,,,
129,34,,,,,,,
129,35,,,,,,,
129,36,,,,,,,
129,37,,,,,,,
129,38,,,,,,,
129,39,,,,,,,
129,40,,,,,,,
129,41,,,,,,,
129,42,-2.37,0.3040,8.0,52,96,141,#34608D
129,43,-2.28,0.3109,8.9,51,98,141,#33628D
129,44,-2.42,0.3002,7.5,53,95,141,#355F8D
129,45,-2.42,0.3002,7.5,53,95,141,#355F8D
129,46,-1.86,0.3428,13.1,48,106,142,#306A8E
129,47,-2.84,0.2683,3.4,57,86,140,#39568C
129,48,-2.51,0.2934,6.6,53,94,141,#355E8D
129,49,-2.19,0.3177,9.8,50,100,142,#32648E
129,50,-2.19,0.3177,9.8,50,100,142,#32648E
129,51,-1.86,0.3428,13.1,48,106,142,#306A8E
129,52,-1.86,0.3428,13.1,48,106,142,#306A8E
129,53,-0.42,0.4522,27.3,37,132,142,#25848E
129,54,-0.42,0.4522,27.3,37,132,142,#25848E
129,55,0.74,0.5403,38.8,31,154,138,#1F9A8A
129,56,2.0,0.6360,51.3,42,176,127,#2AB07F
129,57,2.51,0.6748,56.3,56,185,119,#38B977
129,58,1.81,0.6216,49.4,39,173,129,#27AD81
129,59,0.56,0.5266,37.0,31,150,139,#1F968B
129,60,-0.09,0.4773,30.6,34,139,141,#228B8D
129,61,2.51,0.6748,56.3,56,185,119,#38B977
129,62,1.91,0.6292,50.4,41,175,127,#29AF7F
129,63,1.86,0.6254,49.9,40,174,128,#28AE80
129,64,0.23,0.5016,33.7,33,145,140,#21918C
129,65,3.21,0.7280,63.2,82,197,105,#52C569
129,66,-2.0,0.3322,11.7,49,104,142,#31688E
129,67,-2.09,0.3253,10.8,49,102,142,#31668E
129,68,-2.19,0.3177,9.8,50,100,142,#32648E
129,69,-2.19,0.3177,9.8,50,100,142,#32648E
129,70,-2.42,0.3002,7.5,53,95,141,#355F8D
129,71,-2.09,0.3253,10.8,49,102,142,#31668E
129,72,-1.86,0.3428,13.1,48,106,142,#306A8E
129,73,-2.98,0.2577,2.0,58,83,139,#3A538B
129,74,-2.79,0.2721,3.8,56,88,140,#38588C
129,75,-2.74,0.2759,4.3,56,89,140,#38598C
129,76,-2.47,0.2964,7.0,53,94,141,#355E8D
129,77,-3.91,0.1870,0.0,66,63,133,#423F85
129,78,-3.58,0.2121,0.0,63,71,136,#3F4788
129,79,-3.77,0.1977,0.0,65,66,135,#414287
129,80,-3.4,0.2258,0.0,62,74,137,#3E4A89
129,81,-3.3,0.2334,0.0,61,77,138,#3D4D8A
129,82,-3.4,0.2258,0.0,62,74,137,#3E4A89
129,83,-3.07,0.2509,1.1,59,82,139,#3B528B
129,84,-3.07,0.2509,1.1,59,82,139,#3B528B
129,85,-3.21,0.2402,0.0,60,79,138,#3C4F8A
129,86,-3.07,0.2509,1.1,59,82,139,#3B528B
129,87,-2.79,0.2721,3.8,56,88,140,#38588C
129,88,-2.65,0.2828,5.2,55,91,141,#375B8D
129,89,-3.02,0.2547,1.6,58,83,139,#3A538B
129,90,-3.02,0.2547,1.6,58,83,139,#3A538B
129,91,-2.74,0.2759,4.3,56,89,140,#38598C
129,92,,,,,,,
129,93,,,,,,,
130,0,,,,,,,
130,1,,,,,,,
130,2,,,,,,,
130,3,,,,,,,
130,4,,,,,,,
130,5,,,,,,,
130,6,,,,,,,
130,7,,,,,,,
130,8,,,,,,,
130,9,,,,,,,
130,10,,,,,,,
130,11,,,,,,,
130,12,,,,,,,
130,13,,,,,,,
130,14,,,,,,,
130,15,,,,,,,
130,16,,,,,,,
130,17,,,,,,,
130,18,,,,,,,
130,19,,,,,,,
130,20,,,,,,,
130,21,,,,,,,
130,22,,,,,,,
130,23,,,,,,,
130,24,,,,,,,
130,25,,,,,,,
130,26,,,,,,,
130,27,,,,,,,
130,28,,,,,,,
130,29,,,,,,,
130,30,,,,,,,
130,31,,,,,,,
130,32,,,,,,,
130,33,,,,,,,
130,34,,,,,,,
130,35,,,,,,,
130,36,,,,,,,
130,37,,,,,,,
130,38,,,,,,,
130,39,,,,,,,
130,40,,,,,,,
130,41,,,,,,,
130,42,-2.28,0.3109,8.9,51,98,141,#33628D
130,43,-2.19,0.3177,9.8,50,100,142,#32648E
130,44,-1.86,0.3428,13.1,48,106,142,#306A8E
130,45,-2.42,0.3002,7.5,53,95,141,#355F8D
130,46,-2.09,0.3253,10.8,49,102,142,#31668E
130,47,-2.09,0.3253,10.8,49,102,142,#31668E
130,48,-2.65,0.2828,5.2,55,91,141,#375B8D
130,49,-2.42,0.3002,7.5,53,95,141,#355F8D
130,50,-3.02,0.2547,1.6,58,83,139,#3A538B
130,51,-1.67,0.3572,14.9,46,110,142,#2E6E8E
130,52,-1.77,0.3496,13.9,47,108,142,#2F6C8E
130,53,-0.56,0.4416,25.9,38,130,142,#26828E
130,54,-1.63,0.3603,15.3,46,111,142,#2E6F8E
130,55,0.09,0.4909,32.4,33,142,141,#218E8D
130,56,-0.23,0.4666,29.2,35,136,142,#23888E
130,57,1.77,0.6186,49.0,38,173,129,#26AD81
130,58,0.28,0.5054,34.2,32,146,140,#20928C
130,59,-0.19,0.4697,29.6,35,137,142,#23898E
130,60,-0.05,0.4803,31.0,34,139,141,#228B8D
130,61,-1.35,0.3815,18.1,44,115,142,#2C738E
130,62,1.12,0.5692,42.5,31,161,136,#1FA188
130,63,0.23,0.5016,33.7,33,145,140,#21918C
130,64,0.23,0.5016,33.7,33,145,140,#21918C
130,65,0.23,0.5016,33.7,33,145,140,#21918C
130,66,-2.0,0.3322,11.7,49,104,142,#31688E
130,67,-2.0,0.3322,11.7,49,104,142,#31688E
130,68,-1.86,0.3428,13.1,48,106,142,#306A8E
130,69,-2.42,0.3002,7.5,53,95,141,#355F8D
130,70,-2.88,0.2653,3.0,57,85,140,#39558C
130,71,-3.02,0.2547,1.6,58,83,139,#3A538B
130,72,-2.74,0.2759,4.3,56,89,140,#38598C
130,73,-2.74,0.2759,4.3,56,89,140,#38598C
130,74,-2.51,0.2934,6.6,53,94,141,#355E8D
130,75,-2.84,0.2683,3.4,57,86,140,#39568C
130,76,-3.02,0.2547,1.6,58,83,139,#3A538B
130,77,-3.58,0.2121,0.0,63,71,136,#3F4788
130,78,-3.72,0.2015,0.0,65,68,135,#414487
130,79,-3.91,0.1870,0.0,66,63,133,#423F85
130,80,-3.91,0.1870,0.0,66,63,133,#423F85
130,81,-2.79,0.2721,3.8,56,88,140,#38588C
130,82,-3.07,0.2509,1.1,59,82,139,#3B528B
130,83,-3.07,0.2509,1.1,59,82,139,#3B528B
130,84,-3.67,0.2053,0.0,64,69,136,#404588
130,85,-3.72,0.2015,0.0,65,68,135,#414487
130,86,-3.67,0.2053,0.0,64,69,136,#404588
130,87,-3.53,0.2159,0.0,63,72,137,#3F4889
130,88,-3.02,0.2547,1.6,58,83,139,#3A538B
130,89,-2.79,0.2721,3.8,56,88,140,#38588C
130,90,-3.02,0.2547,1.6,58,83,139,#3A538B
130,91,-3.07,0.2509,1.1,59,82,139,#3B528B
130,92,,,,,,,
130,93,,,,,,,
131,0,,,,,,,
131,1,,,,,,,
131,2,,,,,,,
131,3,,,,,,,
131,4,,,,,,,
131,5,,,,,,,
131,6,,,,,,,
131,7,,,,,,,
131,8,,,,,,,
131,9,,,,,,,
131,10,,,,,,,
131,11,,,,,,,
131,12,,,,,,,
131,13,,,,,,,
131,14,,,,,,,
131,15,,,,,,,
131,16,,,,,,,
131,17,,,,,,,
131,18,,,,,,,
131,19,,,,,,,
131,20,,,,,,,
131,21,,,,,,,
131,22,,,,,,,
131,23,,,,,,,
131,24,,,,,,,
131,25,,,,,,,
131,26,,,,,,,
131,27,,,,,,,
131,28,,,,,,,
131,29,,,,,,,
131,30,,,,,,,
131,31,,,,,,,
131,32,,,,,,,
131,33,,,,,,,
131,34,,,,,,,
131,35,,,,,,,
131,36,,,,,,,
131,37,,,,,,,
131,38,,,,,,,
131,39,,,,,,,
131,40,,,,,,,
131,41,-2.28,0.3109,8.9,51,98,141,#33628D
131,42,-2.42,0.3002,7.5,53,95,141,#355F8D
131,43,-2.19,0.3177,9.8,50,100,142,#32648E
131,44,-1.86,0.3428,13.1,48,106,142,#306A8E
131,45,-2.09,0.3253,10.8,49,102,142,#31668E
131,46,-2.09,0.3253,10.8,49,102,142,#31668E
131,47,-2.19,0.3177,9.8,50,100,142,#32648E
131,48,-2.19,0.3177,9.8,50,100,142,#32648E
131,49,-1.86,0.3428,13.1,48,106,142,#306A8E
131,50,-2.47,0.2964,7.0,53,94,141,#355E8D
131,51,-2.47,0.2964,7.0,53,94,141,#355E8D
131,52,-2.65,0.2828,5.2,55,91,141,#375B8D
131,53,-1.16,0.3960,20.0,42,119,142,#2A778E
131,54,-1.44,0.3747,17.2,44,113,142,#2C718E
131,55,-1.53,0.3679,16.3,45,113,142,#2D718E
131,56,-0.14,0.4735,30.1,35,138,141,#238A8D
131,57,0.84,0.5479,39.8,30,156,137,#1E9C89
131,58,0.28,0.5054,34.2,32,146,140,#20928C
131,59,-0.56,0.4416,25.9,38,130,142,#26828E
131,60,0.09,0.4909,32.4,33,142,141,#218E8D
131,61,-1.16,0.3960,20.0,42,119,142,#2A778E
131,62,-0.19,0.4697,29.6,35,137,142,#23898E
131,63,-0.33,0.4590,28.2,36,134,142,#24868E
131,64,0.28,0.5054,34.2,32,146,140,#20928C
131,65,-1.77,0.3496,13.9,47,108,142,#2F6C8E
131,66,-1.86,0.3428,13.1,48,106,142,#306A8E
131,67,-2.0,0.3322,11.7,49,104,142,#31688E
131,68,-2.42,0.3002,7.5,53,95,141,#355F8D
131,69,-2.65,0.2828,5.2,55,91,141,#375B8D
131,70,-2.74,0.2759,4.3,56,89,140,#38598C
131,71,-3.02,0.2547,1.6,58,83,139,#3A538B
131,72,-2.23,0.3147,9.4,51,99,141,#33638D
131,73,-2.74,0.2759,4.3,56,89,140,#38598C
131,74,-3.02,0.2547,1.6,58,83,139,#3A538B
131,75,-3.16,0.2440,0.2,60,80,139,#3C508B
131,76,-3.4,0.2258,0.0,62,74,137,#3E4A89
131,77,-3.16,0.2440,0.2,60,80,139,#3C508B
131,78,-4.05,0.1764,0.0,67,61,132,#433D84
131,79,-3.77,0.1977,0.0,65,66,135,#414287
131,80,-3.91,0.1870,0.0,66,63,133,#423F85
131,81,-3.91,0.1870,0.0,66,63,133,#423F85
131,82,-3.91,0.1870,0.0,66,63,133,#423F85
131,83,-3.67,0.2053,0.0,64,69,136,#404588
131,84,-3.67,0.2053,0.0,64,69,136,#404588
131,85,-3.77,0.1977,0.0,65,66,135,#414287
131,86,-3.58,0.2121,0.0,63,71,136,#3F4788
131,87,-3.4,0.2258,0.0,62,74,137,#3E4A89
131,88,-3.53,0.2159,0.0,63,72,137,#3F4889
131,89,-3.4,0.2258,0.0,62,74,137,#3E4A89
131,90,-3.49,0.2190,0.0,62,73,137,#3E4989
131,91,,,,,,,
131,92,,,,,,,
131,93,,,,,,,
132,0,,,,,,,
132,1,,,,,,,
132,2,,,,,,,
132,3,,,,,,,
132,4,,,,,,,
132,5,,,,,,,
132,6,,,,,,,
132,7,,,,,,,
132,8,,,,,,,
132,9,,,,,,,
132,10,,,,,,,
132,11,,,,,,,
132,12,,,,,,,
132,13,,,,,,,
132,14,,,,,,,
132,15,,,,,,,
132,16,,,,,,,
132,17,,,,,,,
132,18,,,,,,,
132,19,,,,,,,
132,20,,,,,,,
132,21,,,,,,,
132,22,,,,,,,
132,23,,,,,,,
132,24,,,,,,,
132,25,,,,,,,
132,26,,,,,,,
132,27,,,,,,,
132,28,,,,,,,
132,29,,,,,,,
132,30,,,,,,,
132,31,,,,,,,
132,32,,,,,,,
132,33,,,,,,,
132,34,,,,,,,
132,35,,,,,,,
132,36,,,,,,,
132,37,,,,,,,
132,38,,,,,,,
132,39,,,,,,,
132,40,-2.23,0.3147,9.4,51,99,141,#33638D
132,41,-2.28,0.3109,8.9,51,98,141,#33628D
132,42,-1.86,0.3428,13.1,48,106,142,#306A8E
132,43,-2.37,0.3040,8.0,52,96,141,#34608D
132,44,-2.6,0.2866,5.7,54,92,141,#365C8D
132,45,-2.51,0.2934,6.6,53,94,141,#355E8D
132,46,-2.09,0.3253,10.8,49,102,142,#31668E
132,47,-3.16,0.2440,0.2,60,80,139,#3C508B
132,48,-3.16,0.2440,0.2,60,80,139,#3C508B
132,49,-3.16,0.2440,0.2,60,80,139,#3C508B
132,50,-2.47,0.2964,7.0,53,94,141,#355E8D
132,51,-2.47,0.2964,7.0,53,94,141,#355E8D
132,52,-2.6,0.2866,5.7,54,92,141,#365C8D
132,53,-1.35,0.3815,18.1,44,115,142,#2C738E
132,54,-1.53,0.3679,16.3,45,113,142,#2D718E
132,55,-1.49,0.3709,16.7,45,113,142,#2D718E
132,56,-1.49,0.3709,16.7,45,113,142,#2D718E
132,57,-1.49,0.3709,16.7,45,113,142,#2D718E
132,58,-1.72,0.3534,14.4,46,109,142,#2E6D8E
132,59,-1.63,0.3603,15.3,46,111,142,#2E6F8E
132,60,-2.37,0.3040,8.0,52,96,141,#34608D
132,61,-1.44,0.3747,17.2,44,113,142,#2C718E
132,62,-0.19,0.4697,29.6,35,137,142,#23898E
132,63,-0.23,0.4666,29.2,35,136,142,#23888E
132,64,-0.23,0.4666,29.2,35,136,142,#23888E
132,65,-1.72,0.3534,14.4,46,109,142,#2E6D8E
132,66,-1.53,0.3679,16.3,45,113,142,#2D718E
132,67,-2.23,0.3147,9.4,51,99,141,#33638D
132,68,-1.53,0.3679,16.3,45,113,142,#2D718E
132,69,-2.19,0.3177,9.8,50,100,142,#32648E
132,70,-3.95,0.1840,0.0,66,63,133,#423F85
132,71,-3.95,0.1840,0.0,66,63,133,#423F85
132,72,-3.95,0.1840,0.0,66,63,133,#423F85
132,73,-4.23,0.1627,0.0,69,56,130,#453882
132,74,-3.91,0.1870,0.0,66,63,133,#423F85
132,75,-3.3,0.2334,0.0,61,77,138,#3D4D8A
132,76,-3.67,0.2053,0.0,64,69,136,#404588
132,77,-3.4,0.2258,0.0,62,74,137,#3E4A89
132,78,-3.4,0.2258,0.0,62,74,137,#3E4A89
132,79,-3.95,0.1840,0.0,66,63,133,#423F85
132,80,-3.16,0.2440,0.2,60,80,139,#3C508B
132,81,-3.91,0.1870,0.0,66,63,133,#423F85
132,82,-3.63,0.2083,0.0,64,70,136,#404688
132,83,-3.67,0.2053,0.0,64,69,136,#404588
132,84,-3.63,0.2083,0.0,64,70,136,#404688
132,85,-3.21,0.2402,0.0,60,79,138,#3C4F8A
132,86,-3.49,0.2190,0.0,62,73,137,#3E4989
132,87,-3.4,0.2258,0.0,62,74,137,#3E4A89
132,88,-3.91,0.1870,0.0,66,63,133,#423F85
132,89,-3.4,0.2258,0.0,62,74,137,#3E4A89
132,90,-3.58,0.2121,0.0,63,71,136,#3F4788
132,91,,,,,,,
132,92,,,,,,,
132,93,,,,,,,
133,0,,,,,,,
133,1,,,,,,,
133,2,,,,,,,
133,3,,,,,,,
133,4,,,,,,,
133,5,,,,,,,
133,6,,,,,,,
133,7,,,,,,,
133,8,,,,,,,
133,9,,,,,,,
133,10,,,,,,,
133,11,,,,,,,
133,12,,,,,,,
133,13,,,,,,,
133,14,,,,,,,
133,15,,,,,,,
133,16,,,,,,,
133,17,,,,,,,
133,18,,,,,,,
133,19,,,,,,,
133,20,,,,,,,
133,21,,,,,,,
133,22,,,,,,,
133,23,,,,,,,
133,24,,,,,,,
133,25,,,,,,,
133,26,,,,,,,
133,27,,,,,,,
133,28,,,,,,,
133,29,,,,,,,
133,30,,,,,,,
133,31,,,,,,,
133,32,,,,,,,
133,33,,,,,,,
133,34,,,,,,,
133,35,,,,,,,
133,36,,,,,,,
133,37,,,,,,,
133,38,,,,,,,
133,39,-2.0,0.3322,11.7,49,104,142,#31688E
133,40,-1.12,0.3990,20.4,42,120,142,#2A788E
133,41,-1.3,0.3853,18.6,43,116,142,#2B748E
133,42,-2.19,0.3177,9.8,50,100,142,#32648E
133,43,-2.19,0.3177,9.8,50,100,142,#32648E
133,44,-2.23,0.3147,9.4,51,99,141,#33638D
133,45,-2.47,0.2964,7.0,53,94,141,#355E8D
133,46,-2.47,0.2964,7.0,53,94,141,#355E8D
133,47,-3.3,0.2334,0.0,61,77,138,#3D4D8A
133,48,-2.79,0.2721,3.8,56,88,140,#38588C
133,49,-3.02,0.2547,1.6,58,83,139,#3A538B
133,50,-3.3,0.2334,0.0,61,77,138,#3D4D8A
133,51,-3.16,0.2440,0.2,60,80,139,#3C508B
133,52,-1.53,0.3679,16.3,45,113,142,#2D718E
133,53,-1.35,0.3815,18.1,44,115,142,#2C738E
133,54,-1.63,0.3603,15.3,46,111,142,#2E6F8E
133,55,-1.81,0.3466,13.5,47,107,142,#2F6B8E
133,56,-0.93,0.4134,22.3,41,123,142,#297B8E
133,57,-2.6,0.2866,5.7,54,92,141,#365C8D
133,58,-1.72,0.3534,14.4,46,109,142,#2E6D8E
133,59,-2.42,0.3002,7.5,53,95,141,#355F8D
133,60,-2.37,0.3040,8.0,52,96,141,#34608D
133,61,-1.49,0.3709,16.7,45,113,142,#2D718E
133,62,-1.49,0.3709,16.7,45,113,142,#2D718E
133,63,-0.28,0.4628,28.7,36,135,142,#24878E
133,64,-1.77,0.3496,13.9,47,108,142,#2F6C8E
133,65,-1.67,0.3572,14.9,46,110,142,#2E6E8E
133,66,-1.49,0.3709,16.7,45,113,142,#2D718E
133,67,-1.35,0.3815,18.1,44,115,142,#2C738E
133,68,-1.63,0.3603,15.3,46,111,142,#2E6F8E
133,69,-1.53,0.3679,16.3,45,113,142,#2D718E
133,70,-3.77,0.1977,0.0,65,66,135,#414287
133,71,-3.72,0.2015,0.0,65,68,135,#414487
133,72,-3.3,0.2334,0.0,61,77,138,#3D4D8A
133,73,-3.53,0.2159,0.0,63,72,137,#3F4889
133,74,-3.21,0.2402,0.0,60,79,138,#3C4F8A
133,75,-3.53,0.2159,0.0,63,72,137,#3F4889
133,76,-3.3,0.2334,0.0,61,77,138,#3D4D8A
133,77,-2.51,0.2934,6.6,53,94,141,#355E8D
133,78,-3.16,0.2440,0.2,60,80,139,#3C508B
133,79,-3.67,0.2053,0.0,64,69,136,#404588
133,80,-3.91,0.1870,0.0,66,63,133,#423F85
133,81,-3.4,0.2258,0.0,62,74,137,#3E4A89
133,82,-3.63,0.2083,0.0,64,70,136,#404688
133,83,-4.09,0.1734,0.0,68,59,132,#443B84
133,84,-4.05,0.1764,0.0,67,61,132,#433D84
133,85,-4.05,0.1764,0.0,67,61,132,#433D84
133,86,-4.23,0.1627,0.0,69,56,130,#453882
133,87,-3.72,0.2015,0.0,65,68,135,#414487
133,88,-3.53,0.2159,0.0,63,72,137,#3F4889
133,89,-3.4,0.2258,0.0,62,74,137,#3E4A89
133,90,-3.58,0.2121,0.0,63,71,136,#3F4788
133,91,,,,,,,
133,92,,,,,,,
133,93,,,,,,,
134,0,,,,,,,
134,1,,,,,,,
134,2,,,,,,,
134,3,,,,,,,
134,4,,,,,,,
134,5,,,,,,,
134,6,,,,,,,
134,7,,,,,,,
134,8,,,,,,,
134,9,,,,,,,
134,10,,,,,,,
134,11,,,,,,,
134,12,,,,,,,
134,13,,,,,,,
134,14,,,,,,,
134,15,,,,,,,
134,16,,,,,,,
134,17,,,,,,,
134,18,,,,,,,
134,19,,,,,,,
134,20,,,,,,,
134,21,,,,,,,
134,22,,,,,,,
134,23,,,,,,,
134,24,,,,,,,
134,25,,,,,,,
134,26,,,,,,,
134,27,,,,,,,
134,28,,,,,,,
134,29,,,,,,,
134,30,,,,,,,
134,31,,,,,,,
134,32,,,,,,,
134,33,,,,,,,
134,34,,,,,,,
134,35,,,,,,,
134,36,,,,,,,
134,37,-1.67,0.3572,14.9,46,110,142,#2E6E8E
134,38,-1.35,0.3815,18.1,44,115,142,#2C738E
134,39,-1.12,0.3990,20.4,42,120,142,#2A788E
134,40,-0.93,0.4134,22.3,41,123,142,#297B8E
134,41,-1.16,0.3960,20.0,42,119,142,#2A778E
134,42,-0.98,0.4096,21.8,41,122,142,#297A8E
134,43,-2.23,0.3147,9.4,51,99,141,#33638D
134,44,-2.05,0.3284,11.2,49,103,142,#31678E
134,45,-2.65,0.2828,5.2,55,91,141,#375B8D
134,46,-2.05,0.3284,11.2,49,103,142,#31678E
134,47,-2.51,0.2934,6.6,53,94,141,#355E8D
134,48,-3.07,0.2509,1.1,59,82,139,#3B528B
134,49,-3.21,0.2402,0.0,60,79,138,#3C4F8A
134,50,-3.95,0.1840,0.0,66,63,133,#423F85
134,51,-3.95,0.1840,0.0,66,63,133,#423F85
134,52,-3.58,0.2121,0.0,63,71,136,#3F4788
134,53,-2.6,0.2866,5.7,54,92,141,#365C8D
134,54,-1.53,0.3679,16.3,45,113,142,#2D718E
134,55,-3.02,0.2547,1.6,58,83,139,#3A538B
134,56,-3.02,0.2547,1.6,58,83,139,#3A538B
134,57,-2.74,0.2759,4.3,56,89,140,#38598C
134,58,-1.72,0.3534,14.4,46,109,142,#2E6D8E
134,59,-2.28,0.3109,8.9,51,98,141,#33628D
134,60,-2.6,0.2866,5.7,54,92,141,#365C8D
134,61,-2.23,0.3147,9.4,51,99,141,#33638D
134,62,-1.49,0.3709,16.7,45,113,142,#2D718E
134,63,-2.23,0.3147,9.4,51,99,141,#33638D
134,64,-2.42,0.3002,7.5,53,95,141,#355F8D
134,65,-3.58,0.2121,0.0,63,71,136,#3F4788
134,66,-3.3,0.2334,0.0,61,77,138,#3D4D8A
134,67,-3.72,0.2015,0.0,65,68,135,#414487
134,68,-3.3,0.2334,0.0,61,77,138,#3D4D8A
134,69,-3.95,0.1840,0.0,66,63,133,#423F85
134,70,-3.77,0.1977,0.0,65,66,135,#414287
134,71,-2.65,0.2828,5.2,55,91,141,#375B8D
134,72,-3.53,0.2159,0.0,63,72,137,#3F4889
134,73,-3.67,0.2053,0.0,64,69,136,#404588
134,74,-3.91,0.1870,0.0,66,63,133,#423F85
134,75,-3.91,0.1870,0.0,66,63,133,#423F85
134,76,-3.16,0.2440,0.2,60,80,139,#3C508B
134,77,-3.72,0.2015,0.0,65,68,135,#414487
134,78,-3.16,0.2440,0.2,60,80,139,#3C508B
134,79,-3.91,0.1870,0.0,66,63,133,#423F85
134,80,-3.91,0.1870,0.0,66,63,133,#423F85
134,81,-3.72,0.2015,0.0,65,68,135,#414487
134,82,-3.63,0.2083,0.0,64,70,136,#404688
134,83,-4.51,0.1415,0.0,70,50,126,#46327E
134,84,-4.51,0.1415,0.0,70,50,126,#46327E
134,85,-4.05,0.1764,0.0,67,61,132,#433D84
134,86,-4.09,0.1734,0.0,68,59,132,#443B84
134,87,-3.72,0.2015,0.0,65,68,135,#414487
134,88,-3.67,0.2053,0.0,64,69,136,#404588
134,89,-3.3,0.2334,0.0,61,77,138,#3D4D8A
134,90,-2.98,0.2577,2.0,58,83,139,#3A538B
134,91,,,,,,,
134,92,,,,,,,
134,93,,,,,,,
135,0,,,,,,,
135,1,,,,,,,
135,2,,,,,,,
135,3,,,,,,,
135,4,,,,,,,
135,5,,,,,,,
135,6,,,,,,,
135,7,,,,,,,
135,8,,,,,,,
135,9,,,,,,,
135,10,,,,,,,
135,11,,,,,,,
135,12,,,,,,,
135,13,,,,,,,
135,14,,,,,,,
135,15,,,,,,,
135,16,,,,,,,
135,17,,,,,,,
135,18,,,,,,,
135,19,,,,,,,
135,20,,,,,,,
135,21,,,,,,,
135,22,,,,,,,
135,23,,,,,,,
135,24,,,,,,,
135,25,,,,,,,
135,26,,,,,,,
135,27,,,,,,,
135,28,,,,,,,
135,29,,,,,,,
135,30,,,,,,,
135,31,,,,,,,
135,32,,,,,,,
135,33,,,,,,,
135,34,,,,,,,
135,35,-1.81,0.3466,13.5,47,107,142,#2F6B8E
135,36,-1.77,0.3496,13.9,47,108,142,#2F6C8E
135,37,-1.81,0.3466,13.5,47,107,142,#2F6B8E
135,38,-1.86,0.3428,13.1,48,106,142,#306A8E
135,39,-1.12,0.3990,20.4,42,120,142,#2A788E
135,40,-1.12,0.3990,20.4,42,120,142,#2A788E
135,41,-1.16,0.3960,20.0,42,119,142,#2A778E
135,42,-1.3,0.3853,18.6,43,116,142,#2B748E
135,43,-2.19,0.3177,9.8,50,100,142,#32648E
135,44,-2.19,0.3177,9.8,50,100,142,#32648E
135,45,-2.19,0.3177,9.8,50,100,142,#32648E
135,46,-2.42,0.3002,7.5,53,95,141,#355F8D
135,47,-3.02,0.2547,1.6,58,83,139,#3A538B
135,48,-3.49,0.2190,0.0,62,73,137,#3E4989
135,49,-3.16,0.2440,0.2,60,80,139,#3C508B
135,50,-3.21,0.2402,0.0,60,79,138,#3C4F8A
135,51,-3.53,0.2159,0.0,63,72,137,#3F4889
135,52,-3.4,0.2258,0.0,62,74,137,#3E4A89
135,53,-2.47,0.2964,7.0,53,94,141,#355E8D
135,54,-1.81,0.3466,13.5,47,107,142,#2F6B8E
135,55,-3.02,0.2547,1.6,58,83,139,#3A538B
135,56,-3.4,0.2258,0.0,62,74,137,#3E4A89
135,57,-1.81,0.3466,13.5,47,107,142,#2F6B8E
135,58,-1.67,0.3572,14.9,46,110,142,#2E6E8E
135,59,-2.98,0.2577,2.0,58,83,139,#3A538B
135,60,-3.07,0.2509,1.1,59,82,139,#3B528B
135,61,-2.47,0.2964,7.0,53,94,141,#355E8D
135,62,-2.6,0.2866,5.7,54,92,141,#365C8D
135,63,-2.19,0.3177,9.8,50,100,142,#32648E
135,64,-2.19,0.3177,9.8,50,100,142,#32648E
135,65,-2.74,0.2759,4.3,56,89,140,#38598C
135,66,-4.05,0.1764,0.0,67,61,132,#433D84
135,67,-3.53,0.2159,0.0,63,72,137,#3F4889
135,68,-2.51,0.2934,6.6,53,94,141,#355E8D
135,69,-4.09,0.1734,0.0,68,59,132,#443B84
135,70,-3.95,0.1840,0.0,66,63,133,#423F85
135,71,-3.4,0.2258,0.0,62,74,137,#3E4A89
135,72,-3.4,0.2258,0.0,62,74,137,#3E4A89
135,73,-3.21,0.2402,0.0,60,79,138,#3C4F8A
135,74,-3.77,0.1977,0.0,65,66,135,#414287
135,75,-3.72,0.2015,0.0,65,68,135,#414487
135,76,-3.16,0.2440,0.2,60,80,139,#3C508B
135,77,-3.91,0.1870,0.0,66,63,133,#423F85
135,78,-3.53,0.2159,0.0,63,72,137,#3F4889
135,79,-3.58,0.2121,0.0,63,71,136,#3F4788
135,80,-3.67,0.2053,0.0,64,69,136,#404588
135,81,-3.4,0.2258,0.0,62,74,137,#3E4A89
135,82,-4.05,0.1764,0.0,67,61,132,#433D84
135,83,-3.67,0.2053,0.0,64,69,136,#404588
135,84,-3.67,0.2053,0.0,64,69,136,#404588
135,85,-3.16,0.2440,0.2,60,80,139,#3C508B
135,86,-3.91,0.1870,0.0,66,63,133,#423F85
135,87,-4.23,0.1627,0.0,69,56,130,#453882
135,88,-3.67,0.2053,0.0,64,69,136,#404588
135,89,-4.51,0.1415,0.0,70,50,126,#46327E
135,90,,,,,,,
135,91,,,,,,,
135,92,,,,,,,
135,93,,,,,,,
136,0,,,,,,,
136,1,,,,,,,
136,2,,,,,,,
136,3,,,,,,,
136,4,,,,,,,
136,5,,,,,,,
136,6,,,,,,,
136,7,,,,,,,
136,8,,,,,,,
136,9,,,,,,,
136,10,,,,,,,
136,11,,,,,,,
136,12,,,,,,,
136,13,,,,,,,
136,14,,,,,,,
136,15,,,,,,,
136,16,,,,,,,
136,17,,,,,,,
136,18,,,,,,,
136,19,,,,,,,
136,20,,,,,,,
136,21,,,,,,,
136,22,,,,,,,
136,23,,,,,,,
136,24,,,,,,,
136,25,,,,,,,
136,26,,,,,,,
136,27,,,,,,,
136,28,,,,,,,
136,29,,,,,,,
136,30,,,,,,,
136,31,,,,,,,
136,32,,,,,,,
136,33,-1.77,0.3496,13.9,47,108,142,#2F6C8E
136,34,-2.19,0.3177,9.8,50,100,142,#32648E
136,35,-1.77,0.3496,13.9,47,108,142,#2F6C8E
136,36,-1.77,0.3496,13.9,47,108,142,#2F6C8E
136,37,-1.86,0.3428,13.1,48,106,142,#306A8E
136,38,-1.86,0.3428,13.1,48,106,142,#306A8E
136,39,-1.12,0.3990,20.4,42,120,142,#2A788E
136,40,-1.12,0.3990,20.4,42,120,142,#2A788E
136,41,-1.07,0.4028,20.9,41,121,142,#29798E
136,42,-2.19,0.3177,9.8,50,100,142,#32648E
136,43,-2.19,0.3177,9.8,50,100,142,#32648E
136,44,-2.19,0.3177,9.8,50,100,142,#32648E
136,45,-2.19,0.3177,9.8,50,100,142,#32648E
136,46,-2.19,0.3177,9.8,50,100,142,#32648E
136,47,-3.16,0.2440,0.2,60,80,139,#3C508B
136,48,-3.21,0.2402,0.0,60,79,138,#3C4F8A
136,49,-3.49,0.2190,0.0,62,73,137,#3E4989
136,50,-3.95,0.1840,0.0,66,63,133,#423F85
136,51,-3.21,0.2402,0.0,60,79,138,#3C4F8A
136,52,-3.16,0.2440,0.2,60,80,139,#3C508B
136,53,-3.67,0.2053,0.0,64,69,136,#404588
136,54,-2.23,0.3147,9.4,51,99,141,#33638D
136,55,-3.02,0.2547,1.6,58,83,139,#3A538B
136,56,-3.16,0.2440,0.2,60,80,139,#3C508B
136,57,-3.3,0.2334,0.0,61,77,138,#3D4D8A
136,58,-2.28,0.3109,8.9,51,98,141,#33628D
136,59,-2.47,0.2964,7.0,53,94,141,#355E8D
136,60,-2.84,0.2683,3.4,57,86,140,#39568C
136,61,-3.02,0.2547,1.6,58,83,139,#3A538B
136,62,-2.6,0.2866,5.7,54,92,141,#365C8D
136,63,-2.47,0.2964,7.0,53,94,141,#355E8D
136,64,-2.65,0.2828,5.2,55,91,141,#375B8D
136,65,-3.49,0.2190,0.0,62,73,137,#3E4989
136,66,-3.58,0.2121,0.0,63,71,136,#3F4788
136,67,-2.47,0.2964,7.0,53,94,141,#355E8D
136,68,-3.58,0.2121,0.0,63,71,136,#3F4788
136,69,-2.51,0.2934,6.6,53,94,141,#355E8D
136,70,-4.37,0.1521,0.0,70,52,128,#463480
136,71,-3.95,0.1840,0.0,66,63,133,#423F85
136,72,-2.79,0.2721,3.8,56,88,140,#38588C
136,73,-3.91,0.1870,0.0,66,63,133,#423F85
136,74,-3.95,0.1840,0.0,66,63,133,#423F85
136,75,-3.77,0.1977,0.0,65,66,135,#414287
136,76,-3.67,0.2053,0.0,64,69,136,#404588
136,77,-3.4,0.2258,0.0,62,74,137,#3E4A89
136,78,-4.05,0.1764,0.0,67,61,132,#433D84
136,79,-3.58,0.2121,0.0,63,71,136,#3F4788
136,80,-3.67,0.2053,0.0,64,69,136,#404588
136,81,-3.67,0.2053,0.0,64,69,136,#404588
136,82,-3.67,0.2053,0.0,64,69,136,#404588
136,83,-3.67,0.2053,0.0,64,69,136,#404588
136,84,-3.53,0.2159,0.0,63,72,137,#3F4889
136,85,-2.51,0.2934,6.6,53,94,141,#355E8D
136,86,-3.63,0.2083,0.0,64,70,136,#404688
136,87,-3.91,0.1870,0.0,66,63,133,#423F85
136,88,-3.95,0.1840,0.0,66,63,133,#423F85
136,89,,,,,,,
136,90,,,,,,,
136,91,,,,,,,
136,92,,,,,,,
136,93,,,,,,,
137,0,,,,,,,
137,1,,,,,,,
137,2,,,,,,,
137,3,,,,,,,
137,4,,,,,,,
137,5,,,,,,,
137,6,,,,,,,
137,7,,,,,,,
137,8,,,,,,,
137,9,,,,,,,
137,10,,,,,,,
137,11,,,,,,,
137,12,,,,,,,
137,13,,,,,,,
137,14,,,,,,,
137,15,,,,,,,
137,16,,,,,,,
137,17,,,,,,,
137,18,,,,,,,
137,19,,,,,,,
137,20,,,,,,,
137,21,,,,,,,
137,22,,,,,,,
137,23,,,,,,,
137,24,,,,,,,
137,25,,,,,,,
137,26,,,,,,,
137,27,,,,,,,
137,28,,,,,,,
137,29,,,,,,,
137,30,,,,,,,
137,31,,,,,,,
137,32,-1.77,0.3496,13.9,47,108,142,#2F6C8E
137,33,-1.63,0.3603,15.3,46,111,142,#2E6F8E
137,34,-1.53,0.3679,16.3,45,113,142,#2D718E
137,35,-1.77,0.3496,13.9,47,108,142,#2F6C8E
137,36,-1.81,0.3466,13.5,47,107,142,#2F6B8E
137,37,-1.86,0.3428,13.1,48,106,142,#306A8E
137,38,-2.05,0.3284,11.2,49,103,142,#31678E
137,39,-1.12,0.3990,20.4,42,120,142,#2A788E
137,40,-1.12,0.3990,20.4,42,120,142,#2A788E
137,41,-1.12,0.3990,20.4,42,120,142,#2A788E
137,42,-2.19,0.3177,9.8,50,100,142,#32648E
137,43,-2.19,0.3177,9.8,50,100,142,#32648E
137,44,-2.19,0.3177,9.8,50,100,142,#32648E
137,45,-2.19,0.3177,9.8,50,100,142,#32648E
137,46,-2.79,0.2721,3.8,56,88,140,#38588C
137,47,-3.35,0.2296,0.0,62,76,138,#3E4C8A
137,48,-3.95,0.1840,0.0,66,63,133,#423F85
137,49,-3.58,0.2121,0.0,63,71,136,#3F4788
137,50,-2.98,0.2577,2.0,58,83,139,#3A538B
137,51,-3.63,0.2083,0.0,64,70,136,#404688
137,52,-3.53,0.2159,0.0,63,72,137,#3F4889
137,53,-3.67,0.2053,0.0,64,69,136,#404588
137,54,-2.84,0.2683,3.4,57,86,140,#39568C
137,55,-3.02,0.2547,1.6,58,83,139,#3A538B
137,56,-2.47,0.2964,7.0,53,94,141,#355E8D
137,57,-3.77,0.1977,0.0,65,66,135,#414287
137,58,-3.77,0.1977,0.0,65,66,135,#414287
137,59,-3.02,0.2547,1.6,58,83,139,#3A538B
137,60,-2.47,0.2964,7.0,53,94,141,#355E8D
137,61,-2.79,0.2721,3.8,56,88,140,#38588C
137,62,-3.21,0.2402,0.0,60,79,138,#3C4F8A
137,63,-1.77,0.3496,13.9,47,108,142,#2F6C8E
137,64,-2.88,0.2653,3.0,57,85,140,#39558C
137,65,-3.67,0.2053,0.0,64,69,136,#404588
137,66,-3.58,0.2121,0.0,63,71,136,#3F4788
137,67,-1.77,0.3496,13.9,47,108,142,#2F6C8E
137,68,-1.86,0.3428,13.1,48,106,142,#306A8E
137,69,-1.81,0.3466,13.5,47,107,142,#2F6B8E
137,70,-1.81,0.3466,13.5,47,107,142,#2F6B8E
137,71,-3.53,0.2159,0.0,63,72,137,#3F4889
137,72,-3.58,0.2121,0.0,63,71,136,#3F4788
137,73,-3.35,0.2296,0.0,62,76,138,#3E4C8A
137,74,-3.67,0.2053,0.0,64,69,136,#404588
137,75,-3.77,0.1977,0.0,65,66,135,#414287
137,76,-3.21,0.2402,0.0,60,79,138,#3C4F8A
137,77,-3.91,0.1870,0.0,66,63,133,#423F85
137,78,-3.4,0.2258,0.0,62,74,137,#3E4A89
137,79,-3.4,0.2258,0.0,62,74,137,#3E4A89
137,80,-3.4,0.2258,0.0,62,74,137,#3E4A89
137,81,-3.67,0.2053,0.0,64,69,136,#404588
137,82,-3.63,0.2083,0.0,64,70,136,#404688
137,83,-4.23,0.1627,0.0,69,56,130,#453882
137,84,-3.21,0.2402,0.0,60,79,138,#3C4F8A
137,85,-2.23,0.3147,9.4,51,99,141,#33638D
137,86,-3.4,0.2258,0.0,62,74,137,#3E4A89
137,87,-3.4,0.2258,0.0,62,74,137,#3E4A89
137,88,,,,,,,
137,89,,,,,,,
137,90,,,,,,,
137,91,,,,,,,
137,92,,,,,,,
137,93,,,,,,,
138,0,,,,,,,
138,1,,,,,,,
138,2,,,,,,,
138,3,,,,,,,
138,4,,,,,,,
138,5,,,,,,,
138,6,,,,,,,
138,7,,,,,,,
138,8,,,,,,,
138,9,,,,,,,
138,10,,,,,,,
138,11,,,,,,,
138,12,,,,,,,
138,13,,,,,,,
138,14,,,,,,,
138,15,,,,,,,
138,16,,,,,,,
138,17,,,,,,,
138,18,,,,,,,
138,19,,,,,,,
138,20,,,,,,,
138,21,,,,,,,
138,22,,,,,,,
138,23,,,,,,,
138,24,,,,,,,
138,25,,,,,,,
138,26,,,,,,,
138,27,,,,,,,
138,28,,,,,,,
138,29,,,,,,,
138,30,,,,,,,
138,31,,,,,,,
138,32,nan,nan,nan,0,0,0,#000000
138,33,-1.77,0.3496,13.9,47,108,142,#2F6C8E
138,34,-1.77,0.3496,13.9,47,108,142,#2F6C8E
138,35,-1.77,0.3496,13.9,47,108,142,#2F6C8E
138,36,-1.67,0.3572,14.9,46,110,142,#2E6E8E
138,37,-1.86,0.3428,13.1,48,106,142,#306A8E
138,38,-2.42,0.3002,7.5,53,95,141,#355F8D
138,39,-1.67,0.3572,14.9,46,110,142,#2E6E8E
138,40,-1.3,0.3853,18.6,43,116,142,#2B748E
138,41,-2.09,0.3253,10.8,49,102,142,#31668E
138,42,-2.19,0.3177,9.8,50,100,142,#32648E
138,43,-2.0,0.3322,11.7,49,104,142,#31688E
138,44,-2.98,0.2577,2.0,58,83,139,#3A538B
138,45,-2.23,0.3147,9.4,51,99,141,#33638D
138,46,-2.79,0.2721,3.8,56,88,140,#38588C
138,47,-2.79,0.2721,3.8,56,88,140,#38588C
138,48,-3.16,0.2440,0.2,60,80,139,#3C508B
138,49,-3.16,0.2440,0.2,60,80,139,#3C508B
138,50,-3.77,0.1977,0.0,65,66,135,#414287
138,51,-3.91,0.1870,0.0,66,63,133,#423F85
138,52,-3.72,0.2015,0.0,65,68,135,#414487
138,53,-3.02,0.2547,1.6,58,83,139,#3A538B
138,54,-3.21,0.2402,0.0,60,79,138,#3C4F8A
138,55,-3.4,0.2258,0.0,62,74,137,#3E4A89
138,56,-3.53,0.2159,0.0,63,72,137,#3F4889
138,57,-3.77,0.1977,0.0,65,66,135,#414287
138,58,-3.77,0.1977,0.0,65,66,135,#414287
138,59,-3.91,0.1870,0.0,66,63,133,#423F85
138,60,-3.16,0.2440,0.2,60,80,139,#3C508B
138,61,-2.98,0.2577,2.0,58,83,139,#3A538B
138,62,-2.84,0.2683,3.4,57,86,140,#39568C
138,63,-1.72,0.3534,14.4,46,109,142,#2E6D8E
138,64,-1.81,0.3466,13.5,47,107,142,#2F6B8E
138,65,-3.49,0.2190,0.0,62,73,137,#3E4989
138,66,-3.58,0.2121,0.0,63,71,136,#3F4788
138,67,-3.16,0.2440,0.2,60,80,139,#3C508B
138,68,-3.95,0.1840,0.0,66,63,133,#423F85
138,69,-3.58,0.2121,0.0,63,71,136,#3F4788
138,70,-2.47,0.2964,7.0,53,94,141,#355E8D
138,71,-2.84,0.2683,3.4,57,86,140,#39568C
138,72,-3.21,0.2402,0.0,60,79,138,#3C4F8A
138,73,-3.53,0.2159,0.0,63,72,137,#3F4889
138,74,-3.16,0.2440,0.2,60,80,139,#3C508B
138,75,-3.53,0.2159,0.0,63,72,137,#3F4889
138,76,-2.51,0.2934,6.6,53,94,141,#355E8D
138,77,-2.51,0.2934,6.6,53,94,141,#355E8D
138,78,-2.47,0.2964,7.0,53,94,141,#355E8D
138,79,-3.21,0.2402,0.0,60,79,138,#3C4F8A
138,80,-3.4,0.2258,0.0,62,74,137,#3E4A89
138,81,-4.05,0.1764,0.0,67,61,132,#433D84
138,82,-3.16,0.2440,0.2,60,80,139,#3C508B
138,83,-3.02,0.2547,1.6,58,83,139,#3A538B
138,84,-3.16,0.2440,0.2,60,80,139,#3C508B
138,85,-3.3,0.2334,0.0,61,77,138,#3D4D8A
138,86,-2.79,0.2721,3.8,56,88,140,#38588C
138,87,-3.16,0.2440,0.2,60,80,139,#3C508B
138,88,,,,,,,
138,89,,,,,,,
138,90,,,,,,,
138,91,,,,,,,
138,92,,,,,,,
138,93,,,,,,,
139,0,,,,,,,
139,1,,,,,,,
139,2,,,,,,,
139,3,,,,,,,
139,4,,,,,,,
139,5,,,,,,,
139,6,,,,,,,
139,7,,,,,,,
139,8,,,,,,,
139,9,,,,,,,
139,10,,,,,,,
139,11,,,,,,,
139,12,,,,,,,
139,13,,,,,,,
139,14,,,,,,,
139,15,,,,,,,
139,16,,,,,,,
139,17,,,,,,,
139,18,,,,,,,
139,19,,,,,,,
139,20,,,,,,,
139,21,,,,,,,
139,22,,,,,,,
139,23,,,,,,,
139,24,,,,,,,
139,25,,,,,,,
139,26,,,,,,,
139,27,,,,,,,
139,28,,,,,,,
139,29,,,,,,,
139,30,,,,,,,
139,31,,,,,,,
139,32,,,,,,,
139,33,-1.77,0.3496,13.9,47,108,142,#2F6C8E
139,34,-1.86,0.3428,13.1,48,106,142,#306A8E
139,35,-1.67,0.3572,14.9,46,110,142,#2E6E8E
139,36,-1.86,0.3428,13.1,48,106,142,#306A8E
139,37,-2.0,0.3322,11.7,49,104,142,#31688E
139,38,-1.67,0.3572,14.9,46,110,142,#2E6E8E
139,39,-1.67,0.3572,14.9,46,110,142,#2E6E8E
139,40,-2.42,0.3002,7.5,53,95,141,#355F8D
139,41,-2.09,0.3253,10.8,49,102,142,#31668E
139,42,-2.23,0.3147,9.4,51,99,141,#33638D
139,43,-2.6,0.2866,5.7,54,92,141,#365C8D
139,44,-2.98,0.2577,2.0,58,83,139,#3A538B
139,45,-2.23,0.3147,9.4,51,99,141,#33638D
139,46,-2.28,0.3109,8.9,51,98,141,#33628D
139,47,-3.16,0.2440,0.2,60,80,139,#3C508B
139,48,-3.3,0.2334,0.0,61,77,138,#3D4D8A
139,49,-3.16,0.2440,0.2,60,80,139,#3C508B
139,50,-3.21,0.2402,0.0,60,79,138,#3C4F8A
139,51,-3.3,0.2334,0.0,61,77,138,#3D4D8A
139,52,-3.4,0.2258,0.0,62,74,137,#3E4A89
139,53,-3.16,0.2440,0.2,60,80,139,#3C508B
139,54,-3.4,0.2258,0.0,62,74,137,#3E4A89
139,55,-3.58,0.2121,0.0,63,71,136,#3F4788
139,56,-3.4,0.2258,0.0,62,74,137,#3E4A89
139,57,-3.77,0.1977,0.0,65,66,135,#414287
139,58,-3.77,0.1977,0.0,65,66,135,#414287
139,59,-3.91,0.1870,0.0,66,63,133,#423F85
139,60,-3.35,0.2296,0.0,62,76,138,#3E4C8A
139,61,-2.98,0.2577,2.0,58,83,139,#3A538B
139,62,-2.47,0.2964,7.0,53,94,141,#355E8D
139,63,-2.74,0.2759,4.3,56,89,140,#38598C
139,64,-1.77,0.3496,13.9,47,108,142,#2F6C8E
139,65,-2.79,0.2721,3.8,56,88,140,#38588C
139,66,-1.86,0.3428,13.1,48,106,142,#306A8E
139,67,-2.37,0.3040,8.0,52,96,141,#34608D
139,68,-3.72,0.2015,0.0,65,68,135,#414487
139,69,-2.23,0.3147,9.4,51,99,141,#33638D
139,70,-2.65,0.2828,5.2,55,91,141,#375B8D
139,71,-2.84,0.2683,3.4,57,86,140,#39568C
139,72,-3.21,0.2402,0.0,60,79,138,#3C4F8A
139,73,-3.3,0.2334,0.0,61,77,138,#3D4D8A
139,74,-3.07,0.2509,1.1,59,82,139,#3B528B
139,75,-3.21,0.2402,0.0,60,79,138,#3C4F8A
139,76,-3.02,0.2547,1.6,58,83,139,#3A538B
139,77,-3.4,0.2258,0.0,62,74,137,#3E4A89
139,78,-3.07,0.2509,1.1,59,82,139,#3B528B
139,79,-3.49,0.2190,0.0,62,73,137,#3E4989
139,80,-3.3,0.2334,0.0,61,77,138,#3D4D8A
139,81,-3.16,0.2440,0.2,60,80,139,#3C508B
139,82,-2.98,0.2577,2.0,58,83,139,#3A538B
139,83,-3.21,0.2402,0.0,60,79,138,#3C4F8A
139,84,-4.05,0.1764,0.0,67,61,132,#433D84
139,85,nan,nan,nan,0,0,0,#000000
139,86,-3.95,0.1840,0.0,66,63,133,#423F85
139,87,,,,,,,
139,88,,,,,,,
139,89,,,,,,,
139,90,,,,,,,
139,91,,,,,,,
139,92,,,,,,,
139,93,,,,,,,
140,0,,,,,,,
140,1,,,,,,,
140,2,,,,,,,
140,3,,,,,,,
140,4,,,,,,,
140,5,,,,,,,
140,6,,,,,,,
140,7,,,,,,,
140,8,,,,,,,
140,9,,,,,,,
140,10,,,,,,,
140,11,,,,,,,
140,12,,,,,,,
140,13,,,,,,,
140,14,,,,,,,
140,15,,,,,,,
140,16,,,,,,,
140,17,,,,,,,
140,18,,,,,,,
140,19,,,,,,,
140,20,,,,,,,
140,21,,,,,,,
140,22,,,,,,,
140,23,,,,,,,
140,24,,,,,,,
140,25,,,,,,,
140,26,,,,,,,
140,27,,,,,,,
140,28,,,,,,,
140,29,,,,,,,
140,30,,,,,,,
140,31,,,,,,,
140,32,-1.77,0.3496,13.9,47,108,142,#2F6C8E
140,33,-1.81,0.3466,13.5,47,107,142,#2F6B8E
140,34,-1.67,0.3572,14.9,46,110,142,#2E6E8E
140,35,-2.42,0.3002,7.5,53,95,141,#355F8D
140,36,nan,nan,nan,0,0,0,#000000
140,37,,,,,,,
140,38,,,,,,,
140,39,-1.35,0.3815,18.1,44,115,142,#2C738E
140,40,-1.77,0.3496,13.9,47,108,142,#2F6C8E
140,41,-1.77,0.3496,13.9,47,108,142,#2F6C8E
140,42,-2.6,0.2866,5.7,54,92,141,#365C8D
140,43,-2.47,0.2964,7.0,53,94,141,#355E8D
140,44,-2.88,0.2653,3.0,57,85,140,#39558C
140,45,-2.65,0.2828,5.2,55,91,141,#375B8D
140,46,-2.84,0.2683,3.4,57,86,140,#39568C
140,47,-3.58,0.2121,0.0,63,71,136,#3F4788
140,48,-3.07,0.2509,1.1,59,82,139,#3B528B
140,49,-3.49,0.2190,0.0,62,73,137,#3E4989
140,50,-3.21,0.2402,0.0,60,79,138,#3C4F8A
140,51,-3.58,0.2121,0.0,63,71,136,#3F4788
140,52,-3.16,0.2440,0.2,60,80,139,#3C508B
140,53,-3.21,0.2402,0.0,60,79,138,#3C4F8A
140,54,-3.58,0.2121,0.0,63,71,136,#3F4788
140,55,-2.98,0.2577,2.0,58,83,139,#3A538B
140,56,-3.67,0.2053,0.0,64,69,136,#404588
140,57,-4.23,0.1627,0.0,69,56,130,#453882
140,58,-3.95,0.1840,0.0,66,63,133,#423F85
140,59,-3.53,0.2159,0.0,63,72,137,#3F4889
140,60,-3.16,0.2440,0.2,60,80,139,#3C508B
140,61,-2.23,0.3147,9.4,51,99,141,#33638D
140,62,-2.28,0.3109,8.9,51,98,141,#33628D
140,63,-3.35,0.2296,0.0,62,76,138,#3E4C8A
140,64,-3.58,0.2121,0.0,63,71,136,#3F4788
140,65,-2.98,0.2577,2.0,58,83,139,#3A538B
140,66,-3.07,0.2509,1.1,59,82,139,#3B528B
140,67,-2.79,0.2721,3.8,56,88,140,#38588C
140,68,-2.65,0.2828,5.2,55,91,141,#375B8D
140,69,-3.02,0.2547,1.6,58,83,139,#3A538B
140,70,-2.88,0.2653,3.0,57,85,140,#39558C
140,71,-3.02,0.2547,1.6,58,83,139,#3A538B
140,72,-2.51,0.2934,6.6,53,94,141,#355E8D
140,73,-3.91,0.1870,0.0,66,63,133,#423F85
140,74,-3.21,0.2402,0.0,60,79,138,#3C4F8A
140,75,-2.98,0.2577,2.0,58,83,139,#3A538B
140,76,-2.79,0.2721,3.8,56,88,140,#38588C
140,77,-2.98,0.2577,2.0,58,83,139,#3A538B
140,78,-3.35,0.2296,0.0,62,76,138,#3E4C8A
140,79,-3.3,0.2334,0.0,61,77,138,#3D4D8A
140,80,-2.23,0.3147,9.4,51,99,141,#33638D
140,81,-3.02,0.2547,1.6,58,83,139,#3A538B
140,82,-2.6,0.2866,5.7,54,92,141,#365C8D
140,83,-2.98,0.2577,2.0,58,83,139,#3A538B
140,84,-3.16,0.2440,0.2,60,80,139,#3C508B
140,85,,,,,,,
140,86,,,,,,,
140,87,,,,,,,
140,88,,,,,,,
140,89,,,,,,,
140,90,,,,,,,
140,91,,,,,,,
140,92,,,,,,,
140,93,,,,,,,
141,0,,,,,,,
141,1,,,,,,,
141,2,,,,,,,
141,3,,,,,,,
141,4,,,,,,,
141,5,,,,,,,
141,6,,,,,,,
141,7,,,,,,,
141,8,,,,,,,
141,9,,,,,,,
141,10,,,,,,,
141,11,,,,,,,
141,12,,,,,,,
141,13,,,,,,,
141,14,,,,,,,
141,15,,,,,,,
141,16,,,,,,,
141,17,,,,,,,
141,18,,,,,,,
141,19,,,,,,,
141,20,,,,,,,
141,21,,,,,,,
141,22,,,,,,,
141,23,,,,,,,
141,24,,,,,,,
141,25,,,,,,,
141,26,,,,,,,
141,27,,,,,,,
141,28,,,,,,,
141,29,,,,,,,
141,30,,,,,,,
141,31,,,,,,,
141,32,,,,,,,
141,33,-1.77,0.3496,13.9,47,108,142,#2F6C8E
141,34,-2.42,0.3002,7.5,53,95,141,#355F8D
141,35,-1.67,0.3572,14.9,46,110,142,#2E6E8E
141,36,,,,,,,
141,37,,,,,,,
141,38,,,,,,,
141,39,,,,,,,
141,40,-1.81,0.3466,13.5,47,107,142,#2F6B8E
141,41,-2.19,0.3177,9.8,50,100,142,#32648E
141,42,-2.74,0.2759,4.3,56,89,140,#38598C
141,43,-2.65,0.2828,5.2,55,91,141,#375B8D
141,44,-2.47,0.2964,7.0,53,94,141,#355E8D
141,45,-3.02,0.2547,1.6,58,83,139,#3A538B
141,46,-3.02,0.2547,1.6,58,83,139,#3A538B
141,47,-2.37,0.3040,8.0,52,96,141,#34608D
141,48,-3.16,0.2440,0.2,60,80,139,#3C508B
141,49,-3.16,0.2440,0.2,60,80,139,#3C508B
141,50,-2.65,0.2828,5.2,55,91,141,#375B8D
141,51,-3.58,0.2121,0.0,63,71,136,#3F4788
141,52,-3.3,0.2334,0.0,61,77,138,#3D4D8A
141,53,-3.58,0.2121,0.0,63,71,136,#3F4788
141,54,-2.65,0.2828,5.2,55,91,141,#375B8D
141,55,-3.02,0.2547,1.6,58,83,139,#3A538B
141,56,-3.67,0.2053,0.0,64,69,136,#404588
141,57,-3.72,0.2015,0.0,65,68,135,#414487
141,58,-3.67,0.2053,0.0,64,69,136,#404588
141,59,-3.63,0.2083,0.0,64,70,136,#404688
141,60,-3.3,0.2334,0.0,61,77,138,#3D4D8A
141,61,-2.23,0.3147,9.4,51,99,141,#33638D
141,62,-3.02,0.2547,1.6,58,83,139,#3A538B
141,63,-2.23,0.3147,9.4,51,99,141,#33638D
141,64,-2.37,0.3040,8.0,52,96,141,#34608D
141,65,-3.02,0.2547,1.6,58,83,139,#3A538B
141,66,-2.47,0.2964,7.0,53,94,141,#355E8D
141,67,-3.3,0.2334,0.0,61,77,138,#3D4D8A
141,68,-3.91,0.1870,0.0,66,63,133,#423F85
141,69,-2.98,0.2577,2.0,58,83,139,#3A538B
141,70,-3.02,0.2547,1.6,58,83,139,#3A538B
141,71,-2.98,0.2577,2.0,58,83,139,#3A538B
141,72,-3.21,0.2402,0.0,60,79,138,#3C4F8A
141,73,-3.21,0.2402,0.0,60,79,138,#3C4F8A
141,74,-3.07,0.2509,1.1,59,82,139,#3B528B
141,75,-2.74,0.2759,4.3,56,89,140,#38598C
141,76,-2.74,0.2759,4.3,56,89,140,#38598C
141,77,-3.53,0.2159,0.0,63,72,137,#3F4889
141,78,-3.4,0.2258,0.0,62,74,137,#3E4A89
141,79,-3.91,0.1870,0.0,66,63,133,#423F85
141,80,-3.4,0.2258,0.0,62,74,137,#3E4A89
141,81,-3.72,0.2015,0.0,65,68,135,#414487
141,82,-2.79,0.2721,3.8,56,88,140,#38588C
141,83,-3.16,0.2440,0.2,60,80,139,#3C508B
141,84,-2.65,0.2828,5.2,55,91,141,#375B8D
141,85,,,,,,,
141,86,,,,,,,
141,87,,,,,,,
141,88,,,,,,,
141,89,,,,,,,
141,90,,,,,,,
141,91,,,,,,,
141,92,,,,,,,
141,93,,,,,,,
142,0,,,,,,,
142,1,,,,,,,
142,2,,,,,,,
142,3,,,,,,,
142,4,,,,,,,
142,5,,,,,,,
142,6,,,,,,,
142,7,,,,,,,
142,8,,,,,,,
142,9,,,,,,,
142,10,,,,,,,
142,11,,,,,,,
142,12,,,,,,,
142,13,,,,,,,
142,14,,,,,,,
142,15,,,,,,,
142,16,,,,,,,
142,17,,,,,,,
142,18,,,,,,,
142,19,,,,,,,
142,20,,,,,,,
142,21,,,,,,,
142,22,,,,,,,
142,23,,,,,,,
142,24,,,,,,,
142,25,,,,,,,
142,26,,,,,,,
142,27,,,,,,,
142,28,,,,,,,
142,29,,,,,,,
142,30,,,,,,,
142,31,,,,,,,
142,32,,,,,,,
142,33,,,,,,,
142,34,,,,,,,
142,35,,,,,,,
142,36,,,,,,,
142,37,,,,,,,
142,38,,,,,,,
142,39,,,,,,,
142,40,-2.6,0.2866,5.7,54,92,141,#365C8D
142,41,-2.74,0.2759,4.3,56,89,140,#38598C
142,42,nan,nan,nan,0,0,0,#000000
142,43,,,,,,,
142,44,-3.02,0.2547,1.6,58,83,139,#3A538B
142,45,-2.23,0.3147,9.4,51,99,141,#33638D
142,46,-2.79,0.2721,3.8,56,88,140,#38588C
142,47,-2.65,0.2828,5.2,55,91,141,#375B8D
142,48,-3.4,0.2258,0.0,62,74,137,#3E4A89
142,49,-3.67,0.2053,0.0,64,69,136,#404588
142,50,-4.05,0.1764,0.0,67,61,132,#433D84
142,51,-2.79,0.2721,3.8,56,88,140,#38588C
142,52,-3.3,0.2334,0.0,61,77,138,#3D4D8A
142,53,-3.49,0.2190,0.0,62,73,137,#3E4989
142,54,-3.16,0.2440,0.2,60,80,139,#3C508B
142,55,-3.53,0.2159,0.0,63,72,137,#3F4889
142,56,-3.91,0.1870,0.0,66,63,133,#423F85
142,57,-3.49,0.2190,0.0,62,73,137,#3E4989
142,58,-3.63,0.2083,0.0,64,70,136,#404688
142,59,-3.53,0.2159,0.0,63,72,137,#3F4889
142,60,-3.3,0.2334,0.0,61,77,138,#3D4D8A
142,61,-3.02,0.2547,1.6,58,83,139,#3A538B
142,62,-3.02,0.2547,1.6,58,83,139,#3A538B
142,63,-2.28,0.3109,8.9,51,98,141,#33628D
142,64,-2.47,0.2964,7.0,53,94,141,#355E8D
142,65,-2.51,0.2934,6.6,53,94,141,#355E8D
142,66,-2.88,0.2653,3.0,57,85,140,#39558C
142,67,-3.58,0.2121,0.0,63,71,136,#3F4788
142,68,-3.21,0.2402,0.0,60,79,138,#3C4F8A
142,69,-3.02,0.2547,1.6,58,83,139,#3A538B
142,70,-3.16,0.2440,0.2,60,80,139,#3C508B
142,71,-3.3,0.2334,0.0,61,77,138,#3D4D8A
142,72,-3.63,0.2083,0.0,64,70,136,#404688
142,73,-3.02,0.2547,1.6,58,83,139,#3A538B
142,74,-3.02,0.2547,1.6,58,83,139,#3A538B
142,75,-3.4,0.2258,0.0,62,74,137,#3E4A89
142,76,-3.21,0.2402,0.0,60,79,138,#3C4F8A
142,77,-3.3,0.2334,0.0,61,77,138,#3D4D8A
142,78,-3.4,0.2258,0.0,62,74,137,#3E4A89
142,79,-3.4,0.2258,0.0,62,74,137,#3E4A89
142,80,-3.58,0.2121,0.0,63,71,136,#3F4788
142,81,-4.51,0.1415,0.0,70,50,126,#46327E
142,82,-3.3,0.2334,0.0,61,77,138,#3D4D8A
142,83,-2.65,0.2828,5.2,55,91,141,#375B8D
142,84,-2.79,0.2721,3.8,56,88,140,#38588C
142,85,,,,,,,
142,86,,,,,,,
142,87,,,,,,,
142,88,,,,,,,
142,89,,,,,,,
142,90,,,,,,,
142,91,,,,,,,
142,92,,,,,,,
142,93,,,,,,,
143,0,,,,,,,
143,1,,,,,,,
143,2,,,,,,,
143,3,,,,,,,
143,4,,,,,,,
143,5,,,,,,,
143,6,,,,,,,
143,7,,,,,,,
143,8,,,,,,,
143,9,,,,,,,
143,10,,,,,,,
143,11,,,,,,,
143,12,,,,,,,
143,13,,,,,,,
143,14,,,,,,,
143,15,,,,,,,
143,16,,,,,,,
143,17,,,,,,,
143,18,,,,,,,
143,19,,,,,,,
143,20,,,,,,,
143,21,,,,,,,
143,22,,,,,,,
143,23,,,,,,,
143,24,,,,,,,
143,25,,,,,,,
143,26,,,,,,,
143,27,,,,,,,
143,28,,,,,,,
143,29,,,,,,,
143,30,,,,,,,
143,31,,,,,,,
143,32,,,,,,,
143,33,,,,,,,
143,34,,,,,,,
143,35,,,,,,,
143,36,,,,,,,
143,37,,,,,,,
143,38,,,,,,,
143,39,,,,,,,
143,40,,,,,,,
143,41,,,,,,,
143,42,,,,,,,
143,43,,,,,,,
143,44,-3.02,0.2547,1.6,58,83,139,#3A538B
143,45,-3.3,0.2334,0.0,61,77,138,#3D4D8A
143,46,-3.02,0.2547,1.6,58,83,139,#3A538B
143,47,-2.23,0.3147,9.4,51,99,141,#33638D
143,48,-2.65,0.2828,5.2,55,91,141,#375B8D
143,49,-3.3,0.2334,0.0,61,77,138,#3D4D8A
143,50,-2.98,0.2577,2.0,58,83,139,#3A538B
143,51,,,,,,,
143,52,,,,,,,
143,53,,,,,,,
143,54,-3.53,0.2159,0.0,63,72,137,#3F4889
143,55,-3.3,0.2334,0.0,61,77,138,#3D4D8A
143,56,-3.58,0.2121,0.0,63,71,136,#3F4788
143,57,-2.88,0.2653,3.0,57,85,140,#39558C
143,58,-2.47,0.2964,7.0,53,94,141,#355E8D
143,59,-2.51,0.2934,6.6,53,94,141,#355E8D
143,60,-3.16,0.2440,0.2,60,80,139,#3C508B
143,61,-3.3,0.2334,0.0,61,77,138,#3D4D8A
143,62,-3.02,0.2547,1.6,58,83,139,#3A538B
143,63,-2.51,0.2934,6.6,53,94,141,#355E8D
143,64,-2.51,0.2934,6.6,53,94,141,#355E8D
143,65,-2.65,0.2828,5.2,55,91,141,#375B8D
143,66,-2.65,0.2828,5.2,55,91,141,#375B8D
143,67,-3.02,0.2547,1.6,58,83,139,#3A538B
143,68,-3.16,0.2440,0.2,60,80,139,#3C508B
143,69,-3.95,0.1840,0.0,66,63,133,#423F85
143,70,-2.23,0.3147,9.4,51,99,141,#33638D
143,71,-3.95,0.1840,0.0,66,63,133,#423F85
143,72,-3.95,0.1840,0.0,66,63,133,#423F85
143,73,-3.3,0.2334,0.0,61,77,138,#3D4D8A
143,74,-3.16,0.2440,0.2,60,80,139,#3C508B
143,75,-2.74,0.2759,4.3,56,89,140,#38598C
143,76,-3.16,0.2440,0.2,60,80,139,#3C508B
143,77,-3.53,0.2159,0.0,63,72,137,#3F4889
143,78,-4.05,0.1764,0.0,67,61,132,#433D84
143,79,-3.4,0.2258,0.0,62,74,137,#3E4A89
143,80,-3.4,0.2258,0.0,62,74,137,#3E4A89
143,81,-3.67,0.2053,0.0,64,69,136,#404588
143,82,-4.47,0.1445,0.0,70,50,126,#46327E
143,83,-4.47,0.1445,0.0,70,50,126,#46327E
143,84,,,,,,,
143,85,,,,,,,
143,86,,,,,,,
143,87,,,,,,,
143,88,,,,,,,
143,89,,,,,,,
143,90,,,,,,,
143,91,,,,,,,
143,92,,,,,,,
143,93,,,,,,,
144,0,,,,,,,
144,1,,,,,,,
144,2,,,,,,,
144,3,,,,,,,
144,4,,,,,,,
144,5,,,,,,,
144,6,,,,,,,
144,7,,,,,,,
144,8,,,,,,,
144,9,,,,,,,
144,10,,,,,,,
144,11,,,,,,,
144,12,,,,,,,
144,13,,,,,,,
144,14,,,,,,,
144,15,,,,,,,
144,16,,,,,,,
144,17,,,,,,,
144,18,,,,,,,
144,19,,,,,,,
144,20,,,,,,,
144,21,,,,,,,
144,22,,,,,,,
144,23,,,,,,,
144,24,,,,,,,
144,25,,,,,,,
144,26,,,,,,,
144,27,,,,,,,
144,28,,,,,,,
144,29,,,,,,,
144,30,,,,,,,
144,31,,,,,,,
144,32,,,,,,,
144,33,,,,,,,
144,34,,,,,,,
144,35,,,,,,,
144,36,,,,,,,
144,37,,,,,,,
144,38,,,,,,,
144,39,,,,,,,
144,40,,,,,,,
144,41,,,,,,,
144,42,,,,,,,
144,43,,,,,,,
144,44,,,,,,,
144,45,-3.02,0.2547,1.6,58,83,139,#3A538B
144,46,-3.02,0.2547,1.6,58,83,139,#3A538B
144,47,-2.37,0.3040,8.0,52,96,141,#34608D
144,48,-3.16,0.2440,0.2,60,80,139,#3C508B
144,49,-3.67,0.2053,0.0,64,69,136,#404588
144,50,,,,,,,
144,51,,,,,,,
144,52,,,,,,,
144,53,-3.3,0.2334,0.0,61,77,138,#3D4D8A
144,54,-3.63,0.2083,0.0,64,70,136,#404688
144,55,-3.53,0.2159,0.0,63,72,137,#3F4889
144,56,-3.4,0.2258,0.0,62,74,137,#3E4A89
144,57,-2.51,0.2934,6.6,53,94,141,#355E8D
144,58,-2.84,0.2683,3.4,57,86,140,#39568C
144,59,-2.79,0.2721,3.8,56,88,140,#38588C
144,60,-3.3,0.2334,0.0,61,77,138,#3D4D8A
144,61,-3.3,0.2334,0.0,61,77,138,#3D4D8A
144,62,-3.4,0.2258,0.0,62,74,137,#3E4A89
144,63,-3.4,0.2258,0.0,62,74,137,#3E4A89
144,64,-2.47,0.2964,7.0,53,94,141,#355E8D
144,65,-3.3,0.2334,0.0,61,77,138,#3D4D8A
144,66,-2.79,0.2721,3.8,56,88,140,#38588C
144,67,-3.02,0.2547,1.6,58,83,139,#3A538B
144,68,-2.98,0.2577,2.0,58,83,139,#3A538B
144,69,-3.02,0.2547,1.6,58,83,139,#3A538B
144,70,-3.49,0.2190,0.0,62,73,137,#3E4989
144,71,-3.4,0.2258,0.0,62,74,137,#3E4A89
144,72,-2.65,0.2828,5.2,55,91,141,#375B8D
144,73,-2.23,0.3147,9.4,51,99,141,#33638D
144,74,-3.91,0.1870,0.0,66,63,133,#423F85
144,75,-3.16,0.2440,0.2,60,80,139,#3C508B
144,76,-3.35,0.2296,0.0,62,76,138,#3E4C8A
144,77,-3.21,0.2402,0.0,60,79,138,#3C4F8A
144,78,-3.4,0.2258,0.0,62,74,137,#3E4A89
144,79,-3.21,0.2402,0.0,60,79,138,#3C4F8A
144,80,-3.49,0.2190,0.0,62,73,137,#3E4989
144,81,-3.91,0.1870,0.0,66,63,133,#423F85
144,82,-3.95,0.1840,0.0,66,63,133,#423F85
144,83,,,,,,,
144,84,,,,,,,
144,85,,,,,,,
144,86,,,,,,,
144,87,,,,,,,
144,88,,,,,,,
144,89,,,,,,,
144,90,,,,,,,
144,91,,,,,,,
144,92,,,,,,,
144,93,,,,,,,
145,0,,,,,,,
145,1,,,,,,,
145,2,,,,,,,
145,3,,,,,,,
145,4,,,,,,,
145,5,,,,,,,
145,6,,,,,,,
145,7,,,,,,,
145,8,,,,,,,
145,9,,,,,,,
145,10,,,,,,,
145,11,,,,,,,
145,12,,,,,,,
145,13,,,,,,,
145,14,,,,,,,
145,15,,,,,,,
145,16,,,,,,,
145,17,,,,,,,
145,18,,,,,,,
145,19,,,,,,,
145,20,,,,,,,
145,21,,,,,,,
145,22,,,,,,,
145,23,,,,,,,
145,24,,,,,,,
145,25,,,,,,,
145,26,,,,,,,
145,27,,,,,,,
145,28,,,,,,,
145,29,,,,,,,
145,30,,,,,,,
145,31,,,,,,,
145,32,,,,,,,
145,33,,,,,,,
145,34,,,,,,,
145,35,,,,,,,
145,36,,,,,,,
145,37,,,,,,,
145,38,,,,,,,
145,39,,,,,,,
145,40,,,,,,,
145,41,,,,,,,
145,42,,,,,,,
145,43,,,,,,,
145,44,,,,,,,
145,45,,,,,,,
145,46,,,,,,,
145,47,-3.02,0.2547,1.6,58,83,139,#3A538B
145,48,-2.37,0.3040,8.0,52,96,141,#34608D
145,49,,,,,,,
145,50,,,,,,,
145,51,,,,,,,
145,52,-3.72,0.2015,0.0,65,68,135,#414487
145,53,-4.51,0.1415,0.0,70,50,126,#46327E
145,54,-3.67,0.2053,0.0,64,69,136,#404588
145,55,-3.3,0.2334,0.0,61,77,138,#3D4D8A
145,56,-3.58,0.2121,0.0,63,71,136,#3F4788
145,57,-2.84,0.2683,3.4,57,86,140,#39568C
145,58,-2.74,0.2759,4.3,56,89,140,#38598C
145,59,-3.58,0.2121,0.0,63,71,136,#3F4788
145,60,-3.58,0.2121,0.0,63,71,136,#3F4788
145,61,-2.19,0.3177,9.8,50,100,142,#32648E
145,62,-2.42,0.3002,7.5,53,95,141,#355F8D
145,63,-3.53,0.2159,0.0,63,72,137,#3F4889
145,64,-3.16,0.2440,0.2,60,80,139,#3C508B
145,65,-3.3,0.2334,0.0,61,77,138,#3D4D8A
145,66,-3.16,0.2440,0.2,60,80,139,#3C508B
145,67,-3.53,0.2159,0.0,63,72,137,#3F4889
145,68,-2.84,0.2683,3.4,57,86,140,#39568C
145,69,-2.74,0.2759,4.3,56,89,140,#38598C
145,70,-2.74,0.2759,4.3,56,89,140,#38598C
145,71,-3.72,0.2015,0.0,65,68,135,#414487
145,72,-3.16,0.2440,0.2,60,80,139,#3C508B
145,73,-1.72,0.3534,14.4,46,109,142,#2E6D8E
145,74,-2.74,0.2759,4.3,56,89,140,#38598C
145,75,-3.58,0.2121,0.0,63,71,136,#3F4788
145,76,-3.16,0.2440,0.2,60,80,139,#3C508B
145,77,-4.37,0.1521,0.0,70,52,128,#463480
145,78,-3.16,0.2440,0.2,60,80,139,#3C508B
145,79,-3.16,0.2440,0.2,60,80,139,#3C508B
145,80,-3.72,0.2015,0.0,65,68,135,#414487
145,81,-3.49,0.2190,0.0,62,73,137,#3E4989
145,82,-3.4,0.2258,0.0,62,74,137,#3E4A89
145,83,-3.95,0.1840,0.0,66,63,133,#423F85
145,84,-4.09,0.1734,0.0,68,59,132,#443B84
145,85,,,,,,,
145,86,,,,,,,
145,87,,,,,,,
145,88,,,,,,,
145,89,,,,,,,
145,90,,,,,,,
145,91,,,,,,,
145,92,,,,,,,
145,93,,,,,,,
146,0,,,,,,,
146,1,,,,,,,
146,2,,,,,,,
146,3,,,,,,,
146,4,,,,,,,
146,5,,,,,,,
146,6,,,,,,,
146,7,,,,,,,
146,8,,,,,,,
146,9,,,,,,,
146,10,,,,,,,
146,11,,,,,,,
146,12,,,,,,,
146,13,,,,,,,
146,14,,,,,,,
146,15,,,,,,,
146,16,,,,,,,
146,17,,,,,,,
146,18,,,,,,,
146,19,,,,,,,
146,20,,,,,,,
146,21,,,,,,,
146,22,,,,,,,
146,23,,,,,,,
146,24,,,,,,,
146,25,,,,,,,
146,26,,,,,,,
146,27,,,,,,,
146,28,,,,,,,
146,29,,,,,,,
146,30,,,,,,,
146,31,,,,,,,
146,32,,,,,,,
146,33,,,,,,,
146,34,,,,,,,
146,35,,,,,,,
146,36,,,,,,,
146,37,,,,,,,
146,38,,,,,,,
146,39,,,,,,,
146,40,,,,,,,
146,41,,,,,,,
146,42,,,,,,,
146,43,,,,,,,
146,44,,,,,,,
146,45,,,,,,,
146,46,,,,,,,
146,47,,,,,,,
146,48,,,,,,,
146,49,,,,,,,
146,50,,,,,,,
146,51,-3.4,0.2258,0.0,62,74,137,#3E4A89
146,52,-4.05,0.1764,0.0,67,61,132,#433D84
146,53,-3.72,0.2015,0.0,65,68,135,#414487
146,54,-4.05,0.1764,0.0,67,61,132,#433D84
146,55,-3.21,0.2402,0.0,60,79,138,#3C4F8A
146,56,-3.3,0.2334,0.0,61,77,138,#3D4D8A
146,57,-3.58,0.2121,0.0,63,71,136,#3F4788
146,58,-3.4,0.2258,0.0,62,74,137,#3E4A89
146,59,-3.3,0.2334,0.0,61,77,138,#3D4D8A
146,60,-3.53,0.2159,0.0,63,72,137,#3F4889
146,61,-2.28,0.3109,8.9,51,98,141,#33628D
146,62,-3.53,0.2159,0.0,63,72,137,#3F4889
146,63,-3.72,0.2015,0.0,65,68,135,#414487
146,64,-3.53,0.2159,0.0,63,72,137,#3F4889
146,65,-3.95,0.1840,0.0,66,63,133,#423F85
146,66,-3.16,0.2440,0.2,60,80,139,#3C508B
146,67,-3.4,0.2258,0.0,62,74,137,#3E4A89
146,68,-3.02,0.2547,1.6,58,83,139,#3A538B
146,69,-1.86,0.3428,13.1,48,106,142,#306A8E
146,70,-2.23,0.3147,9.4,51,99,141,#33638D
146,71,-3.21,0.2402,0.0,60,79,138,#3C4F8A
146,72,-3.16,0.2440,0.2,60,80,139,#3C508B
146,73,-2.28,0.3109,8.9,51,98,141,#33628D
146,74,-2.88,0.2653,3.0,57,85,140,#39558C
146,75,-4.05,0.1764,0.0,67,61,132,#433D84
146,76,-3.95,0.1840,0.0,66,63,133,#423F85
146,77,-3.4,0.2258,0.0,62,74,137,#3E4A89
146,78,-3.16,0.2440,0.2,60,80,139,#3C508B
146,79,-3.58,0.2121,0.0,63,71,136,#3F4788
146,80,-3.58,0.2121,0.0,63,71,136,#3F4788
146,81,-3.58,0.2121,0.0,63,71,136,#3F4788
146,82,-3.49,0.2190,0.0,62,73,137,#3E4989
146,83,-3.4,0.2258,0.0,62,74,137,#3E4A89
146,84,-3.95,0.1840,0.0,66,63,133,#423F85
146,85,-3.58,0.2121,0.0,63,71,136,#3F4788
146,86,-2.65,0.2828,5.2,55,91,141,#375B8D
146,87,-2.37,0.3040,8.0,52,96,141,#34608D
146,88,-2.19,0.3177,9.8,50,100,142,#32648E
146,89,,,,,,,
146,90,,,,,,,
146,91,,,,,,,
146,92,,,,,,,
146,93,,,,,,,
147,0,,,,,,,
147,1,,,,,,,
147,2,,,,,,,
147,3,,,,,,,
147,4,,,,,,,
147,5,,,,,,,
147,6,,,,,,,
147,7,,,,,,,
147,8,,,,,,,
147,9,,,,,,,
147,10,,,,,,,
147,11,,,,,,,
147,12,,,,,,,
147,13,,,,,,,
147,14,,,,,,,
147,15,,,,,,,
147,16,,,,,,,
147,17,,,,,,,
147,18,,,,,,,
147,19,,,,,,,
147,20,,,,,,,
147,21,,,,,,,
147,22,,,,,,,
147,23,,,,,,,
147,24,,,,,,,
147,25,,,,,,,
147,26,,,,,,,
147,27,,,,,,,
147,28,,,,,,,
147,29,,,,,,,
147,30,,,,,,,
147,31,,,,,,,
147,32,,,,,,,
147,33,,,,,,,
147,34,,,,,,,
147,35,,,,,,,
147,36,,,,,,,
147,37,,,,,,,
147,38,,,,,,,
147,39,,,,,,,
147,40,,,,,,,
147,41,,,,,,,
147,42,,,,,,,
147,43,,,,,,,
147,44,,,,,,,
147,45,,,,,,,
147,46,,,,,,,
147,47,,,,,,,
147,48,,,,,,,
147,49,,,,,,,
147,50,,,,,,,
147,51,-3.53,0.2159,0.0,63,72,137,#3F4889
147,52,-3.58,0.2121,0.0,63,71,136,#3F4788
147,53,-3.4,0.2258,0.0,62,74,137,#3E4A89
147,54,-3.21,0.2402,0.0,60,79,138,#3C4F8A
147,55,-2.79,0.2721,3.8,56,88,140,#38588C
147,56,-3.53,0.2159,0.0,63,72,137,#3F4889
147,57,-3.4,0.2258,0.0,62,74,137,#3E4A89
147,58,-3.4,0.2258,0.0,62,74,137,#3E4A89
147,59,-3.49,0.2190,0.0,62,73,137,#3E4989
147,60,-3.77,0.1977,0.0,65,66,135,#414287
147,61,-2.74,0.2759,4.3,56,89,140,#38598C
147,62,-3.21,0.2402,0.0,60,79,138,#3C4F8A
147,63,-3.77,0.1977,0.0,65,66,135,#414287
147,64,-3.58,0.2121,0.0,63,71,136,#3F4788
147,65,-3.16,0.2440,0.2,60,80,139,#3C508B
147,66,-3.16,0.2440,0.2,60,80,139,#3C508B
147,67,-3.16,0.2440,0.2,60,80,139,#3C508B
147,68,-3.53,0.2159,0.0,63,72,137,#3F4889
147,69,-3.58,0.2121,0.0,63,71,136,#3F4788
147,70,-3.91,0.1870,0.0,66,63,133,#423F85
147,71,-4.23,0.1627,0.0,69,56,130,#453882
147,72,-1.86,0.3428,13.1,48,106,142,#306A8E
147,73,-1.86,0.3428,13.1,48,106,142,#306A8E
147,74,-3.49,0.2190,0.0,62,73,137,#3E4989
147,75,-3.3,0.2334,0.0,61,77,138,#3D4D8A
147,76,-4.09,0.1734,0.0,68,59,132,#443B84
147,77,-4.37,0.1521,0.0,70,52,128,#463480
147,78,-4.09,0.1734,0.0,68,59,132,#443B84
147,79,-3.67,0.2053,0.0,64,69,136,#404588
147,80,-4.05,0.1764,0.0,67,61,132,#433D84
147,81,-3.16,0.2440,0.2,60,80,139,#3C508B
147,82,-3.91,0.1870,0.0,66,63,133,#423F85
147,83,-3.16,0.2440,0.2,60,80,139,#3C508B
147,84,-3.58,0.2121,0.0,63,71,136,#3F4788
147,85,-2.65,0.2828,5.2,55,91,141,#375B8D
147,86,-2.37,0.3040,8.0,52,96,141,#34608D
147,87,-2.19,0.3177,9.8,50,100,142,#32648E
147,88,-2.19,0.3177,9.8,50,100,142,#32648E
147,89,,,,,,,
147,90,,,,,,,
147,91,,,,,,,
147,92,,,,,,,
147,93,,,,,,,
148,0,,,,,,,
148,1,,,,,,,
148,2,,,,,,,
148,3,,,,,,,
148,4,,,,,,,
148,5,,,,,,,
148,6,,,,,,,
148,7,,,,,,,
148,8,,,,,,,
148,9,,,,,,,
148,10,,,,,,,
148,11,,,,,,,
148,12,,,,,,,
148,13,,,,,,,
148,14,,,,,,,
148,15,,,,,,,
148,16,,,,,,,
148,17,,,,,,,
148,18,,,,,,,
148,19,,,,,,,
148,20,,,,,,,
148,21,,,,,,,
148,22,,,,,,,
148,23,,,,,,,
148,24,,,,,,,
148,25,,,,,,,
148,26,,,,,,,
148,27,,,,,,,
148,28,,,,,,,
148,29,,,,,,,
148,30,,,,,,,
148,31,,,,,,,
148,32,,,,,,,
148,33,,,,,,,
148,34,,,,,,,
148,35,,,,,,,
148,36,,,,,,,
148,37,,,,,,,
148,38,,,,,,,
148,39,,,,,,,
148,40,,,,,,,
148,41,-3.95,0.1840,0.0,66,63,133,#423F85
148,42,-3.95,0.1840,0.0,66,63,133,#423F85
148,43,-3.16,0.2440,0.2,60,80,139,#3C508B
148,44,-2.74,0.2759,4.3,56,89,140,#38598C
148,45,-3.07,0.2509,1.1,59,82,139,#3B528B
148,46,-3.07,0.2509,1.1,59,82,139,#3B528B
148,47,,,,,,,
148,48,,,,,,,
148,49,,,,,,,
148,50,,,,,,,
148,51,-3.53,0.2159,0.0,63,72,137,#3F4889
148,52,-3.4,0.2258,0.0,62,74,137,#3E4A89
148,53,-3.07,0.2509,1.1,59,82,139,#3B528B
148,54,-2.84,0.2683,3.4,57,86,140,#39568C
148,55,-3.4,0.2258,0.0,62,74,137,#3E4A89
148,56,-3.4,0.2258,0.0,62,74,137,#3E4A89
148,57,-3.72,0.2015,0.0,65,68,135,#414487
148,58,-3.58,0.2121,0.0,63,71,136,#3F4788
148,59,-3.3,0.2334,0.0,61,77,138,#3D4D8A
148,60,-3.53,0.2159,0.0,63,72,137,#3F4889
148,61,-2.28,0.3109,8.9,51,98,141,#33628D
148,62,-3.16,0.2440,0.2,60,80,139,#3C508B
148,63,-3.91,0.1870,0.0,66,63,133,#423F85
148,64,-3.77,0.1977,0.0,65,66,135,#414287
148,65,-3.53,0.2159,0.0,63,72,137,#3F4889
148,66,-2.51,0.2934,6.6,53,94,141,#355E8D
148,67,-3.72,0.2015,0.0,65,68,135,#414487
148,68,-3.02,0.2547,1.6,58,83,139,#3A538B
148,69,-3.3,0.2334,0.0,61,77,138,#3D4D8A
148,70,-3.16,0.2440,0.2,60,80,139,#3C508B
148,71,-4.51,0.1415,0.0,70,50,126,#46327E
148,72,-2.79,0.2721,3.8,56,88,140,#38588C
148,73,-2.79,0.2721,3.8,56,88,140,#38588C
148,74,-2.51,0.2934,6.6,53,94,141,#355E8D
148,75,-3.58,0.2121,0.0,63,71,136,#3F4788
148,76,-3.91,0.1870,0.0,66,63,133,#423F85
148,77,-4.09,0.1734,0.0,68,59,132,#443B84
148,78,-3.4,0.2258,0.0,62,74,137,#3E4A89
148,79,-4.09,0.1734,0.0,68,59,132,#443B84
148,80,-3.77,0.1977,0.0,65,66,135,#414287
148,81,-3.91,0.1870,0.0,66,63,133,#423F85
148,82,-3.16,0.2440,0.2,60,80,139,#3C508B
148,83,-3.58,0.2121,0.0,63,71,136,#3F4788
148,84,-2.65,0.2828,5.2,55,91,141,#375B8D
148,85,-2.37,0.3040,8.0,52,96,141,#34608D
148,86,-2.19,0.3177,9.8,50,100,142,#32648E
148,87,-2.19,0.3177,9.8,50,100,142,#32648E
148,88,-2.19,0.3177,9.8,50,100,142,#32648E
148,89,,,,,,,
148,90,,,,,,,
148,91,,,,,,,
148,92,,,,,,,
148,93,,,,,,,
149,0,,,,,,,
149,1,,,,,,,
149,2,,,,,,,
149,3,,,,,,,
149,4,,,,,,,
149,5,,,,,,,
149,6,,,,,,,
149,7,,,,,,,
149,8,,,,,,,
149,9,,,,,,,
149,10,,,,,,,
149,11,,,,,,,
149,12,,,,,,,
149,13,,,,,,,
149,14,,,,,,,
149,15,,,,,,,
149,16,,,,,,,
149,17,,,,,,,
149,18,,,,,,,
149,19,,,,,,,
149,20,,,,,,,
149,21,,,,,,,
149,22,,,,,,,
149,23,,,,,,,
149,24,,,,,,,
149,25,,,,,,,
149,26,,,,,,,
149,27,,,,,,,
149,28,,,,,,,
149,29,,,,,,,
149,30,,,,,,,
149,31,,,,,,,
149,32,,,,,,,
149,33,,,,,,,
149,34,,,,,,,
149,35,,,,,,,
149,36,,,,,,,
149,37,,,,,,,
149,38,,,,,,,
149,39,,,,,,,
149,40,-3.95,0.1840,0.0,66,63,133,#423F85
149,41,-3.95,0.1840,0.0,66,63,133,#423F85
149,42,-3.16,0.2440,0.2,60,80,139,#3C508B
149,43,-3.16,0.2440,0.2,60,80,139,#3C508B
149,44,-3.16,0.2440,0.2,60,80,139,#3C508B
149,45,-2.74,0.2759,4.3,56,89,140,#38598C
149,46,-3.35,0.2296,0.0,62,76,138,#3E4C8A
149,47,-3.35,0.2296,0.0,62,76,138,#3E4C8A
149,48,-3.4,0.2258,0.0,62,74,137,#3E4A89
149,49,-3.95,0.1840,0.0,66,63,133,#423F85
149,50,-3.16,0.2440,0.2,60,80,139,#3C508B
149,51,-3.16,0.2440,0.2,60,80,139,#3C508B
149,52,-3.58,0.2121,0.0,63,71,136,#3F4788
149,53,-2.47,0.2964,7.0,53,94,141,#355E8D
149,54,-3.02,0.2547,1.6,58,83,139,#3A538B
149,55,-3.4,0.2258,0.0,62,74,137,#3E4A89
149,56,-3.3,0.2334,0.0,61,77,138,#3D4D8A
149,57,-3.4,0.2258,0.0,62,74,137,#3E4A89
149,58,-3.58,0.2121,0.0,63,71,136,#3F4788
149,59,-3.53,0.2159,0.0,63,72,137,#3F4889
149,60,-2.47,0.2964,7.0,53,94,141,#355E8D
149,61,-2.42,0.3002,7.5,53,95,141,#355F8D
149,62,-3.67,0.2053,0.0,64,69,136,#404588
149,63,-3.77,0.1977,0.0,65,66,135,#414287
149,64,-4.05,0.1764,0.0,67,61,132,#433D84
149,65,-4.05,0.1764,0.0,67,61,132,#433D84
149,66,-3.72,0.2015,0.0,65,68,135,#414487
149,67,-3.16,0.2440,0.2,60,80,139,#3C508B
149,68,-2.74,0.2759,4.3,56,89,140,#38598C
149,69,-3.07,0.2509,1.1,59,82,139,#3B528B
149,70,-3.16,0.2440,0.2,60,80,139,#3C508B
149,71,-3.21,0.2402,0.0,60,79,138,#3C4F8A
149,72,-3.02,0.2547,1.6,58,83,139,#3A538B
149,73,-3.07,0.2509,1.1,59,82,139,#3B528B
149,74,-2.47,0.2964,7.0,53,94,141,#355E8D
149,75,-3.58,0.2121,0.0,63,71,136,#3F4788
149,76,-3.58,0.2121,0.0,63,71,136,#3F4788
149,77,-3.72,0.2015,0.0,65,68,135,#414487
149,78,-3.16,0.2440,0.2,60,80,139,#3C508B
149,79,-3.16,0.2440,0.2,60,80,139,#3C508B
149,80,-3.58,0.2121,0.0,63,71,136,#3F4788
149,81,-3.67,0.2053,0.0,64,69,136,#404588
149,82,-3.58,0.2121,0.0,63,71,136,#3F4788
149,83,-2.65,0.2828,5.2,55,91,141,#375B8D
149,84,-2.37,0.3040,8.0,52,96,141,#34608D
149,85,-2.19,0.3177,9.8,50,100,142,#32648E
149,86,-2.19,0.3177,9.8,50,100,142,#32648E
149,87,-2.19,0.3177,9.8,50,100,142,#32648E
149,88,nan,nan,nan,0,0,0,#000000
149,89,,,,,,,
149,90,,,,,,,
149,91,,,,,,,
149,92,,,,,,,
149,93,,,,,,,
150,0,,,,,,,
150,1,,,,,,,
150,2,,,,,,,
150,3,,,,,,,
150,4,,,,,,,
150,5,,,,,,,
150,6,,,,,,,
150,7,,,,,,,
150,8,,,,,,,
150,9,,,,,,,
150,10,,,,,,,
150,11,,,,,,,
150,12,,,,,,,
150,13,,,,,,,
150,14,,,,,,,
150,15,,,,,,,
150,16,,,,,,,
150,17,,,,,,,
150,18,,,,,,,
150,19,,,,,,,
150,20,,,,,,,
150,21,,,,,,,
150,22,,,,,,,
150,23,,,,,,,
150,24,,,,,,,
150,25,,,,,,,
150,26,,,,,,,
150,27,,,,,,,
150,28,,,,,,,
150,29,,,,,,,
150,30,,,,,,,
150,31,,,,,,,
150,32,,,,,,,
150,33,,,,,,,
150,34,,,,,,,
150,35,,,,,,,
150,36,,,,,,,
150,37,,,,,,,
150,38,,,,,,,
150,39,,,,,,,
150,40,,,,,,,
150,41,-3.53,0.2159,0.0,63,72,137,#3F4889
150,42,-3.16,0.2440,0.2,60,80,139,#3C508B
150,43,-2.98,0.2577,2.0,58,83,139,#3A538B
150,44,-3.16,0.2440,0.2,60,80,139,#3C508B
150,45,-3.16,0.2440,0.2,60,80,139,#3C508B
150,46,-3.07,0.2509,1.1,59,82,139,#3B528B
150,47,-3.21,0.2402,0.0,60,79,138,#3C4F8A
150,48,-3.35,0.2296,0.0,62,76,138,#3E4C8A
150,49,-3.35,0.2296,0.0,62,76,138,#3E4C8A
150,50,-3.16,0.2440,0.2,60,80,139,#3C508B
150,51,-3.02,0.2547,1.6,58,83,139,#3A538B
150,52,-3.07,0.2509,1.1,59,82,139,#3B528B
150,53,-3.58,0.2121,0.0,63,71,136,#3F4788
150,54,-3.16,0.2440,0.2,60,80,139,#3C508B
150,55,-3.49,0.2190,0.0,62,73,137,#3E4989
150,56,-3.16,0.2440,0.2,60,80,139,#3C508B
150,57,-3.16,0.2440,0.2,60,80,139,#3C508B
150,58,-2.88,0.2653,3.0,57,85,140,#39558C
150,59,-2.74,0.2759,4.3,56,89,140,#38598C
150,60,-2.79,0.2721,3.8,56,88,140,#38588C
150,61,-3.16,0.2440,0.2,60,80,139,#3C508B
150,62,-3.49,0.2190,0.0,62,73,137,#3E4989
150,63,-3.07,0.2509,1.1,59,82,139,#3B528B
150,64,-4.05,0.1764,0.0,67,61,132,#433D84
150,65,-3.58,0.2121,0.0,63,71,136,#3F4788
150,66,-3.58,0.2121,0.0,63,71,136,#3F4788
150,67,-3.53,0.2159,0.0,63,72,137,#3F4889
150,68,-2.65,0.2828,5.2,55,91,141,#375B8D
150,69,-3.53,0.2159,0.0,63,72,137,#3F4889
150,70,-3.91,0.1870,0.0,66,63,133,#423F85
150,71,-3.16,0.2440,0.2,60,80,139,#3C508B
150,72,-3.02,0.2547,1.6,58,83,139,#3A538B
150,73,-2.42,0.3002,7.5,53,95,141,#355F8D
150,74,-2.47,0.2964,7.0,53,94,141,#355E8D
150,75,-3.58,0.2121,0.0,63,71,136,#3F4788
150,76,-3.4,0.2258,0.0,62,74,137,#3E4A89
150,77,-3.21,0.2402,0.0,60,79,138,#3C4F8A
150,78,-3.77,0.1977,0.0,65,66,135,#414287
150,79,-3.4,0.2258,0.0,62,74,137,#3E4A89
150,80,-3.53,0.2159,0.0,63,72,137,#3F4889
150,81,-3.72,0.2015,0.0,65,68,135,#414487
150,82,-2.79,0.2721,3.8,56,88,140,#38588C
150,83,-2.51,0.2934,6.6,53,94,141,#355E8D
150,84,-3.07,0.2509,1.1,59,82,139,#3B528B
150,85,-2.74,0.2759,4.3,56,89,140,#38598C
150,86,nan,nan,nan,0,0,0,#000000
150,87,,,,,,,
150,88,,,,,,,
150,89,,,,,,,
150,90,,,,,,,
150,91,,,,,,,
150,92,,,,,,,
150,93,,,,,,,
151,0,,,,,,,
151,1,,,,,,,
151,2,,,,,,,
151,3,,,,,,,
151,4,,,,,,,
151,5,,,,,,,
151,6,,,,,,,
151,7,,,,,,,
151,8,,,,,,,
151,9,,,,,,,
151,10,,,,,,,
151,11,,,,,,,
151,12,,,,,,,
151,13,,,,,,,
151,14,,,,,,,
151,15,,,,,,,
151,16,,,,,,,
151,17,,,,,,,
151,18,,,,,,,
151,19,,,,,,,
151,20,,,,,,,
151,21,,,,,,,
151,22,,,,,,,
151,23,,,,,,,
151,24,,,,,,,
151,25,,,,,,,
151,26,,,,,,,
151,27,,,,,,,
151,28,,,,,,,
151,29,,,,,,,
151,30,,,,,,,
151,31,,,,,,,
151,32,,,,,,,
151,33,,,,,,,
151,34,,,,,,,
151,35,,,,,,,
151,36,,,,,,,
151,37,,,,,,,
151,38,-2.65,0.2828,5.2,55,91,141,#375B8D
151,39,,,,,,,
151,40,-3.53,0.2159,0.0,63,72,137,#3F4889
151,41,-3.58,0.2121,0.0,63,71,136,#3F4788
151,42,-3.77,0.1977,0.0,65,66,135,#414287
151,43,-3.16,0.2440,0.2,60,80,139,#3C508B
151,44,-3.3,0.2334,0.0,61,77,138,#3D4D8A
151,45,-3.3,0.2334,0.0,61,77,138,#3D4D8A
151,46,-3.53,0.2159,0.0,63,72,137,#3F4889
151,47,-3.53,0.2159,0.0,63,72,137,#3F4889
151,48,-3.02,0.2547,1.6,58,83,139,#3A538B
151,49,-2.51,0.2934,6.6,53,94,141,#355E8D
151,50,-2.84,0.2683,3.4,57,86,140,#39568C
151,51,-3.02,0.2547,1.6,58,83,139,#3A538B
151,52,-3.21,0.2402,0.0,60,79,138,#3C4F8A
151,53,-3.07,0.2509,1.1,59,82,139,#3B528B
151,54,-3.07,0.2509,1.1,59,82,139,#3B528B
151,55,-3.16,0.2440,0.2,60,80,139,#3C508B
151,56,-3.63,0.2083,0.0,64,70,136,#404688
151,57,-3.49,0.2190,0.0,62,73,137,#3E4989
151,58,-2.51,0.2934,6.6,53,94,141,#355E8D
151,59,-1.86,0.3428,13.1,48,106,142,#306A8E
151,60,-2.6,0.2866,5.7,54,92,141,#365C8D
151,61,-2.98,0.2577,2.0,58,83,139,#3A538B
151,62,-2.79,0.2721,3.8,56,88,140,#38588C
151,63,-2.47,0.2964,7.0,53,94,141,#355E8D
151,64,-4.05,0.1764,0.0,67,61,132,#433D84
151,65,-3.49,0.2190,0.0,62,73,137,#3E4989
151,66,-3.58,0.2121,0.0,63,71,136,#3F4788
151,67,-2.65,0.2828,5.2,55,91,141,#375B8D
151,68,-3.21,0.2402,0.0,60,79,138,#3C4F8A
151,69,-3.58,0.2121,0.0,63,71,136,#3F4788
151,70,-3.53,0.2159,0.0,63,72,137,#3F4889
151,71,-2.88,0.2653,3.0,57,85,140,#39558C
151,72,-2.23,0.3147,9.4,51,99,141,#33638D
151,73,-1.67,0.3572,14.9,46,110,142,#2E6E8E
151,74,-3.49,0.2190,0.0,62,73,137,#3E4989
151,75,-2.09,0.3253,10.8,49,102,142,#31668E
151,76,-3.16,0.2440,0.2,60,80,139,#3C508B
151,77,-3.02,0.2547,1.6,58,83,139,#3A538B
151,78,-3.67,0.2053,0.0,64,69,136,#404588
151,79,-3.72,0.2015,0.0,65,68,135,#414487
151,80,-3.91,0.1870,0.0,66,63,133,#423F85
151,81,-3.3,0.2334,0.0,61,77,138,#3D4D8A
151,82,-3.16,0.2440,0.2,60,80,139,#3C508B
151,83,-3.02,0.2547,1.6,58,83,139,#3A538B
151,84,-3.02,0.2547,1.6,58,83,139,#3A538B
151,85,,,,,,,
151,86,,,,,,,
151,87,,,,,,,
151,88,,,,,,,
151,89,,,,,,,
151,90,,,,,,,
151,91,,,,,,,
151,92,,,,,,,
151,93,,,,,,,
152,0,,,,,,,
152,1,,,,,,,
152,2,,,,,,,
152,3,,,,,,,
152,4,,,,,,,
152,5,,,,,,,
152,6,,,,,,,
152,7,,,,,,,
152,8,,,,,,,
152,9,,,,,,,
152,10,,,,,,,
152,11,,,,,,,
152,12,,,,,,,
152,13,,,,,,,
152,14,,,,,,,
152,15,,,,,,,
152,16,,,,,,,
152,17,,,,,,,
152,18,,,,,,,
152,19,,,,,,,
152,20,,,,,,,
152,21,,,,,,,
152,22,,,,,,,
152,23,,,,,,,
152,24,,,,,,,
152,25,,,,,,,
152,26,,,,,,,
152,27,,,,,,,
152,28,,,,,,,
152,29,,,,,,,
152,30,,,,,,,
152,31,,,,,,,
152,32,,,,,,,
152,33,,,,,,,
152,34,,,,,,,
152,35,,,,,,,
152,36,,,,,,,
152,37,,,,,,,
152,38,-3.49,0.2190,0.0,62,73,137,#3E4989
152,39,-3.49,0.2190,0.0,62,73,137,#3E4989
152,40,-3.02,0.2547,1.6,58,83,139,#3A538B
152,41,-2.51,0.2934,6.6,53,94,141,#355E8D
152,42,-3.58,0.2121,0.0,63,71,136,#3F4788
152,43,-3.16,0.2440,0.2,60,80,139,#3C508B
152,44,-3.21,0.2402,0.0,60,79,138,#3C4F8A
152,45,-3.3,0.2334,0.0,61,77,138,#3D4D8A
152,46,-3.3,0.2334,0.0,61,77,138,#3D4D8A
152,47,-2.47,0.2964,7.0,53,94,141,#355E8D
152,48,-2.65,0.2828,5.2,55,91,141,#375B8D
152,49,-2.51,0.2934,6.6,53,94,141,#355E8D
152,50,-2.88,0.2653,3.0,57,85,140,#39558C
152,51,-2.47,0.2964,7.0,53,94,141,#355E8D
152,52,-3.07,0.2509,1.1,59,82,139,#3B528B
152,53,-3.3,0.2334,0.0,61,77,138,#3D4D8A
152,54,-3.4,0.2258,0.0,62,74,137,#3E4A89
152,55,-2.51,0.2934,6.6,53,94,141,#355E8D
152,56,-3.53,0.2159,0.0,63,72,137,#3F4889
152,57,-3.53,0.2159,0.0,63,72,137,#3F4889
152,58,-3.53,0.2159,0.0,63,72,137,#3F4889
152,59,-3.49,0.2190,0.0,62,73,137,#3E4989
152,60,-2.98,0.2577,2.0,58,83,139,#3A538B
152,61,-3.02,0.2547,1.6,58,83,139,#3A538B
152,62,-4.09,0.1734,0.0,68,59,132,#443B84
152,63,-4.05,0.1764,0.0,67,61,132,#433D84
152,64,-4.09,0.1734,0.0,68,59,132,#443B84
152,65,-3.49,0.2190,0.0,62,73,137,#3E4989
152,66,-3.4,0.2258,0.0,62,74,137,#3E4A89
152,67,-3.58,0.2121,0.0,63,71,136,#3F4788
152,68,-3.4,0.2258,0.0,62,74,137,#3E4A89
152,69,-3.3,0.2334,0.0,61,77,138,#3D4D8A
152,70,-3.58,0.2121,0.0,63,71,136,#3F4788
152,71,-2.98,0.2577,2.0,58,83,139,#3A538B
152,72,-1.63,0.3603,15.3,46,111,142,#2E6F8E
152,73,-1.67,0.3572,14.9,46,110,142,#2E6E8E
152,74,-2.19,0.3177,9.8,50,100,142,#32648E
152,75,-2.09,0.3253,10.8,49,102,142,#31668E
152,76,-3.72,0.2015,0.0,65,68,135,#414487
152,77,-3.58,0.2121,0.0,63,71,136,#3F4788
152,78,-3.63,0.2083,0.0,64,70,136,#404688
152,79,-3.72,0.2015,0.0,65,68,135,#414487
152,80,-2.98,0.2577,2.0,58,83,139,#3A538B
152,81,-3.58,0.2121,0.0,63,71,136,#3F4788
152,82,-3.3,0.2334,0.0,61,77,138,#3D4D8A
152,83,-3.3,0.2334,0.0,61,77,138,#3D4D8A
152,84,-2.23,0.3147,9.4,51,99,141,#33638D
152,85,,,,,,,
152,86,,,,,,,
152,87,,,,,,,
152,88,,,,,,,
152,89,,,,,,,
152,90,,,,,,,
152,91,,,,,,,
152,92,,,,,,,
152,93,,,,,,,
153,0,,,,,,,
153,1,,,,,,,
153,2,,,,,,,
153,3,,,,,,,
153,4,,,,,,,
153,5,,,,,,,
153,6,,,,,,,
153,7,,,,,,,
153,8,,,,,,,
153,9,,,,,,,
153,10,,,,,,,
153,11,,,,,,,
153,12,,,,,,,
153,13,,,,,,,
153,14,,,,,,,
153,15,,,,,,,
153,16,,,,,,,
153,17,,,,,,,
153,18,,,,,,,
153,19,,,,,,,
153,20,,,,,,,
153,21,,,,,,,
153,22,,,,,,,
153,23,,,,,,,
153,24,,,,,,,
153,25,,,,,,,
153,26,,,,,,,
153,27,,,,,,,
153,28,,,,,,,
153,29,,,,,,,
153,30,,,,,,,
153,31,,,,,,,
153,32,,,,,,,
153,33,,,,,,,
153,34,,,,,,,
153,35,,,,,,,
153,36,,,,,,,
153,37,,,,,,,
153,38,-3.49,0.2190,0.0,62,73,137,#3E4989
153,39,-3.49,0.2190,0.0,62,73,137,#3E4989
153,40,-3.58,0.2121,0.0,63,71,136,#3F4788
153,41,-3.49,0.2190,0.0,62,73,137,#3E4989
153,42,-3.16,0.2440,0.2,60,80,139,#3C508B
153,43,-3.16,0.2440,0.2,60,80,139,#3C508B
153,44,-2.74,0.2759,4.3,56,89,140,#38598C
153,45,-3.02,0.2547,1.6,58,83,139,#3A538B
153,46,-3.02,0.2547,1.6,58,83,139,#3A538B
153,47,-2.98,0.2577,2.0,58,83,139,#3A538B
153,48,-2.74,0.2759,4.3,56,89,140,#38598C
153,49,-1.81,0.3466,13.5,47,107,142,#2F6B8E
153,50,-3.02,0.2547,1.6,58,83,139,#3A538B
153,51,-2.79,0.2721,3.8,56,88,140,#38588C
153,52,-2.84,0.2683,3.4,57,86,140,#39568C
153,53,-3.3,0.2334,0.0,61,77,138,#3D4D8A
153,54,-3.16,0.2440,0.2,60,80,139,#3C508B
153,55,-3.16,0.2440,0.2,60,80,139,#3C508B
153,56,-2.51,0.2934,6.6,53,94,141,#355E8D
153,57,-3.16,0.2440,0.2,60,80,139,#3C508B
153,58,-3.4,0.2258,0.0,62,74,137,#3E4A89
153,59,-3.21,0.2402,0.0,60,79,138,#3C4F8A
153,60,-2.79,0.2721,3.8,56,88,140,#38588C
153,61,-3.02,0.2547,1.6,58,83,139,#3A538B
153,62,-3.91,0.1870,0.0,66,63,133,#423F85
153,63,-4.05,0.1764,0.0,67,61,132,#433D84
153,64,-3.63,0.2083,0.0,64,70,136,#404688
153,65,-3.16,0.2440,0.2,60,80,139,#3C508B
153,66,-3.77,0.1977,0.0,65,66,135,#414287
153,67,-3.67,0.2053,0.0,64,69,136,#404588
153,68,-3.3,0.2334,0.0,61,77,138,#3D4D8A
153,69,-3.72,0.2015,0.0,65,68,135,#414487
153,70,-2.74,0.2759,4.3,56,89,140,#38598C
153,71,-2.23,0.3147,9.4,51,99,141,#33638D
153,72,-1.72,0.3534,14.4,46,109,142,#2E6D8E
153,73,-2.65,0.2828,5.2,55,91,141,#375B8D
153,74,-2.23,0.3147,9.4,51,99,141,#33638D
153,75,-2.79,0.2721,3.8,56,88,140,#38588C
153,76,-3.72,0.2015,0.0,65,68,135,#414487
153,77,-3.95,0.1840,0.0,66,63,133,#423F85
153,78,-3.72,0.2015,0.0,65,68,135,#414487
153,79,-3.53,0.2159,0.0,63,72,137,#3F4889
153,80,-3.35,0.2296,0.0,62,76,138,#3E4C8A
153,81,-2.98,0.2577,2.0,58,83,139,#3A538B
153,82,nan,nan,nan,0,0,0,#000000
153,83,,,,,,,
153,84,,,,,,,
153,85,,,,,,,
153,86,,,,,,,
153,87,,,,,,,
153,88,,,,,,,
153,89,,,,,,,
153,90,,,,,,,
153,91,,,,,,,
153,92,,,,,,,
153,93,,,,,,,
154,0,,,,,,,
154,1,,,,,,,
154,2,,,,,,,
154,3,,,,,,,
154,4,,,,,,,
154,5,,,,,,,
154,6,,,,,,,
154,7,,,,,,,
154,8,,,,,,,
154,9,,,,,,,
154,10,,,,,,,
154,11,,,,,,,
154,12,,,,,,,
154,13,,,,,,,
154,14,,,,,,,
154,15,,,,,,,
154,16,,,,,,,
154,17,,,,,,,
154,18,,,,,,,
154,19,,,,,,,
154,20,,,,,,,
154,21,,,,,,,
154,22,,,,,,,
154,23,,,,,,,
154,24,,,,,,,
154,25,,,,,,,
154,26,,,,,,,
154,27,,,,,,,
154,28,,,,,,,
154,29,,,,,,,
154,30,,,,,,,
154,31,,,,,,,
154,32,,,,,,,
154,33,,,,,,,
154,34,,,,,,,
154,35,,,,,,,
154,36,,,,,,,
154,37,,,,,,,
154,38,-3.58,0.2121,0.0,63,71,136,#3F4788
154,39,-3.58,0.2121,0.0,63,71,136,#3F4788
154,40,-2.84,0.2683,3.4,57,86,140,#39568C
154,41,-2.84,0.2683,3.4,57,86,140,#39568C
154,42,-3.4,0.2258,0.0,62,74,137,#3E4A89
154,43,-3.4,0.2258,0.0,62,74,137,#3E4A89
154,44,-2.79,0.2721,3.8,56,88,140,#38588C
154,45,-2.79,0.2721,3.8,56,88,140,#38588C
154,46,-3.02,0.2547,1.6,58,83,139,#3A538B
154,47,-2.47,0.2964,7.0,53,94,141,#355E8D
154,48,-2.0,0.3322,11.7,49,104,142,#31688E
154,49,-1.86,0.3428,13.1,48,106,142,#306A8E
154,50,-2.47,0.2964,7.0,53,94,141,#355E8D
154,51,-2.84,0.2683,3.4,57,86,140,#39568C
154,52,-3.21,0.2402,0.0,60,79,138,#3C4F8A
154,53,-3.07,0.2509,1.1,59,82,139,#3B528B
154,54,-3.3,0.2334,0.0,61,77,138,#3D4D8A
154,55,-3.16,0.2440,0.2,60,80,139,#3C508B
154,56,-3.16,0.2440,0.2,60,80,139,#3C508B
154,57,-3.16,0.2440,0.2,60,80,139,#3C508B
154,58,-3.53,0.2159,0.0,63,72,137,#3F4889
154,59,-3.63,0.2083,0.0,64,70,136,#404688
154,60,-3.02,0.2547,1.6,58,83,139,#3A538B
154,61,-3.35,0.2296,0.0,62,76,138,#3E4C8A
154,62,-3.3,0.2334,0.0,61,77,138,#3D4D8A
154,63,-3.72,0.2015,0.0,65,68,135,#414487
154,64,-3.95,0.1840,0.0,66,63,133,#423F85
154,65,nan,nan,nan,0,0,0,#000000
154,66,-3.21,0.2402,0.0,60,79,138,#3C4F8A
154,67,-3.95,0.1840,0.0,66,63,133,#423F85
154,68,-3.67,0.2053,0.0,64,69,136,#404588
154,69,-3.67,0.2053,0.0,64,69,136,#404588
154,70,-2.84,0.2683,3.4,57,86,140,#39568C
154,71,-2.42,0.3002,7.5,53,95,141,#355F8D
154,72,nan,nan,nan,0,0,0,#000000
154,73,,,,,,,
154,74,,,,,,,
154,75,,,,,,,
154,76,-4.05,0.1764,0.0,67,61,132,#433D84
154,77,-3.95,0.1840,0.0,66,63,133,#423F85
154,78,-3.72,0.2015,0.0,65,68,135,#414487
154,79,-3.53,0.2159,0.0,63,72,137,#3F4889
154,80,,,,,,,
154,81,,,,,,,
154,82,,,,,,,
154,83,,,,,,,
154,84,,,,,,,
154,85,,,,,,,
154,86,,,,,,,
154,87,,,,,,,
154,88,,,,,,,
154,89,,,,,,,
154,90,,,,,,,
154,91,,,,,,,
154,92,,,,,,,
154,93,,,,,,,
155,0,,,,,,,
155,1,,,,,,,
155,2,,,,,,,
155,3,,,,,,,
155,4,,,,,,,
155,5,,,,,,,
155,6,,,,,,,
155,7,,,,,,,
155,8,,,,,,,
155,9,,,,,,,
155,10,,,,,,,
155,11,,,,,,,
155,12,,,,,,,
155,13,,,,,,,
155,14,,,,,,,
155,15,,,,,,,
155,16,,,,,,,
155,17,,,,,,,
155,18,,,,,,,
155,19,,,,,,,
155,20,,,,,,,
155,21,,,,,,,
155,22,,,,,,,
155,23,,,,,,,
155,24,,,,,,,
155,25,,,,,,,
155,26,,,,,,,
155,27,,,,,,,
155,28,,,,,,,
155,29,,,,,,,
155,30,,,,,,,
155,31,,,,,,,
155,32,,,,,,,
155,33,,,,,,,
155,34,,,,,,,
155,35,,,,,,,
155,36,,,,,,,
155,37,-2.98,0.2577,2.0,58,83,139,#3A538B
155,38,-2.65,0.2828,5.2,55,91,141,#375B8D
155,39,-2.84,0.2683,3.4,57,86,140,#39568C
155,40,-2.84,0.2683,3.4,57,86,140,#39568C
155,41,-2.84,0.2683,3.4,57,86,140,#39568C
155,42,-3.02,0.2547,1.6,58,83,139,#3A538B
155,43,-3.3,0.2334,0.0,61,77,138,#3D4D8A
155,44,-2.88,0.2653,3.0,57,85,140,#39558C
155,45,-2.79,0.2721,3.8,56,88,140,#38588C
155,46,-3.02,0.2547,1.6,58,83,139,#3A538B
155,47,-2.79,0.2721,3.8,56,88,140,#38588C
155,48,-2.09,0.3253,10.8,49,102,142,#31668E
155,49,-2.65,0.2828,5.2,55,91,141,#375B8D
155,50,-2.65,0.2828,5.2,55,91,141,#375B8D
155,51,-2.79,0.2721,3.8,56,88,140,#38588C
155,52,-3.07,0.2509,1.1,59,82,139,#3B528B
155,53,-3.4,0.2258,0.0,62,74,137,#3E4A89
155,54,-3.35,0.2296,0.0,62,76,138,#3E4C8A
155,55,-3.3,0.2334,0.0,61,77,138,#3D4D8A
155,56,-3.58,0.2121,0.0,63,71,136,#3F4788
155,57,-3.21,0.2402,0.0,60,79,138,#3C4F8A
155,58,-3.53,0.2159,0.0,63,72,137,#3F4889
155,59,-3.72,0.2015,0.0,65,68,135,#414487
155,60,-3.49,0.2190,0.0,62,73,137,#3E4989
155,61,-3.95,0.1840,0.0,66,63,133,#423F85
155,62,-3.95,0.1840,0.0,66,63,133,#423F85
155,63,-3.77,0.1977,0.0,65,66,135,#414287
155,64,,,,,,,
155,65,-3.72,0.2015,0.0,65,68,135,#414487
155,66,,,,,,,
155,67,,,,,,,
155,68,,,,,,,
155,69,,,,,,,
155,70,,,,,,,
155,71,,,,,,,
155,72,,,,,,,
155,73,,,,,,,
155,74,,,,,,,
155,75,,,,,,,
155,76,,,,,,,
155,77,,,,,,,
155,78,,,,,,,
155,79,,,,,,,
155,80,,,,,,,
155,81,,,,,,,
155,82,,,,,,,
155,83,,,,,,,
155,84,,,,,,,
155,85,,,,,,,
155,86,,,,,,,
155,87,,,,,,,
155,88,,,,,,,
155,89,,,,,,,
155,90,,,,,,,
155,91,,,,,,,
155,92,,,,,,,
155,93,,,,,,,
156,0,,,,,,,
156,1,,,,,,,
156,2,,,,,,,
156,3,,,,,,,
156,4,,,,,,,
156,5,,,,,,,
156,6,,,,,,,
156,7,,,,,,,
156,8,,,,,,,
156,9,,,,,,,
156,10,,,,,,,
156,11,,,,,,,
156,12,,,,,,,
156,13,,,,,,,
156,14,,,,,,,
156,15,,,,,,,
156,16,,,,,,,
156,17,,,,,,,
156,18,,,,,,,
156,19,,,,,,,
156,20,,,,,,,
156,21,,,,,,,
156,22,,,,,,,
156,23,,,,,,,
156,24,,,,,,,
156,25,,,,,,,
156,26,,,,,,,
156,27,,,,,,,
156,28,,,,,,,
156,29,,,,,,,
156,30,,,,,,,
156,31,,,,,,,
156,32,,,,,,,
156,33,,,,,,,
156,34,,,,,,,
156,35,,,,,,,
156,36,-3.02,0.2547,1.6,58,83,139,#3A538B
156,37,-2.47,0.2964,7.0,53,94,141,#355E8D
156,38,-3.02,0.2547,1.6,58,83,139,#3A538B
156,39,-3.02,0.2547,1.6,58,83,139,#3A538B
156,40,-2.88,0.2653,3.0,57,85,140,#39558C
156,41,-3.21,0.2402,0.0,60,79,138,#3C4F8A
156,42,-3.21,0.2402,0.0,60,79,138,#3C4F8A
156,43,-2.84,0.2683,3.4,57,86,140,#39568C
156,44,-3.02,0.2547,1.6,58,83,139,#3A538B
156,45,-2.84,0.2683,3.4,57,86,140,#39568C
156,46,-2.47,0.2964,7.0,53,94,141,#355E8D
156,47,-1.86,0.3428,13.1,48,106,142,#306A8E
156,48,-1.81,0.3466,13.5,47,107,142,#2F6B8E
156,49,,,,,,,
156,50,,,,,,,
156,51,,,,,,,
156,52,,,,,,,
156,53,,,,,,,
156,54,-3.91,0.1870,0.0,66,63,133,#423F85
156,55,-3.4,0.2258,0.0,62,74,137,#3E4A89
156,56,-3.16,0.2440,0.2,60,80,139,#3C508B
156,57,-3.4,0.2258,0.0,62,74,137,#3E4A89
156,58,-3.53,0.2159,0.0,63,72,137,#3F4889
156,59,-3.49,0.2190,0.0,62,73,137,#3E4989
156,60,,,,,,,
156,61,,,,,,,
156,62,,,,,,,
156,63,,,,,,,
156,64,-3.21,0.2402,0.0,60,79,138,#3C4F8A
156,65,-3.72,0.2015,0.0,65,68,135,#414487
156,66,-3.4,0.2258,0.0,62,74,137,#3E4A89
156,67,,,,,,,
156,68,,,,,,,
156,69,,,,,,,
156,70,,,,,,,
156,71,,,,,,,
156,72,,,,,,,
156,73,,,,,,,
156,74,,,,,,,
156,75,,,,,,,
156,76,,,,,,,
156,77,,,,,,,
156,78,,,,,,,
156,79,,,,,,,
156,80,,,,,,,
156,81,,,,,,,
156,82,,,,,,,
156,83,,,,,,,
156,84,,,,,,,
156,85,,,,,,,
156,86,,,,,,,
156,87,,,,,,,
156,88,,,,,,,
156,89,,,,,,,
156,90,,,,,,,
156,91,,,,,,,
156,92,,,,,,,
156,93,,,,,,,
157,0,,,,,,,
157,1,,,,,,,
157,2,,,,,,,
157,3,,,,,,,
157,4,,,,,,,
157,5,,,,,,,
157,6,,,,,,,
157,7,,,,,,,
157,8,,,,,,,
157,9,,,,,,,
157,10,,,,,,,
157,11,,,,,,,
157,12,,,,,,,
157,13,,,,,,,
157,14,,,,,,,
157,15,,,,,,,
157,16,,,,,,,
157,17,,,,,,,
157,18,,,,,,,
157,19,,,,,,,
157,20,,,,,,,
157,21,,,,,,,
157,22,,,,,,,
157,23,,,,,,,
157,24,,,,,,,
157,25,,,,,,,
157,26,,,,,,,
157,27,,,,,,,
157,28,,,,,,,
157,29,,,,,,,
157,30,,,,,,,
157,31,,,,,,,
157,32,,,,,,,
157,33,,,,,,,
157,34,,,,,,,
157,35,,,,,,,
157,36,-3.4,0.2258,0.0,62,74,137,#3E4A89
157,37,-3.77,0.1977,0.0,65,66,135,#414287
157,38,-3.02,0.2547,1.6,58,83,139,#3A538B
157,39,-3.02,0.2547,1.6,58,83,139,#3A538B
157,40,-2.23,0.3147,9.4,51,99,141,#33638D
157,41,-2.28,0.3109,8.9,51,98,141,#33628D
157,42,-3.02,0.2547,1.6,58,83,139,#3A538B
157,43,-3.02,0.2547,1.6,58,83,139,#3A538B
157,44,-2.47,0.2964,7.0,53,94,141,#355E8D
157,45,-2.28,0.3109,8.9,51,98,141,#33628D
157,46,-2.09,0.3253,10.8,49,102,142,#31668E
157,47,nan,nan,nan,0,0,0,#000000
157,48,,,,,,,
157,49,,,,,,,
157,50,,,,,,,
157,51,,,,,,,
157,52,,,,,,,
157,53,,,,,,,
157,54,,,,,,,
157,55,-3.95,0.1840,0.0,66,63,133,#423F85
157,56,,,,,,,
157,57,,,,,,,
157,58,-4.05,0.1764,0.0,67,61,132,#433D84
157,59,-3.3,0.2334,0.0,61,77,138,#3D4D8A
157,60,,,,,,,
157,61,,,,,,,
157,62,,,,,,,
157,63,,,,,,,
157,64,,,,,,,
157,65,-3.21,0.2402,0.0,60,79,138,#3C4F8A
157,66,-3.16,0.2440,0.2,60,80,139,#3C508B
157,67,,,,,,,
157,68,,,,,,,
157,69,,,,,,,
157,70,,,,,,,
157,71,,,,,,,
157,72,,,,,,,
157,73,,,,,,,
157,74,,,,,,,
157,75,,,,,,,
157,76,,,,,,,
157,77,,,,,,,
157,78,,,,,,,
157,79,,,,,,,
157,80,,,,,,,
157,81,,,,,,,
157,82,,,,,,,
157,83,,,,,,,
157,84,,,,,,,
157,85,,,,,,,
157,86,,,,,,,
157,87,,,,,,,
157,88,,,,,,,
157,89,,,,,,,
157,90,,,,,,,
157,91,,,,,,,
157,92,,,,,,,
157,93,,,,,,,
158,0,,,,,,,
158,1,,,,,,,
158,2,,,,,,,
158,3,,,,,,,
158,4,,,,,,,
158,5,,,,,,,
158,6,,,,,,,
158,7,,,,,,,
158,8,,,,,,,
158,9,,,,,,,
158,10,,,,,,,
158,11,,,,,,,
158,12,,,,,,,
158,13,,,,,,,
158,14,,,,,,,
158,15,,,,,,,
158,16,,,,,,,
158,17,,,,,,,
158,18,,,,,,,
158,19,,,,,,,
158,20,,,,,,,
158,21,,,,,,,
158,22,,,,,,,
158,23,,,,,,,
158,24,,,,,,,
158,25,,,,,,,
158,26,,,,,,,
158,27,,,,,,,
158,28,,,,,,,
158,29,,,,,,,
158,30,,,,,,,
158,31,,,,,,,
158,32,,,,,,,
158,33,,,,,,,
158,34,-3.35,0.2296,0.0,62,76,138,#3E4C8A
158,35,-3.4,0.2258,0.0,62,74,137,#3E4A89
158,36,-3.4,0.2258,0.0,62,74,137,#3E4A89
158,37,-3.02,0.2547,1.6,58,83,139,#3A538B
158,38,-1.86,0.3428,13.1,48,106,142,#306A8E
158,39,-2.42,0.3002,7.5,53,95,141,#355F8D
158,40,-1.86,0.3428,13.1,48,106,142,#306A8E
158,41,-2.23,0.3147,9.4,51,99,141,#33638D
158,42,-2.79,0.2721,3.8,56,88,140,#38588C
158,43,-2.47,0.2964,7.0,53,94,141,#355E8D
158,44,-2.84,0.2683,3.4,57,86,140,#39568C
158,45,-2.09,0.3253,10.8,49,102,142,#31668E
158,46,-2.05,0.3284,11.2,49,103,142,#31678E
158,47,,,,,,,
158,48,,,,,,,
158,49,,,,,,,
158,50,,,,,,,
158,51,,,,,,,
158,52,,,,,,,
158,53,,,,,,,
158,54,,,,,,,
158,55,,,,,,,
158,56,,,,,,,
158,57,,,,,,,
158,58,,,,,,,
158,59,,,,,,,
158,60,,,,,,,
158,61,,,,,,,
158,62,,,,,,,
158,63,,,,,,,
158,64,,,,,,,
158,65,,,,,,,
158,66,,,,,,,
158,67,,,,,,,
158,68,,,,,,,
158,69,,,,,,,
158,70,,,,,,,
158,71,,,,,,,
158,72,,,,,,,
158,73,,,,,,,
158,74,,,,,,,
158,75,,,,,,,
158,76,,,,,,,
158,77,,,,,,,
158,78,,,,,,,
158,79,,,,,,,
158,80,,,,,,,
158,81,,,,,,,
158,82,,,,,,,
158,83,,,,,,,
158,84,,,,,,,
158,85,,,,,,,
158,86,,,,,,,
158,87,,,,,,,
158,88,,,,,,,
158,89,,,,,,,
158,90,,,,,,,
158,91,,,,,,,
158,92,,,,,,,
158,93,,,,,,,
159,0,,,,,,,
159,1,,,,,,,
159,2,,,,,,,
159,3,,,,,,,
159,4,,,,,,,
159,5,,,,,,,
159,6,,,,,,,
159,7,,,,,,,
159,8,,,,,,,
159,9,,,,,,,
159,10,,,,,,,
159,11,,,,,,,
159,12,,,,,,,
159,13,,,,,,,
159,14,,,,,,,
159,15,,,,,,,
159,16,,,,,,,
159,17,,,,,,,
159,18,,,,,,,
159,19,,,,,,,
159,20,,,,,,,
159,21,,,,,,,
159,22,,,,,,,
159,23,,,,,,,
159,24,,,,,,,
159,25,,,,,,,
159,26,,,,,,,
159,27,,,,,,,
159,28,,,,,,,
159,29,,,,,,,
159,30,,,,,,,
159,31,,,,,,,
159,32,,,,,,,
159,33,,,,,,,
159,34,-3.4,0.2258,0.0,62,74,137,#3E4A89
159,35,-3.4,0.2258,0.0,62,74,137,#3E4A89
159,36,-2.23,0.3147,9.4,51,99,141,#33638D
159,37,-2.23,0.3147,9.4,51,99,141,#33638D
159,38,-2.47,0.2964,7.0,53,94,141,#355E8D
159,39,-1.86,0.3428,13.1,48,106,142,#306A8E
159,40,-1.86,0.3428,13.1,48,106,142,#306A8E
159,41,-2.37,0.3040,8.0,52,96,141,#34608D
159,42,-2.74,0.2759,4.3,56,89,140,#38598C
159,43,-2.47,0.2964,7.0,53,94,141,#355E8D
159,44,-2.23,0.3147,9.4,51,99,141,#33638D
159,45,-3.49,0.2190,0.0,62,73,137,#3E4989
159,46,,,,,,,
159,47,,,,,,,
159,48,,,,,,,
159,49,,,,,,,
159,50,,,,,,,
159,51,,,,,,,
159,52,,,,,,,
159,53,,,,,,,
159,54,,,,,,,
159,55,,,,,,,
159,56,,,,,,,
159,57,,,,,,,
159,58,,,,,,,
159,59,,,,,,,
159,60,,,,,,,
159,61,,,,,,,
159,62,,,,,,,
159,63,,,,,,,
159,64,,,,,,,
159,65,,,,,,,
159,66,,,,,,,
159,67,,,,,,,
159,68,,,,,,,
159,69,,,,,,,
159,70,,,,,,,
159,71,,,,,,,
159,72,,,,,,,
159,73,,,,,,,
159,74,,,,,,,
159,75,,,,,,,
159,76,,,,,,,
159,77,,,,,,,
159,78,,,,,,,
159,79,,,,,,,
159,80,,,,,,,
159,81,,,,,,,
159,82,,,,,,,
159,83,,,,,,,
159,84,,,,,,,
159,85,,,,,,,
159,86,,,,,,,
159,87,,,,,,,
159,88,,,,,,,
159,89,,,,,,,
159,90,,,,,,,
159,91,,,,,,,
159,92,,,,,,,
159,93,,,,,,,
160,0,,,,,,,
160,1,,,,,,,
160,2,,,,,,,
160,3,,,,,,,
160,4,,,,,,,
160,5,,,,,,,
160,6,,,,,,,
160,7,,,,,,,
160,8,,,,,,,
160,9,,,,,,,
160,10,,,,,,,
160,11,,,,,,,
160,12,,,,,,,
160,13,,,,,,,
160,14,,,,,,,
160,15,,,,,,,
160,16,,,,,,,
160,17,,,,,,,
160,18,,,,,,,
160,19,,,,,,,
160,20,,,,,,,
160,21,,,,,,,
160,22,,,,,,,
160,23,,,,,,,
160,24,,,,,,,
160,25,,,,,,,
160,26,,,,,,,
160,27,,,,,,,
160,28,,,,,,,
160,29,,,,,,,
160,30,,,,,,,
160,31,,,,,,,
160,32,,,,,,,
160,33,-3.53,0.2159,0.0,63,72,137,#3F4889
160,34,-3.53,0.2159,0.0,63,72,137,#3F4889
160,35,-3.67,0.2053,0.0,64,69,136,#404588
160,36,-2.65,0.2828,5.2,55,91,141,#375B8D
160,37,-2.37,0.3040,8.0,52,96,141,#34608D
160,38,-2.23,0.3147,9.4,51,99,141,#33638D
160,39,-2.23,0.3147,9.4,51,99,141,#33638D
160,40,-2.23,0.3147,9.4,51,99,141,#33638D
160,41,-2.23,0.3147,9.4,51,99,141,#33638D
160,42,-2.23,0.3147,9.4,51,99,141,#33638D
160,43,-1.86,0.3428,13.1,48,106,142,#306A8E
160,44,-2.47,0.2964,7.0,53,94,141,#355E8D
160,45,-2.23,0.3147,9.4,51,99,141,#33638D
160,46,,,,,,,
160,47,,,,,,,
160,48,,,,,,,
160,49,,,,,,,
160,50,,,,,,,
160,51,,,,,,,
160,52,,,,,,,
160,53,,,,,,,
160,54,,,,,,,
160,55,,,,,,,
160,56,,,,,,,
160,57,,,,,,,
160,58,,,,,,,
160,59,,,,,,,
160,60,,,,,,,
160,61,,,,,,,
160,62,,,,,,,
160,63,,,,,,,
160,64,,,,,,,
160,65,,,,,,,
160,66,,,,,,,
160,67,,,,,,,
160,68,,,,,,,
160,69,,,,,,,
160,70,,,,,,,
160,71,,,,,,,
160,72,,,,,,,
160,73,,,,,,,
160,74,,,,,,,
160,75,,,,,,,
160,76,,,,,,,
160,77,,,,,,,
160,78,,,,,,,
160,79,,,,,,,
160,80,,,,,,,
160,81,,,,,,,
160,82,,,,,,,
160,83,,,,,,,
160,84,,,,,,,
160,85,,,,,,,
160,86,,,,,,,
160,87,,,,,,,
160,88,,,,,,,
160,89,,,,,,,
160,90,,,,,,,
160,91,,,,,,,
160,92,,,,,,,
160,93,,,,,,,
161,0,,,,,,,
161,1,,,,,,,
161,2,,,,,,,
161,3,,,,,,,
161,4,,,,,,,
161,5,,,,,,,
161,6,,,,,,,
161,7,,,,,,,
161,8,,,,,,,
161,9,,,,,,,
161,10,,,,,,,
161,11,,,,,,,
161,12,,,,,,,
161,13,,,,,,,
161,14,,,,,,,
161,15,,,,,,,
161,16,,,,,,,
161,17,,,,,,,
161,18,,,,,,,
161,19,,,,,,,
161,20,,,,,,,
161,21,,,,,,,
161,22,,,,,,,
161,23,,,,,,,
161,24,,,,,,,
161,25,,,,,,,
161,26,,,,,,,
161,27,,,,,,,
161,28,,,,,,,
161,29,,,,,,,
161,30,,,,,,,
161,31,,,,,,,
161,32,-3.95,0.1840,0.0,66,63,133,#423F85
161,33,-3.53,0.2159,0.0,63,72,137,#3F4889
161,34,-3.53,0.2159,0.0,63,72,137,#3F4889
161,35,-3.58,0.2121,0.0,63,71,136,#3F4788
161,36,-3.53,0.2159,0.0,63,72,137,#3F4889
161,37,-2.37,0.3040,8.0,52,96,141,#34608D
161,38,,,,,,,
161,39,,,,,,,
161,40,-2.05,0.3284,11.2,49,103,142,#31678E
161,41,-2.84,0.2683,3.4,57,86,140,#39568C
161,42,-1.86,0.3428,13.1,48,106,142,#306A8E
161,43,-2.23,0.3147,9.4,51,99,141,#33638D
161,44,-1.86,0.3428,13.1,48,106,142,#306A8E
161,45,-2.47,0.2964,7.0,53,94,141,#355E8D
161,46,,,,,,,
161,47,,,,,,,
161,48,,,,,,,
161,49,,,,,,,
161,50,,,,,,,
161,51,,,,,,,
161,52,,,,,,,
161,53,,,,,,,
161,54,,,,,,,
161,55,,,,,,,
161,56,,,,,,,
161,57,,,,,,,
161,58,,,,,,,
161,59,,,,,,,
161,60,,,,,,,
161,61,,,,,,,
161,62,,,,,,,
161,63,,,,,,,
161,64,,,,,,,
161,65,,,,,,,
161,66,,,,,,,
161,67,,,,,,,
161,68,,,,,,,
161,69,,,,,,,
161,70,,,,,,,
161,71,,,,,,,
161,72,,,,,,,
161,73,,,,,,,
161,74,,,,,,,
161,75,,,,,,,
161,76,,,,,,,
161,77,,,,,,,
161,78,,,,,,,
161,79,,,,,,,
161,80,,,,,,,
161,81,,,,,,,
161,82,,,,,,,
161,83,,,,,,,
161,84,,,,,,,
161,85,,,,,,,
161,86,,,,,,,
161,87,,,,,,,
161,88,,,,,,,
161,89,,,,,,,
161,90,,,,,,,
161,91,,,,,,,
161,92,,,,,,,
161,93,,,,,,,
162,0,,,,,,,
162,1,,,,,,,
162,2,,,,,,,
162,3,,,,,,,
162,4,,,,,,,
162,5,,,,,,,
162,6,,,,,,,
162,7,,,,,,,
162,8,,,,,,,
162,9,,,,,,,
162,10,,,,,,,
162,11,,,,,,,
162,12,,,,,,,
162,13,,,,,,,
162,14,,,,,,,
162,15,,,,,,,
162,16,,,,,,,
162,17,,,,,,,
162,18,,,,,,,
162,19,,,,,,,
162,20,,,,,,,
162,21,,,,,,,
162,22,,,,,,,
162,23,,,,,,,
162,24,,,,,,,
162,25,,,,,,,
162,26,,,,,,,
162,27,,,,,,,
162,28,,,,,,,
162,29,,,,,,,
162,30,,,,,,,
162,31,,,,,,,
162,32,-3.72,0.2015,0.0,65,68,135,#414487
162,33,-3.16,0.2440,0.2,60,80,139,#3C508B
162,34,-3.91,0.1870,0.0,66,63,133,#423F85
162,35,nan,nan,nan,0,0,0,#000000
162,36,,,,,,,
162,37,,,,,,,
162,38,,,,,,,
162,39,,,,,,,
162,40,,,,,,,
162,41,,,,,,,
162,42,,,,,,,
162,43,-1.86,0.3428,13.1,48,106,142,#306A8E
162,44,-2.23,0.3147,9.4,51,99,141,#33638D
162,45,,,,,,,
162,46,,,,,,,
162,47,,,,,,,
162,48,,,,,,,
162,49,,,,,,,
162,50,,,,,,,
162,51,,,,,,,
162,52,,,,,,,
162,53,,,,,,,
162,54,,,,,,,
162,55,,,,,,,
162,56,,,,,,,
162,57,,,,,,,
162,58,,,,,,,
162,59,,,,,,,
162,60,,,,,,,
162,61,,,,,,,
162,62,,,,,,,
162,63,,,,,,,
162,64,,,,,,,
162,65,,,,,,,
162,66,,,,,,,
162,67,,,,,,,
162,68,,,,,,,
162,69,,,,,,,
162,70,,,,,,,
162,71,,,,,,,
162,72,,,,,,,
162,73,,,,,,,
162,74,,,,,,,
162,75,,,,,,,
162,76,,,,,,,
162,77,,,,,,,
162,78,,,,,,,
162,79,,,,,,,
162,80,,,,,,,
162,81,,,,,,,
162,82,,,,,,,
162,83,,,,,,,
162,84,,,,,,,
162,85,,,,,,,
162,86,,,,,,,
162,87,,,,,,,
162,88,,,,,,,
162,89,,,,,,,
162,90,,,,,,,
162,91,,,,,,,
162,92,,,,,,,
162,93,,,,,,,
163,0,,,,,,,
163,1,,,,,,,
163,2,,,,,,,
163,3,,,,,,,
163,4,,,,,,,
163,5,,,,,,,
163,6,,,,,,,
163,7,,,,,,,
163,8,,,,,,,
163,9,,,,,,,
163,10,,,,,,,
163,11,,,,,,,
163,12,,,,,,,
163,13,,,,,,,
163,14,,,,,,,
163,15,,,,,,,
163,16,,,,,,,
163,17,,,,,,,
163,18,,,,,,,
163,19,,,,,,,
163,20,,,,,,,
163,21,,,,,,,
163,22,,,,,,,
163,23,,,,,,,
163,24,,,,,,,
163,25,,,,,,,
163,26,,,,,,,
163,27,,,,,,,
163,28,,,,,,,
163,29,,,,,,,
163,30,-3.77,0.1977,0.0,65,66,135,#414287
163,31,-3.77,0.1977,0.0,65,66,135,#414287
163,32,-3.67,0.2053,0.0,64,69,136,#404588
163,33,-3.72,0.2015,0.0,65,68,135,#414487
163,34,nan,nan,nan,0,0,0,#000000
163,35,,,,,,,
163,36,,,,,,,
163,37,,,,,,,
163,38,,,,,,,
163,39,,,,,,,
163,40,,,,,,,
163,41,,,,,,,
163,42,,,,,,,
163,43,,,,,,,
163,44,nan,nan,nan,0,0,0,#000000
163,45,,,,,,,
163,46,,,,,,,
163,47,,,,,,,
163,48,,,,,,,
163,49,,,,,,,
163,50,,,,,,,
163,51,,,,,,,
163,52,,,,,,,
163,53,,,,,,,
163,54,,,,,,,
163,55,,,,,,,
163,56,,,,,,,
163,57,,,,,,,
163,58,,,,,,,
163,59,,,,,,,
163,60,,,,,,,
163,61,,,,,,,
163,62,,,,,,,
163,63,,,,,,,
163,64,,,,,,,
163,65,,,,,,,
163,66,,,,,,,
163,67,,,,,,,
163,68,,,,,,,
163,69,,,,,,,
163,70,,,,,,,
163,71,,,,,,,
163,72,,,,,,,
163,73,,,,,,,
163,74,,,,,,,
163,75,,,,,,,
163,76,,,,,,,
163,77,,,,,,,
163,78,,,,,,,
163,79,,,,,,,
163,80,,,,,,,
163,81,,,,,,,
163,82,,,,,,,
163,83,,,,,,,
163,84,,,,,,,
163,85,,,,,,,
163,86,,,,,,,
163,87,,,,,,,
163,88,,,,,,,
163,89,,,,,,,
163,90,,,,,,,
163,91,,,,,,,
163,92,,,,,,,
163,93,,,,,,,
164,0,,,,,,,
164,1,,,,,,,
164,2,,,,,,,
164,3,,,,,,,
164,4,,,,,,,
164,5,,,,,,,
164,6,,,,,,,
164,7,,,,,,,
164,8,,,,,,,
164,9,,,,,,,
164,10,,,,,,,
164,11,,,,,,,
164,12,,,,,,,
164,13,,,,,,,
164,14,,,,,,,
164,15,,,,,,,
164,16,,,,,,,
164,17,,,,,,,
164,18,,,,,,,
164,19,,,,,,,
164,20,,,,,,,
164,21,,,,,,,
164,22,,,,,,,
164,23,,,,,,,
164,24,,,,,,,
164,25,,,,,,,
164,26,,,,,,,
164,27,,,,,,,
164,28,-3.16,0.2440,0.2,60,80,139,#3C508B
164,29,-3.07,0.2509,1.1,59,82,139,#3B528B
164,30,-3.95,0.1840,0.0,66,63,133,#423F85
164,31,-3.67,0.2053,0.0,64,69,136,#404588
164,32,-3.67,0.2053,0.0,64,69,136,#404588
164,33,,,,,,,
164,34,,,,,,,
164,35,,,,,,,
164,36,,,,,,,
164,37,,,,,,,
164,38,,,,,,,
164,39,,,,,,,
164,40,,,,,,,
164,41,,,,,,,
164,42,,,,,,,
164,43,,,,,,,
164,44,,,,,,,
164,45,,,,,,,
164,46,,,,,,,
164,47,,,,,,,
164,48,,,,,,,
164,49,,,,,,,
164,50,,,,,,,
164,51,,,,,,,
164,52,,,,,,,
164,53,,,,,,,
164,54,,,,,,,
164,55,,,,,,,
164,56,,,,,,,
164,57,,,,,,,
164,58,,,,,,,
164,59,,,,,,,
164,60,,,,,,,
164,61,,,,,,,
164,62,,,,,,,
164,63,,,,,,,
164,64,,,,,,,
164,65,,,,,,,
164,66,,,,,,,
164,67,,,,,,,
164,68,,,,,,,
164,69,,,,,,,
164,70,,,,,,,
164,71,,,,,,,
164,72,,,,,,,
164,73,,,,,,,
164,74,,,,,,,
164,75,,,,,,,
164,76,,,,,,,
164,77,,,,,,,
164,78,,,,,,,
164,79,,,,,,,
164,80,,,,,,,
164,81,,,,,,,
164,82,,,,,,,
164,83,,,,,,,
164,84,,,,,,,
164,85,,,,,,,
164,86,,,,,,,
164,87,,,,,,,
164,88,,,,,,,
164,89,,,,,,,
164,90,,,,,,,
164,91,,,,,,,
164,92,,,,,,,
164,93,,,,,,,
165,0,,,,,,,
165,1,,,,,,,
165,2,,,,,,,
165,3,,,,,,,
165,4,,,,,,,
165,5,,,,,,,
165,6,,,,,,,
165,7,,,,,,,
165,8,,,,,,,
165,9,,,,,,,
165,10,,,,,,,
165,11,,,,,,,
165,12,,,,,,,
165,13,,,,,,,
165,14,,,,,,,
165,15,,,,,,,
165,16,,,,,,,
165,17,,,,,,,
165,18,,,,,,,
165,19,,,,,,,
165,20,,,,,,,
165,21,,,,,,,
165,22,,,,,,,
165,23,,,,,,,
165,24,,,,,,,
165,25,,,,,,,
165,26,,,,,,,
165,27,,,,,,,
165,28,-2.98,0.2577,2.0,58,83,139,#3A538B
165,29,,,,,,,
165,30,,,,,,,
165,31,-3.16,0.2440,0.2,60,80,139,#3C508B
165,32,-3.95,0.1840,0.0,66,63,133,#423F85
165,33,,,,,,,
165,34,,,,,,,
165,35,,,,,,,
165,36,,,,,,,
165,37,,,,,,,
165,38,,,,,,,
165,39,,,,,,,
165,40,,,,,,,
165,41,,,,,,,
165,42,,,,,,,
165,43,,,,,,,
165,44,,,,,,,
165,45,,,,,,,
165,46,,,,,,,
165,47,,,,,,,
165,48,,,,,,,
165,49,,,,,,,
165,50,,,,,,,
165,51,,,,,,,
165,52,,,,,,,
165,53,,,,,,,
165,54,,,,,,,
165,55,,,,,,,
165,56,,,,,,,
165,57,,,,,,,
165,58,,,,,,,
165,59,,,,,,,
165,60,,,,,,,
165,61,,,,,,,
165,62,,,,,,,
165,63,,,,,,,
165,64,,,,,,,
165,65,,,,,,,
165,66,,,,,,,
165,67,,,,,,,
165,68,,,,,,,
165,69,,,,,,,
165,70,,,,,,,
165,71,,,,,,,
165,72,,,,,,,
165,73,,,,,,,
165,74,,,,,,,
165,75,,,,,,,
165,76,,,,,,,
165,77,,,,,,,
165,78,,,,,,,
165,79,,,,,,,
165,80,,,,,,,
165,81,,,,,,,
165,82,,,,,,,
165,83,,,,,,,
165,84,,,,,,,
165,85,,,,,,,
165,86,,,,,,,
165,87,,,,,,,
165,88,,,,,,,
165,89,,,,,,,
165,90,,,,,,,
165,91,,,,,,,
165,92,,,,,,,
165,93,,,,,,,
166,0,,,,,,,
166,1,,,,,,,
166,2,,,,,,,
166,3,,,,,,,
166,4,,,,,,,
166,5,,,,,,,
166,6,,,,,,,
166,7,,,,,,,
166,8,,,,,,,
166,9,,,,,,,
166,10,,,,,,,
166,11,,,,,,,
166,12,,,,,,,
166,13,,,,,,,
166,14,,,,,,,
166,15,,,,,,,
166,16,,,,,,,
166,17,,,,,,,
166,18,,,,,,,
166,19,,,,,,,
166,20,,,,,,,
166,21,,,,,,,
166,22,,,,,,,
166,23,,,,,,,
166,24,,,,,,,
166,25,,,,,,,
166,26,,,,,,,
166,27,,,,,,,
166,28,,,,,,,
166,29,,,,,,,
166,30,,,,,,,
166,31,-3.58,0.2121,0.0,63,71,136,#3F4788
166,32,-3.95,0.1840,0.0,66,63,133,#423F85
166,33,,,,,,,
166,34,,,,,,,
166,35,,,,,,,
166,36,,,,,,,
166,37,,,,,,,
166,38,,,,,,,
166,39,,,,,,,
166,40,,,,,,,
166,41,,,,,,,
166,42,,,,,,,
166,43,,,,,,,
166,44,,,,,,,
166,45,,,,,,,
166,46,,,,,,,
166,47,,,,,,,
166,48,,,,,,,
166,49,,,,,,,
166,50,,,,,,,
166,51,,,,,,,
166,52,,,,,,,
166,53,,,,,,,
166,54,,,,,,,
166,55,,,,,,,
166,56,,,,,,,
166,57,,,,,,,
166,58,,,,,,,
166,59,,,,,,,
166,60,,,,,,,
166,61,,,,,,,
166,62,,,,,,,
166,63,,,,,,,
166,64,,,,,,,
166,65,,,,,,,
166,66,,,,,,,
166,67,,,,,,,
166,68,,,,,,,
166,69,,,,,,,
166,70,,,,,,,
166,71,,,,,,,
166,72,,,,,,,
166,73,,,,,,,
166,74,,,,,,,
166,75,,,,,,,
166,76,,,,,,,
166,77,,,,,,,
166,78,,,,,,,
166,79,,,,,,,
166,80,,,,,,,
166,81,,,,,,,
166,82,,,,,,,
166,83,,,,,,,
166,84,,,,,,,
166,85,,,,,,,
166,86,,,,,,,
166,87,,,,,,,
166,88,,,,,,,
166,89,,,,,,,
166,90,,,,,,,
166,91,,,,,,,
166,92,,,,,,,
166,93,,,,,,,
167,0,,,,,,,
167,1,,,,,,,
167,2,,,,,,,
167,3,,,,,,,
167,4,,,,,,,
167,5,,,,,,,
167,6,,,,,,,
167,7,,,,,,,
167,8,,,,,,,
167,9,,,,,,,
167,10,,,,,,,
167,11,,,,,,,
167,12,,,,,,,
167,13,,,,,,,
167,14,,,,,,,
167,15,,,,,,,
167,16,,,,,,,
167,17,,,,,,,
167,18,,,,,,,
167,19,,,,,,,
167,20,,,,,,,
167,21,,,,,,,
167,22,,,,,,,
167,23,,,,,,,
167,24,,,,,,,
167,25,,,,,,,
167,26,,,,,,,
167,27,,,,,,,
167,28,,,,,,,
167,29,,,,,,,
167,30,,,,,,,
167,31,,,,,,,
167,32,,,,,,,
167,33,,,,,,,
167,34,,,,,,,
167,35,,,,,,,
167,36,,,,,,,
167,37,,,,,,,
167,38,,,,,,,
167,39,,,,,,,
167,40,,,,,,,
167,41,,,,,,,
167,42,,,,,,,
167,43,,,,,,,
167,44,,,,,,,
167,45,,,,,,,
167,46,,,,,,,
167,47,,,,,,,
167,48,,,,,,,
167,49,,,,,,,
167,50,,,,,,,
167,51,,,,,,,
167,52,,,,,,,
167,53,,,,,,,
167,54,,,,,,,
167,55,,,,,,,
167,56,,,,,,,
167,57,,,,,,,
167,58,,,,,,,
167,59,,,,,,,
167,60,,,,,,,
167,61,,,,,,,
167,62,,,,,,,
167,63,,,,,,,
167,64,,,,,,,
167,65,,,,,,,
167,66,,,,,,,
167,67,,,,,,,
167,68,,,,,,,
167,69,,,,,,,
167,70,,,,,,,
167,71,,,,,,,
167,72,,,,,,,
167,73,,,,,,,
167,74,,,,,,,
167,75,,,,,,,
167,76,,,,,,,
167,77,,,,,,,
167,78,,,,,,,
167,79,,,,,,,
167,80,,,,,,,
167,81,,,,,,,
167,82,,,,,,,
167,83,,,,,,,
167,84,,,,,,,
167,85,,,,,,,
167,86,,,,,,,
167,87,,,,,,,
167,88,,,,,,,
167,89,,,,,,,
167,90,,,,,,,
167,91,,,,,,,
167,92,,,,,,,
167,93,,,,,,,
168,0,,,,,,,
168,1,,,,,,,
168,2,,,,,,,
168,3,,,,,,,
168,4,,,,,,,
168,5,,,,,,,
168,6,,,,,,,
168,7,,,,,,,
168,8,,,,,,,
168,9,,,,,,,
168,10,,,,,,,
168,11,,,,,,,
168,12,,,,,,,
168,13,,,,,,,
168,14,,,,,,,
168,15,,,,,,,
168,16,,,,,,,
168,17,,,,,,,
168,18,,,,,,,
168,19,,,,,,,
168,20,,,,,,,
168,21,,,,,,,
168,22,,,,,,,
168,23,,,,,,,
168,24,,,,,,,
168,25,,,,,,,
168,26,,,,,,,
168,27,,,,,,,
168,28,,,,,,,
168,29,,,,,,,
168,30,,,,,,,
168,31,,,,,,,
168,32,,,,,,,
168,33,,,,,,,
168,34,,,,,,,
168,35,,,,,,,
168,36,,,,,,,
168,37,,,,,,,
168,38,,,,,,,
168,39,,,,,,,
168,40,,,,,,,
168,41,,,,,,,
168,42,,,,,,,
168,43,,,,,,,
168,44,,,,,,,
168,45,,,,,,,
168,46,,,,,,,
168,47,,,,,,,
168,48,,,,,,,
168,49,,,,,,,
168,50,,,,,,,
168,51,,,,,,,
168,52,,,,,,,
168,53,,,,,,,
168,54,,,,,,,
168,55,,,,,,,
168,56,,,,,,,
168,57,,,,,,,
168,58,,,,,,,
168,59,,,,,,,
168,60,,,,,,,
168,61,,,,,,,
168,62,,,,,,,
168,63,,,,,,,
168,64,,,,,,,
168,65,,,,,,,
168,66,,,,,,,
168,67,,,,,,,
168,68,,,,,,,
168,69,,,,,,,
168,70,,,,,,,
168,71,,,,,,,
168,72,,,,,,,
168,73,,,,,,,
168,74,,,,,,,
168,75,,,,,,,
168,76,,,,,,,
168,77,,,,,,,
168,78,,,,,,,
168,79,,,,,,,
168,80,,,,,,,
168,81,,,,,,,
168,82,,,,,,,
168,83,,,,,,,
168,84,,,,,,,
168,85,,,,,,,
168,86,,,,,,,
168,87,,,,,,,
168,88,,,,,,,
168,89,,,,,,,
168,90,,,,,,,
168,91,,,,,,,
168,92,,,,,,,
168,93,,,,,,,
169,0,,,,,,,
169,1,,,,,,,
169,2,,,,,,,
169,3,,,,,,,
169,4,,,,,,,
169,5,,,,,,,
169,6,,,,,,,
169,7,,,,,,,
169,8,,,,,,,
169,9,,,,,,,
169,10,,,,,,,
169,11,,,,,,,
169,12,,,,,,,
169,13,,,,,,,
169,14,,,,,,,
169,15,,,,,,,
169,16,,,,,,,
169,17,,,,,,,
169,18,,,,,,,
169,19,,,,,,,
169,20,,,,,,,
169,21,,,,,,,
169,22,,,,,,,
169,23,,,,,,,
169,24,,,,,,,
169,25,,,,,,,
169,26,,,,,,,
169,27,,,,,,,
169,28,,,,,,,
169,29,,,,,,,
169,30,,,,,,,
169,31,,,,,,,
169,32,,,,,,,
169,33,,,,,,,
169,34,,,,,,,
169,35,,,,,,,
169,36,,,,,,,
169,37,,,,,,,
169,38,,,,,,,
169,39,,,,,,,
169,40,,,,,,,
169,41,,,,,,,
169,42,,,,,,,
169,43,,,,,,,
169,44,,,,,,,
169,45,,,,,,,
169,46,,,,,,,
169,47,,,,,,,
169,48,,,,,,,
169,49,,,,,,,
169,50,,,,,,,
169,51,,,,,,,
169,52,,,,,,,
169,53,,,,,,,
169,54,,,,,,,
169,55,,,,,,,
169,56,,,,,,,
169,57,,,,,,,
169,58,,,,,,,
169,59,,,,,,,
169,60,,,,,,,
169,61,,,,,,,
169,62,,,,,,,
169,63,,,,,,,
169,64,,,,,,,
169,65,,,,,,,
169,66,,,,,,,
169,67,,,,,,,
169,68,,,,,,,
169,69,,,,,,,
169,70,,,,,,,
169,71,,,,,,,
169,72,,,,,,,
169,73,,,,,,,
169,74,,,,,,,
169,75,,,,,,,
169,76,,,,,,,
169,77,,,,,,,
169,78,,,,,,,
169,79,,,,,,,
169,80,,,,,,,
169,81,,,,,,,
169,82,,,,,,,
169,83,,,,,,,
169,84,,,,,,,
169,85,,,,,,,
169,86,,,,,,,
169,87,,,,,,,
169,88,,,,,,,
169,89,,,,,,,
169,90,,,,,,,
169,91,,,,,,,
169,92,,,,,,,
169,93,,,,,,,
