pixel_id,row,col,county_code,county,gi_star,norm,est_pct,R,G,B,hex
0,2,69,74,Shetland,-2.98,0.2577,2.0,58,83,139,#3A538B
1,3,69,74,Shetland,-2.98,0.2577,2.0,58,83,139,#3A538B
2,4,67,74,Shetland,-2.79,0.2721,3.8,56,88,140,#38588C
3,4,68,74,Shetland,-2.98,0.2577,2.0,58,83,139,#3A538B
4,5,67,74,Shetland,-2.79,0.2721,3.8,56,88,140,#38588C
5,6,64,74,Shetland,-3.02,0.2547,1.6,58,83,139,#3A538B
6,6,67,74,Shetland,-2.65,0.2828,5.2,55,91,141,#375B8D
7,7,63,74,Shetland,-3.02,0.2547,1.6,58,83,139,#3A538B
8,7,64,74,Shetland,-3.02,0.2547,1.6,58,83,139,#3A538B
9,7,65,74,Shetland,,,,,,,
10,8,65,74,Shetland,-3.02,0.2547,1.6,58,83,139,#3A538B
11,8,66,74,Shetland,-2.23,0.3147,9.4,51,99,141,#33638D
12,9,64,74,Shetland,-2.23,0.3147,9.4,51,99,141,#33638D
13,9,65,74,Shetland,-2.6,0.2866,5.7,54,92,141,#365C8D
14,9,66,74,Shetland,-2.23,0.3147,9.4,51,99,141,#33638D
15,10,62,74,Shetland,-2.23,0.3147,9.4,51,99,141,#33638D
16,10,63,74,Shetland,-2.23,0.3147,9.4,51,99,141,#33638D
17,10,64,74,Shetland,-2.23,0.3147,9.4,51,99,141,#33638D
18,10,65,74,Shetland,-2.6,0.2866,5.7,54,92,141,#365C8D
19,10,66,74,Shetland,-2.23,0.3147,9.4,51,99,141,#33638D
20,11,63,74,Shetland,-2.23,0.3147,9.4,51,99,141,#33638D
21,11,64,74,Shetland,-3.02,0.2547,1.6,58,83,139,#3A538B
22,11,65,74,Shetland,,,,,,,
23,11,66,74,Shetland,,,,,,,
24,12,66,74,Shetland,-3.58,0.2121,0.0,63,71,136,#3F4788
25,15,65,74,Shetland,-2.79,0.2721,3.8,56,88,140,#38588C
26,16,65,74,Shetland,-2.47,0.2964,7.0,53,94,141,#355E8D
27,35,49,15,Caithness,,,,,,,
28,36,34,82,Sutherland,-1.81,0.3466,13.5,47,107,142,#2F6B8E
29,36,44,15,Caithness,-1.86,0.3428,13.1,48,106,142,#306A8E
30,36,45,15,Caithness,-1.86,0.3428,13.1,48,106,142,#306A8E
31,36,46,15,Caithness,-1.86,0.3428,13.1,48,106,142,#306A8E
32,36,47,15,Caithness,-1.86,0.3428,13.1,48,106,142,#306A8E
33,36,48,15,Caithness,-1.86,0.3428,13.1,48,106,142,#306A8E
34,36,49,15,Caithness,-1.86,0.3428,13.1,48,106,142,#306A8E
35,37,33,82,Sutherland,-1.3,0.3853,18.6,43,116,142,#2B748E
36,37,34,82,Sutherland,-0.93,0.4134,22.3,41,123,142,#297B8E
37,37,35,82,Sutherland,-0.93,0.4134,22.3,41,123,142,#297B8E
38,37,36,82,Sutherland,,,,,,,
39,37,37,82,Sutherland,-1.67,0.3572,14.9,46,110,142,#2E6E8E
40,37,38,82,Sutherland,,,,,,,
41,37,39,82,Sutherland,-1.26,0.3884,19.0,43,117,142,#2B758E
42,37,40,82,Sutherland,-1.81,0.3466,13.5,47,107,142,#2F6B8E
43,37,41,82,Sutherland,-1.49,0.3709,16.7,45,113,142,#2D718E
44,37,42,82,Sutherland,-1.35,0.3815,18.1,44,115,142,#2C738E
45,37,43,82,Sutherland,-1.35,0.3815,18.1,44,115,142,#2C738E
46,37,44,15,Caithness,-1.86,0.3428,13.1,48,106,142,#306A8E
47,37,45,15,Caithness,-1.86,0.3428,13.1,48,106,142,#306A8E
48,37,46,15,Caithness,-1.86,0.3428,13.1,48,106,142,#306A8E
49,37,47,15,Caithness,-1.86,0.3428,13.1,48,106,142,#306A8E
50,37,48,15,Caithness,-2.0,0.3322,11.7,49,104,142,#31688E
51,37,49,15,Caithness,-2.0,0.3322,11.7,49,104,142,#31688E
52,38,22,70,Ross-shire,,,,,,,
53,38,23,70,Ross-shire,,,,,,,
54,38,33,82,Sutherland,-1.26,0.3884,19.0,43,117,142,#2B758E
55,38,34,82,Sutherland,-1.3,0.3853,18.6,43,116,142,#2B748E
56,38,35,82,Sutherland,-1.3,0.3853,18.6,43,116,142,#2B748E
57,38,36,82,Sutherland,-1.72,0.3534,14.4,46,109,142,#2E6D8E
58,38,37,82,Sutherland,-1.44,0.3747,17.2,44,113,142,#2C718E
59,38,38,82,Sutherland,-1.67,0.3572,14.9,46,110,142,#2E6E8E
60,38,39,82,Sutherland,-1.86,0.3428,13.1,48,106,142,#306A8E
61,38,40,82,Sutherland,-0.98,0.4096,21.8,41,122,142,#297A8E
62,38,41,82,Sutherland,-1.16,0.3960,20.0,42,119,142,#2A778E
63,38,42,82,Sutherland,-1.35,0.3815,18.1,44,115,142,#2C738E
64,38,43,82,Sutherland,-1.35,0.3815,18.1,44,115,142,#2C738E
65,38,44,15,Caithness,-1.3,0.3853,18.6,43,116,142,#2B748E
66,38,45,15,Caithness,-2.19,0.3177,9.8,50,100,142,#32648E
67,38,46,15,Caithness,-1.86,0.3428,13.1,48,106,142,#306A8E
68,38,47,15,Caithness,-1.86,0.3428,13.1,48,106,142,#306A8E
69,38,48,15,Caithness,-2.09,0.3253,10.8,49,102,142,#31668E
70,38,49,15,Caithness,-2.0,0.3322,11.7,49,104,142,#31688E
71,39,21,70,Ross-shire,,,,,,,
72,39,22,70,Ross-shire,,,,,,,
73,39,32,82,Sutherland,-1.49,0.3709,16.7,45,113,142,#2D718E
74,39,33,82,Sutherland,-1.3,0.3853,18.6,43,116,142,#2B748E
75,39,34,82,Sutherland,-0.93,0.4134,22.3,41,123,142,#297B8E
76,39,35,82,Sutherland,-1.26,0.3884,19.0,43,117,142,#2B758E
77,39,36,82,Sutherland,-1.77,0.3496,13.9,47,108,142,#2F6C8E
78,39,37,82,Sutherland,-1.77,0.3496,13.9,47,108,142,#2F6C8E
79,39,38,82,Sutherland,-2.0,0.3322,11.7,49,104,142,#31688E
80,39,39,82,Sutherland,-0.98,0.4096,21.8,41,122,142,#297A8E
81,39,40,82,Sutherland,-1.35,0.3815,18.1,44,115,142,#2C738E
82,39,41,82,Sutherland,-1.26,0.3884,19.0,43,117,142,#2B758E
83,39,42,82,Sutherland,-1.35,0.3815,18.1,44,115,142,#2C738E
84,39,43,82,Sutherland,-1.44,0.3747,17.2,44,113,142,#2C718E
85,39,44,15,Caithness,-2.0,0.3322,11.7,49,104,142,#31688E
86,39,45,15,Caithness,-2.0,0.3322,11.7,49,104,142,#31688E
87,39,46,15,Caithness,-2.09,0.3253,10.8,49,102,142,#31668E
88,39,47,15,Caithness,-1.86,0.3428,13.1,48,106,142,#306A8E
89,39,48,15,Caithness,-2.0,0.3322,11.7,49,104,142,#31688E
90,39,49,15,Caithness,-2.0,0.3322,11.7,49,104,142,#31688E
91,40,19,70,Ross-shire,,,,,,,
92,40,20,70,Ross-shire,,,,,,,
93,40,21,70,Ross-shire,,,,,,,
94,40,22,70,Ross-shire,,,,,,,
95,40,32,82,Sutherland,,,,,,,
96,40,33,82,Sutherland,-0.93,0.4134,22.3,41,123,142,#297B8E
97,40,34,82,Sutherland,-1.26,0.3884,19.0,43,117,142,#2B758E
98,40,35,82,Sutherland,-1.67,0.3572,14.9,46,110,142,#2E6E8E
99,40,36,82,Sutherland,-1.67,0.3572,14.9,46,110,142,#2E6E8E
100,40,37,82,Sutherland,-2.09,0.3253,10.8,49,102,142,#31668E
101,40,38,82,Sutherland,-1.67,0.3572,14.9,46,110,142,#2E6E8E
102,40,39,82,Sutherland,-0.93,0.4134,22.3,41,123,142,#297B8E
103,40,40,82,Sutherland,-1.35,0.3815,18.1,44,115,142,#2C738E
104,40,41,82,Sutherland,-1.3,0.3853,18.6,43,116,142,#2B748E
105,40,42,82,Sutherland,-1.3,0.3853,18.6,43,116,142,#2B748E
106,40,43,82,Sutherland,-2.0,0.3322,11.7,49,104,142,#31688E
107,40,44,15,Caithness,-2.0,0.3322,11.7,49,104,142,#31688E
108,40,45,15,Caithness,-2.0,0.3322,11.7,49,104,142,#31688E
109,40,46,15,Caithness,-2.0,0.3322,11.7,49,104,142,#31688E
110,40,47,15,Caithness,-2.0,0.3322,11.7,49,104,142,#31688E
111,40,48,15,Caithness,-2.19,0.3177,9.8,50,100,142,#32648E
112,41,18,70,Ross-shire,,,,,,,
113,41,19,70,Ross-shire,,,,,,,
114,41,20,70,Ross-shire,,,,,,,
115,41,21,70,Ross-shire,,,,,,,
116,41,32,82,Sutherland,-1.86,0.3428,13.1,48,106,142,#306A8E
117,41,33,82,Sutherland,-1.86,0.3428,13.1,48,106,142,#306A8E
118,41,34,82,Sutherland,-1.67,0.3572,14.9,46,110,142,#2E6E8E
119,41,35,82,Sutherland,-2.42,0.3002,7.5,53,95,141,#355F8D
120,41,36,82,Sutherland,-1.67,0.3572,14.9,46,110,142,#2E6E8E
121,41,37,82,Sutherland,-1.67,0.3572,14.9,46,110,142,#2E6E8E
122,41,38,82,Sutherland,-2.09,0.3253,10.8,49,102,142,#31668E
123,41,39,82,Sutherland,-1.49,0.3709,16.7,45,113,142,#2D718E
124,41,40,82,Sutherland,-1.49,0.3709,16.7,45,113,142,#2D718E
125,41,41,82,Sutherland,-1.86,0.3428,13.1,48,106,142,#306A8E
126,41,42,82,Sutherland,-2.09,0.3253,10.8,49,102,142,#31668E
127,41,43,82,Sutherland,-2.19,0.3177,9.8,50,100,142,#32648E
128,41,44,15,Caithness,-2.0,0.3322,11.7,49,104,142,#31688E
129,41,45,15,Caithness,-2.09,0.3253,10.8,49,102,142,#31668E
130,41,46,15,Caithness,-2.19,0.3177,9.8,50,100,142,#32648E
131,42,16,70,Ross-shire,,,,,,,
132,42,17,70,Ross-shire,,,,,,,
133,42,18,70,Ross-shire,,,,,,,
134,42,19,70,Ross-shire,,,,,,,
135,42,20,70,Ross-shire,,,,,,,
136,42,21,70,Ross-shire,,,,,,,
137,42,31,82,Sutherland,-2.09,0.3253,10.8,49,102,142,#31668E
138,42,32,82,Sutherland,-2.09,0.3253,10.8,49,102,142,#31668E
139,42,33,82,Sutherland,-2.0,0.3322,11.7,49,104,142,#31688E
140,42,34,82,Sutherland,-1.86,0.3428,13.1,48,106,142,#306A8E
141,42,35,82,Sutherland,-2.42,0.3002,7.5,53,95,141,#355F8D
142,42,36,82,Sutherland,-1.67,0.3572,14.9,46,110,142,#2E6E8E
143,42,37,82,Sutherland,-2.09,0.3253,10.8,49,102,142,#31668E
144,42,38,82,Sutherland,-1.86,0.3428,13.1,48,106,142,#306A8E
145,42,39,82,Sutherland,-2.05,0.3284,11.2,49,103,142,#31678E
146,42,40,82,Sutherland,-2.19,0.3177,9.8,50,100,142,#32648E
147,42,41,82,Sutherland,-2.19,0.3177,9.8,50,100,142,#32648E
148,42,42,82,Sutherland,-2.09,0.3253,10.8,49,102,142,#31668E
149,42,43,82,Sutherland,-2.09,0.3253,10.8,49,102,142,#31668E
150,42,44,82,Sutherland,-2.09,0.3253,10.8,49,102,142,#31668E
151,42,45,15,Caithness,-2.09,0.3253,10.8,49,102,142,#31668E
152,42,46,15,Caithness,-2.09,0.3253,10.8,49,102,142,#31668E
153,43,15,70,Ross-shire,,,,,,,
154,43,16,70,Ross-shire,,,,,,,
155,43,17,70,Ross-shire,,,,,,,
156,43,18,70,Ross-shire,,,,,,,
157,43,19,70,Ross-shire,,,,,,,
158,43,20,70,Ross-shire,,,,,,,
159,43,21,70,Ross-shire,,,,,,,
160,43,31,82,Sutherland,-2.09,0.3253,10.8,49,102,142,#31668E
161,43,32,82,Sutherland,-1.67,0.3572,14.9,46,110,142,#2E6E8E
162,43,33,82,Sutherland,-2.0,0.3322,11.7,49,104,142,#31688E
163,43,34,82,Sutherland,-1.86,0.3428,13.1,48,106,142,#306A8E
164,43,35,82,Sutherland,-1.67,0.3572,14.9,46,110,142,#2E6E8E
165,43,36,82,Sutherland,-1.67,0.3572,14.9,46,110,142,#2E6E8E
166,43,37,82,Sutherland,-1.86,0.3428,13.1,48,106,142,#306A8E
167,43,38,82,Sutherland,-2.19,0.3177,9.8,50,100,142,#32648E
168,43,39,82,Sutherland,-1.86,0.3428,13.1,48,106,142,#306A8E
169,43,40,82,Sutherland,-1.86,0.3428,13.1,48,106,142,#306A8E
170,43,41,82,Sutherland,-2.05,0.3284,11.2,49,103,142,#31678E
171,43,42,82,Sutherland,-2.19,0.3177,9.8,50,100,142,#32648E
172,43,43,82,Sutherland,-2.19,0.3177,9.8,50,100,142,#32648E
173,43,44,82,Sutherland,-1.86,0.3428,13.1,48,106,142,#306A8E
174,44,16,70,Ross-shire,,,,,,,
175,44,17,70,Ross-shire,,,,,,,
176,44,18,70,Ross-shire,,,,,,,
177,44,19,70,Ross-shire,,,,,,,
178,44,20,70,Ross-shire,,,,,,,
179,44,21,70,Ross-shire,,,,,,,
180,44,30,22,Cromartyshire,-2.09,0.3253,10.8,49,102,142,#31668E
181,44,31,22,Cromartyshire,-1.67,0.3572,14.9,46,110,142,#2E6E8E
182,44,32,22,Cromartyshire,-2.09,0.3253,10.8,49,102,142,#31668E
183,44,33,82,Sutherland,-2.09,0.3253,10.8,49,102,142,#31668E
184,44,34,70,Ross-shire,-1.86,0.3428,13.1,48,106,142,#306A8E
185,44,35,82,Sutherland,-1.86,0.3428,13.1,48,106,142,#306A8E
186,44,36,82,Sutherland,-2.42,0.3002,7.5,53,95,141,#355F8D
187,44,37,82,Sutherland,-2.42,0.3002,7.5,53,95,141,#355F8D
188,44,38,82,Sutherland,-2.09,0.3253,10.8,49,102,142,#31668E
189,44,39,82,Sutherland,-2.09,0.3253,10.8,49,102,142,#31668E
190,44,40,82,Sutherland,-2.09,0.3253,10.8,49,102,142,#31668E
191,44,41,82,Sutherland,-2.19,0.3177,9.8,50,100,142,#32648E
192,44,42,82,Sutherland,-2.19,0.3177,9.8,50,100,142,#32648E
193,44,43,82,Sutherland,-2.19,0.3177,9.8,50,100,142,#32648E
194,45,16,43,Inverness-shire,,,,,,,
195,45,17,43,Inverness-shire,,,,,,,
196,45,18,43,Inverness-shire,,,,,,,
197,45,19,70,Ross-shire,,,,,,,
198,45,20,70,Ross-shire,,,,,,,
199,45,31,22,Cromartyshire,-2.09,0.3253,10.8,49,102,142,#31668E
200,45,32,22,Cromartyshire,-2.09,0.3253,10.8,49,102,142,#31668E
201,45,33,22,Cromartyshire,-1.86,0.3428,13.1,48,106,142,#306A8E
202,45,34,70,Ross-shire,-2.19,0.3177,9.8,50,100,142,#32648E
203,45,35,70,Ross-shire,-1.86,0.3428,13.1,48,106,142,#306A8E
204,45,36,82,Sutherland,-2.42,0.3002,7.5,53,95,141,#355F8D
205,45,37,82,Sutherland,-2.05,0.3284,11.2,49,103,142,#31678E
206,45,38,82,Sutherland,-2.19,0.3177,9.8,50,100,142,#32648E
207,45,39,82,Sutherland,-2.37,0.3040,8.0,52,96,141,#34608D
208,45,40,82,Sutherland,-2.19,0.3177,9.8,50,100,142,#32648E
209,45,41,82,Sutherland,-2.19,0.3177,9.8,50,100,142,#32648E
210,45,42,82,Sutherland,-2.28,0.3109,8.9,51,98,141,#33628D
211,46,17,43,Inverness-shire,,,,,,,
212,46,18,43,Inverness-shire,,,,,,,
213,46,32,22,Cromartyshire,-2.42,0.3002,7.5,53,95,141,#355F8D
214,46,33,22,Cromartyshire,-2.84,0.2683,3.4,57,86,140,#39568C
215,46,34,22,Cromartyshire,-2.84,0.2683,3.4,57,86,140,#39568C
216,46,35,70,Ross-shire,-2.84,0.2683,3.4,57,86,140,#39568C
217,46,36,70,Ross-shire,-2.42,0.3002,7.5,53,95,141,#355F8D
218,46,37,70,Ross-shire,-2.19,0.3177,9.8,50,100,142,#32648E
219,46,38,70,Ross-shire,-2.19,0.3177,9.8,50,100,142,#32648E
220,46,39,82,Sutherland,-2.19,0.3177,9.8,50,100,142,#32648E
221,46,40,82,Sutherland,-2.19,0.3177,9.8,50,100,142,#32648E
222,46,41,82,Sutherland,-2.37,0.3040,8.0,52,96,141,#34608D
223,47,17,43,Inverness-shire,,,,,,,
224,47,27,70,Ross-shire,-2.23,0.3147,9.4,51,99,141,#33638D
225,47,28,70,Ross-shire,-1.86,0.3428,13.1,48,106,142,#306A8E
226,47,29,70,Ross-shire,-2.23,0.3147,9.4,51,99,141,#33638D
227,47,30,70,Ross-shire,-2.23,0.3147,9.4,51,99,141,#33638D
228,47,31,22,Cromartyshire,,,,,,,
229,47,32,70,Ross-shire,-2.74,0.2759,4.3,56,89,140,#38598C
230,47,33,70,Ross-shire,-2.42,0.3002,7.5,53,95,141,#355F8D
231,47,34,70,Ross-shire,-2.84,0.2683,3.4,57,86,140,#39568C
232,47,35,70,Ross-shire,-1.86,0.3428,13.1,48,106,142,#306A8E
233,47,36,70,Ross-shire,-2.42,0.3002,7.5,53,95,141,#355F8D
234,47,37,70,Ross-shire,-1.86,0.3428,13.1,48,106,142,#306A8E
235,47,38,70,Ross-shire,-2.19,0.3177,9.8,50,100,142,#32648E
236,47,39,70,Ross-shire,-2.19,0.3177,9.8,50,100,142,#32648E
237,47,40,70,Ross-shire,-2.09,0.3253,10.8,49,102,142,#31668E
238,48,16,43,Inverness-shire,,,,,,,
239,48,27,70,Ross-shire,-2.23,0.3147,9.4,51,99,141,#33638D
240,48,28,70,Ross-shire,-2.6,0.2866,5.7,54,92,141,#365C8D
241,48,29,70,Ross-shire,-1.86,0.3428,13.1,48,106,142,#306A8E
242,48,30,70,Ross-shire,-2.23,0.3147,9.4,51,99,141,#33638D
243,48,31,70,Ross-shire,-2.23,0.3147,9.4,51,99,141,#33638D
244,48,32,70,Ross-shire,-2.74,0.2759,4.3,56,89,140,#38598C
245,48,33,70,Ross-shire,-2.74,0.2759,4.3,56,89,140,#38598C
246,48,34,70,Ross-shire,-2.6,0.2866,5.7,54,92,141,#365C8D
247,48,35,70,Ross-shire,-2.37,0.3040,8.0,52,96,141,#34608D
248,48,36,70,Ross-shire,-2.42,0.3002,7.5,53,95,141,#355F8D
249,48,37,70,Ross-shire,-2.37,0.3040,8.0,52,96,141,#34608D
250,48,38,70,Ross-shire,-2.6,0.2866,5.7,54,92,141,#365C8D
251,48,39,70,Ross-shire,-2.42,0.3002,7.5,53,95,141,#355F8D
252,48,40,70,Ross-shire,-2.42,0.3002,7.5,53,95,141,#355F8D
253,48,41,70,Ross-shire,-2.23,0.3147,9.4,51,99,141,#33638D
254,48,42,70,Ross-shire,-1.86,0.3428,13.1,48,106,142,#306A8E
255,49,27,70,Ross-shire,,,,,,,
256,49,28,70,Ross-shire,-2.23,0.3147,9.4,51,99,141,#33638D
257,49,29,70,Ross-shire,-2.6,0.2866,5.7,54,92,141,#365C8D
258,49,30,70,Ross-shire,-2.23,0.3147,9.4,51,99,141,#33638D
259,49,31,70,Ross-shire,-2.23,0.3147,9.4,51,99,141,#33638D
260,49,32,70,Ross-shire,-3.02,0.2547,1.6,58,83,139,#3A538B
261,49,33,70,Ross-shire,-1.86,0.3428,13.1,48,106,142,#306A8E
262,49,34,70,Ross-shire,-3.02,0.2547,1.6,58,83,139,#3A538B
263,49,35,70,Ross-shire,-2.47,0.2964,7.0,53,94,141,#355E8D
264,49,36,70,Ross-shire,-3.58,0.2121,0.0,63,71,136,#3F4788
265,49,37,70,Ross-shire,-1.86,0.3428,13.1,48,106,142,#306A8E
266,49,38,70,Ross-shire,-1.86,0.3428,13.1,48,106,142,#306A8E
267,49,39,70,Ross-shire,-2.74,0.2759,4.3,56,89,140,#38598C
268,49,40,70,Ross-shire,-1.86,0.3428,13.1,48,106,142,#306A8E
269,49,41,70,Ross-shire,,,,,,,
270,49,42,70,Ross-shire,-2.23,0.3147,9.4,51,99,141,#33638D
271,50,13,43,Inverness-shire,,,,,,,
272,50,14,43,Inverness-shire,,,,,,,
273,50,22,43,Inverness-shire,-2.65,0.2828,5.2,55,91,141,#375B8D
274,50,27,70,Ross-shire,-2.23,0.3147,9.4,51,99,141,#33638D
275,50,28,70,Ross-shire,-2.23,0.3147,9.4,51,99,141,#33638D
276,50,29,70,Ross-shire,-2.23,0.3147,9.4,51,99,141,#33638D
277,50,30,70,Ross-shire,-1.86,0.3428,13.1,48,106,142,#306A8E
278,50,31,70,Ross-shire,-2.23,0.3147,9.4,51,99,141,#33638D
279,50,32,70,Ross-shire,-2.23,0.3147,9.4,51,99,141,#33638D
280,50,33,70,Ross-shire,-2.6,0.2866,5.7,54,92,141,#365C8D
281,50,34,70,Ross-shire,-2.47,0.2964,7.0,53,94,141,#355E8D
282,50,35,70,Ross-shire,-2.84,0.2683,3.4,57,86,140,#39568C
283,50,36,70,Ross-shire,-2.65,0.2828,5.2,55,91,141,#375B8D
284,50,37,70,Ross-shire,-2.65,0.2828,5.2,55,91,141,#375B8D
285,50,38,70,Ross-shire,-2.65,0.2828,5.2,55,91,141,#375B8D
286,50,39,70,Ross-shire,,,,,,,
287,50,40,22,Cromartyshire,-2.23,0.3147,9.4,51,99,141,#33638D
288,50,46,58,Morayshire,-2.98,0.2577,2.0,58,83,139,#3A538B
289,50,47,58,Morayshire,-3.02,0.2547,1.6,58,83,139,#3A538B
290,50,48,58,Morayshire,-3.02,0.2547,1.6,58,83,139,#3A538B
291,50,49,58,Morayshire,-2.51,0.2934,6.6,53,94,141,#355E8D
292,50,50,7,Banffshire,-3.02,0.2547,1.6,58,83,139,#3A538B
293,50,51,7,Banffshire,-3.16,0.2440,0.2,60,80,139,#3C508B
294,50,52,7,Banffshire,-3.3,0.2334,0.0,61,77,138,#3D4D8A
295,50,53,7,Banffshire,-2.65,0.2828,5.2,55,91,141,#375B8D
296,50,54,7,Banffshire,-3.35,0.2296,0.0,62,76,138,#3E4C8A
297,50,55,7,Banffshire,-3.4,0.2258,0.0,62,74,137,#3E4A89
298,50,56,7,Banffshire,-3.3,0.2334,0.0,61,77,138,#3D4D8A
299,50,57,0,Aberdeenshire,-3.53,0.2159,0.0,63,72,137,#3F4889
300,50,58,0,Aberdeenshire,-3.58,0.2121,0.0,63,71,136,#3F4788
301,50,59,0,Aberdeenshire,-3.02,0.2547,1.6,58,83,139,#3A538B
302,51,12,43,Inverness-shire,,,,,,,
303,51,13,43,Inverness-shire,,,,,,,
304,51,14,43,Inverness-shire,,,,,,,
305,51,22,43,Inverness-shire,-2.65,0.2828,5.2,55,91,141,#375B8D
306,51,23,43,Inverness-shire,-2.65,0.2828,5.2,55,91,141,#375B8D
307,51,28,70,Ross-shire,-2.23,0.3147,9.4,51,99,141,#33638D
308,51,29,70,Ross-shire,-2.23,0.3147,9.4,51,99,141,#33638D
309,51,30,70,Ross-shire,-2.23,0.3147,9.4,51,99,141,#33638D
310,51,31,70,Ross-shire,-2.23,0.3147,9.4,51,99,141,#33638D
311,51,32,70,Ross-shire,-2.23,0.3147,9.4,51,99,141,#33638D
312,51,33,70,Ross-shire,-2.88,0.2653,3.0,57,85,140,#39558C
313,51,34,70,Ross-shire,-2.65,0.2828,5.2,55,91,141,#375B8D
314,51,35,70,Ross-shire,-2.23,0.3147,9.4,51,99,141,#33638D
315,51,36,70,Ross-shire,-2.51,0.2934,6.6,53,94,141,#355E8D
316,51,37,70,Ross-shire,-2.65,0.2828,5.2,55,91,141,#375B8D
317,51,38,70,Ross-shire,-2.65,0.2828,5.2,55,91,141,#375B8D
318,51,39,70,Ross-shire,-2.65,0.2828,5.2,55,91,141,#375B8D
319,51,40,70,Ross-shire,-2.23,0.3147,9.4,51,99,141,#33638D
320,51,44,59,Nairnshire,-3.02,0.2547,1.6,58,83,139,#3A538B
321,51,45,58,Morayshire,-2.98,0.2577,2.0,58,83,139,#3A538B
322,51,46,58,Morayshire,-2.98,0.2577,2.0,58,83,139,#3A538B
323,51,47,58,Morayshire,-3.16,0.2440,0.2,60,80,139,#3C508B
324,51,48,58,Morayshire,-3.21,0.2402,0.0,60,79,138,#3C4F8A
325,51,49,58,Morayshire,-3.21,0.2402,0.0,60,79,138,#3C4F8A
326,51,50,58,Morayshire,-3.21,0.2402,0.0,60,79,138,#3C4F8A
327,51,51,7,Banffshire,-3.21,0.2402,0.0,60,79,138,#3C4F8A
328,51,52,7,Banffshire,-3.21,0.2402,0.0,60,79,138,#3C4F8A
329,51,53,7,Banffshire,-3.21,0.2402,0.0,60,79,138,#3C4F8A
330,51,54,7,Banffshire,-3.21,0.2402,0.0,60,79,138,#3C4F8A
331,51,55,0,Aberdeenshire,-3.4,0.2258,0.0,62,74,137,#3E4A89
332,51,56,0,Aberdeenshire,-2.79,0.2721,3.8,56,88,140,#38588C
333,51,57,0,Aberdeenshire,-3.3,0.2334,0.0,61,77,138,#3D4D8A
334,51,58,0,Aberdeenshire,-3.4,0.2258,0.0,62,74,137,#3E4A89
335,51,59,0,Aberdeenshire,-3.02,0.2547,1.6,58,83,139,#3A538B
336,51,60,0,Aberdeenshire,-3.02,0.2547,1.6,58,83,139,#3A538B
337,52,14,43,Inverness-shire,,,,,,,
338,52,20,43,Inverness-shire,-2.65,0.2828,5.2,55,91,141,#375B8D
339,52,22,43,Inverness-shire,-2.65,0.2828,5.2,55,91,141,#375B8D
340,52,23,43,Inverness-shire,-2.65,0.2828,5.2,55,91,141,#375B8D
341,52,26,70,Ross-shire,-2.23,0.3147,9.4,51,99,141,#33638D
342,52,27,70,Ross-shire,-1.86,0.3428,13.1,48,106,142,#306A8E
343,52,29,70,Ross-shire,-2.23,0.3147,9.4,51,99,141,#33638D
344,52,30,70,Ross-shire,-2.23,0.3147,9.4,51,99,141,#33638D
345,52,31,70,Ross-shire,-2.23,0.3147,9.4,51,99,141,#33638D
346,52,32,70,Ross-shire,-3.07,0.2509,1.1,59,82,139,#3B528B
347,52,33,70,Ross-shire,-3.02,0.2547,1.6,58,83,139,#3A538B
348,52,34,70,Ross-shire,-1.86,0.3428,13.1,48,106,142,#306A8E
349,52,35,70,Ross-shire,-2.6,0.2866,5.7,54,92,141,#365C8D
350,52,36,70,Ross-shire,-2.51,0.2934,6.6,53,94,141,#355E8D
351,52,37,70,Ross-shire,-2.47,0.2964,7.0,53,94,141,#355E8D
352,52,38,70,Ross-shire,-2.65,0.2828,5.2,55,91,141,#375B8D
353,52,39,70,Ross-shire,-2.65,0.2828,5.2,55,91,141,#375B8D
354,52,42,43,Inverness-shire,-2.79,0.2721,3.8,56,88,140,#38588C
355,52,43,59,Nairnshire,-2.79,0.2721,3.8,56,88,140,#38588C
356,52,44,59,Nairnshire,-2.79,0.2721,3.8,56,88,140,#38588C
357,52,45,58,Morayshire,-2.98,0.2577,2.0,58,83,139,#3A538B
358,52,46,58,Morayshire,-2.98,0.2577,2.0,58,83,139,#3A538B
359,52,47,58,Morayshire,-2.84,0.2683,3.4,57,86,140,#39568C
360,52,48,58,Morayshire,-3.16,0.2440,0.2,60,80,139,#3C508B
361,52,49,7,Banffshire,-2.65,0.2828,5.2,55,91,141,#375B8D
362,52,50,7,Banffshire,-3.21,0.2402,0.0,60,79,138,#3C4F8A
363,52,51,7,Banffshire,-3.21,0.2402,0.0,60,79,138,#3C4F8A
364,52,52,0,Aberdeenshire,-3.3,0.2334,0.0,61,77,138,#3D4D8A
365,52,53,7,Banffshire,-3.3,0.2334,0.0,61,77,138,#3D4D8A
366,52,54,7,Banffshire,-3.3,0.2334,0.0,61,77,138,#3D4D8A
367,52,55,0,Aberdeenshire,-3.3,0.2334,0.0,61,77,138,#3D4D8A
368,52,56,0,Aberdeenshire,-3.4,0.2258,0.0,62,74,137,#3E4A89
369,52,57,0,Aberdeenshire,-3.4,0.2258,0.0,62,74,137,#3E4A89
370,52,58,0,Aberdeenshire,-3.16,0.2440,0.2,60,80,139,#3C508B
371,52,59,0,Aberdeenshire,-2.84,0.2683,3.4,57,86,140,#39568C
372,52,60,0,Aberdeenshire,-2.84,0.2683,3.4,57,86,140,#39568C
373,53,13,43,Inverness-shire,,,,,,,
374,53,19,43,Inverness-shire,,,,,,,
375,53,20,43,Inverness-shire,-2.65,0.2828,5.2,55,91,141,#375B8D
376,53,21,43,Inverness-shire,-2.65,0.2828,5.2,55,91,141,#375B8D
377,53,22,43,Inverness-shire,-2.65,0.2828,5.2,55,91,141,#375B8D
378,53,23,43,Inverness-shire,-2.65,0.2828,5.2,55,91,141,#375B8D
379,53,26,70,Ross-shire,-2.23,0.3147,9.4,51,99,141,#33638D
380,53,27,70,Ross-shire,-2.23,0.3147,9.4,51,99,141,#33638D
381,53,28,70,Ross-shire,-1.86,0.3428,13.1,48,106,142,#306A8E
382,53,29,70,Ross-shire,-2.65,0.2828,5.2,55,91,141,#375B8D
383,53,30,70,Ross-shire,-2.23,0.3147,9.4,51,99,141,#33638D
384,53,31,70,Ross-shire,-3.07,0.2509,1.1,59,82,139,#3B528B
385,53,32,70,Ross-shire,-3.02,0.2547,1.6,58,83,139,#3A538B
386,53,33,70,Ross-shire,-2.65,0.2828,5.2,55,91,141,#375B8D
387,53,34,70,Ross-shire,-2.23,0.3147,9.4,51,99,141,#33638D
388,53,35,43,Inverness-shire,-2.88,0.2653,3.0,57,85,140,#39558C
389,53,36,43,Inverness-shire,-2.65,0.2828,5.2,55,91,141,#375B8D
390,53,37,43,Inverness-shire,-2.47,0.2964,7.0,53,94,141,#355E8D
391,53,38,43,Inverness-shire,-2.65,0.2828,5.2,55,91,141,#375B8D
392,53,39,43,Inverness-shire,-2.79,0.2721,3.8,56,88,140,#38588C
393,53,40,43,Inverness-shire,-2.65,0.2828,5.2,55,91,141,#375B8D
394,53,41,43,Inverness-shire,-2.23,0.3147,9.4,51,99,141,#33638D
395,53,42,59,Nairnshire,-2.79,0.2721,3.8,56,88,140,#38588C
396,53,43,59,Nairnshire,-2.47,0.2964,7.0,53,94,141,#355E8D
397,53,44,59,Nairnshire,-2.79,0.2721,3.8,56,88,140,#38588C
398,53,45,58,Morayshire,-2.88,0.2653,3.0,57,85,140,#39558C
399,53,46,58,Morayshire,-2.98,0.2577,2.0,58,83,139,#3A538B
400,53,47,58,Morayshire,-3.53,0.2159,0.0,63,72,137,#3F4889
401,53,48,58,Morayshire,-3.21,0.2402,0.0,60,79,138,#3C4F8A
402,53,49,7,Banffshire,-3.3,0.2334,0.0,61,77,138,#3D4D8A
403,53,50,7,Banffshire,-3.3,0.2334,0.0,61,77,138,#3D4D8A
404,53,51,0,Aberdeenshire,-3.3,0.2334,0.0,61,77,138,#3D4D8A
405,53,52,0,Aberdeenshire,-3.58,0.2121,0.0,63,71,136,#3F4788
406,53,53,0,Aberdeenshire,-3.3,0.2334,0.0,61,77,138,#3D4D8A
407,53,54,0,Aberdeenshire,-3.3,0.2334,0.0,61,77,138,#3D4D8A
408,53,55,0,Aberdeenshire,-3.4,0.2258,0.0,62,74,137,#3E4A89
409,53,56,0,Aberdeenshire,-3.3,0.2334,0.0,61,77,138,#3D4D8A
410,53,57,0,Aberdeenshire,-3.3,0.2334,0.0,61,77,138,#3D4D8A
411,53,58,0,Aberdeenshire,-3.02,0.2547,1.6,58,83,139,#3A538B
412,53,59,0,Aberdeenshire,-2.88,0.2653,3.0,57,85,140,#39558C
413,53,60,0,Aberdeenshire,-1.86,0.3428,13.1,48,106,142,#306A8E
414,54,13,43,Inverness-shire,,,,,,,
415,54,19,43,Inverness-shire,-2.65,0.2828,5.2,55,91,141,#375B8D
416,54,20,43,Inverness-shire,-2.65,0.2828,5.2,55,91,141,#375B8D
417,54,21,43,Inverness-shire,-2.65,0.2828,5.2,55,91,141,#375B8D
418,54,22,43,Inverness-shire,-2.65,0.2828,5.2,55,91,141,#375B8D
419,54,23,43,Inverness-shire,-2.65,0.2828,5.2,55,91,141,#375B8D
420,54,27,70,Ross-shire,-2.23,0.3147,9.4,51,99,141,#33638D
421,54,28,70,Ross-shire,-2.74,0.2759,4.3,56,89,140,#38598C
422,54,29,70,Ross-shire,,,,,,,
423,54,30,70,Ross-shire,-2.65,0.2828,5.2,55,91,141,#375B8D
424,54,31,70,Ross-shire,-2.23,0.3147,9.4,51,99,141,#33638D
425,54,32,70,Ross-shire,-3.02,0.2547,1.6,58,83,139,#3A538B
426,54,33,43,Inverness-shire,-2.79,0.2721,3.8,56,88,140,#38588C
427,54,34,43,Inverness-shire,-2.47,0.2964,7.0,53,94,141,#355E8D
428,54,35,43,Inverness-shire,-2.84,0.2683,3.4,57,86,140,#39568C
429,54,36,43,Inverness-shire,-2.23,0.3147,9.4,51,99,141,#33638D
430,54,37,43,Inverness-shire,-2.6,0.2866,5.7,54,92,141,#365C8D
431,54,38,43,Inverness-shire,-2.23,0.3147,9.4,51,99,141,#33638D
432,54,39,43,Inverness-shire,-2.74,0.2759,4.3,56,89,140,#38598C
433,54,40,43,Inverness-shire,-2.84,0.2683,3.4,57,86,140,#39568C
434,54,41,43,Inverness-shire,-2.79,0.2721,3.8,56,88,140,#38588C
435,54,42,43,Inverness-shire,-3.02,0.2547,1.6,58,83,139,#3A538B
436,54,43,59,Nairnshire,-2.79,0.2721,3.8,56,88,140,#38588C
437,54,44,59,Nairnshire,-2.79,0.2721,3.8,56,88,140,#38588C
438,54,45,58,Morayshire,-3.02,0.2547,1.6,58,83,139,#3A538B
439,54,46,58,Morayshire,-3.02,0.2547,1.6,58,83,139,#3A538B
440,54,47,58,Morayshire,-3.02,0.2547,1.6,58,83,139,#3A538B
441,54,48,7,Banffshire,-2.51,0.2934,6.6,53,94,141,#355E8D
442,54,49,7,Banffshire,-3.4,0.2258,0.0,62,74,137,#3E4A89
443,54,50,7,Banffshire,-3.16,0.2440,0.2,60,80,139,#3C508B
444,54,51,7,Banffshire,-3.53,0.2159,0.0,63,72,137,#3F4889
445,54,52,0,Aberdeenshire,-3.58,0.2121,0.0,63,71,136,#3F4788
446,54,53,0,Aberdeenshire,-4.23,0.1627,0.0,69,56,130,#453882
447,54,54,0,Aberdeenshire,-3.16,0.2440,0.2,60,80,139,#3C508B
448,54,55,0,Aberdeenshire,-3.3,0.2334,0.0,61,77,138,#3D4D8A
449,54,56,0,Aberdeenshire,-3.3,0.2334,0.0,61,77,138,#3D4D8A
450,54,57,0,Aberdeenshire,-3.49,0.2190,0.0,62,73,137,#3E4989
451,54,58,0,Aberdeenshire,-3.49,0.2190,0.0,62,73,137,#3E4989
452,54,59,0,Aberdeenshire,-2.79,0.2721,3.8,56,88,140,#38588C
453,54,60,0,Aberdeenshire,-1.67,0.3572,14.9,46,110,142,#2E6E8E
454,55,13,43,Inverness-shire,,,,,,,
455,55,21,43,Inverness-shire,-2.65,0.2828,5.2,55,91,141,#375B8D
456,55,22,43,Inverness-shire,-2.65,0.2828,5.2,55,91,141,#375B8D
457,55,23,43,Inverness-shire,-2.65,0.2828,5.2,55,91,141,#375B8D
458,55,24,43,Inverness-shire,,,,,,,
459,55,28,70,Ross-shire,-2.65,0.2828,5.2,55,91,141,#375B8D
460,55,29,70,Ross-shire,-2.65,0.2828,5.2,55,91,141,#375B8D
461,55,30,70,Ross-shire,-2.65,0.2828,5.2,55,91,141,#375B8D
462,55,31,70,Ross-shire,-2.65,0.2828,5.2,55,91,141,#375B8D
463,55,32,70,Ross-shire,-2.23,0.3147,9.4,51,99,141,#33638D
464,55,33,43,Inverness-shire,-2.51,0.2934,6.6,53,94,141,#355E8D
465,55,34,43,Inverness-shire,-2.74,0.2759,4.3,56,89,140,#38598C
466,55,35,43,Inverness-shire,-2.37,0.3040,8.0,52,96,141,#34608D
467,55,36,43,Inverness-shire,-2.47,0.2964,7.0,53,94,141,#355E8D
468,55,37,43,Inverness-shire,-2.47,0.2964,7.0,53,94,141,#355E8D
469,55,38,43,Inverness-shire,-3.35,0.2296,0.0,62,76,138,#3E4C8A
470,55,39,43,Inverness-shire,-2.74,0.2759,4.3,56,89,140,#38598C
471,55,40,43,Inverness-shire,-2.65,0.2828,5.2,55,91,141,#375B8D
472,55,41,43,Inverness-shire,-2.47,0.2964,7.0,53,94,141,#355E8D
473,55,42,43,Inverness-shire,-2.79,0.2721,3.8,56,88,140,#38588C
474,55,43,43,Inverness-shire,-2.79,0.2721,3.8,56,88,140,#38588C
475,55,44,43,Inverness-shire,-2.47,0.2964,7.0,53,94,141,#355E8D
476,55,45,58,Morayshire,-2.98,0.2577,2.0,58,83,139,#3A538B
477,55,46,58,Morayshire,-2.84,0.2683,3.4,57,86,140,#39568C
478,55,47,7,Banffshire,-3.4,0.2258,0.0,62,74,137,#3E4A89
479,55,48,7,Banffshire,-3.21,0.2402,0.0,60,79,138,#3C4F8A
480,55,49,7,Banffshire,-3.21,0.2402,0.0,60,79,138,#3C4F8A
481,55,50,0,Aberdeenshire,-3.3,0.2334,0.0,61,77,138,#3D4D8A
482,55,51,0,Aberdeenshire,-3.53,0.2159,0.0,63,72,137,#3F4889
483,55,52,0,Aberdeenshire,-3.77,0.1977,0.0,65,66,135,#414287
484,55,53,0,Aberdeenshire,-3.91,0.1870,0.0,66,63,133,#423F85
485,55,54,0,Aberdeenshire,-3.91,0.1870,0.0,66,63,133,#423F85
486,55,55,0,Aberdeenshire,-3.16,0.2440,0.2,60,80,139,#3C508B
487,55,56,0,Aberdeenshire,-3.3,0.2334,0.0,61,77,138,#3D4D8A
488,55,57,0,Aberdeenshire,-3.49,0.2190,0.0,62,73,137,#3E4989
489,55,58,0,Aberdeenshire,-3.49,0.2190,0.0,62,73,137,#3E4989
490,55,59,0,Aberdeenshire,-3.49,0.2190,0.0,62,73,137,#3E4989
491,56,13,43,Inverness-shire,,,,,,,
492,56,21,43,Inverness-shire,-2.65,0.2828,5.2,55,91,141,#375B8D
493,56,22,43,Inverness-shire,-2.65,0.2828,5.2,55,91,141,#375B8D
494,56,23,43,Inverness-shire,-2.65,0.2828,5.2,55,91,141,#375B8D
495,56,24,43,Inverness-shire,-2.65,0.2828,5.2,55,91,141,#375B8D
496,56,25,43,Inverness-shire,-2.65,0.2828,5.2,55,91,141,#375B8D
497,56,27,43,Inverness-shire,-2.65,0.2828,5.2,55,91,141,#375B8D
498,56,28,70,Ross-shire,-2.65,0.2828,5.2,55,91,141,#375B8D
499,56,29,70,Ross-shire,-2.65,0.2828,5.2,55,91,141,#375B8D
500,56,30,70,Ross-shire,-2.65,0.2828,5.2,55,91,141,#375B8D
501,56,31,70,Ross-shire,-2.23,0.3147,9.4,51,99,141,#33638D
502,56,32,43,Inverness-shire,-2.51,0.2934,6.6,53,94,141,#355E8D
503,56,33,43,Inverness-shire,-2.88,0.2653,3.0,57,85,140,#39558C
504,56,34,43,Inverness-shire,-2.84,0.2683,3.4,57,86,140,#39568C
505,56,35,43,Inverness-shire,-2.37,0.3040,8.0,52,96,141,#34608D
506,56,36,43,Inverness-shire,-2.37,0.3040,8.0,52,96,141,#34608D
507,56,37,43,Inverness-shire,-2.47,0.2964,7.0,53,94,141,#355E8D
508,56,38,43,Inverness-shire,-2.47,0.2964,7.0,53,94,141,#355E8D
509,56,39,43,Inverness-shire,-2.74,0.2759,4.3,56,89,140,#38598C
510,56,40,43,Inverness-shire,-2.79,0.2721,3.8,56,88,140,#38588C
511,56,41,43,Inverness-shire,-3.02,0.2547,1.6,58,83,139,#3A538B
512,56,42,43,Inverness-shire,-2.79,0.2721,3.8,56,88,140,#38588C
513,56,43,43,Inverness-shire,-2.88,0.2653,3.0,57,85,140,#39558C
514,56,44,43,Inverness-shire,-2.84,0.2683,3.4,57,86,140,#39568C
515,56,45,43,Inverness-shire,-2.98,0.2577,2.0,58,83,139,#3A538B
516,56,46,43,Inverness-shire,-3.16,0.2440,0.2,60,80,139,#3C508B
517,56,47,7,Banffshire,-3.58,0.2121,0.0,63,71,136,#3F4788
518,56,48,7,Banffshire,-3.21,0.2402,0.0,60,79,138,#3C4F8A
519,56,49,0,Aberdeenshire,-3.21,0.2402,0.0,60,79,138,#3C4F8A
520,56,50,0,Aberdeenshire,-3.49,0.2190,0.0,62,73,137,#3E4989
521,56,51,0,Aberdeenshire,-3.53,0.2159,0.0,63,72,137,#3F4889
522,56,52,0,Aberdeenshire,-3.63,0.2083,0.0,64,70,136,#404688
523,56,53,0,Aberdeenshire,-3.58,0.2121,0.0,63,71,136,#3F4788
524,56,54,0,Aberdeenshire,-3.72,0.2015,0.0,65,68,135,#414487
525,56,55,0,Aberdeenshire,-3.67,0.2053,0.0,64,69,136,#404588
526,56,56,0,Aberdeenshire,-3.49,0.2190,0.0,62,73,137,#3E4989
527,56,57,0,Aberdeenshire,-3.49,0.2190,0.0,62,73,137,#3E4989
528,56,58,0,Aberdeenshire,-3.58,0.2121,0.0,63,71,136,#3F4788
529,57,13,43,Inverness-shire,,,,,,,
530,57,22,43,Inverness-shire,,,,,,,
531,57,23,43,Inverness-shire,-2.65,0.2828,5.2,55,91,141,#375B8D
532,57,24,43,Inverness-shire,-2.65,0.2828,5.2,55,91,141,#375B8D
533,57,25,43,Inverness-shire,-2.65,0.2828,5.2,55,91,141,#375B8D
534,57,26,43,Inverness-shire,-2.65,0.2828,5.2,55,91,141,#375B8D
535,57,27,43,Inverness-shire,-2.65,0.2828,5.2,55,91,141,#375B8D
536,57,28,43,Inverness-shire,-2.65,0.2828,5.2,55,91,141,#375B8D
537,57,29,43,Inverness-shire,-2.65,0.2828,5.2,55,91,141,#375B8D
538,57,30,70,Ross-shire,-2.23,0.3147,9.4,51,99,141,#33638D
539,57,31,70,Ross-shire,-2.23,0.3147,9.4,51,99,141,#33638D
540,57,32,43,Inverness-shire,-2.23,0.3147,9.4,51,99,141,#33638D
541,57,33,43,Inverness-shire,-2.51,0.2934,6.6,53,94,141,#355E8D
542,57,34,43,Inverness-shire,-2.88,0.2653,3.0,57,85,140,#39558C
543,57,35,43,Inverness-shire,-2.23,0.3147,9.4,51,99,141,#33638D
544,57,36,43,Inverness-shire,-2.23,0.3147,9.4,51,99,141,#33638D
545,57,37,43,Inverness-shire,-1.86,0.3428,13.1,48,106,142,#306A8E
546,57,38,43,Inverness-shire,-2.19,0.3177,9.8,50,100,142,#32648E
547,57,39,43,Inverness-shire,-3.02,0.2547,1.6,58,83,139,#3A538B
548,57,40,43,Inverness-shire,-2.88,0.2653,3.0,57,85,140,#39558C
549,57,41,43,Inverness-shire,-2.51,0.2934,6.6,53,94,141,#355E8D
550,57,42,43,Inverness-shire,-2.51,0.2934,6.6,53,94,141,#355E8D
551,57,43,43,Inverness-shire,-2.65,0.2828,5.2,55,91,141,#375B8D
552,57,44,43,Inverness-shire,-3.02,0.2547,1.6,58,83,139,#3A538B
553,57,45,43,Inverness-shire,-3.02,0.2547,1.6,58,83,139,#3A538B
554,57,46,43,Inverness-shire,-3.16,0.2440,0.2,60,80,139,#3C508B
555,57,47,7,Banffshire,-3.21,0.2402,0.0,60,79,138,#3C4F8A
556,57,48,7,Banffshire,-3.21,0.2402,0.0,60,79,138,#3C4F8A
557,57,49,0,Aberdeenshire,-3.21,0.2402,0.0,60,79,138,#3C4F8A
558,57,50,0,Aberdeenshire,-3.21,0.2402,0.0,60,79,138,#3C4F8A
559,57,51,0,Aberdeenshire,-3.72,0.2015,0.0,65,68,135,#414487
560,57,52,0,Aberdeenshire,-3.58,0.2121,0.0,63,71,136,#3F4788
561,57,53,0,Aberdeenshire,-3.72,0.2015,0.0,65,68,135,#414487
562,57,54,0,Aberdeenshire,-3.53,0.2159,0.0,63,72,137,#3F4889
563,57,55,0,Aberdeenshire,-3.91,0.1870,0.0,66,63,133,#423F85
564,57,56,0,Aberdeenshire,-3.49,0.2190,0.0,62,73,137,#3E4989
565,57,57,0,Aberdeenshire,-3.21,0.2402,0.0,60,79,138,#3C4F8A
566,57,58,0,Aberdeenshire,-3.07,0.2509,1.1,59,82,139,#3B528B
567,58,13,43,Inverness-shire,,,,,,,
568,58,25,43,Inverness-shire,-2.65,0.2828,5.2,55,91,141,#375B8D
569,58,26,43,Inverness-shire,-2.65,0.2828,5.2,55,91,141,#375B8D
570,58,28,43,Inverness-shire,,,,,,,
571,58,29,43,Inverness-shire,-2.79,0.2721,3.8,56,88,140,#38588C
572,58,30,43,Inverness-shire,-2.79,0.2721,3.8,56,88,140,#38588C
573,58,31,43,Inverness-shire,-2.79,0.2721,3.8,56,88,140,#38588C
574,58,32,70,Ross-shire,-2.79,0.2721,3.8,56,88,140,#38588C
575,58,33,43,Inverness-shire,-2.79,0.2721,3.8,56,88,140,#38588C
576,58,34,43,Inverness-shire,-2.47,0.2964,7.0,53,94,141,#355E8D
577,58,35,43,Inverness-shire,-2.23,0.3147,9.4,51,99,141,#33638D
578,58,36,43,Inverness-shire,-2.23,0.3147,9.4,51,99,141,#33638D
579,58,37,43,Inverness-shire,-2.84,0.2683,3.4,57,86,140,#39568C
580,58,38,43,Inverness-shire,-2.09,0.3253,10.8,49,102,142,#31668E
581,58,39,43,Inverness-shire,-2.09,0.3253,10.8,49,102,142,#31668E
582,58,40,43,Inverness-shire,-2.79,0.2721,3.8,56,88,140,#38588C
583,58,41,43,Inverness-shire,-2.65,0.2828,5.2,55,91,141,#375B8D
584,58,42,43,Inverness-shire,-2.65,0.2828,5.2,55,91,141,#375B8D
585,58,43,43,Inverness-shire,-2.74,0.2759,4.3,56,89,140,#38598C
586,58,44,43,Inverness-shire,-2.79,0.2721,3.8,56,88,140,#38588C
587,58,45,43,Inverness-shire,-2.98,0.2577,2.0,58,83,139,#3A538B
588,58,46,7,Banffshire,-3.16,0.2440,0.2,60,80,139,#3C508B
589,58,47,7,Banffshire,-3.16,0.2440,0.2,60,80,139,#3C508B
590,58,48,0,Aberdeenshire,-3.35,0.2296,0.0,62,76,138,#3E4C8A
591,58,49,0,Aberdeenshire,-3.16,0.2440,0.2,60,80,139,#3C508B
592,58,50,0,Aberdeenshire,-3.49,0.2190,0.0,62,73,137,#3E4989
593,58,51,0,Aberdeenshire,-3.58,0.2121,0.0,63,71,136,#3F4788
594,58,52,0,Aberdeenshire,-3.58,0.2121,0.0,63,71,136,#3F4788
595,58,53,0,Aberdeenshire,-3.95,0.1840,0.0,66,63,133,#423F85
596,58,54,0,Aberdeenshire,-3.67,0.2053,0.0,64,69,136,#404588
597,58,55,0,Aberdeenshire,-3.53,0.2159,0.0,63,72,137,#3F4889
598,58,56,0,Aberdeenshire,-3.95,0.1840,0.0,66,63,133,#423F85
599,58,57,0,Aberdeenshire,-3.95,0.1840,0.0,66,63,133,#423F85
600,58,58,0,Aberdeenshire,-3.3,0.2334,0.0,61,77,138,#3D4D8A
601,59,25,43,Inverness-shire,-2.65,0.2828,5.2,55,91,141,#375B8D
602,59,27,43,Inverness-shire,-2.74,0.2759,4.3,56,89,140,#38598C
603,59,28,43,Inverness-shire,-2.79,0.2721,3.8,56,88,140,#38588C
604,59,29,43,Inverness-shire,-2.79,0.2721,3.8,56,88,140,#38588C
605,59,30,43,Inverness-shire,-2.79,0.2721,3.8,56,88,140,#38588C
606,59,31,43,Inverness-shire,-2.79,0.2721,3.8,56,88,140,#38588C
607,59,32,43,Inverness-shire,-2.79,0.2721,3.8,56,88,140,#38588C
608,59,33,43,Inverness-shire,-2.51,0.2934,6.6,53,94,141,#355E8D
609,59,34,43,Inverness-shire,-2.23,0.3147,9.4,51,99,141,#33638D
610,59,35,43,Inverness-shire,-2.47,0.2964,7.0,53,94,141,#355E8D
611,59,36,43,Inverness-shire,-2.42,0.3002,7.5,53,95,141,#355F8D
612,59,37,43,Inverness-shire,-2.84,0.2683,3.4,57,86,140,#39568C
613,59,38,43,Inverness-shire,-2.09,0.3253,10.8,49,102,142,#31668E
614,59,39,43,Inverness-shire,-1.86,0.3428,13.1,48,106,142,#306A8E
615,59,40,43,Inverness-shire,-2.65,0.2828,5.2,55,91,141,#375B8D
616,59,41,43,Inverness-shire,-2.23,0.3147,9.4,51,99,141,#33638D
617,59,42,43,Inverness-shire,-2.19,0.3177,9.8,50,100,142,#32648E
618,59,43,43,Inverness-shire,-2.65,0.2828,5.2,55,91,141,#375B8D
619,59,44,43,Inverness-shire,-1.86,0.3428,13.1,48,106,142,#306A8E
620,59,45,0,Aberdeenshire,-2.98,0.2577,2.0,58,83,139,#3A538B
621,59,46,0,Aberdeenshire,-3.4,0.2258,0.0,62,74,137,#3E4A89
622,59,47,0,Aberdeenshire,-3.16,0.2440,0.2,60,80,139,#3C508B
623,59,48,0,Aberdeenshire,-3.16,0.2440,0.2,60,80,139,#3C508B
624,59,49,0,Aberdeenshire,-3.16,0.2440,0.2,60,80,139,#3C508B
625,59,50,0,Aberdeenshire,-3.16,0.2440,0.2,60,80,139,#3C508B
626,59,51,0,Aberdeenshire,-3.53,0.2159,0.0,63,72,137,#3F4889
627,59,52,0,Aberdeenshire,-3.58,0.2121,0.0,63,71,136,#3F4788
628,59,53,0,Aberdeenshire,-4.09,0.1734,0.0,68,59,132,#443B84
629,59,54,0,Aberdeenshire,-3.67,0.2053,0.0,64,69,136,#404588
630,59,55,45,Kincardineshire,-4.37,0.1521,0.0,70,52,128,#463480
631,59,56,45,Kincardineshire,-3.91,0.1870,0.0,66,63,133,#423F85
632,59,57,45,Kincardineshire,-3.95,0.1840,0.0,66,63,133,#423F85
633,59,58,45,Kincardineshire,-3.63,0.2083,0.0,64,70,136,#404688
634,60,12,43,Inverness-shire,,,,,,,
635,60,22,4,Argyllshire,,,,,,,
636,60,27,43,Inverness-shire,-2.74,0.2759,4.3,56,89,140,#38598C
637,60,28,43,Inverness-shire,-2.74,0.2759,4.3,56,89,140,#38598C
638,60,29,43,Inverness-shire,-2.79,0.2721,3.8,56,88,140,#38588C
639,60,30,43,Inverness-shire,-2.79,0.2721,3.8,56,88,140,#38588C
640,60,31,43,Inverness-shire,-2.79,0.2721,3.8,56,88,140,#38588C
641,60,32,43,Inverness-shire,-2.79,0.2721,3.8,56,88,140,#38588C
642,60,33,43,Inverness-shire,-2.51,0.2934,6.6,53,94,141,#355E8D
643,60,34,43,Inverness-shire,-2.51,0.2934,6.6,53,94,141,#355E8D
644,60,35,43,Inverness-shire,-2.47,0.2964,7.0,53,94,141,#355E8D
645,60,36,43,Inverness-shire,-2.51,0.2934,6.6,53,94,141,#355E8D
646,60,37,43,Inverness-shire,-2.0,0.3322,11.7,49,104,142,#31688E
647,60,38,43,Inverness-shire,-2.09,0.3253,10.8,49,102,142,#31668E
648,60,39,43,Inverness-shire,-2.09,0.3253,10.8,49,102,142,#31668E
649,60,40,43,Inverness-shire,-1.86,0.3428,13.1,48,106,142,#306A8E
650,60,41,43,Inverness-shire,-2.65,0.2828,5.2,55,91,141,#375B8D
651,60,42,43,Inverness-shire,-2.09,0.3253,10.8,49,102,142,#31668E
652,60,43,43,Inverness-shire,-2.47,0.2964,7.0,53,94,141,#355E8D
653,60,44,0,Aberdeenshire,-2.42,0.3002,7.5,53,95,141,#355F8D
654,60,45,0,Aberdeenshire,-3.02,0.2547,1.6,58,83,139,#3A538B
655,60,46,0,Aberdeenshire,-3.21,0.2402,0.0,60,79,138,#3C4F8A
656,60,47,0,Aberdeenshire,-3.35,0.2296,0.0,62,76,138,#3E4C8A
657,60,48,0,Aberdeenshire,-3.35,0.2296,0.0,62,76,138,#3E4C8A
658,60,49,0,Aberdeenshire,-3.49,0.2190,0.0,62,73,137,#3E4989
659,60,50,0,Aberdeenshire,-3.07,0.2509,1.1,59,82,139,#3B528B
660,60,51,0,Aberdeenshire,-3.4,0.2258,0.0,62,74,137,#3E4A89
661,60,52,0,Aberdeenshire,-3.91,0.1870,0.0,66,63,133,#423F85
662,60,53,0,Aberdeenshire,-3.91,0.1870,0.0,66,63,133,#423F85
663,60,54,45,Kincardineshire,-3.95,0.1840,0.0,66,63,133,#423F85
664,60,55,45,Kincardineshire,-3.95,0.1840,0.0,66,63,133,#423F85
665,60,56,45,Kincardineshire,-4.09,0.1734,0.0,68,59,132,#443B84
666,60,57,45,Kincardineshire,-3.67,0.2053,0.0,64,69,136,#404588
667,61,26,43,Inverness-shire,-2.84,0.2683,3.4,57,86,140,#39568C
668,61,27,43,Inverness-shire,-2.74,0.2759,4.3,56,89,140,#38598C
669,61,28,43,Inverness-shire,-2.74,0.2759,4.3,56,89,140,#38598C
670,61,29,43,Inverness-shire,-2.74,0.2759,4.3,56,89,140,#38598C
671,61,30,43,Inverness-shire,-2.51,0.2934,6.6,53,94,141,#355E8D
672,61,31,43,Inverness-shire,-2.51,0.2934,6.6,53,94,141,#355E8D
673,61,32,43,Inverness-shire,-2.65,0.2828,5.2,55,91,141,#375B8D
674,61,33,43,Inverness-shire,-2.47,0.2964,7.0,53,94,141,#355E8D
675,61,34,43,Inverness-shire,-2.74,0.2759,4.3,56,89,140,#38598C
676,61,35,43,Inverness-shire,-2.74,0.2759,4.3,56,89,140,#38598C
677,61,36,43,Inverness-shire,-1.86,0.3428,13.1,48,106,142,#306A8E
678,61,37,43,Inverness-shire,-2.19,0.3177,9.8,50,100,142,#32648E
679,61,38,43,Inverness-shire,-1.86,0.3428,13.1,48,106,142,#306A8E
680,61,39,43,Inverness-shire,-2.51,0.2934,6.6,53,94,141,#355E8D
681,61,40,43,Inverness-shire,-2.65,0.2828,5.2,55,91,141,#375B8D
682,61,41,43,Inverness-shire,-2.09,0.3253,10.8,49,102,142,#31668E
683,61,42,43,Inverness-shire,-2.09,0.3253,10.8,49,102,142,#31668E
684,61,43,43,Inverness-shire,-1.86,0.3428,13.1,48,106,142,#306A8E
685,61,44,0,Aberdeenshire,-1.86,0.3428,13.1,48,106,142,#306A8E
686,61,45,0,Aberdeenshire,-2.47,0.2964,7.0,53,94,141,#355E8D
687,61,46,0,Aberdeenshire,-2.98,0.2577,2.0,58,83,139,#3A538B
688,61,47,0,Aberdeenshire,-3.21,0.2402,0.0,60,79,138,#3C4F8A
689,61,48,0,Aberdeenshire,-3.21,0.2402,0.0,60,79,138,#3C4F8A
690,61,49,0,Aberdeenshire,-3.21,0.2402,0.0,60,79,138,#3C4F8A
691,61,50,2,Angus,-3.35,0.2296,0.0,62,76,138,#3E4C8A
692,61,51,2,Angus,-3.91,0.1870,0.0,66,63,133,#423F85
693,61,52,2,Angus,-3.16,0.2440,0.2,60,80,139,#3C508B
694,61,53,45,Kincardineshire,-2.98,0.2577,2.0,58,83,139,#3A538B
695,61,54,45,Kincardineshire,-3.16,0.2440,0.2,60,80,139,#3C508B
696,61,55,45,Kincardineshire,-3.91,0.1870,0.0,66,63,133,#423F85
697,61,56,45,Kincardineshire,-4.05,0.1764,0.0,67,61,132,#433D84
698,61,57,45,Kincardineshire,-3.91,0.1870,0.0,66,63,133,#423F85
699,62,27,43,Inverness-shire,-3.58,0.2121,0.0,63,71,136,#3F4788
700,62,28,43,Inverness-shire,-2.74,0.2759,4.3,56,89,140,#38598C
701,62,29,43,Inverness-shire,-2.74,0.2759,4.3,56,89,140,#38598C
702,62,30,4,Argyllshire,-2.74,0.2759,4.3,56,89,140,#38598C
703,62,31,4,Argyllshire,-2.51,0.2934,6.6,53,94,141,#355E8D
704,62,32,4,Argyllshire,-2.23,0.3147,9.4,51,99,141,#33638D
705,62,33,43,Inverness-shire,-2.47,0.2964,7.0,53,94,141,#355E8D
706,62,34,43,Inverness-shire,-3.02,0.2547,1.6,58,83,139,#3A538B
707,62,35,43,Inverness-shire,-2.23,0.3147,9.4,51,99,141,#33638D
708,62,36,43,Inverness-shire,-1.86,0.3428,13.1,48,106,142,#306A8E
709,62,37,43,Inverness-shire,-2.09,0.3253,10.8,49,102,142,#31668E
710,62,38,43,Inverness-shire,-2.19,0.3177,9.8,50,100,142,#32648E
711,62,39,43,Inverness-shire,-2.65,0.2828,5.2,55,91,141,#375B8D
712,62,40,43,Inverness-shire,-2.47,0.2964,7.0,53,94,141,#355E8D
713,62,41,67,Perthshire,-1.86,0.3428,13.1,48,106,142,#306A8E
714,62,42,67,Perthshire,-1.86,0.3428,13.1,48,106,142,#306A8E
715,62,43,67,Perthshire,-2.42,0.3002,7.5,53,95,141,#355F8D
716,62,44,67,Perthshire,-1.86,0.3428,13.1,48,106,142,#306A8E
717,62,45,67,Perthshire,-2.42,0.3002,7.5,53,95,141,#355F8D
718,62,46,67,Perthshire,-2.98,0.2577,2.0,58,83,139,#3A538B
719,62,47,67,Perthshire,-3.49,0.2190,0.0,62,73,137,#3E4989
720,62,48,2,Angus,-3.91,0.1870,0.0,66,63,133,#423F85
721,62,49,2,Angus,-3.58,0.2121,0.0,63,71,136,#3F4788
722,62,50,2,Angus,-3.4,0.2258,0.0,62,74,137,#3E4A89
723,62,51,2,Angus,-3.95,0.1840,0.0,66,63,133,#423F85
724,62,52,2,Angus,-3.95,0.1840,0.0,66,63,133,#423F85
725,62,53,2,Angus,-2.47,0.2964,7.0,53,94,141,#355E8D
726,62,54,45,Kincardineshire,-4.05,0.1764,0.0,67,61,132,#433D84
727,62,55,45,Kincardineshire,-3.4,0.2258,0.0,62,74,137,#3E4A89
728,62,56,45,Kincardineshire,-3.63,0.2083,0.0,64,70,136,#404688
729,62,57,45,Kincardineshire,,,,,,,
730,63,26,43,Inverness-shire,-2.79,0.2721,3.8,56,88,140,#38588C
731,63,27,43,Inverness-shire,-3.58,0.2121,0.0,63,71,136,#3F4788
732,63,28,43,Inverness-shire,-3.58,0.2121,0.0,63,71,136,#3F4788
733,63,29,4,Argyllshire,-2.74,0.2759,4.3,56,89,140,#38598C
734,63,30,4,Argyllshire,-2.23,0.3147,9.4,51,99,141,#33638D
735,63,31,4,Argyllshire,-2.84,0.2683,3.4,57,86,140,#39568C
736,63,32,4,Argyllshire,-2.23,0.3147,9.4,51,99,141,#33638D
737,63,33,43,Inverness-shire,-2.74,0.2759,4.3,56,89,140,#38598C
738,63,34,43,Inverness-shire,-2.51,0.2934,6.6,53,94,141,#355E8D
739,63,35,43,Inverness-shire,-2.84,0.2683,3.4,57,86,140,#39568C
740,63,36,43,Inverness-shire,-2.0,0.3322,11.7,49,104,142,#31688E
741,63,37,43,Inverness-shire,-2.09,0.3253,10.8,49,102,142,#31668E
742,63,38,43,Inverness-shire,-2.51,0.2934,6.6,53,94,141,#355E8D
743,63,39,67,Perthshire,-2.65,0.2828,5.2,55,91,141,#375B8D
744,63,40,67,Perthshire,-3.02,0.2547,1.6,58,83,139,#3A538B
745,63,41,67,Perthshire,-2.65,0.2828,5.2,55,91,141,#375B8D
746,63,42,67,Perthshire,-2.0,0.3322,11.7,49,104,142,#31688E
747,63,43,67,Perthshire,-2.28,0.3109,8.9,51,98,141,#33628D
748,63,44,67,Perthshire,-2.51,0.2934,6.6,53,94,141,#355E8D
749,63,45,67,Perthshire,-2.28,0.3109,8.9,51,98,141,#33628D
750,63,46,67,Perthshire,-3.58,0.2121,0.0,63,71,136,#3F4788
751,63,47,67,Perthshire,-3.3,0.2334,0.0,61,77,138,#3D4D8A
752,63,48,2,Angus,-3.49,0.2190,0.0,62,73,137,#3E4989
753,63,49,2,Angus,-3.72,0.2015,0.0,65,68,135,#414487
754,63,50,2,Angus,-3.21,0.2402,0.0,60,79,138,#3C4F8A
755,63,51,2,Angus,-3.3,0.2334,0.0,61,77,138,#3D4D8A
756,63,52,2,Angus,-3.95,0.1840,0.0,66,63,133,#423F85
757,63,53,2,Angus,-3.63,0.2083,0.0,64,70,136,#404688
758,63,54,45,Kincardineshire,-3.16,0.2440,0.2,60,80,139,#3C508B
759,63,55,45,Kincardineshire,-3.95,0.1840,0.0,66,63,133,#423F85
760,63,56,45,Kincardineshire,-3.21,0.2402,0.0,60,79,138,#3C4F8A
761,64,23,4,Argyllshire,-3.02,0.2547,1.6,58,83,139,#3A538B
762,64,24,4,Argyllshire,-3.02,0.2547,1.6,58,83,139,#3A538B
763,64,25,4,Argyllshire,-3.02,0.2547,1.6,58,83,139,#3A538B
764,64,26,4,Argyllshire,-2.51,0.2934,6.6,53,94,141,#355E8D
765,64,27,4,Argyllshire,-2.79,0.2721,3.8,56,88,140,#38588C
766,64,28,4,Argyllshire,-3.58,0.2121,0.0,63,71,136,#3F4788
767,64,29,4,Argyllshire,-2.84,0.2683,3.4,57,86,140,#39568C
768,64,30,4,Argyllshire,-2.79,0.2721,3.8,56,88,140,#38588C
769,64,31,4,Argyllshire,,,,,,,
770,64,32,43,Inverness-shire,-2.79,0.2721,3.8,56,88,140,#38588C
771,64,33,43,Inverness-shire,-2.47,0.2964,7.0,53,94,141,#355E8D
772,64,34,43,Inverness-shire,-2.74,0.2759,4.3,56,89,140,#38598C
773,64,35,43,Inverness-shire,-2.47,0.2964,7.0,53,94,141,#355E8D
774,64,36,43,Inverness-shire,-1.86,0.3428,13.1,48,106,142,#306A8E
775,64,37,67,Perthshire,-2.51,0.2934,6.6,53,94,141,#355E8D
776,64,38,67,Perthshire,-2.23,0.3147,9.4,51,99,141,#33638D
777,64,39,67,Perthshire,-3.02,0.2547,1.6,58,83,139,#3A538B
778,64,40,67,Perthshire,-2.51,0.2934,6.6,53,94,141,#355E8D
779,64,41,67,Perthshire,-1.86,0.3428,13.1,48,106,142,#306A8E
780,64,42,67,Perthshire,-2.74,0.2759,4.3,56,89,140,#38598C
781,64,43,67,Perthshire,-2.28,0.3109,8.9,51,98,141,#33628D
782,64,44,67,Perthshire,-2.47,0.2964,7.0,53,94,141,#355E8D
783,64,45,67,Perthshire,-3.53,0.2159,0.0,63,72,137,#3F4889
784,64,46,67,Perthshire,-4.05,0.1764,0.0,67,61,132,#433D84
785,64,47,67,Perthshire,-3.67,0.2053,0.0,64,69,136,#404588
786,64,48,2,Angus,-2.79,0.2721,3.8,56,88,140,#38588C
787,64,49,2,Angus,-3.3,0.2334,0.0,61,77,138,#3D4D8A
788,64,50,2,Angus,-3.63,0.2083,0.0,64,70,136,#404688
789,64,51,2,Angus,-3.91,0.1870,0.0,66,63,133,#423F85
790,64,52,2,Angus,-4.05,0.1764,0.0,67,61,132,#433D84
791,64,53,2,Angus,-3.77,0.1977,0.0,65,66,135,#414287
792,64,54,2,Angus,-3.91,0.1870,0.0,66,63,133,#423F85
793,64,55,2,Angus,-3.3,0.2334,0.0,61,77,138,#3D4D8A
794,65,25,4,Argyllshire,-3.02,0.2547,1.6,58,83,139,#3A538B
795,65,26,4,Argyllshire,-3.02,0.2547,1.6,58,83,139,#3A538B
796,65,27,4,Argyllshire,-2.51,0.2934,6.6,53,94,141,#355E8D
797,65,28,4,Argyllshire,-2.79,0.2721,3.8,56,88,140,#38588C
798,65,29,4,Argyllshire,-2.84,0.2683,3.4,57,86,140,#39568C
799,65,30,4,Argyllshire,,,,,,,
800,65,32,4,Argyllshire,-2.47,0.2964,7.0,53,94,141,#355E8D
801,65,33,4,Argyllshire,-2.47,0.2964,7.0,53,94,141,#355E8D
802,65,34,4,Argyllshire,-2.47,0.2964,7.0,53,94,141,#355E8D
803,65,35,4,Argyllshire,-2.47,0.2964,7.0,53,94,141,#355E8D
804,65,36,4,Argyllshire,-2.51,0.2934,6.6,53,94,141,#355E8D
805,65,37,67,Perthshire,-2.47,0.2964,7.0,53,94,141,#355E8D
806,65,38,67,Perthshire,-2.74,0.2759,4.3,56,89,140,#38598C
807,65,39,67,Perthshire,-2.47,0.2964,7.0,53,94,141,#355E8D
808,65,40,67,Perthshire,-2.51,0.2934,6.6,53,94,141,#355E8D
809,65,41,67,Perthshire,-2.47,0.2964,7.0,53,94,141,#355E8D
810,65,42,67,Perthshire,-2.37,0.3040,8.0,52,96,141,#34608D
811,65,43,67,Perthshire,-2.37,0.3040,8.0,52,96,141,#34608D
812,65,44,67,Perthshire,-2.65,0.2828,5.2,55,91,141,#375B8D
813,65,45,67,Perthshire,-3.35,0.2296,0.0,62,76,138,#3E4C8A
814,65,46,67,Perthshire,-3.67,0.2053,0.0,64,69,136,#404588
815,65,47,67,Perthshire,-3.91,0.1870,0.0,66,63,133,#423F85
816,65,48,67,Perthshire,-3.3,0.2334,0.0,61,77,138,#3D4D8A
817,65,49,2,Angus,-4.47,0.1445,0.0,70,50,126,#46327E
818,65,50,2,Angus,-3.77,0.1977,0.0,65,66,135,#414287
819,65,51,2,Angus,-3.95,0.1840,0.0,66,63,133,#423F85
820,65,52,2,Angus,-3.91,0.1870,0.0,66,63,133,#423F85
821,65,53,2,Angus,-3.77,0.1977,0.0,65,66,135,#414287
822,65,54,2,Angus,-3.4,0.2258,0.0,62,74,137,#3E4A89
823,66,23,4,Argyllshire,-3.02,0.2547,1.6,58,83,139,#3A538B
824,66,24,4,Argyllshire,-3.02,0.2547,1.6,58,83,139,#3A538B
825,66,25,4,Argyllshire,-3.02,0.2547,1.6,58,83,139,#3A538B
826,66,26,4,Argyllshire,-3.02,0.2547,1.6,58,83,139,#3A538B
827,66,27,4,Argyllshire,-3.02,0.2547,1.6,58,83,139,#3A538B
828,66,28,4,Argyllshire,-2.51,0.2934,6.6,53,94,141,#355E8D
829,66,31,4,Argyllshire,-2.79,0.2721,3.8,56,88,140,#38588C
830,66,32,4,Argyllshire,-2.23,0.3147,9.4,51,99,141,#33638D
831,66,33,4,Argyllshire,-2.47,0.2964,7.0,53,94,141,#355E8D
832,66,34,4,Argyllshire,-2.88,0.2653,3.0,57,85,140,#39558C
833,66,35,4,Argyllshire,-2.51,0.2934,6.6,53,94,141,#355E8D
834,66,36,4,Argyllshire,-2.65,0.2828,5.2,55,91,141,#375B8D
835,66,37,67,Perthshire,-2.51,0.2934,6.6,53,94,141,#355E8D
836,66,38,67,Perthshire,-2.47,0.2964,7.0,53,94,141,#355E8D
837,66,39,67,Perthshire,-3.07,0.2509,1.1,59,82,139,#3B528B
838,66,40,67,Perthshire,-2.23,0.3147,9.4,51,99,141,#33638D
839,66,41,67,Perthshire,-3.02,0.2547,1.6,58,83,139,#3A538B
840,66,42,67,Perthshire,-2.74,0.2759,4.3,56,89,140,#38598C
841,66,43,67,Perthshire,-3.4,0.2258,0.0,62,74,137,#3E4A89
842,66,44,67,Perthshire,-3.02,0.2547,1.6,58,83,139,#3A538B
843,66,45,67,Perthshire,-3.58,0.2121,0.0,63,71,136,#3F4788
844,66,46,67,Perthshire,-3.4,0.2258,0.0,62,74,137,#3E4A89
845,66,47,67,Perthshire,-3.53,0.2159,0.0,63,72,137,#3F4889
846,66,48,67,Perthshire,-3.77,0.1977,0.0,65,66,135,#414287
847,66,49,67,Perthshire,-3.3,0.2334,0.0,61,77,138,#3D4D8A
848,66,50,2,Angus,-3.91,0.1870,0.0,66,63,133,#423F85
849,66,51,2,Angus,-3.53,0.2159,0.0,63,72,137,#3F4889
850,66,52,2,Angus,-3.16,0.2440,0.2,60,80,139,#3C508B
851,66,53,2,Angus,-3.95,0.1840,0.0,66,63,133,#423F85
852,66,54,2,Angus,-3.4,0.2258,0.0,62,74,137,#3E4A89
853,67,23,4,Argyllshire,-3.02,0.2547,1.6,58,83,139,#3A538B
854,67,24,4,Argyllshire,-3.02,0.2547,1.6,58,83,139,#3A538B
855,67,26,4,Argyllshire,,,,,,,
856,67,27,4,Argyllshire,-2.51,0.2934,6.6,53,94,141,#355E8D
857,67,28,4,Argyllshire,-2.51,0.2934,6.6,53,94,141,#355E8D
858,67,30,4,Argyllshire,-2.74,0.2759,4.3,56,89,140,#38598C
859,67,31,4,Argyllshire,-2.23,0.3147,9.4,51,99,141,#33638D
860,67,32,4,Argyllshire,-2.88,0.2653,3.0,57,85,140,#39558C
861,67,33,4,Argyllshire,-2.23,0.3147,9.4,51,99,141,#33638D
862,67,34,4,Argyllshire,-2.47,0.2964,7.0,53,94,141,#355E8D
863,67,35,4,Argyllshire,-2.88,0.2653,3.0,57,85,140,#39558C
864,67,36,4,Argyllshire,-2.74,0.2759,4.3,56,89,140,#38598C
865,67,37,67,Perthshire,-2.74,0.2759,4.3,56,89,140,#38598C
866,67,38,67,Perthshire,-2.65,0.2828,5.2,55,91,141,#375B8D
867,67,39,67,Perthshire,-2.65,0.2828,5.2,55,91,141,#375B8D
868,67,40,67,Perthshire,-3.02,0.2547,1.6,58,83,139,#3A538B
869,67,41,67,Perthshire,-3.02,0.2547,1.6,58,83,139,#3A538B
870,67,42,67,Perthshire,-3.3,0.2334,0.0,61,77,138,#3D4D8A
871,67,43,67,Perthshire,-3.02,0.2547,1.6,58,83,139,#3A538B
872,67,44,67,Perthshire,-3.02,0.2547,1.6,58,83,139,#3A538B
873,67,45,67,Perthshire,-3.49,0.2190,0.0,62,73,137,#3E4989
874,67,46,67,Perthshire,-3.21,0.2402,0.0,60,79,138,#3C4F8A
875,67,47,67,Perthshire,-3.4,0.2258,0.0,62,74,137,#3E4A89
876,67,48,67,Perthshire,-3.16,0.2440,0.2,60,80,139,#3C508B
877,67,49,2,Angus,-4.05,0.1764,0.0,67,61,132,#433D84
878,67,50,2,Angus,-3.16,0.2440,0.2,60,80,139,#3C508B
879,67,51,2,Angus,-3.58,0.2121,0.0,63,71,136,#3F4788
880,67,52,2,Angus,-3.16,0.2440,0.2,60,80,139,#3C508B
881,67,53,2,Angus,-3.95,0.1840,0.0,66,63,133,#423F85
882,68,17,4,Argyllshire,,,,,,,
883,68,24,4,Argyllshire,-3.02,0.2547,1.6,58,83,139,#3A538B
884,68,25,4,Argyllshire,-3.02,0.2547,1.6,58,83,139,#3A538B
885,68,26,4,Argyllshire,-3.02,0.2547,1.6,58,83,139,#3A538B
886,68,27,4,Argyllshire,-3.02,0.2547,1.6,58,83,139,#3A538B
887,68,30,4,Argyllshire,-3.58,0.2121,0.0,63,71,136,#3F4788
888,68,31,4,Argyllshire,-2.51,0.2934,6.6,53,94,141,#355E8D
889,68,32,4,Argyllshire,-2.23,0.3147,9.4,51,99,141,#33638D
890,68,33,4,Argyllshire,-2.88,0.2653,3.0,57,85,140,#39558C
891,68,34,4,Argyllshire,-2.84,0.2683,3.4,57,86,140,#39568C
892,68,35,4,Argyllshire,-2.74,0.2759,4.3,56,89,140,#38598C
893,68,36,67,Perthshire,-2.79,0.2721,3.8,56,88,140,#38588C
894,68,37,67,Perthshire,-2.51,0.2934,6.6,53,94,141,#355E8D
895,68,38,67,Perthshire,-3.02,0.2547,1.6,58,83,139,#3A538B
896,68,39,67,Perthshire,-3.02,0.2547,1.6,58,83,139,#3A538B
897,68,40,67,Perthshire,-3.58,0.2121,0.0,63,71,136,#3F4788
898,68,41,67,Perthshire,-3.3,0.2334,0.0,61,77,138,#3D4D8A
899,68,42,67,Perthshire,-3.02,0.2547,1.6,58,83,139,#3A538B
900,68,43,67,Perthshire,-2.98,0.2577,2.0,58,83,139,#3A538B
901,68,44,67,Perthshire,-3.07,0.2509,1.1,59,82,139,#3B528B
902,68,45,67,Perthshire,-3.49,0.2190,0.0,62,73,137,#3E4989
903,68,46,67,Perthshire,-3.16,0.2440,0.2,60,80,139,#3C508B
904,68,47,67,Perthshire,-3.21,0.2402,0.0,60,79,138,#3C4F8A
905,68,48,67,Perthshire,-3.53,0.2159,0.0,63,72,137,#3F4889
906,68,49,67,Perthshire,-3.53,0.2159,0.0,63,72,137,#3F4889
907,68,50,2,Angus,-3.3,0.2334,0.0,61,77,138,#3D4D8A
908,68,51,2,Angus,,,,,,,
909,68,52,2,Angus,,,,,,,
910,69,24,4,Argyllshire,-3.02,0.2547,1.6,58,83,139,#3A538B
911,69,25,4,Argyllshire,-3.02,0.2547,1.6,58,83,139,#3A538B
912,69,26,4,Argyllshire,-3.02,0.2547,1.6,58,83,139,#3A538B
913,69,27,4,Argyllshire,-3.02,0.2547,1.6,58,83,139,#3A538B
914,69,29,4,Argyllshire,-2.23,0.3147,9.4,51,99,141,#33638D
915,69,30,4,Argyllshire,-2.23,0.3147,9.4,51,99,141,#33638D
916,69,31,4,Argyllshire,-3.58,0.2121,0.0,63,71,136,#3F4788
917,69,32,4,Argyllshire,-2.51,0.2934,6.6,53,94,141,#355E8D
918,69,33,4,Argyllshire,-2.51,0.2934,6.6,53,94,141,#355E8D
919,69,34,4,Argyllshire,-2.84,0.2683,3.4,57,86,140,#39568C
920,69,35,67,Perthshire,-2.79,0.2721,3.8,56,88,140,#38588C
921,69,36,67,Perthshire,-2.23,0.3147,9.4,51,99,141,#33638D
922,69,37,67,Perthshire,-2.79,0.2721,3.8,56,88,140,#38588C
923,69,38,67,Perthshire,-3.02,0.2547,1.6,58,83,139,#3A538B
924,69,39,67,Perthshire,-3.07,0.2509,1.1,59,82,139,#3B528B
925,69,40,67,Perthshire,-2.79,0.2721,3.8,56,88,140,#38588C
926,69,41,67,Perthshire,-3.02,0.2547,1.6,58,83,139,#3A538B
927,69,42,67,Perthshire,-2.98,0.2577,2.0,58,83,139,#3A538B
928,69,43,67,Perthshire,-2.47,0.2964,7.0,53,94,141,#355E8D
929,69,44,67,Perthshire,-2.23,0.3147,9.4,51,99,141,#33638D
930,69,45,67,Perthshire,-3.58,0.2121,0.0,63,71,136,#3F4788
931,69,46,67,Perthshire,-3.53,0.2159,0.0,63,72,137,#3F4889
932,69,47,67,Perthshire,-3.16,0.2440,0.2,60,80,139,#3C508B
933,69,48,67,Perthshire,-3.67,0.2053,0.0,64,69,136,#404588
934,69,49,67,Perthshire,,,,,,,
935,69,51,35,Fife,-3.95,0.1840,0.0,66,63,133,#423F85
936,69,52,35,Fife,-4.09,0.1734,0.0,68,59,132,#443B84
937,70,23,4,Argyllshire,-3.02,0.2547,1.6,58,83,139,#3A538B
938,70,24,4,Argyllshire,-3.02,0.2547,1.6,58,83,139,#3A538B
939,70,25,4,Argyllshire,-3.02,0.2547,1.6,58,83,139,#3A538B
940,70,26,4,Argyllshire,-3.02,0.2547,1.6,58,83,139,#3A538B
941,70,29,4,Argyllshire,-2.23,0.3147,9.4,51,99,141,#33638D
942,70,30,4,Argyllshire,-2.23,0.3147,9.4,51,99,141,#33638D
943,70,31,4,Argyllshire,-2.23,0.3147,9.4,51,99,141,#33638D
944,70,32,4,Argyllshire,-2.65,0.2828,5.2,55,91,141,#375B8D
945,70,33,4,Argyllshire,-2.51,0.2934,6.6,53,94,141,#355E8D
946,70,34,4,Argyllshire,-2.51,0.2934,6.6,53,94,141,#355E8D
947,70,35,4,Argyllshire,-2.79,0.2721,3.8,56,88,140,#38588C
948,70,36,67,Perthshire,-2.47,0.2964,7.0,53,94,141,#355E8D
949,70,37,67,Perthshire,-2.98,0.2577,2.0,58,83,139,#3A538B
950,70,38,67,Perthshire,-3.02,0.2547,1.6,58,83,139,#3A538B
951,70,39,67,Perthshire,-2.88,0.2653,3.0,57,85,140,#39558C
952,70,40,67,Perthshire,-2.65,0.2828,5.2,55,91,141,#375B8D
953,70,41,67,Perthshire,-2.79,0.2721,3.8,56,88,140,#38588C
954,70,42,67,Perthshire,-2.47,0.2964,7.0,53,94,141,#355E8D
955,70,43,67,Perthshire,-2.51,0.2934,6.6,53,94,141,#355E8D
956,70,44,67,Perthshire,-2.51,0.2934,6.6,53,94,141,#355E8D
957,70,45,67,Perthshire,-3.21,0.2402,0.0,60,79,138,#3C4F8A
958,70,46,67,Perthshire,-3.16,0.2440,0.2,60,80,139,#3C508B
959,70,47,67,Perthshire,-3.4,0.2258,0.0,62,74,137,#3E4A89
960,70,48,67,Perthshire,-3.63,0.2083,0.0,64,70,136,#404688
961,70,49,35,Fife,-3.58,0.2121,0.0,63,71,136,#3F4788
962,70,50,35,Fife,-3.16,0.2440,0.2,60,80,139,#3C508B
963,70,51,35,Fife,-3.95,0.1840,0.0,66,63,133,#423F85
964,70,52,35,Fife,-3.91,0.1870,0.0,66,63,133,#423F85
965,71,29,4,Argyllshire,-2.23,0.3147,9.4,51,99,141,#33638D
966,71,30,4,Argyllshire,-2.23,0.3147,9.4,51,99,141,#33638D
967,71,31,4,Argyllshire,-3.07,0.2509,1.1,59,82,139,#3B528B
968,71,32,4,Argyllshire,-3.07,0.2509,1.1,59,82,139,#3B528B
969,71,33,4,Argyllshire,-2.65,0.2828,5.2,55,91,141,#375B8D
970,71,34,4,Argyllshire,-2.79,0.2721,3.8,56,88,140,#38588C
971,71,35,30,Dunbartonshire,-2.79,0.2721,3.8,56,88,140,#38588C
972,71,36,78,Stirlingshire,-2.79,0.2721,3.8,56,88,140,#38588C
973,71,37,67,Perthshire,-2.79,0.2721,3.8,56,88,140,#38588C
974,71,38,67,Perthshire,-3.02,0.2547,1.6,58,83,139,#3A538B
975,71,39,67,Perthshire,-3.02,0.2547,1.6,58,83,139,#3A538B
976,71,40,67,Perthshire,-2.51,0.2934,6.6,53,94,141,#355E8D
977,71,41,67,Perthshire,-2.65,0.2828,5.2,55,91,141,#375B8D
978,71,42,67,Perthshire,-2.51,0.2934,6.6,53,94,141,#355E8D
979,71,43,67,Perthshire,-2.65,0.2828,5.2,55,91,141,#375B8D
980,71,44,67,Perthshire,-2.98,0.2577,2.0,58,83,139,#3A538B
981,71,45,67,Perthshire,-3.16,0.2440,0.2,60,80,139,#3C508B
982,71,46,67,Perthshire,-3.4,0.2258,0.0,62,74,137,#3E4A89
983,71,47,46,Kinross-shire,-3.58,0.2121,0.0,63,71,136,#3F4788
984,71,48,35,Fife,-3.58,0.2121,0.0,63,71,136,#3F4788
985,71,49,35,Fife,-3.58,0.2121,0.0,63,71,136,#3F4788
986,71,50,35,Fife,-3.95,0.1840,0.0,66,63,133,#423F85
987,71,51,35,Fife,-3.91,0.1870,0.0,66,63,133,#423F85
988,71,52,35,Fife,-3.91,0.1870,0.0,66,63,133,#423F85
989,71,53,35,Fife,-3.91,0.1870,0.0,66,63,133,#423F85
990,72,29,4,Argyllshire,-2.23,0.3147,9.4,51,99,141,#33638D
991,72,30,4,Argyllshire,-3.58,0.2121,0.0,63,71,136,#3F4788
992,72,31,4,Argyllshire,-3.58,0.2121,0.0,63,71,136,#3F4788
993,72,32,4,Argyllshire,-3.07,0.2509,1.1,59,82,139,#3B528B
994,72,33,4,Argyllshire,-3.07,0.2509,1.1,59,82,139,#3B528B
995,72,34,4,Argyllshire,-2.79,0.2721,3.8,56,88,140,#38588C
996,72,35,4,Argyllshire,-2.23,0.3147,9.4,51,99,141,#33638D
997,72,36,30,Dunbartonshire,-2.79,0.2721,3.8,56,88,140,#38588C
998,72,37,67,Perthshire,-3.02,0.2547,1.6,58,83,139,#3A538B
999,72,38,67,Perthshire,-2.98,0.2577,2.0,58,83,139,#3A538B
1000,72,39,67,Perthshire,-2.98,0.2577,2.0,58,83,139,#3A538B
1001,72,40,67,Perthshire,-2.51,0.2934,6.6,53,94,141,#355E8D
1002,72,41,67,Perthshire,-3.16,0.2440,0.2,60,80,139,#3C508B
1003,72,42,67,Perthshire,-3.16,0.2440,0.2,60,80,139,#3C508B
1004,72,43,67,Perthshire,-2.51,0.2934,6.6,53,94,141,#355E8D
1005,72,44,67,Perthshire,-3.53,0.2159,0.0,63,72,137,#3F4889
1006,72,45,67,Perthshire,-3.16,0.2440,0.2,60,80,139,#3C508B
1007,72,46,46,Kinross-shire,-3.58,0.2121,0.0,63,71,136,#3F4788
1008,72,47,46,Kinross-shire,-3.58,0.2121,0.0,63,71,136,#3F4788
1009,72,48,46,Kinross-shire,-3.58,0.2121,0.0,63,71,136,#3F4788
1010,72,49,35,Fife,-3.53,0.2159,0.0,63,72,137,#3F4889
1011,72,50,35,Fife,-3.53,0.2159,0.0,63,72,137,#3F4889
1012,72,51,35,Fife,,,,,,,
1013,72,52,35,Fife,-3.91,0.1870,0.0,66,63,133,#423F85
1014,73,29,4,Argyllshire,-3.58,0.2121,0.0,63,71,136,#3F4788
1015,73,30,4,Argyllshire,-3.58,0.2121,0.0,63,71,136,#3F4788
1016,73,31,4,Argyllshire,-3.58,0.2121,0.0,63,71,136,#3F4788
1017,73,32,4,Argyllshire,-3.58,0.2121,0.0,63,71,136,#3F4788
1018,73,33,4,Argyllshire,-2.51,0.2934,6.6,53,94,141,#355E8D
1019,73,34,4,Argyllshire,,,,,,,
1020,73,35,30,Dunbartonshire,-2.47,0.2964,7.0,53,94,141,#355E8D
1021,73,36,30,Dunbartonshire,-2.23,0.3147,9.4,51,99,141,#33638D
1022,73,37,78,Stirlingshire,-2.98,0.2577,2.0,58,83,139,#3A538B
1023,73,38,78,Stirlingshire,-2.98,0.2577,2.0,58,83,139,#3A538B
1024,73,39,67,Perthshire,-2.98,0.2577,2.0,58,83,139,#3A538B
1025,73,40,67,Perthshire,-2.98,0.2577,2.0,58,83,139,#3A538B
1026,73,41,67,Perthshire,-2.51,0.2934,6.6,53,94,141,#355E8D
1027,73,42,67,Perthshire,-3.16,0.2440,0.2,60,80,139,#3C508B
1028,73,43,20,Clackmannanshire,-3.16,0.2440,0.2,60,80,139,#3C508B
1029,73,44,20,Clackmannanshire,-3.53,0.2159,0.0,63,72,137,#3F4889
1030,73,45,20,Clackmannanshire,-3.53,0.2159,0.0,63,72,137,#3F4889
1031,73,46,35,Fife,-2.65,0.2828,5.2,55,91,141,#375B8D
1032,73,47,35,Fife,-3.58,0.2121,0.0,63,71,136,#3F4788
1033,73,48,35,Fife,-3.16,0.2440,0.2,60,80,139,#3C508B
1034,73,49,35,Fife,-3.53,0.2159,0.0,63,72,137,#3F4889
1035,74,23,4,Argyllshire,,,,,,,
1036,74,26,4,Argyllshire,,,,,,,
1037,74,29,4,Argyllshire,-3.58,0.2121,0.0,63,71,136,#3F4788
1038,74,30,4,Argyllshire,-3.58,0.2121,0.0,63,71,136,#3F4788
1039,74,31,4,Argyllshire,-3.58,0.2121,0.0,63,71,136,#3F4788
1040,74,32,4,Argyllshire,-2.51,0.2934,6.6,53,94,141,#355E8D
1041,74,33,4,Argyllshire,-2.51,0.2934,6.6,53,94,141,#355E8D
1042,74,34,4,Argyllshire,-2.51,0.2934,6.6,53,94,141,#355E8D
1043,74,35,30,Dunbartonshire,-2.84,0.2683,3.4,57,86,140,#39568C
1044,74,36,30,Dunbartonshire,-2.47,0.2964,7.0,53,94,141,#355E8D
1045,74,37,30,Dunbartonshire,-2.23,0.3147,9.4,51,99,141,#33638D
1046,74,38,78,Stirlingshire,-2.98,0.2577,2.0,58,83,139,#3A538B
1047,74,39,78,Stirlingshire,-3.02,0.2547,1.6,58,83,139,#3A538B
1048,74,40,78,Stirlingshire,-2.51,0.2934,6.6,53,94,141,#355E8D
1049,74,41,78,Stirlingshire,-2.51,0.2934,6.6,53,94,141,#355E8D
1050,74,42,78,Stirlingshire,-3.3,0.2334,0.0,61,77,138,#3D4D8A
1051,74,43,78,Stirlingshire,-3.16,0.2440,0.2,60,80,139,#3C508B
1052,74,44,78,Stirlingshire,,,,,,,
1053,74,45,35,Fife,-3.53,0.2159,0.0,63,72,137,#3F4889
1054,74,46,35,Fife,-3.58,0.2121,0.0,63,71,136,#3F4788
1055,74,47,35,Fife,-3.58,0.2121,0.0,63,71,136,#3F4788
1056,74,48,35,Fife,-3.53,0.2159,0.0,63,72,137,#3F4889
1057,75,25,4,Argyllshire,,,,,,,
1058,75,26,4,Argyllshire,,,,,,,
1059,75,28,4,Argyllshire,-3.58,0.2121,0.0,63,71,136,#3F4788
1060,75,29,4,Argyllshire,-3.58,0.2121,0.0,63,71,136,#3F4788
1061,75,31,4,Argyllshire,-2.51,0.2934,6.6,53,94,141,#355E8D
1062,75,32,4,Argyllshire,-2.51,0.2934,6.6,53,94,141,#355E8D
1063,75,33,4,Argyllshire,-2.51,0.2934,6.6,53,94,141,#355E8D
1064,75,35,30,Dunbartonshire,,,,,,,
1065,75,36,30,Dunbartonshire,-2.84,0.2683,3.4,57,86,140,#39568C
1066,75,37,30,Dunbartonshire,-2.47,0.2964,7.0,53,94,141,#355E8D
1067,75,38,78,Stirlingshire,-3.02,0.2547,1.6,58,83,139,#3A538B
1068,75,39,78,Stirlingshire,-3.02,0.2547,1.6,58,83,139,#3A538B
1069,75,40,78,Stirlingshire,-3.02,0.2547,1.6,58,83,139,#3A538B
1070,75,41,78,Stirlingshire,-2.51,0.2934,6.6,53,94,141,#355E8D
1071,75,42,78,Stirlingshire,-2.98,0.2577,2.0,58,83,139,#3A538B
1072,75,43,78,Stirlingshire,-3.49,0.2190,0.0,62,73,137,#3E4989
1073,75,44,78,Stirlingshire,-3.16,0.2440,0.2,60,80,139,#3C508B
1074,75,47,35,Fife,,,,,,,
1075,75,52,32,East Lothian,-2.42,0.3002,7.5,53,95,141,#355F8D
1076,75,53,32,East Lothian,-3.16,0.2440,0.2,60,80,139,#3C508B
1077,75,54,32,East Lothian,,,,,,,
1078,76,25,4,Argyllshire,,,,,,,
1079,76,28,4,Argyllshire,-3.58,0.2121,0.0,63,71,136,#3F4788
1080,76,29,4,Argyllshire,-3.58,0.2121,0.0,63,71,136,#3F4788
1081,76,31,4,Argyllshire,-2.51,0.2934,6.6,53,94,141,#355E8D
1082,76,32,4,Argyllshire,-2.51,0.2934,6.6,53,94,141,#355E8D
1083,76,33,4,Argyllshire,-2.51,0.2934,6.6,53,94,141,#355E8D
1084,76,35,69,Renfrewshire,-2.51,0.2934,6.6,53,94,141,#355E8D
1085,76,37,30,Dunbartonshire,-3.58,0.2121,0.0,63,71,136,#3F4788
1086,76,38,30,Dunbartonshire,-2.51,0.2934,6.6,53,94,141,#355E8D
1087,76,39,30,Dunbartonshire,-3.02,0.2547,1.6,58,83,139,#3A538B
1088,76,40,78,Stirlingshire,-3.02,0.2547,1.6,58,83,139,#3A538B
1089,76,41,30,Dunbartonshire,-2.98,0.2577,2.0,58,83,139,#3A538B
1090,76,42,30,Dunbartonshire,-2.98,0.2577,2.0,58,83,139,#3A538B
1091,76,43,78,Stirlingshire,-3.02,0.2547,1.6,58,83,139,#3A538B
1092,76,44,78,Stirlingshire,-3.16,0.2440,0.2,60,80,139,#3C508B
1093,76,45,85,West Lothian,-3.91,0.1870,0.0,66,63,133,#423F85
1094,76,46,85,West Lothian,-2.09,0.3253,10.8,49,102,142,#31668E
1095,76,47,85,West Lothian,-2.09,0.3253,10.8,49,102,142,#31668E
1096,76,48,55,Midlothian,-2.51,0.2934,6.6,53,94,141,#355E8D
1097,76,49,55,Midlothian,-2.37,0.3040,8.0,52,96,141,#34608D
1098,76,51,32,East Lothian,-2.37,0.3040,8.0,52,96,141,#34608D
1099,76,52,32,East Lothian,-0.23,0.4666,29.2,35,136,142,#23888E
1100,76,53,32,East Lothian,0.6,0.5297,37.4,31,151,139,#1F978B
1101,76,54,32,East Lothian,-3.35,0.2296,0.0,62,76,138,#3E4C8A
1102,76,55,32,East Lothian,0.6,0.5297,37.4,31,151,139,#1F978B
1103,77,23,4,Argyllshire,,,,,,,
1104,77,24,4,Argyllshire,,,,,,,
1105,77,25,4,Argyllshire,,,,,,,
1106,77,28,4,Argyllshire,-3.58,0.2121,0.0,63,71,136,#3F4788
1107,77,29,4,Argyllshire,-3.58,0.2121,0.0,63,71,136,#3F4788
1108,77,31,4,Argyllshire,-2.51,0.2934,6.6,53,94,141,#355E8D
1109,77,32,13,Buteshire,-2.51,0.2934,6.6,53,94,141,#355E8D
1110,77,33,4,Argyllshire,-2.51,0.2934,6.6,53,94,141,#355E8D
1111,77,35,69,Renfrewshire,-1.35,0.3815,18.1,44,115,142,#2C738E
1112,77,36,69,Renfrewshire,-2.51,0.2934,6.6,53,94,141,#355E8D
1113,77,37,69,Renfrewshire,-2.51,0.2934,6.6,53,94,141,#355E8D
1114,77,38,69,Renfrewshire,-3.58,0.2121,0.0,63,71,136,#3F4788
1115,77,39,48,Lanarkshire,-2.51,0.2934,6.6,53,94,141,#355E8D
1116,77,40,48,Lanarkshire,-3.02,0.2547,1.6,58,83,139,#3A538B
1117,77,41,48,Lanarkshire,-2.98,0.2577,2.0,58,83,139,#3A538B
1118,77,42,48,Lanarkshire,-2.98,0.2577,2.0,58,83,139,#3A538B
1119,77,43,48,Lanarkshire,-1.72,0.3534,14.4,46,109,142,#2E6D8E
1120,77,44,85,West Lothian,-1.81,0.3466,13.5,47,107,142,#2F6B8E
1121,77,45,85,West Lothian,-2.09,0.3253,10.8,49,102,142,#31668E
1122,77,46,55,Midlothian,-2.09,0.3253,10.8,49,102,142,#31668E
1123,77,47,55,Midlothian,-2.09,0.3253,10.8,49,102,142,#31668E
1124,77,48,55,Midlothian,-2.51,0.2934,6.6,53,94,141,#355E8D
1125,77,49,55,Midlothian,-2.37,0.3040,8.0,52,96,141,#34608D
1126,77,50,55,Midlothian,-0.33,0.4590,28.2,36,134,142,#24868E
1127,77,51,32,East Lothian,-0.51,0.4454,26.4,37,131,142,#25838E
1128,77,52,32,East Lothian,-0.28,0.4628,28.7,36,135,142,#24878E
1129,77,53,32,East Lothian,0.51,0.5228,36.5,31,149,139,#1F958B
1130,77,54,32,East Lothian,0.6,0.5297,37.4,31,151,139,#1F978B
1131,77,55,32,East Lothian,0.56,0.5266,37.0,31,150,139,#1F968B
1132,77,56,10,Berwickshire,-0.6,0.4385,25.5,38,130,142,#26828E
1133,77,57,10,Berwickshire,-0.6,0.4385,25.5,38,130,142,#26828E
1134,77,58,10,Berwickshire,-0.65,0.4347,25.0,38,129,142,#26818E
1135,78,21,4,Argyllshire,,,,,,,
1136,78,22,4,Argyllshire,,,,,,,
1137,78,23,4,Argyllshire,,,,,,,
1138,78,24,4,Argyllshire,,,,,,,
1139,78,28,4,Argyllshire,-3.58,0.2121,0.0,63,71,136,#3F4788
1140,78,29,4,Argyllshire,-3.58,0.2121,0.0,63,71,136,#3F4788
1141,78,30,4,Argyllshire,-3.58,0.2121,0.0,63,71,136,#3F4788
1142,78,33,13,Buteshire,,,,,,,
1143,78,35,6,Ayrshire,-1.35,0.3815,18.1,44,115,142,#2C738E
1144,78,36,69,Renfrewshire,-1.35,0.3815,18.1,44,115,142,#2C738E
1145,78,37,69,Renfrewshire,-2.51,0.2934,6.6,53,94,141,#355E8D
1146,78,38,69,Renfrewshire,-2.51,0.2934,6.6,53,94,141,#355E8D
1147,78,39,69,Renfrewshire,-3.58,0.2121,0.0,63,71,136,#3F4788
1148,78,40,48,Lanarkshire,-2.98,0.2577,2.0,58,83,139,#3A538B
1149,78,41,48,Lanarkshire,-2.98,0.2577,2.0,58,83,139,#3A538B
1150,78,42,48,Lanarkshire,-3.02,0.2547,1.6,58,83,139,#3A538B
1151,78,43,48,Lanarkshire,-1.72,0.3534,14.4,46,109,142,#2E6D8E
1152,78,44,48,Lanarkshire,-1.72,0.3534,14.4,46,109,142,#2E6D8E
1153,78,45,55,Midlothian,-2.09,0.3253,10.8,49,102,142,#31668E
1154,78,46,55,Midlothian,-2.09,0.3253,10.8,49,102,142,#31668E
1155,78,47,55,Midlothian,-2.09,0.3253,10.8,49,102,142,#31668E
1156,78,48,55,Midlothian,-2.09,0.3253,10.8,49,102,142,#31668E
1157,78,49,55,Midlothian,-0.42,0.4522,27.3,37,132,142,#25848E
1158,78,50,55,Midlothian,-0.42,0.4522,27.3,37,132,142,#25848E
1159,78,51,55,Midlothian,-0.42,0.4522,27.3,37,132,142,#25848E
1160,78,52,10,Berwickshire,-0.33,0.4590,28.2,36,134,142,#24868E
1161,78,53,10,Berwickshire,0.6,0.5297,37.4,31,151,139,#1F978B
1162,78,54,10,Berwickshire,0.6,0.5297,37.4,31,151,139,#1F978B
1163,78,55,10,Berwickshire,0.6,0.5297,37.4,31,151,139,#1F978B
1164,78,56,10,Berwickshire,0.6,0.5297,37.4,31,151,139,#1F978B
1165,78,57,10,Berwickshire,-0.6,0.4385,25.5,38,130,142,#26828E
1166,78,58,10,Berwickshire,-0.6,0.4385,25.5,38,130,142,#26828E
1167,79,21,4,Argyllshire,,,,,,,
1168,79,23,4,Argyllshire,,,,,,,
1169,79,24,4,Argyllshire,,,,,,,
1170,79,29,4,Argyllshire,-3.58,0.2121,0.0,63,71,136,#3F4788
1171,79,35,6,Ayrshire,-1.53,0.3679,16.3,45,113,142,#2D718E
1172,79,36,6,Ayrshire,-1.35,0.3815,18.1,44,115,142,#2C738E
1173,79,37,6,Ayrshire,-1.35,0.3815,18.1,44,115,142,#2C738E
1174,79,38,69,Renfrewshire,-2.51,0.2934,6.6,53,94,141,#355E8D
1175,79,39,69,Renfrewshire,-2.98,0.2577,2.0,58,83,139,#3A538B
1176,79,40,48,Lanarkshire,-1.72,0.3534,14.4,46,109,142,#2E6D8E
1177,79,41,48,Lanarkshire,-2.98,0.2577,2.0,58,83,139,#3A538B
1178,79,42,48,Lanarkshire,-1.67,0.3572,14.9,46,110,142,#2E6E8E
1179,79,43,48,Lanarkshire,-1.72,0.3534,14.4,46,109,142,#2E6D8E
1180,79,44,48,Lanarkshire,-1.53,0.3679,16.3,45,113,142,#2D718E
1181,79,45,48,Lanarkshire,-1.86,0.3428,13.1,48,106,142,#306A8E
1182,79,46,48,Lanarkshire,-2.09,0.3253,10.8,49,102,142,#31668E
1183,79,47,65,Peeblesshire,-2.09,0.3253,10.8,49,102,142,#31668E
1184,79,48,65,Peeblesshire,-2.09,0.3253,10.8,49,102,142,#31668E
1185,79,49,65,Peeblesshire,-2.09,0.3253,10.8,49,102,142,#31668E
1186,79,50,55,Midlothian,-0.42,0.4522,27.3,37,132,142,#25848E
1187,79,51,55,Midlothian,-0.42,0.4522,27.3,37,132,142,#25848E
1188,79,52,10,Berwickshire,-0.28,0.4628,28.7,36,135,142,#24878E
1189,79,53,10,Berwickshire,0.51,0.5228,36.5,31,149,139,#1F958B
1190,79,54,10,Berwickshire,0.6,0.5297,37.4,31,151,139,#1F978B
1191,79,55,10,Berwickshire,0.6,0.5297,37.4,31,151,139,#1F978B
1192,79,56,10,Berwickshire,0.56,0.5266,37.0,31,150,139,#1F968B
1193,79,57,10,Berwickshire,1.77,0.6186,49.0,38,173,129,#26AD81
1194,79,58,10,Berwickshire,1.77,0.6186,49.0,38,173,129,#26AD81
1195,79,59,62,Northumberland,3.35,0.7386,64.6,88,199,101,#58C765
1196,80,23,4,Argyllshire,,,,,,,
1197,80,24,4,Argyllshire,,,,,,,
1198,80,28,4,Argyllshire,-3.58,0.2121,0.0,63,71,136,#3F4788
1199,80,29,4,Argyllshire,-3.58,0.2121,0.0,63,71,136,#3F4788
1200,80,31,13,Buteshire,,,,,,,
1201,80,35,6,Ayrshire,-1.53,0.3679,16.3,45,113,142,#2D718E
1202,80,36,6,Ayrshire,-1.53,0.3679,16.3,45,113,142,#2D718E
1203,80,37,6,Ayrshire,-1.35,0.3815,18.1,44,115,142,#2C738E
1204,80,38,6,Ayrshire,-0.93,0.4134,22.3,41,123,142,#297B8E
1205,80,39,6,Ayrshire,-1.77,0.3496,13.9,47,108,142,#2F6C8E
1206,80,40,48,Lanarkshire,-1.72,0.3534,14.4,46,109,142,#2E6D8E
1207,80,41,48,Lanarkshire,-1.72,0.3534,14.4,46,109,142,#2E6D8E
1208,80,42,48,Lanarkshire,-1.72,0.3534,14.4,46,109,142,#2E6D8E
1209,80,43,48,Lanarkshire,-1.72,0.3534,14.4,46,109,142,#2E6D8E
1210,80,44,48,Lanarkshire,-1.72,0.3534,14.4,46,109,142,#2E6D8E
1211,80,45,48,Lanarkshire,-1.77,0.3496,13.9,47,108,142,#2F6C8E
1212,80,46,48,Lanarkshire,-2.09,0.3253,10.8,49,102,142,#31668E
1213,80,47,65,Peeblesshire,-2.09,0.3253,10.8,49,102,142,#31668E
1214,80,48,65,Peeblesshire,-2.09,0.3253,10.8,49,102,142,#31668E
1215,80,49,65,Peeblesshire,-2.09,0.3253,10.8,49,102,142,#31668E
1216,80,50,65,Peeblesshire,-0.42,0.4522,27.3,37,132,142,#25848E
1217,80,51,55,Midlothian,-0.42,0.4522,27.3,37,132,142,#25848E
1218,80,52,55,Midlothian,-0.28,0.4628,28.7,36,135,142,#24878E
1219,80,53,10,Berwickshire,-0.28,0.4628,28.7,36,135,142,#24878E
1220,80,54,10,Berwickshire,2.23,0.6535,53.5,49,181,123,#31B57B
1221,80,55,10,Berwickshire,0.74,0.5403,38.8,31,154,138,#1F9A8A
1222,80,56,10,Berwickshire,2.74,0.6923,58.6,64,189,114,#40BD72
1223,80,57,10,Berwickshire,2.98,0.7105,61.0,72,193,110,#48C16E
1224,80,58,62,Northumberland,3.02,0.7135,61.4,74,193,109,#4AC16D
1225,80,59,62,Northumberland,2.98,0.7105,61.0,72,193,110,#48C16E
1226,80,60,62,Northumberland,3.35,0.7386,64.6,88,199,101,#58C765
1227,81,22,4,Argyllshire,,,,,,,
1228,81,28,4,Argyllshire,-3.58,0.2121,0.0,63,71,136,#3F4788
1229,81,29,4,Argyllshire,-3.58,0.2121,0.0,63,71,136,#3F4788
1230,81,30,13,Buteshire,,,,,,,
1231,81,31,13,Buteshire,,,,,,,
1232,81,32,13,Buteshire,,,,,,,
1233,81,36,6,Ayrshire,-1.53,0.3679,16.3,45,113,142,#2D718E
1234,81,37,6,Ayrshire,-0.93,0.4134,22.3,41,123,142,#297B8E
1235,81,38,6,Ayrshire,-1.3,0.3853,18.6,43,116,142,#2B748E
1236,81,39,6,Ayrshire,-1.16,0.3960,20.0,42,119,142,#2A778E
1237,81,40,6,Ayrshire,-1.72,0.3534,14.4,46,109,142,#2E6D8E
1238,81,41,48,Lanarkshire,-1.72,0.3534,14.4,46,109,142,#2E6D8E
1239,81,42,48,Lanarkshire,-1.72,0.3534,14.4,46,109,142,#2E6D8E
1240,81,43,48,Lanarkshire,-1.72,0.3534,14.4,46,109,142,#2E6D8E
1241,81,44,48,Lanarkshire,-1.67,0.3572,14.9,46,110,142,#2E6E8E
1242,81,45,48,Lanarkshire,-1.67,0.3572,14.9,46,110,142,#2E6E8E
1243,81,46,48,Lanarkshire,-2.09,0.3253,10.8,49,102,142,#31668E
1244,81,47,65,Peeblesshire,-2.09,0.3253,10.8,49,102,142,#31668E
1245,81,48,65,Peeblesshire,-2.09,0.3253,10.8,49,102,142,#31668E
1246,81,49,65,Peeblesshire,-2.19,0.3177,9.8,50,100,142,#32648E
1247,81,50,65,Peeblesshire,-0.6,0.4385,25.5,38,130,142,#26828E
1248,81,51,73,Selkirkshire,-0.42,0.4522,27.3,37,132,142,#25848E
1249,81,52,73,Selkirkshire,-0.19,0.4697,29.6,35,137,142,#23898E
1250,81,53,71,Roxburghshire,2.42,0.6680,55.4,53,183,121,#35B779
1251,81,54,10,Berwickshire,2.05,0.6398,51.8,44,177,126,#2CB17E
1252,81,55,71,Roxburghshire,2.05,0.6398,51.8,44,177,126,#2CB17E
1253,81,56,71,Roxburghshire,2.79,0.6961,59.1,66,190,113,#42BE71
1254,81,57,62,Northumberland,3.02,0.7135,61.4,74,193,109,#4AC16D
1255,81,58,62,Northumberland,3.02,0.7135,61.4,74,193,109,#4AC16D
1256,81,59,62,Northumberland,3.4,0.7424,65.1,90,200,100,#5AC864
1257,81,60,62,Northumberland,3.4,0.7424,65.1,90,200,100,#5AC864
1258,81,61,62,Northumberland,,,,,,,
1259,82,28,4,Argyllshire,-3.58,0.2121,0.0,63,71,136,#3F4788
1260,82,31,13,Buteshire,,,,,,,
1261,82,32,13,Buteshire,,,,,,,
1262,82,37,6,Ayrshire,-1.26,0.3884,19.0,43,117,142,#2B758E
1263,82,38,6,Ayrshire,-1.26,0.3884,19.0,43,117,142,#2B758E
1264,82,39,6,Ayrshire,-1.26,0.3884,19.0,43,117,142,#2B758E
1265,82,40,6,Ayrshire,-1.72,0.3534,14.4,46,109,142,#2E6D8E
1266,82,41,6,Ayrshire,-1.72,0.3534,14.4,46,109,142,#2E6D8E
1267,82,42,6,Ayrshire,-1.72,0.3534,14.4,46,109,142,#2E6D8E
1268,82,43,48,Lanarkshire,-1.72,0.3534,14.4,46,109,142,#2E6D8E
1269,82,44,48,Lanarkshire,-1.67,0.3572,14.9,46,110,142,#2E6E8E
1270,82,45,48,Lanarkshire,-2.19,0.3177,9.8,50,100,142,#32648E
1271,82,46,48,Lanarkshire,-2.09,0.3253,10.8,49,102,142,#31668E
1272,82,47,65,Peeblesshire,-2.51,0.2934,6.6,53,94,141,#355E8D
1273,82,48,65,Peeblesshire,-2.09,0.3253,10.8,49,102,142,#31668E
1274,82,49,73,Selkirkshire,-2.09,0.3253,10.8,49,102,142,#31668E
1275,82,50,73,Selkirkshire,0.88,0.5510,40.2,30,157,137,#1E9D89
1276,82,51,73,Selkirkshire,-0.42,0.4522,27.3,37,132,142,#25848E
1277,82,52,73,Selkirkshire,-0.42,0.4522,27.3,37,132,142,#25848E
1278,82,53,71,Roxburghshire,4.09,0.7948,71.9,119,209,83,#77D153
1279,82,54,71,Roxburghshire,4.05,0.7918,71.5,117,208,84,#75D054
1280,82,55,71,Roxburghshire,4.33,0.8131,74.3,132,212,75,#84D44B
1281,82,56,71,Roxburghshire,3.26,0.7318,63.7,84,197,104,#54C568
1282,82,57,71,Roxburghshire,2.74,0.6923,58.6,64,189,114,#40BD72
1283,82,58,62,Northumberland,3.02,0.7135,61.4,74,193,109,#4AC16D
1284,82,59,62,Northumberland,3.4,0.7424,65.1,90,200,100,#5AC864
1285,82,60,62,Northumberland,3.35,0.7386,64.6,88,199,101,#58C765
1286,82,61,62,Northumberland,3.44,0.7454,65.5,90,200,100,#5AC864
1287,82,62,62,Northumberland,3.16,0.7242,62.7,80,196,106,#50C46A
1288,83,28,4,Argyllshire,-3.58,0.2121,0.0,63,71,136,#3F4788
1289,83,31,13,Buteshire,,,,,,,
1290,83,32,13,Buteshire,,,,,,,
1291,83,37,6,Ayrshire,-0.93,0.4134,22.3,41,123,142,#297B8E
1292,83,38,6,Ayrshire,-0.98,0.4096,21.8,41,122,142,#297A8E
1293,83,39,6,Ayrshire,-1.16,0.3960,20.0,42,119,142,#2A778E
1294,83,40,6,Ayrshire,-0.93,0.4134,22.3,41,123,142,#297B8E
1295,83,41,6,Ayrshire,-1.77,0.3496,13.9,47,108,142,#2F6C8E
1296,83,42,48,Lanarkshire,-1.72,0.3534,14.4,46,109,142,#2E6D8E
1297,83,43,48,Lanarkshire,-1.72,0.3534,14.4,46,109,142,#2E6D8E
1298,83,44,48,Lanarkshire,-1.67,0.3572,14.9,46,110,142,#2E6E8E
1299,83,45,48,Lanarkshire,-2.42,0.3002,7.5,53,95,141,#355F8D
1300,83,46,48,Lanarkshire,2.05,0.6398,51.8,44,177,126,#2CB17E
1301,83,47,65,Peeblesshire,2.0,0.6360,51.3,42,176,127,#2AB07F
1302,83,48,65,Peeblesshire,-2.05,0.3284,11.2,49,103,142,#31678E
1303,83,49,73,Selkirkshire,-2.09,0.3253,10.8,49,102,142,#31668E
1304,83,50,73,Selkirkshire,0.93,0.5548,40.7,31,158,137,#1F9E89
1305,83,51,73,Selkirkshire,-0.42,0.4522,27.3,37,132,142,#25848E
1306,83,52,71,Roxburghshire,4.19,0.8024,72.9,124,210,80,#7CD250
1307,83,53,71,Roxburghshire,4.05,0.7918,71.5,117,208,84,#75D054
1308,83,54,71,Roxburghshire,4.09,0.7948,71.9,119,209,83,#77D153
1309,83,55,71,Roxburghshire,4.09,0.7948,71.9,119,209,83,#77D153
1310,83,56,71,Roxburghshire,3.26,0.7318,63.7,84,197,104,#54C568
1311,83,57,71,Roxburghshire,2.84,0.6999,59.6,68,191,112,#44BF70
1312,83,58,62,Northumberland,4.0,0.7880,71.1,115,208,86,#73D056
1313,83,59,62,Northumberland,3.4,0.7424,65.1,90,200,100,#5AC864
1314,83,60,62,Northumberland,3.35,0.7386,64.6,88,199,101,#58C765
1315,83,61,62,Northumberland,3.4,0.7424,65.1,90,200,100,#5AC864
1316,83,62,62,Northumberland,3.3,0.7348,64.1,86,198,103,#56C667
1317,84,27,4,Argyllshire,-3.58,0.2121,0.0,63,71,136,#3F4788
1318,84,28,4,Argyllshire,-3.58,0.2121,0.0,63,71,136,#3F4788
1319,84,36,6,Ayrshire,-0.93,0.4134,22.3,41,123,142,#297B8E
1320,84,37,6,Ayrshire,-0.98,0.4096,21.8,41,122,142,#297A8E
1321,84,38,6,Ayrshire,-1.16,0.3960,20.0,42,119,142,#2A778E
1322,84,39,6,Ayrshire,-1.16,0.3960,20.0,42,119,142,#2A778E
1323,84,40,6,Ayrshire,-1.16,0.3960,20.0,42,119,142,#2A778E
1324,84,41,6,Ayrshire,-1.81,0.3466,13.5,47,107,142,#2F6B8E
1325,84,42,29,Dumfriesshire,-1.77,0.3496,13.9,47,108,142,#2F6C8E
1326,84,43,29,Dumfriesshire,-1.72,0.3534,14.4,46,109,142,#2E6D8E
1327,84,44,48,Lanarkshire,-1.67,0.3572,14.9,46,110,142,#2E6E8E
1328,84,45,48,Lanarkshire,1.86,0.6254,49.9,40,174,128,#28AE80
1329,84,46,48,Lanarkshire,1.86,0.6254,49.9,40,174,128,#28AE80
1330,84,47,65,Peeblesshire,1.81,0.6216,49.4,39,173,129,#27AD81
1331,84,48,29,Dumfriesshire,1.86,0.6254,49.9,40,174,128,#28AE80
1332,84,49,73,Selkirkshire,-2.09,0.3253,10.8,49,102,142,#31668E
1333,84,50,73,Selkirkshire,-2.09,0.3253,10.8,49,102,142,#31668E
1334,84,51,73,Selkirkshire,4.56,0.8305,76.6,142,214,69,#8ED645
1335,84,52,71,Roxburghshire,4.47,0.8237,75.7,137,213,72,#89D548
1336,84,53,71,Roxburghshire,4.09,0.7948,71.9,119,209,83,#77D153
1337,84,54,71,Roxburghshire,4.09,0.7948,71.9,119,209,83,#77D153
1338,84,55,71,Roxburghshire,4.09,0.7948,71.9,119,209,83,#77D153
1339,84,56,71,Roxburghshire,3.3,0.7348,64.1,86,198,103,#56C667
1340,84,57,62,Northumberland,3.95,0.7842,70.6,112,207,87,#70CF57
1341,84,58,62,Northumberland,3.95,0.7842,70.6,112,207,87,#70CF57
1342,84,59,62,Northumberland,4.0,0.7880,71.1,115,208,86,#73D056
1343,84,60,62,Northumberland,4.0,0.7880,71.1,115,208,86,#73D056
1344,84,61,62,Northumberland,3.49,0.7492,66.0,92,200,99,#5CC863
1345,84,62,62,Northumberland,3.21,0.7280,63.2,82,197,105,#52C569
1346,85,27,4,Argyllshire,-3.58,0.2121,0.0,63,71,136,#3F4788
1347,85,28,4,Argyllshire,-3.58,0.2121,0.0,63,71,136,#3F4788
1348,85,36,6,Ayrshire,-0.98,0.4096,21.8,41,122,142,#297A8E
1349,85,37,6,Ayrshire,-1.16,0.3960,20.0,42,119,142,#2A778E
1350,85,38,6,Ayrshire,-1.53,0.3679,16.3,45,113,142,#2D718E
1351,85,39,6,Ayrshire,-1.53,0.3679,16.3,45,113,142,#2D718E
1352,85,40,6,Ayrshire,-1.26,0.3884,19.0,43,117,142,#2B758E
1353,85,41,6,Ayrshire,-1.77,0.3496,13.9,47,108,142,#2F6C8E
1354,85,42,29,Dumfriesshire,-1.67,0.3572,14.9,46,110,142,#2E6E8E
1355,85,43,29,Dumfriesshire,-1.72,0.3534,14.4,46,109,142,#2E6D8E
1356,85,44,29,Dumfriesshire,-1.77,0.3496,13.9,47,108,142,#2F6C8E
1357,85,45,48,Lanarkshire,-1.67,0.3572,14.9,46,110,142,#2E6E8E
1358,85,46,29,Dumfriesshire,1.86,0.6254,49.9,40,174,128,#28AE80
1359,85,47,29,Dumfriesshire,1.86,0.6254,49.9,40,174,128,#28AE80
1360,85,48,29,Dumfriesshire,1.81,0.6216,49.4,39,173,129,#27AD81
1361,85,49,29,Dumfriesshire,1.86,0.6254,49.9,40,174,128,#28AE80
1362,85,50,71,Roxburghshire,4.7,0.8412,78.0,149,216,64,#95D840
1363,85,51,71,Roxburghshire,4.7,0.8412,78.0,149,216,64,#95D840
1364,85,52,71,Roxburghshire,4.56,0.8305,76.6,142,214,69,#8ED645
1365,85,53,71,Roxburghshire,4.09,0.7948,71.9,119,209,83,#77D153
1366,85,54,71,Roxburghshire,4.09,0.7948,71.9,119,209,83,#77D153
1367,85,55,71,Roxburghshire,4.09,0.7948,71.9,119,209,83,#77D153
1368,85,56,62,Northumberland,3.21,0.7280,63.2,82,197,105,#52C569
1369,85,57,62,Northumberland,5.35,0.8905,84.4,181,222,43,#B5DE2B
1370,85,58,62,Northumberland,3.86,0.7773,69.7,110,206,88,#6ECE58
1371,85,59,62,Northumberland,4.23,0.8055,73.3,127,211,78,#7FD34E
1372,85,60,62,Northumberland,4.23,0.8055,73.3,127,211,78,#7FD34E
1373,85,61,62,Northumberland,3.58,0.7561,66.9,96,202,96,#60CA60
1374,85,62,62,Northumberland,3.58,0.7561,66.9,96,202,96,#60CA60
1375,86,35,6,Ayrshire,-0.98,0.4096,21.8,41,122,142,#297A8E
1376,86,36,6,Ayrshire,-1.16,0.3960,20.0,42,119,142,#2A778E
1377,86,37,6,Ayrshire,-1.53,0.3679,16.3,45,113,142,#2D718E
1378,86,38,6,Ayrshire,-0.98,0.4096,21.8,41,122,142,#297A8E
1379,86,39,6,Ayrshire,-0.93,0.4134,22.3,41,123,142,#297B8E
1380,86,40,47,Kirkcudbrightshire,-1.26,0.3884,19.0,43,117,142,#2B758E
1381,86,41,47,Kirkcudbrightshire,-1.67,0.3572,14.9,46,110,142,#2E6E8E
1382,86,42,29,Dumfriesshire,-1.77,0.3496,13.9,47,108,142,#2F6C8E
1383,86,43,29,Dumfriesshire,-1.49,0.3709,16.7,45,113,142,#2D718E
1384,86,44,29,Dumfriesshire,-1.72,0.3534,14.4,46,109,142,#2E6D8E
1385,86,45,29,Dumfriesshire,-1.77,0.3496,13.9,47,108,142,#2F6C8E
1386,86,46,29,Dumfriesshire,-1.67,0.3572,14.9,46,110,142,#2E6E8E
1387,86,47,29,Dumfriesshire,1.86,0.6254,49.9,40,174,128,#28AE80
1388,86,48,29,Dumfriesshire,1.86,0.6254,49.9,40,174,128,#28AE80
1389,86,49,29,Dumfriesshire,5.16,0.8761,82.5,173,220,48,#ADDC30
1390,86,50,29,Dumfriesshire,4.84,0.8518,79.4,157,217,59,#9DD93B
1391,86,51,71,Roxburghshire,4.7,0.8412,78.0,149,216,64,#95D840
1392,86,52,71,Roxburghshire,4.47,0.8237,75.7,137,213,72,#89D548
1393,86,53,71,Roxburghshire,5.16,0.8761,82.5,173,220,48,#ADDC30
1394,86,54,62,Northumberland,5.21,0.8799,83.0,176,221,47,#B0DD2F
1395,86,55,62,Northumberland,4.09,0.7948,71.9,119,209,83,#77D153
1396,86,56,62,Northumberland,5.63,0.9118,87.2,197,224,33,#C5E021
1397,86,57,62,Northumberland,5.53,0.9042,86.2,192,223,37,#C0DF25
1398,86,58,62,Northumberland,5.53,0.9042,86.2,192,223,37,#C0DF25
1399,86,59,62,Northumberland,4.23,0.8055,73.3,127,211,78,#7FD34E
1400,86,60,62,Northumberland,4.23,0.8055,73.3,127,211,78,#7FD34E
1401,86,61,62,Northumberland,3.58,0.7561,66.9,96,202,96,#60CA60
1402,86,62,62,Northumberland,3.67,0.7629,67.8,101,203,94,#65CB5E
1403,87,35,6,Ayrshire,-1.16,0.3960,20.0,42,119,142,#2A778E
1404,87,36,6,Ayrshire,-1.53,0.3679,16.3,45,113,142,#2D718E
1405,87,37,6,Ayrshire,-0.98,0.4096,21.8,41,122,142,#297A8E
1406,87,38,6,Ayrshire,-1.16,0.3960,20.0,42,119,142,#2A778E
1407,87,39,47,Kirkcudbrightshire,-1.16,0.3960,20.0,42,119,142,#2A778E
1408,87,40,47,Kirkcudbrightshire,-0.93,0.4134,22.3,41,123,142,#297B8E
1409,87,41,47,Kirkcudbrightshire,-1.77,0.3496,13.9,47,108,142,#2F6C8E
1410,87,42,29,Dumfriesshire,-1.49,0.3709,16.7,45,113,142,#2D718E
1411,87,43,29,Dumfriesshire,-1.49,0.3709,16.7,45,113,142,#2D718E
1412,87,44,29,Dumfriesshire,-1.49,0.3709,16.7,45,113,142,#2D718E
1413,87,45,29,Dumfriesshire,-1.72,0.3534,14.4,46,109,142,#2E6D8E
1414,87,46,29,Dumfriesshire,-1.77,0.3496,13.9,47,108,142,#2F6C8E
1415,87,47,29,Dumfriesshire,4.42,0.8199,75.2,134,213,73,#86D549
1416,87,48,29,Dumfriesshire,4.42,0.8199,75.2,134,213,73,#86D549
1417,87,49,29,Dumfriesshire,4.19,0.8024,72.9,124,210,80,#7CD250
1418,87,50,29,Dumfriesshire,5.16,0.8761,82.5,173,220,48,#ADDC30
1419,87,51,29,Dumfriesshire,4.93,0.8586,80.3,160,218,57,#A0DA39
1420,87,52,71,Roxburghshire,5.16,0.8761,82.5,173,220,48,#ADDC30
1421,87,53,71,Roxburghshire,5.16,0.8761,82.5,173,220,48,#ADDC30
1422,87,54,62,Northumberland,5.77,0.9225,88.6,205,225,29,#CDE11D
1423,87,55,62,Northumberland,5.77,0.9225,88.6,205,225,29,#CDE11D
1424,87,56,62,Northumberland,5.53,0.9042,86.2,192,223,37,#C0DF25
1425,87,57,62,Northumberland,5.53,0.9042,86.2,192,223,37,#C0DF25
1426,87,58,62,Northumberland,5.53,0.9042,86.2,192,223,37,#C0DF25
1427,87,59,62,Northumberland,4.23,0.8055,73.3,127,211,78,#7FD34E
1428,87,60,62,Northumberland,3.49,0.7492,66.0,92,200,99,#5CC863
1429,87,61,62,Northumberland,3.53,0.7523,66.4,94,201,98,#5EC962
1430,87,62,62,Northumberland,3.72,0.7667,68.3,103,204,92,#67CC5C
1431,87,63,62,Northumberland,3.72,0.7667,68.3,103,204,92,#67CC5C
1432,88,34,6,Ayrshire,-1.16,0.3960,20.0,42,119,142,#2A778E
1433,88,35,6,Ayrshire,-1.53,0.3679,16.3,45,113,142,#2D718E
1434,88,36,6,Ayrshire,-0.98,0.4096,21.8,41,122,142,#297A8E
1435,88,37,6,Ayrshire,-1.16,0.3960,20.0,42,119,142,#2A778E
1436,88,38,47,Kirkcudbrightshire,-1.16,0.3960,20.0,42,119,142,#2A778E
1437,88,39,47,Kirkcudbrightshire,-1.16,0.3960,20.0,42,119,142,#2A778E
1438,88,40,47,Kirkcudbrightshire,-1.16,0.3960,20.0,42,119,142,#2A778E
1439,88,41,47,Kirkcudbrightshire,-0.93,0.4134,22.3,41,123,142,#297B8E
1440,88,42,29,Dumfriesshire,-1.49,0.3709,16.7,45,113,142,#2D718E
1441,88,43,29,Dumfriesshire,-1.49,0.3709,16.7,45,113,142,#2D718E
1442,88,44,29,Dumfriesshire,-1.49,0.3709,16.7,45,113,142,#2D718E
1443,88,45,29,Dumfriesshire,-1.49,0.3709,16.7,45,113,142,#2D718E
1444,88,46,29,Dumfriesshire,-1.72,0.3534,14.4,46,109,142,#2E6D8E
1445,88,47,29,Dumfriesshire,4.42,0.8199,75.2,134,213,73,#86D549
1446,88,48,29,Dumfriesshire,4.42,0.8199,75.2,134,213,73,#86D549
1447,88,49,29,Dumfriesshire,4.42,0.8199,75.2,134,213,73,#86D549
1448,88,50,29,Dumfriesshire,4.19,0.8024,72.9,124,210,80,#7CD250
1449,88,51,29,Dumfriesshire,4.93,0.8586,80.3,160,218,57,#A0DA39
1450,88,52,71,Roxburghshire,5.12,0.8731,82.1,170,220,50,#AADC32
1451,88,53,23,Cumberland,5.12,0.8731,82.1,170,220,50,#AADC32
1452,88,54,62,Northumberland,5.77,0.9225,88.6,205,225,29,#CDE11D
1453,88,55,62,Northumberland,5.77,0.9225,88.6,205,225,29,#CDE11D
1454,88,56,62,Northumberland,5.53,0.9042,86.2,192,223,37,#C0DF25
1455,88,57,62,Northumberland,4.19,0.8024,72.9,124,210,80,#7CD250
1456,88,58,62,Northumberland,4.23,0.8055,73.3,127,211,78,#7FD34E
1457,88,59,62,Northumberland,4.23,0.8055,73.3,127,211,78,#7FD34E
1458,88,60,62,Northumberland,3.53,0.7523,66.4,94,201,98,#5EC962
1459,88,61,62,Northumberland,3.53,0.7523,66.4,94,201,98,#5EC962
1460,88,62,62,Northumberland,3.77,0.7705,68.8,105,205,91,#69CD5B
1461,88,63,62,Northumberland,3.77,0.7705,68.8,105,205,91,#69CD5B
1462,89,34,6,Ayrshire,-1.53,0.3679,16.3,45,113,142,#2D718E
1463,89,35,6,Ayrshire,-0.98,0.4096,21.8,41,122,142,#297A8E
1464,89,36,6,Ayrshire,-1.16,0.3960,20.0,42,119,142,#2A778E
1465,89,37,47,Kirkcudbrightshire,-1.16,0.3960,20.0,42,119,142,#2A778E
1466,89,38,47,Kirkcudbrightshire,-1.16,0.3960,20.0,42,119,142,#2A778E
1467,89,39,47,Kirkcudbrightshire,-1.16,0.3960,20.0,42,119,142,#2A778E
1468,89,40,47,Kirkcudbrightshire,-1.16,0.3960,20.0,42,119,142,#2A778E
1469,89,41,47,Kirkcudbrightshire,-1.16,0.3960,20.0,42,119,142,#2A778E
1470,89,42,47,Kirkcudbrightshire,-0.93,0.4134,22.3,41,123,142,#297B8E
1471,89,43,47,Kirkcudbrightshire,-1.49,0.3709,16.7,45,113,142,#2D718E
1472,89,44,47,Kirkcudbrightshire,-1.49,0.3709,16.7,45,113,142,#2D718E
1473,89,45,29,Dumfriesshire,-1.49,0.3709,16.7,45,113,142,#2D718E
1474,89,46,29,Dumfriesshire,-1.49,0.3709,16.7,45,113,142,#2D718E
1475,89,47,29,Dumfriesshire,4.42,0.8199,75.2,134,213,73,#86D549
1476,89,48,29,Dumfriesshire,4.42,0.8199,75.2,134,213,73,#86D549
1477,89,49,29,Dumfriesshire,4.42,0.8199,75.2,134,213,73,#86D549
1478,89,50,29,Dumfriesshire,4.42,0.8199,75.2,134,213,73,#86D549
1479,89,51,29,Dumfriesshire,5.02,0.8655,81.1,165,219,54,#A5DB36
1480,89,52,23,Cumberland,4.65,0.8374,77.5,147,215,65,#93D741
1481,89,53,23,Cumberland,5.16,0.8761,82.5,173,220,48,#ADDC30
1482,89,54,23,Cumberland,5.77,0.9225,88.6,205,225,29,#CDE11D
1483,89,55,62,Northumberland,5.67,0.9149,87.6,200,224,32,#C8E020
1484,89,56,62,Northumberland,5.53,0.9042,86.2,192,223,37,#C0DF25
1485,89,57,62,Northumberland,4.23,0.8055,73.3,127,211,78,#7FD34E
1486,89,58,62,Northumberland,4.23,0.8055,73.3,127,211,78,#7FD34E
1487,89,59,62,Northumberland,4.23,0.8055,73.3,127,211,78,#7FD34E
1488,89,60,62,Northumberland,3.53,0.7523,66.4,94,201,98,#5EC962
1489,89,61,62,Northumberland,3.53,0.7523,66.4,94,201,98,#5EC962
1490,89,62,62,Northumberland,3.35,0.7386,64.6,88,199,101,#58C765
1491,89,63,62,Northumberland,3.77,0.7705,68.8,105,205,91,#69CD5B
1492,90,33,6,Ayrshire,-1.53,0.3679,16.3,45,113,142,#2D718E
1493,90,34,6,Ayrshire,-0.98,0.4096,21.8,41,122,142,#297A8E
1494,90,35,87,Wigtownshire,-1.16,0.3960,20.0,42,119,142,#2A778E
1495,90,36,87,Wigtownshire,-1.16,0.3960,20.0,42,119,142,#2A778E
1496,90,37,87,Wigtownshire,-1.16,0.3960,20.0,42,119,142,#2A778E
1497,90,38,47,Kirkcudbrightshire,-1.16,0.3960,20.0,42,119,142,#2A778E
1498,90,39,47,Kirkcudbrightshire,-1.16,0.3960,20.0,42,119,142,#2A778E
1499,90,40,47,Kirkcudbrightshire,-1.16,0.3960,20.0,42,119,142,#2A778E
1500,90,41,47,Kirkcudbrightshire,-1.16,0.3960,20.0,42,119,142,#2A778E
1501,90,42,47,Kirkcudbrightshire,-1.16,0.3960,20.0,42,119,142,#2A778E
1502,90,43,47,Kirkcudbrightshire,-0.93,0.4134,22.3,41,123,142,#297B8E
1503,90,44,47,Kirkcudbrightshire,-1.49,0.3709,16.7,45,113,142,#2D718E
1504,90,45,47,Kirkcudbrightshire,-1.49,0.3709,16.7,45,113,142,#2D718E
1505,90,46,29,Dumfriesshire,4.42,0.8199,75.2,134,213,73,#86D549
1506,90,47,29,Dumfriesshire,4.42,0.8199,75.2,134,213,73,#86D549
1507,90,48,29,Dumfriesshire,4.42,0.8199,75.2,134,213,73,#86D549
1508,90,49,29,Dumfriesshire,4.42,0.8199,75.2,134,213,73,#86D549
1509,90,50,29,Dumfriesshire,4.65,0.8374,77.5,147,215,65,#93D741
1510,90,51,23,Cumberland,4.51,0.8267,76.1,139,214,70,#8BD646
1511,90,52,23,Cumberland,5.16,0.8761,82.5,173,220,48,#ADDC30
1512,90,53,23,Cumberland,5.77,0.9225,88.6,205,225,29,#CDE11D
1513,90,54,23,Cumberland,5.77,0.9225,88.6,205,225,29,#CDE11D
1514,90,55,62,Northumberland,4.79,0.8480,78.9,155,217,60,#9BD93C
1515,90,56,62,Northumberland,5.53,0.9042,86.2,192,223,37,#C0DF25
1516,90,57,62,Northumberland,4.23,0.8055,73.3,127,211,78,#7FD34E
1517,90,58,62,Northumberland,4.23,0.8055,73.3,127,211,78,#7FD34E
1518,90,59,62,Northumberland,4.23,0.8055,73.3,127,211,78,#7FD34E
1519,90,60,62,Northumberland,3.53,0.7523,66.4,94,201,98,#5EC962
1520,90,61,62,Northumberland,3.4,0.7424,65.1,90,200,100,#5AC864
1521,90,62,62,Northumberland,3.4,0.7424,65.1,90,200,100,#5AC864
1522,90,63,62,Northumberland,3.77,0.7705,68.8,105,205,91,#69CD5B
1523,90,64,62,Northumberland,3.77,0.7705,68.8,105,205,91,#69CD5B
1524,91,32,87,Wigtownshire,-1.16,0.3960,20.0,42,119,142,#2A778E
1525,91,33,87,Wigtownshire,,,,,,,
1526,91,34,87,Wigtownshire,-1.16,0.3960,20.0,42,119,142,#2A778E
1527,91,35,87,Wigtownshire,-1.16,0.3960,20.0,42,119,142,#2A778E
1528,91,36,87,Wigtownshire,-1.16,0.3960,20.0,42,119,142,#2A778E
1529,91,37,87,Wigtownshire,-1.16,0.3960,20.0,42,119,142,#2A778E
1530,91,38,47,Kirkcudbrightshire,-1.16,0.3960,20.0,42,119,142,#2A778E
1531,91,39,47,Kirkcudbrightshire,-1.16,0.3960,20.0,42,119,142,#2A778E
1532,91,40,47,Kirkcudbrightshire,-1.16,0.3960,20.0,42,119,142,#2A778E
1533,91,41,47,Kirkcudbrightshire,-1.16,0.3960,20.0,42,119,142,#2A778E
1534,91,42,47,Kirkcudbrightshire,-1.16,0.3960,20.0,42,119,142,#2A778E
1535,91,43,47,Kirkcudbrightshire,-1.16,0.3960,20.0,42,119,142,#2A778E
1536,91,44,47,Kirkcudbrightshire,-0.93,0.4134,22.3,41,123,142,#297B8E
1537,91,45,47,Kirkcudbrightshire,4.42,0.8199,75.2,134,213,73,#86D549
1538,91,50,23,Cumberland,4.09,0.7948,71.9,119,209,83,#77D153
1539,91,51,23,Cumberland,5.3,0.8867,83.9,181,222,43,#B5DE2B
1540,91,52,23,Cumberland,5.3,0.8867,83.9,181,222,43,#B5DE2B
1541,91,53,23,Cumberland,5.4,0.8943,84.9,184,222,41,#B8DE29
1542,91,54,23,Cumberland,4.88,0.8548,79.8,157,217,59,#9DD93B
1543,91,55,62,Northumberland,4.79,0.8480,78.9,155,217,60,#9BD93C
1544,91,56,62,Northumberland,5.07,0.8693,81.6,168,219,52,#A8DB34
1545,91,57,62,Northumberland,3.44,0.7454,65.5,90,200,100,#5AC864
1546,91,58,62,Northumberland,3.4,0.7424,65.1,90,200,100,#5AC864
1547,91,59,62,Northumberland,4.23,0.8055,73.3,127,211,78,#7FD34E
1548,91,60,62,Northumberland,3.4,0.7424,65.1,90,200,100,#5AC864
1549,91,61,31,Durham,3.4,0.7424,65.1,90,200,100,#5AC864
1550,91,62,31,Durham,4.33,0.8131,74.3,132,212,75,#84D44B
1551,91,63,31,Durham,4.23,0.8055,73.3,127,211,78,#7FD34E
1552,91,64,31,Durham,4.23,0.8055,73.3,127,211,78,#7FD34E
1553,92,32,87,Wigtownshire,-1.16,0.3960,20.0,42,119,142,#2A778E
1554,92,33,87,Wigtownshire,-1.16,0.3960,20.0,42,119,142,#2A778E
1555,92,34,87,Wigtownshire,-1.16,0.3960,20.0,42,119,142,#2A778E
1556,92,35,87,Wigtownshire,-1.16,0.3960,20.0,42,119,142,#2A778E
1557,92,36,87,Wigtownshire,-1.16,0.3960,20.0,42,119,142,#2A778E
1558,92,37,87,Wigtownshire,-1.16,0.3960,20.0,42,119,142,#2A778E
1559,92,38,87,Wigtownshire,-1.16,0.3960,20.0,42,119,142,#2A778E
1560,92,39,47,Kirkcudbrightshire,-1.16,0.3960,20.0,42,119,142,#2A778E
1561,92,40,47,Kirkcudbrightshire,-1.16,0.3960,20.0,42,119,142,#2A778E
1562,92,41,47,Kirkcudbrightshire,-1.16,0.3960,20.0,42,119,142,#2A778E
1563,92,42,47,Kirkcudbrightshire,-1.16,0.3960,20.0,42,119,142,#2A778E
1564,92,43,47,Kirkcudbrightshire,-1.16,0.3960,20.0,42,119,142,#2A778E
1565,92,44,47,Kirkcudbrightshire,-1.16,0.3960,20.0,42,119,142,#2A778E
1566,92,45,47,Kirkcudbrightshire,-0.93,0.4134,22.3,41,123,142,#297B8E
1567,92,48,23,Cumberland,4.09,0.7948,71.9,119,209,83,#77D153
1568,92,49,23,Cumberland,4.09,0.7948,71.9,119,209,83,#77D153
1569,92,50,23,Cumberland,5.16,0.8761,82.5,173,220,48,#ADDC30
1570,92,51,23,Cumberland,4.88,0.8548,79.8,157,217,59,#9DD93B
1571,92,52,23,Cumberland,5.07,0.8693,81.6,168,219,52,#A8DB34
1572,92,53,23,Cumberland,4.93,0.8586,80.3,160,218,57,#A0DA39
1573,92,54,23,Cumberland,5.91,0.9331,90.0,210,226,27,#D2E21B
1574,92,55,62,Northumberland,4.79,0.8480,78.9,155,217,60,#9BD93C
1575,92,56,62,Northumberland,4.93,0.8586,80.3,160,218,57,#A0DA39
1576,92,57,62,Northumberland,3.44,0.7454,65.5,90,200,100,#5AC864
1577,92,58,62,Northumberland,3.44,0.7454,65.5,90,200,100,#5AC864
1578,92,59,62,Northumberland,3.49,0.7492,66.0,92,200,99,#5CC863
1579,92,60,62,Northumberland,3.4,0.7424,65.1,90,200,100,#5AC864
1580,92,61,31,Durham,3.49,0.7492,66.0,92,200,99,#5CC863
1581,92,62,31,Durham,4.23,0.8055,73.3,127,211,78,#7FD34E
1582,92,63,31,Durham,4.23,0.8055,73.3,127,211,78,#7FD34E
1583,92,64,31,Durham,4.23,0.8055,73.3,127,211,78,#7FD34E
1584,93,33,87,Wigtownshire,-1.16,0.3960,20.0,42,119,142,#2A778E
1585,93,36,87,Wigtownshire,-1.16,0.3960,20.0,42,119,142,#2A778E
1586,93,37,87,Wigtownshire,-1.16,0.3960,20.0,42,119,142,#2A778E
1587,93,38,87,Wigtownshire,-1.16,0.3960,20.0,42,119,142,#2A778E
1588,93,41,47,Kirkcudbrightshire,-1.16,0.3960,20.0,42,119,142,#2A778E
1589,93,42,47,Kirkcudbrightshire,-1.16,0.3960,20.0,42,119,142,#2A778E
1590,93,43,47,Kirkcudbrightshire,-1.16,0.3960,20.0,42,119,142,#2A778E
1591,93,47,23,Cumberland,4.09,0.7948,71.9,119,209,83,#77D153
1592,93,48,23,Cumberland,4.09,0.7948,71.9,119,209,83,#77D153
1593,93,49,23,Cumberland,5.16,0.8761,82.5,173,220,48,#ADDC30
1594,93,50,23,Cumberland,4.88,0.8548,79.8,157,217,59,#9DD93B
1595,93,51,23,Cumberland,4.93,0.8586,80.3,160,218,57,#A0DA39
1596,93,52,23,Cumberland,4.88,0.8548,79.8,157,217,59,#9DD93B
1597,93,53,23,Cumberland,4.93,0.8586,80.3,160,218,57,#A0DA39
1598,93,54,23,Cumberland,5.91,0.9331,90.0,210,226,27,#D2E21B
1599,93,55,62,Northumberland,5.72,0.9187,88.1,202,225,31,#CAE11F
1600,93,56,62,Northumberland,3.44,0.7454,65.5,90,200,100,#5AC864
1601,93,57,62,Northumberland,3.44,0.7454,65.5,90,200,100,#5AC864
1602,93,58,31,Durham,3.4,0.7424,65.1,90,200,100,#5AC864
1603,93,59,31,Durham,3.67,0.7629,67.8,101,203,94,#65CB5E
1604,93,60,31,Durham,3.67,0.7629,67.8,101,203,94,#65CB5E
1605,93,61,31,Durham,3.67,0.7629,67.8,101,203,94,#65CB5E
1606,93,62,31,Durham,3.35,0.7386,64.6,88,199,101,#58C765
1607,93,63,31,Durham,4.33,0.8131,74.3,132,212,75,#84D44B
1608,93,64,31,Durham,3.3,0.7348,64.1,86,198,103,#56C667
1609,94,37,87,Wigtownshire,-1.16,0.3960,20.0,42,119,142,#2A778E
1610,94,38,87,Wigtownshire,-1.16,0.3960,20.0,42,119,142,#2A778E
1611,94,47,23,Cumberland,4.09,0.7948,71.9,119,209,83,#77D153
1612,94,48,23,Cumberland,5.16,0.8761,82.5,173,220,48,#ADDC30
1613,94,49,23,Cumberland,4.88,0.8548,79.8,157,217,59,#9DD93B
1614,94,50,23,Cumberland,4.93,0.8586,80.3,160,218,57,#A0DA39
1615,94,51,23,Cumberland,4.74,0.8442,78.4,152,216,62,#98D83E
1616,94,52,23,Cumberland,4.84,0.8518,79.4,157,217,59,#9DD93B
1617,94,53,23,Cumberland,4.93,0.8586,80.3,160,218,57,#A0DA39
1618,94,54,23,Cumberland,5.58,0.9080,86.7,194,223,35,#C2DF23
1619,94,55,23,Cumberland,5.63,0.9118,87.2,197,224,33,#C5E021
1620,94,56,23,Cumberland,3.49,0.7492,66.0,92,200,99,#5CC863
1621,94,57,31,Durham,3.44,0.7454,65.5,90,200,100,#5AC864
1622,94,58,31,Durham,4.37,0.8161,74.7,132,212,75,#84D44B
1623,94,59,31,Durham,3.72,0.7667,68.3,103,204,92,#67CC5C
1624,94,60,31,Durham,3.67,0.7629,67.8,101,203,94,#65CB5E
1625,94,61,31,Durham,3.4,0.7424,65.1,90,200,100,#5AC864
1626,94,62,31,Durham,3.4,0.7424,65.1,90,200,100,#5AC864
1627,94,63,31,Durham,3.4,0.7424,65.1,90,200,100,#5AC864
1628,94,64,31,Durham,3.4,0.7424,65.1,90,200,100,#5AC864
1629,94,65,31,Durham,3.4,0.7424,65.1,90,200,100,#5AC864
1630,95,34,87,Wigtownshire,-1.16,0.3960,20.0,42,119,142,#2A778E
1631,95,38,87,Wigtownshire,,,,,,,
1632,95,47,23,Cumberland,5.16,0.8761,82.5,173,220,48,#ADDC30
1633,95,48,23,Cumberland,4.88,0.8548,79.8,157,217,59,#9DD93B
1634,95,49,23,Cumberland,4.93,0.8586,80.3,160,218,57,#A0DA39
1635,95,50,23,Cumberland,4.74,0.8442,78.4,152,216,62,#98D83E
1636,95,51,23,Cumberland,4.98,0.8624,80.7,162,218,55,#A2DA37
1637,95,52,23,Cumberland,4.65,0.8374,77.5,147,215,65,#93D741
1638,95,53,23,Cumberland,5.72,0.9187,88.1,202,225,31,#CAE11F
1639,95,54,23,Cumberland,5.67,0.9149,87.6,200,224,32,#C8E020
1640,95,55,23,Cumberland,5.26,0.8837,83.5,178,221,45,#B2DD2D
1641,95,56,86,Westmorland,5.58,0.9080,86.7,194,223,35,#C2DF23
1642,95,57,31,Durham,4.37,0.8161,74.7,132,212,75,#84D44B
1643,95,58,31,Durham,4.37,0.8161,74.7,132,212,75,#84D44B
1644,95,59,31,Durham,4.37,0.8161,74.7,132,212,75,#84D44B
1645,95,60,31,Durham,4.42,0.8199,75.2,134,213,73,#86D549
1646,95,61,31,Durham,5.91,0.9331,90.0,210,226,27,#D2E21B
1647,95,62,31,Durham,3.16,0.7242,62.7,80,196,106,#50C46A
1648,95,63,31,Durham,3.4,0.7424,65.1,90,200,100,#5AC864
1649,95,64,31,Durham,3.4,0.7424,65.1,90,200,100,#5AC864
1650,95,65,31,Durham,3.4,0.7424,65.1,90,200,100,#5AC864
1651,96,46,23,Cumberland,5.16,0.8761,82.5,173,220,48,#ADDC30
1652,96,47,23,Cumberland,4.88,0.8548,79.8,157,217,59,#9DD93B
1653,96,48,23,Cumberland,4.93,0.8586,80.3,160,218,57,#A0DA39
1654,96,49,23,Cumberland,4.74,0.8442,78.4,152,216,62,#98D83E
1655,96,50,23,Cumberland,4.98,0.8624,80.7,162,218,55,#A2DA37
1656,96,51,23,Cumberland,4.65,0.8374,77.5,147,215,65,#93D741
1657,96,52,23,Cumberland,4.84,0.8518,79.4,157,217,59,#9DD93B
1658,96,53,86,Westmorland,5.67,0.9149,87.6,200,224,32,#C8E020
1659,96,54,86,Westmorland,5.35,0.8905,84.4,181,222,43,#B5DE2B
1660,96,55,86,Westmorland,5.35,0.8905,84.4,181,222,43,#B5DE2B
1661,96,56,86,Westmorland,5.26,0.8837,83.5,178,221,45,#B2DD2D
1662,96,57,90,Yorkshire,4.37,0.8161,74.7,132,212,75,#84D44B
1663,96,58,90,Yorkshire,4.37,0.8161,74.7,132,212,75,#84D44B
1664,96,59,31,Durham,4.37,0.8161,74.7,132,212,75,#84D44B
1665,96,60,31,Durham,5.44,0.8974,85.3,186,222,40,#BADE28
1666,96,61,31,Durham,5.95,0.9361,90.4,213,226,26,#D5E21A
1667,96,62,31,Durham,5.91,0.9331,90.0,210,226,27,#D2E21B
1668,96,63,31,Durham,6.19,0.9544,92.7,226,228,24,#E2E418
1669,96,64,31,Durham,4.05,0.7918,71.5,117,208,84,#75D054
1670,96,65,31,Durham,3.67,0.7629,67.8,101,203,94,#65CB5E
1671,96,66,31,Durham,3.72,0.7667,68.3,103,204,92,#67CC5C
1672,97,46,23,Cumberland,4.88,0.8548,79.8,157,217,59,#9DD93B
1673,97,47,23,Cumberland,4.93,0.8586,80.3,160,218,57,#A0DA39
1674,97,48,23,Cumberland,4.74,0.8442,78.4,152,216,62,#98D83E
1675,97,49,23,Cumberland,4.98,0.8624,80.7,162,218,55,#A2DA37
1676,97,50,23,Cumberland,4.65,0.8374,77.5,147,215,65,#93D741
1677,97,51,86,Westmorland,4.84,0.8518,79.4,157,217,59,#9DD93B
1678,97,52,86,Westmorland,4.19,0.8024,72.9,124,210,80,#7CD250
1679,97,53,86,Westmorland,4.19,0.8024,72.9,124,210,80,#7CD250
1680,97,54,86,Westmorland,5.58,0.9080,86.7,194,223,35,#C2DF23
1681,97,55,86,Westmorland,5.49,0.9012,85.8,189,223,38,#BDDF26
1682,97,56,86,Westmorland,5.3,0.8867,83.9,181,222,43,#B5DE2B
1683,97,57,86,Westmorland,5.4,0.8943,84.9,184,222,41,#B8DE29
1684,97,58,90,Yorkshire,5.44,0.8974,85.3,186,222,40,#BADE28
1685,97,59,90,Yorkshire,5.35,0.8905,84.4,181,222,43,#B5DE2B
1686,97,60,31,Durham,5.4,0.8943,84.9,184,222,41,#B8DE29
1687,97,61,31,Durham,5.35,0.8905,84.4,181,222,43,#B5DE2B
1688,97,62,31,Durham,5.91,0.9331,90.0,210,226,27,#D2E21B
1689,97,63,31,Durham,5.91,0.9331,90.0,210,226,27,#D2E21B
1690,97,64,31,Durham,4.0,0.7880,71.1,115,208,86,#73D056
1691,97,65,31,Durham,4.0,0.7880,71.1,115,208,86,#73D056
1692,97,66,90,Yorkshire,3.72,0.7667,68.3,103,204,92,#67CC5C
1693,97,67,90,Yorkshire,3.72,0.7667,68.3,103,204,92,#67CC5C
1694,97,68,90,Yorkshire,3.72,0.7667,68.3,103,204,92,#67CC5C
1695,97,69,90,Yorkshire,3.95,0.7842,70.6,112,207,87,#70CF57
1696,98,46,23,Cumberland,4.93,0.8586,80.3,160,218,57,#A0DA39
1697,98,47,23,Cumberland,4.74,0.8442,78.4,152,216,62,#98D83E
1698,98,48,23,Cumberland,4.98,0.8624,80.7,162,218,55,#A2DA37
1699,98,49,23,Cumberland,4.65,0.8374,77.5,147,215,65,#93D741
1700,98,50,23,Cumberland,4.84,0.8518,79.4,157,217,59,#9DD93B
1701,98,51,86,Westmorland,4.19,0.8024,72.9,124,210,80,#7CD250
1702,98,52,86,Westmorland,4.19,0.8024,72.9,124,210,80,#7CD250
1703,98,53,86,Westmorland,4.19,0.8024,72.9,124,210,80,#7CD250
1704,98,54,86,Westmorland,5.16,0.8761,82.5,173,220,48,#ADDC30
1705,98,55,86,Westmorland,5.16,0.8761,82.5,173,220,48,#ADDC30
1706,98,56,86,Westmorland,4.84,0.8518,79.4,157,217,59,#9DD93B
1707,98,57,86,Westmorland,5.35,0.8905,84.4,181,222,43,#B5DE2B
1708,98,58,90,Yorkshire,5.35,0.8905,84.4,181,222,43,#B5DE2B
1709,98,59,90,Yorkshire,5.4,0.8943,84.9,184,222,41,#B8DE29
1710,98,60,90,Yorkshire,5.35,0.8905,84.4,181,222,43,#B5DE2B
1711,98,61,90,Yorkshire,5.35,0.8905,84.4,181,222,43,#B5DE2B
1712,98,62,90,Yorkshire,5.91,0.9331,90.0,210,226,27,#D2E21B
1713,98,63,31,Durham,5.91,0.9331,90.0,210,226,27,#D2E21B
1714,98,64,31,Durham,5.95,0.9361,90.4,213,226,26,#D5E21A
1715,98,65,90,Yorkshire,4.0,0.7880,71.1,115,208,86,#73D056
1716,98,66,90,Yorkshire,4.05,0.7918,71.5,117,208,84,#75D054
1717,98,67,90,Yorkshire,3.91,0.7811,70.2,110,206,88,#6ECE58
1718,98,68,90,Yorkshire,3.21,0.7280,63.2,82,197,105,#52C569
1719,98,69,90,Yorkshire,3.95,0.7842,70.6,112,207,87,#70CF57
1720,98,70,90,Yorkshire,4.0,0.7880,71.1,115,208,86,#73D056
1721,99,46,23,Cumberland,4.74,0.8442,78.4,152,216,62,#98D83E
1722,99,47,23,Cumberland,4.98,0.8624,80.7,162,218,55,#A2DA37
1723,99,48,23,Cumberland,4.65,0.8374,77.5,147,215,65,#93D741
1724,99,49,23,Cumberland,4.84,0.8518,79.4,157,217,59,#9DD93B
1725,99,50,86,Westmorland,4.19,0.8024,72.9,124,210,80,#7CD250
1726,99,51,86,Westmorland,5.35,0.8905,84.4,181,222,43,#B5DE2B
1727,99,52,86,Westmorland,6.42,0.9718,95.0,236,229,27,#ECE51B
1728,99,53,86,Westmorland,6.42,0.9718,95.0,236,229,27,#ECE51B
1729,99,54,86,Westmorland,5.16,0.8761,82.5,173,220,48,#ADDC30
1730,99,55,86,Westmorland,5.4,0.8943,84.9,184,222,41,#B8DE29
1731,99,56,86,Westmorland,5.35,0.8905,84.4,181,222,43,#B5DE2B
1732,99,57,90,Yorkshire,5.35,0.8905,84.4,181,222,43,#B5DE2B
1733,99,58,90,Yorkshire,6.37,0.9680,94.5,234,229,26,#EAE51A
1734,99,59,90,Yorkshire,6.42,0.9718,95.0,236,229,27,#ECE51B
1735,99,60,90,Yorkshire,5.95,0.9361,90.4,213,226,26,#D5E21A
1736,99,61,90,Yorkshire,5.91,0.9331,90.0,210,226,27,#D2E21B
1737,99,62,90,Yorkshire,5.91,0.9331,90.0,210,226,27,#D2E21B
1738,99,63,90,Yorkshire,5.91,0.9331,90.0,210,226,27,#D2E21B
1739,99,64,90,Yorkshire,6.0,0.9399,90.8,216,226,25,#D8E219
1740,99,65,90,Yorkshire,4.0,0.7880,71.1,115,208,86,#73D056
1741,99,66,90,Yorkshire,4.0,0.7880,71.1,115,208,86,#73D056
1742,99,67,90,Yorkshire,4.0,0.7880,71.1,115,208,86,#73D056
1743,99,68,90,Yorkshire,3.02,0.7135,61.4,74,193,109,#4AC16D
1744,99,69,90,Yorkshire,4.09,0.7948,71.9,119,209,83,#77D153
1745,99,70,90,Yorkshire,4.37,0.8161,74.7,132,212,75,#84D44B
1746,99,71,90,Yorkshire,4.65,0.8374,77.5,147,215,65,#93D741
1747,100,47,23,Cumberland,4.65,0.8374,77.5,147,215,65,#93D741
1748,100,48,23,Cumberland,4.84,0.8518,79.4,157,217,59,#9DD93B
1749,100,49,49,Lancashire,4.19,0.8024,72.9,124,210,80,#7CD250
1750,100,50,49,Lancashire,4.79,0.8480,78.9,155,217,60,#9BD93C
1751,100,51,49,Lancashire,5.35,0.8905,84.4,181,222,43,#B5DE2B
1752,100,52,86,Westmorland,5.35,0.8905,84.4,181,222,43,#B5DE2B
1753,100,53,86,Westmorland,6.42,0.9718,95.0,236,229,27,#ECE51B
1754,100,54,86,Westmorland,6.42,0.9718,95.0,236,229,27,#ECE51B
1755,100,55,90,Yorkshire,5.4,0.8943,84.9,184,222,41,#B8DE29
1756,100,56,86,Westmorland,6.28,0.9612,93.6,231,228,25,#E7E419
1757,100,57,90,Yorkshire,5.4,0.8943,84.9,184,222,41,#B8DE29
1758,100,58,90,Yorkshire,6.42,0.9718,95.0,236,229,27,#ECE51B
1759,100,59,90,Yorkshire,6.42,0.9718,95.0,236,229,27,#ECE51B
1760,100,60,90,Yorkshire,6.56,0.9825,96.4,244,230,30,#F4E61E
1761,100,61,90,Yorkshire,5.91,0.9331,90.0,210,226,27,#D2E21B
1762,100,62,90,Yorkshire,5.91,0.9331,90.0,210,226,27,#D2E21B
1763,100,63,90,Yorkshire,5.86,0.9293,89.5,208,225,28,#D0E11C
1764,100,64,90,Yorkshire,6.05,0.9437,91.3,218,227,25,#DAE319
1765,100,65,90,Yorkshire,4.74,0.8442,78.4,152,216,62,#98D83E
1766,100,66,90,Yorkshire,4.0,0.7880,71.1,115,208,86,#73D056
1767,100,67,90,Yorkshire,2.51,0.6748,56.3,56,185,119,#38B977
1768,100,68,90,Yorkshire,3.91,0.7811,70.2,110,206,88,#6ECE58
1769,100,69,90,Yorkshire,4.09,0.7948,71.9,119,209,83,#77D153
1770,100,70,90,Yorkshire,4.0,0.7880,71.1,115,208,86,#73D056
1771,100,71,90,Yorkshire,4.6,0.8336,77.0,144,215,67,#90D743
1772,100,72,90,Yorkshire,5.4,0.8943,84.9,184,222,41,#B8DE29
1773,101,47,23,Cumberland,4.84,0.8518,79.4,157,217,59,#9DD93B
1774,101,48,23,Cumberland,4.19,0.8024,72.9,124,210,80,#7CD250
1775,101,49,49,Lancashire,4.79,0.8480,78.9,155,217,60,#9BD93C
1776,101,50,49,Lancashire,4.79,0.8480,78.9,155,217,60,#9BD93C
1777,101,51,49,Lancashire,4.79,0.8480,78.9,155,217,60,#9BD93C
1778,101,52,86,Westmorland,5.35,0.8905,84.4,181,222,43,#B5DE2B
1779,101,53,86,Westmorland,5.35,0.8905,84.4,181,222,43,#B5DE2B
1780,101,54,86,Westmorland,6.28,0.9612,93.6,231,228,25,#E7E419
1781,101,55,90,Yorkshire,6.28,0.9612,93.6,231,228,25,#E7E419
1782,101,56,90,Yorkshire,6.28,0.9612,93.6,231,228,25,#E7E419
1783,101,57,90,Yorkshire,6.28,0.9612,93.6,231,228,25,#E7E419
1784,101,58,90,Yorkshire,6.42,0.9718,95.0,236,229,27,#ECE51B
1785,101,59,90,Yorkshire,6.42,0.9718,95.0,236,229,27,#ECE51B
1786,101,60,90,Yorkshire,6.42,0.9718,95.0,236,229,27,#ECE51B
1787,101,61,90,Yorkshire,5.95,0.9361,90.4,213,226,26,#D5E21A
1788,101,62,90,Yorkshire,6.05,0.9437,91.3,218,227,25,#DAE319
1789,101,63,90,Yorkshire,6.19,0.9544,92.7,226,228,24,#E2E418
1790,101,64,90,Yorkshire,6.05,0.9437,91.3,218,227,25,#DAE319
1791,101,65,90,Yorkshire,4.84,0.8518,79.4,157,217,59,#9DD93B
1792,101,66,90,Yorkshire,4.93,0.8586,80.3,160,218,57,#A0DA39
1793,101,67,90,Yorkshire,3.86,0.7773,69.7,110,206,88,#6ECE58
1794,101,68,90,Yorkshire,3.91,0.7811,70.2,110,206,88,#6ECE58
1795,101,69,90,Yorkshire,4.05,0.7918,71.5,117,208,84,#75D054
1796,101,70,90,Yorkshire,4.74,0.8442,78.4,152,216,62,#98D83E
1797,101,71,90,Yorkshire,4.19,0.8024,72.9,124,210,80,#7CD250
1798,101,72,90,Yorkshire,5.3,0.8867,83.9,181,222,43,#B5DE2B
1799,102,48,23,Cumberland,4.79,0.8480,78.9,155,217,60,#9BD93C
1800,102,49,49,Lancashire,4.79,0.8480,78.9,155,217,60,#9BD93C
1801,102,50,49,Lancashire,4.79,0.8480,78.9,155,217,60,#9BD93C
1802,102,51,49,Lancashire,4.79,0.8480,78.9,155,217,60,#9BD93C
1803,102,52,86,Westmorland,4.79,0.8480,78.9,155,217,60,#9BD93C
1804,102,53,86,Westmorland,4.79,0.8480,78.9,155,217,60,#9BD93C
1805,102,54,86,Westmorland,5.12,0.8731,82.1,170,220,50,#AADC32
1806,102,55,90,Yorkshire,6.05,0.9437,91.3,218,227,25,#DAE319
1807,102,56,90,Yorkshire,6.28,0.9612,93.6,231,228,25,#E7E419
1808,102,57,90,Yorkshire,6.28,0.9612,93.6,231,228,25,#E7E419
1809,102,58,90,Yorkshire,6.42,0.9718,95.0,236,229,27,#ECE51B
1810,102,59,90,Yorkshire,6.42,0.9718,95.0,236,229,27,#ECE51B
1811,102,60,90,Yorkshire,6.0,0.9399,90.8,216,226,25,#D8E219
1812,102,61,90,Yorkshire,6.23,0.9574,93.1,229,228,25,#E5E419
1813,102,62,90,Yorkshire,6.56,0.9825,96.4,244,230,30,#F4E61E
1814,102,63,90,Yorkshire,6.05,0.9437,91.3,218,227,25,#DAE319
1815,102,64,90,Yorkshire,5.86,0.9293,89.5,208,225,28,#D0E11C
1816,102,65,90,Yorkshire,4.88,0.8548,79.8,157,217,59,#9DD93B
1817,102,66,90,Yorkshire,4.88,0.8548,79.8,157,217,59,#9DD93B
1818,102,67,90,Yorkshire,4.56,0.8305,76.6,142,214,69,#8ED645
1819,102,68,90,Yorkshire,4.42,0.8199,75.2,134,213,73,#86D549
1820,102,69,90,Yorkshire,5.12,0.8731,82.1,170,220,50,#AADC32
1821,102,70,90,Yorkshire,4.65,0.8374,77.5,147,215,65,#93D741
1822,102,71,90,Yorkshire,4.93,0.8586,80.3,160,218,57,#A0DA39
1823,102,72,90,Yorkshire,5.16,0.8761,82.5,173,220,48,#ADDC30
1824,102,73,90,Yorkshire,5.16,0.8761,82.5,173,220,48,#ADDC30
1825,103,49,49,Lancashire,4.79,0.8480,78.9,155,217,60,#9BD93C
1826,103,53,49,Lancashire,4.88,0.8548,79.8,157,217,59,#9DD93B
1827,103,54,49,Lancashire,6.14,0.9506,92.2,223,227,24,#DFE318
1828,103,55,90,Yorkshire,6.14,0.9506,92.2,223,227,24,#DFE318
1829,103,56,90,Yorkshire,5.21,0.8799,83.0,176,221,47,#B0DD2F
1830,103,57,90,Yorkshire,5.95,0.9361,90.4,213,226,26,#D5E21A
1831,103,58,90,Yorkshire,5.86,0.9293,89.5,208,225,28,#D0E11C
1832,103,59,90,Yorkshire,6.37,0.9680,94.5,234,229,26,#EAE51A
1833,103,60,90,Yorkshire,6.42,0.9718,95.0,236,229,27,#ECE51B
1834,103,61,90,Yorkshire,6.28,0.9612,93.6,231,228,25,#E7E419
1835,103,62,90,Yorkshire,6.42,0.9718,95.0,236,229,27,#ECE51B
1836,103,63,90,Yorkshire,6.19,0.9544,92.7,226,228,24,#E2E418
1837,103,64,90,Yorkshire,5.58,0.9080,86.7,194,223,35,#C2DF23
1838,103,65,90,Yorkshire,4.88,0.8548,79.8,157,217,59,#9DD93B
1839,103,66,90,Yorkshire,4.56,0.8305,76.6,142,214,69,#8ED645
1840,103,67,90,Yorkshire,5.02,0.8655,81.1,165,219,54,#A5DB36
1841,103,68,90,Yorkshire,6.14,0.9506,92.2,223,227,24,#DFE318
1842,103,69,90,Yorkshire,5.12,0.8731,82.1,170,220,50,#AADC32
1843,103,70,90,Yorkshire,6.05,0.9437,91.3,218,227,25,#DAE319
1844,103,71,90,Yorkshire,5.86,0.9293,89.5,208,225,28,#D0E11C
1845,103,72,90,Yorkshire,6.0,0.9399,90.8,216,226,25,#D8E219
1846,103,73,90,Yorkshire,5.16,0.8761,82.5,173,220,48,#ADDC30
1847,103,74,90,Yorkshire,5.16,0.8761,82.5,173,220,48,#ADDC30
1848,104,49,49,Lancashire,4.79,0.8480,78.9,155,217,60,#9BD93C
1849,104,53,49,Lancashire,5.07,0.8693,81.6,168,219,52,#A8DB34
1850,104,54,49,Lancashire,6.14,0.9506,92.2,223,227,24,#DFE318
1851,104,55,90,Yorkshire,6.09,0.9468,91.7,221,227,24,#DDE318
1852,104,56,90,Yorkshire,5.91,0.9331,90.0,210,226,27,#D2E21B
1853,104,57,90,Yorkshire,5.91,0.9331,90.0,210,226,27,#D2E21B
1854,104,58,90,Yorkshire,5.86,0.9293,89.5,208,225,28,#D0E11C
1855,104,59,90,Yorkshire,6.47,0.9756,95.5,239,229,28,#EFE51C
1856,104,60,90,Yorkshire,6.23,0.9574,93.1,229,228,25,#E5E419
1857,104,61,90,Yorkshire,6.23,0.9574,93.1,229,228,25,#E5E419
1858,104,62,90,Yorkshire,6.42,0.9718,95.0,236,229,27,#ECE51B
1859,104,63,90,Yorkshire,6.47,0.9756,95.5,239,229,28,#EFE51C
1860,104,64,90,Yorkshire,6.23,0.9574,93.1,229,228,25,#E5E419
1861,104,65,90,Yorkshire,5.63,0.9118,87.2,197,224,33,#C5E021
1862,104,66,90,Yorkshire,5.4,0.8943,84.9,184,222,41,#B8DE29
1863,104,67,90,Yorkshire,6.65,0.9893,97.3,248,230,33,#F8E621
1864,104,68,90,Yorkshire,6.14,0.9506,92.2,223,227,24,#DFE318
1865,104,69,90,Yorkshire,6.14,0.9506,92.2,223,227,24,#DFE318
1866,104,70,90,Yorkshire,5.91,0.9331,90.0,210,226,27,#D2E21B
1867,104,71,90,Yorkshire,5.91,0.9331,90.0,210,226,27,#D2E21B
1868,104,72,90,Yorkshire,5.77,0.9225,88.6,205,225,29,#CDE11D
1869,104,73,90,Yorkshire,5.63,0.9118,87.2,197,224,33,#C5E021
1870,104,74,90,Yorkshire,5.26,0.8837,83.5,178,221,45,#B2DD2D
1871,104,75,90,Yorkshire,,,,,,,
1872,105,52,49,Lancashire,5.58,0.9080,86.7,194,223,35,#C2DF23
1873,105,53,49,Lancashire,5.72,0.9187,88.1,202,225,31,#CAE11F
1874,105,54,49,Lancashire,6.14,0.9506,92.2,223,227,24,#DFE318
1875,105,55,90,Yorkshire,5.72,0.9187,88.1,202,225,31,#CAE11F
1876,105,56,90,Yorkshire,5.67,0.9149,87.6,200,224,32,#C8E020
1877,105,57,90,Yorkshire,6.6,0.9855,96.8,246,230,32,#F6E620
1878,105,58,90,Yorkshire,6.42,0.9718,95.0,236,229,27,#ECE51B
1879,105,59,90,Yorkshire,6.47,0.9756,95.5,239,229,28,#EFE51C
1880,105,60,90,Yorkshire,6.56,0.9825,96.4,244,230,30,#F4E61E
1881,105,61,90,Yorkshire,6.28,0.9612,93.6,231,228,25,#E7E419
1882,105,62,90,Yorkshire,6.28,0.9612,93.6,231,228,25,#E7E419
1883,105,63,90,Yorkshire,6.05,0.9437,91.3,218,227,25,#DAE319
1884,105,64,90,Yorkshire,6.28,0.9612,93.6,231,228,25,#E7E419
1885,105,65,90,Yorkshire,5.35,0.8905,84.4,181,222,43,#B5DE2B
1886,105,66,90,Yorkshire,6.74,0.9961,98.2,253,231,37,#FDE725
1887,105,67,90,Yorkshire,6.79,0.9999,98.7,253,231,37,#FDE725
1888,105,68,90,Yorkshire,6.65,0.9893,97.3,248,230,33,#F8E621
1889,105,69,90,Yorkshire,5.72,0.9187,88.1,202,225,31,#CAE11F
1890,105,70,90,Yorkshire,5.91,0.9331,90.0,210,226,27,#D2E21B
1891,105,71,90,Yorkshire,5.86,0.9293,89.5,208,225,28,#D0E11C
1892,105,72,90,Yorkshire,5.77,0.9225,88.6,205,225,29,#CDE11D
1893,105,73,90,Yorkshire,5.86,0.9293,89.5,208,225,28,#D0E11C
1894,105,74,90,Yorkshire,5.21,0.8799,83.0,176,221,47,#B0DD2F
1895,106,52,49,Lancashire,5.4,0.8943,84.9,184,222,41,#B8DE29
1896,106,53,49,Lancashire,5.3,0.8867,83.9,181,222,43,#B5DE2B
1897,106,54,49,Lancashire,5.77,0.9225,88.6,205,225,29,#CDE11D
1898,106,55,90,Yorkshire,5.95,0.9361,90.4,213,226,26,#D5E21A
1899,106,56,90,Yorkshire,6.42,0.9718,95.0,236,229,27,#ECE51B
1900,106,57,90,Yorkshire,6.7,0.9931,97.8,251,231,35,#FBE723
1901,106,58,90,Yorkshire,6.6,0.9855,96.8,246,230,32,#F6E620
1902,106,59,90,Yorkshire,6.6,0.9855,96.8,246,230,32,#F6E620
1903,106,60,90,Yorkshire,6.65,0.9893,97.3,248,230,33,#F8E621
1904,106,61,90,Yorkshire,6.56,0.9825,96.4,244,230,30,#F4E61E
1905,106,62,90,Yorkshire,6.23,0.9574,93.1,229,228,25,#E5E419
1906,106,63,90,Yorkshire,5.91,0.9331,90.0,210,226,27,#D2E21B
1907,106,64,90,Yorkshire,5.95,0.9361,90.4,213,226,26,#D5E21A
1908,106,65,90,Yorkshire,6.37,0.9680,94.5,234,229,26,#EAE51A
1909,106,66,90,Yorkshire,6.05,0.9437,91.3,218,227,25,#DAE319
1910,106,67,90,Yorkshire,6.42,0.9718,95.0,236,229,27,#ECE51B
1911,106,68,90,Yorkshire,6.6,0.9855,96.8,246,230,32,#F6E620
1912,106,69,90,Yorkshire,6.28,0.9612,93.6,231,228,25,#E7E419
1913,106,70,90,Yorkshire,5.77,0.9225,88.6,205,225,29,#CDE11D
1914,106,71,90,Yorkshire,5.95,0.9361,90.4,213,226,26,#D5E21A
1915,106,72,90,Yorkshire,5.77,0.9225,88.6,205,225,29,#CDE11D
1916,106,73,90,Yorkshire,5.95,0.9361,90.4,213,226,26,#D5E21A
1917,106,74,90,Yorkshire,5.53,0.9042,86.2,192,223,37,#C0DF25
1918,107,51,49,Lancashire,4.65,0.8374,77.5,147,215,65,#93D741
1919,107,52,49,Lancashire,4.65,0.8374,77.5,147,215,65,#93D741
1920,107,53,49,Lancashire,5.35,0.8905,84.4,181,222,43,#B5DE2B
1921,107,54,49,Lancashire,5.67,0.9149,87.6,200,224,32,#C8E020
1922,107,55,90,Yorkshire,6.28,0.9612,93.6,231,228,25,#E7E419
1923,107,56,90,Yorkshire,6.51,0.9787,95.9,241,229,29,#F1E51D
1924,107,57,90,Yorkshire,6.79,0.9999,98.7,253,231,37,#FDE725
1925,107,58,90,Yorkshire,6.56,0.9825,96.4,244,230,30,#F4E61E
1926,107,59,90,Yorkshire,6.6,0.9855,96.8,246,230,32,#F6E620
1927,107,60,90,Yorkshire,6.23,0.9574,93.1,229,228,25,#E5E419
1928,107,61,90,Yorkshire,6.47,0.9756,95.5,239,229,28,#EFE51C
1929,107,62,90,Yorkshire,6.6,0.9855,96.8,246,230,32,#F6E620
1930,107,63,90,Yorkshire,6.28,0.9612,93.6,231,228,25,#E7E419
1931,107,64,90,Yorkshire,6.6,0.9855,96.8,246,230,32,#F6E620
1932,107,65,90,Yorkshire,6.6,0.9855,96.8,246,230,32,#F6E620
1933,107,66,90,Yorkshire,6.74,0.9961,98.2,253,231,37,#FDE725
1934,107,67,90,Yorkshire,6.79,0.9999,98.7,253,231,37,#FDE725
1935,107,68,90,Yorkshire,6.79,0.9999,98.7,253,231,37,#FDE725
1936,107,69,90,Yorkshire,6.23,0.9574,93.1,229,228,25,#E5E419
1937,107,70,90,Yorkshire,5.16,0.8761,82.5,173,220,48,#ADDC30
1938,107,71,90,Yorkshire,5.16,0.8761,82.5,173,220,48,#ADDC30
1939,107,72,90,Yorkshire,5.53,0.9042,86.2,192,223,37,#C0DF25
1940,107,73,90,Yorkshire,5.53,0.9042,86.2,192,223,37,#C0DF25
1941,107,74,90,Yorkshire,5.53,0.9042,86.2,192,223,37,#C0DF25
1942,107,75,90,Yorkshire,,,,,,,
1943,108,51,49,Lancashire,4.65,0.8374,77.5,147,215,65,#93D741
1944,108,52,49,Lancashire,4.47,0.8237,75.7,137,213,72,#89D548
1945,108,53,49,Lancashire,5.16,0.8761,82.5,173,220,48,#ADDC30
1946,108,54,49,Lancashire,5.49,0.9012,85.8,189,223,38,#BDDF26
1947,108,55,49,Lancashire,6.09,0.9468,91.7,221,227,24,#DDE318
1948,108,56,49,Lancashire,6.65,0.9893,97.3,248,230,33,#F8E621
1949,108,57,49,Lancashire,6.23,0.9574,93.1,229,228,25,#E5E419
1950,108,58,49,Lancashire,6.23,0.9574,93.1,229,228,25,#E5E419
1951,108,59,90,Yorkshire,5.67,0.9149,87.6,200,224,32,#C8E020
1952,108,60,90,Yorkshire,6.14,0.9506,92.2,223,227,24,#DFE318
1953,108,61,90,Yorkshire,6.14,0.9506,92.2,223,227,24,#DFE318
1954,108,62,90,Yorkshire,6.42,0.9718,95.0,236,229,27,#ECE51B
1955,108,63,90,Yorkshire,6.42,0.9718,95.0,236,229,27,#ECE51B
1956,108,64,90,Yorkshire,6.42,0.9718,95.0,236,229,27,#ECE51B
1957,108,65,90,Yorkshire,6.37,0.9680,94.5,234,229,26,#EAE51A
1958,108,66,90,Yorkshire,6.7,0.9931,97.8,251,231,35,#FBE723
1959,108,67,90,Yorkshire,6.74,0.9961,98.2,253,231,37,#FDE725
1960,108,68,90,Yorkshire,6.09,0.9468,91.7,221,227,24,#DDE318
1961,108,69,90,Yorkshire,6.23,0.9574,93.1,229,228,25,#E5E419
1962,108,70,90,Yorkshire,4.74,0.8442,78.4,152,216,62,#98D83E
1963,108,71,90,Yorkshire,5.16,0.8761,82.5,173,220,48,#ADDC30
1964,108,72,90,Yorkshire,5.58,0.9080,86.7,194,223,35,#C2DF23
1965,108,73,90,Yorkshire,5.53,0.9042,86.2,192,223,37,#C0DF25
1966,108,74,90,Yorkshire,5.49,0.9012,85.8,189,223,38,#BDDF26
1967,108,75,90,Yorkshire,5.91,0.9331,90.0,210,226,27,#D2E21B
1968,109,51,49,Lancashire,5.49,0.9012,85.8,189,223,38,#BDDF26
1969,109,52,49,Lancashire,4.23,0.8055,73.3,127,211,78,#7FD34E
1970,109,53,49,Lancashire,4.98,0.8624,80.7,162,218,55,#A2DA37
1971,109,54,49,Lancashire,6.19,0.9544,92.7,226,228,24,#E2E418
1972,109,55,49,Lancashire,6.56,0.9825,96.4,244,230,30,#F4E61E
1973,109,56,49,Lancashire,6.79,0.9999,98.7,253,231,37,#FDE725
1974,109,57,49,Lancashire,6.79,0.9999,98.7,253,231,37,#FDE725
1975,109,58,49,Lancashire,6.23,0.9574,93.1,229,228,25,#E5E419
1976,109,59,90,Yorkshire,5.21,0.8799,83.0,176,221,47,#B0DD2F
1977,109,60,90,Yorkshire,5.72,0.9187,88.1,202,225,31,#CAE11F
1978,109,61,90,Yorkshire,5.91,0.9331,90.0,210,226,27,#D2E21B
1979,109,62,90,Yorkshire,6.51,0.9787,95.9,241,229,29,#F1E51D
1980,109,63,90,Yorkshire,6.6,0.9855,96.8,246,230,32,#F6E620
1981,109,64,90,Yorkshire,6.42,0.9718,95.0,236,229,27,#ECE51B
1982,109,65,90,Yorkshire,6.37,0.9680,94.5,234,229,26,#EAE51A
1983,109,66,90,Yorkshire,6.79,0.9999,98.7,253,231,37,#FDE725
1984,109,67,90,Yorkshire,6.28,0.9612,93.6,231,228,25,#E7E419
1985,109,68,90,Yorkshire,6.05,0.9437,91.3,218,227,25,#DAE319
1986,109,69,90,Yorkshire,4.65,0.8374,77.5,147,215,65,#93D741
1987,109,70,90,Yorkshire,5.53,0.9042,86.2,192,223,37,#C0DF25
1988,109,71,90,Yorkshire,5.58,0.9080,86.7,194,223,35,#C2DF23
1989,109,72,90,Yorkshire,5.53,0.9042,86.2,192,223,37,#C0DF25
1990,109,73,90,Yorkshire,5.21,0.8799,83.0,176,221,47,#B0DD2F
1991,109,74,90,Yorkshire,6.05,0.9437,91.3,218,227,25,#DAE319
1992,109,75,90,Yorkshire,5.95,0.9361,90.4,213,226,26,#D5E21A
1993,109,76,90,Yorkshire,4.88,0.8548,79.8,157,217,59,#9DD93B
1994,110,51,49,Lancashire,5.49,0.9012,85.8,189,223,38,#BDDF26
1995,110,52,49,Lancashire,4.33,0.8131,74.3,132,212,75,#84D44B
1996,110,53,49,Lancashire,4.98,0.8624,80.7,162,218,55,#A2DA37
1997,110,54,49,Lancashire,5.86,0.9293,89.5,208,225,28,#D0E11C
1998,110,55,49,Lancashire,6.56,0.9825,96.4,244,230,30,#F4E61E
1999,110,56,49,Lancashire,6.14,0.9506,92.2,223,227,24,#DFE318
2000,110,57,49,Lancashire,6.79,0.9999,98.7,253,231,37,#FDE725
2001,110,58,49,Lancashire,5.95,0.9361,90.4,213,226,26,#D5E21A
2002,110,59,90,Yorkshire,5.35,0.8905,84.4,181,222,43,#B5DE2B
2003,110,60,90,Yorkshire,6.14,0.9506,92.2,223,227,24,#DFE318
2004,110,61,90,Yorkshire,6.51,0.9787,95.9,241,229,29,#F1E51D
2005,110,62,90,Yorkshire,6.6,0.9855,96.8,246,230,32,#F6E620
2006,110,63,90,Yorkshire,5.44,0.8974,85.3,186,222,40,#BADE28
2007,110,64,90,Yorkshire,5.3,0.8867,83.9,181,222,43,#B5DE2B
2008,110,65,90,Yorkshire,6.19,0.9544,92.7,226,228,24,#E2E418
2009,110,66,90,Yorkshire,5.86,0.9293,89.5,208,225,28,#D0E11C
2010,110,67,90,Yorkshire,6.14,0.9506,92.2,223,227,24,#DFE318
2011,110,68,90,Yorkshire,6.19,0.9544,92.7,226,228,24,#E2E418
2012,110,69,90,Yorkshire,5.72,0.9187,88.1,202,225,31,#CAE11F
2013,110,70,90,Yorkshire,5.67,0.9149,87.6,200,224,32,#C8E020
2014,110,71,51,Lincolnshire,5.67,0.9149,87.6,200,224,32,#C8E020
2015,110,72,90,Yorkshire,5.16,0.8761,82.5,173,220,48,#ADDC30
2016,110,75,90,Yorkshire,4.65,0.8374,77.5,147,215,65,#93D741
2017,110,76,90,Yorkshire,5.72,0.9187,88.1,202,225,31,#CAE11F
2018,111,51,49,Lancashire,5.07,0.8693,81.6,168,219,52,#A8DB34
2019,111,52,49,Lancashire,5.21,0.8799,83.0,176,221,47,#B0DD2F
2020,111,53,49,Lancashire,5.21,0.8799,83.0,176,221,47,#B0DD2F
2021,111,54,49,Lancashire,6.19,0.9544,92.7,226,228,24,#E2E418
2022,111,55,49,Lancashire,6.6,0.9855,96.8,246,230,32,#F6E620
2023,111,56,49,Lancashire,6.51,0.9787,95.9,241,229,29,#F1E51D
2024,111,57,49,Lancashire,5.91,0.9331,90.0,210,226,27,#D2E21B
2025,111,58,49,Lancashire,5.49,0.9012,85.8,189,223,38,#BDDF26
2026,111,59,90,Yorkshire,5.49,0.9012,85.8,189,223,38,#BDDF26
2027,111,60,90,Yorkshire,5.63,0.9118,87.2,197,224,33,#C5E021
2028,111,61,90,Yorkshire,6.05,0.9437,91.3,218,227,25,#DAE319
2029,111,62,90,Yorkshire,5.4,0.8943,84.9,184,222,41,#B8DE29
2030,111,63,90,Yorkshire,5.35,0.8905,84.4,181,222,43,#B5DE2B
2031,111,64,90,Yorkshire,4.98,0.8624,80.7,162,218,55,#A2DA37
2032,111,65,90,Yorkshire,5.35,0.8905,84.4,181,222,43,#B5DE2B
2033,111,66,90,Yorkshire,5.07,0.8693,81.6,168,219,52,#A8DB34
2034,111,67,90,Yorkshire,5.95,0.9361,90.4,213,226,26,#D5E21A
2035,111,68,90,Yorkshire,6.09,0.9468,91.7,221,227,24,#DDE318
2036,111,69,90,Yorkshire,6.42,0.9718,95.0,236,229,27,#ECE51B
2037,111,70,51,Lincolnshire,5.63,0.9118,87.2,197,224,33,#C5E021
2038,111,71,51,Lincolnshire,5.67,0.9149,87.6,200,224,32,#C8E020
2039,111,72,51,Lincolnshire,5.21,0.8799,83.0,176,221,47,#B0DD2F
2040,111,73,51,Lincolnshire,5.16,0.8761,82.5,173,220,48,#ADDC30
2041,111,74,51,Lincolnshire,4.7,0.8412,78.0,149,216,64,#95D840
2042,111,76,90,Yorkshire,,,,,,,
2043,111,77,90,Yorkshire,,,,,,,
2044,112,50,49,Lancashire,4.42,0.8199,75.2,134,213,73,#86D549
2045,112,51,49,Lancashire,5.44,0.8974,85.3,186,222,40,#BADE28
2046,112,52,49,Lancashire,5.72,0.9187,88.1,202,225,31,#CAE11F
2047,112,53,49,Lancashire,5.95,0.9361,90.4,213,226,26,#D5E21A
2048,112,54,49,Lancashire,6.28,0.9612,93.6,231,228,25,#E7E419
2049,112,55,49,Lancashire,6.47,0.9756,95.5,239,229,28,#EFE51C
2050,112,56,49,Lancashire,6.05,0.9437,91.3,218,227,25,#DAE319
2051,112,57,49,Lancashire,5.72,0.9187,88.1,202,225,31,#CAE11F
2052,112,58,49,Lancashire,5.72,0.9187,88.1,202,225,31,#CAE11F
2053,112,59,90,Yorkshire,5.4,0.8943,84.9,184,222,41,#B8DE29
2054,112,60,90,Yorkshire,5.4,0.8943,84.9,184,222,41,#B8DE29
2055,112,61,90,Yorkshire,5.67,0.9149,87.6,200,224,32,#C8E020
2056,112,62,90,Yorkshire,5.58,0.9080,86.7,194,223,35,#C2DF23
2057,112,63,90,Yorkshire,5.4,0.8943,84.9,184,222,41,#B8DE29
2058,112,64,90,Yorkshire,4.74,0.8442,78.4,152,216,62,#98D83E
2059,112,65,90,Yorkshire,4.51,0.8267,76.1,139,214,70,#8BD646
2060,112,66,90,Yorkshire,5.49,0.9012,85.8,189,223,38,#BDDF26
2061,112,67,90,Yorkshire,5.86,0.9293,89.5,208,225,28,#D0E11C
2062,112,68,90,Yorkshire,6.42,0.9718,95.0,236,229,27,#ECE51B
2063,112,69,51,Lincolnshire,6.37,0.9680,94.5,234,229,26,#EAE51A
2064,112,70,51,Lincolnshire,5.63,0.9118,87.2,197,224,33,#C5E021
2065,112,71,51,Lincolnshire,5.77,0.9225,88.6,205,225,29,#CDE11D
2066,112,72,51,Lincolnshire,5.21,0.8799,83.0,176,221,47,#B0DD2F
2067,112,73,51,Lincolnshire,5.21,0.8799,83.0,176,221,47,#B0DD2F
2068,112,74,51,Lincolnshire,4.65,0.8374,77.5,147,215,65,#93D741
2069,112,75,51,Lincolnshire,4.7,0.8412,78.0,149,216,64,#95D840
2070,113,50,49,Lancashire,4.33,0.8131,74.3,132,212,75,#84D44B
2071,113,51,49,Lancashire,5.35,0.8905,84.4,181,222,43,#B5DE2B
2072,113,52,49,Lancashire,5.72,0.9187,88.1,202,225,31,#CAE11F
2073,113,53,49,Lancashire,5.95,0.9361,90.4,213,226,26,#D5E21A
2074,113,54,49,Lancashire,5.67,0.9149,87.6,200,224,32,#C8E020
2075,113,55,49,Lancashire,6.28,0.9612,93.6,231,228,25,#E7E419
2076,113,56,49,Lancashire,6.05,0.9437,91.3,218,227,25,#DAE319
2077,113,57,49,Lancashire,5.72,0.9187,88.1,202,225,31,#CAE11F
2078,113,58,49,Lancashire,5.26,0.8837,83.5,178,221,45,#B2DD2D
2079,113,59,19,Cheshire,5.26,0.8837,83.5,178,221,45,#B2DD2D
2080,113,60,19,Cheshire,5.26,0.8837,83.5,178,221,45,#B2DD2D
2081,113,61,90,Yorkshire,5.58,0.9080,86.7,194,223,35,#C2DF23
2082,113,62,90,Yorkshire,5.58,0.9080,86.7,194,223,35,#C2DF23
2083,113,63,90,Yorkshire,5.58,0.9080,86.7,194,223,35,#C2DF23
2084,113,64,90,Yorkshire,4.84,0.8518,79.4,157,217,59,#9DD93B
2085,113,65,90,Yorkshire,5.3,0.8867,83.9,181,222,43,#B5DE2B
2086,113,66,90,Yorkshire,5.95,0.9361,90.4,213,226,26,#D5E21A
2087,113,67,90,Yorkshire,5.86,0.9293,89.5,208,225,28,#D0E11C
2088,113,68,90,Yorkshire,6.79,0.9999,98.7,253,231,37,#FDE725
2089,113,69,51,Lincolnshire,6.7,0.9931,97.8,251,231,35,#FBE723
2090,113,70,51,Lincolnshire,5.63,0.9118,87.2,197,224,33,#C5E021
2091,113,71,51,Lincolnshire,5.63,0.9118,87.2,197,224,33,#C5E021
2092,113,72,51,Lincolnshire,4.33,0.8131,74.3,132,212,75,#84D44B
2093,113,73,51,Lincolnshire,4.33,0.8131,74.3,132,212,75,#84D44B
2094,113,74,51,Lincolnshire,3.53,0.7523,66.4,94,201,98,#5EC962
2095,113,75,51,Lincolnshire,3.26,0.7318,63.7,84,197,104,#54C568
2096,113,76,51,Lincolnshire,4.7,0.8412,78.0,149,216,64,#95D840
2097,113,77,51,Lincolnshire,,,,,,,
2098,114,51,49,Lancashire,5.49,0.9012,85.8,189,223,38,#BDDF26
2099,114,52,49,Lancashire,5.07,0.8693,81.6,168,219,52,#A8DB34
2100,114,53,49,Lancashire,5.58,0.9080,86.7,194,223,35,#C2DF23
2101,114,54,49,Lancashire,6.09,0.9468,91.7,221,227,24,#DDE318
2102,114,55,49,Lancashire,6.14,0.9506,92.2,223,227,24,#DFE318
2103,114,56,49,Lancashire,6.14,0.9506,92.2,223,227,24,#DFE318
2104,114,57,49,Lancashire,5.44,0.8974,85.3,186,222,40,#BADE28
2105,114,58,49,Lancashire,5.4,0.8943,84.9,184,222,41,#B8DE29
2106,114,59,19,Cheshire,5.35,0.8905,84.4,181,222,43,#B5DE2B
2107,114,60,25,Derbyshire,5.26,0.8837,83.5,178,221,45,#B2DD2D
2108,114,61,25,Derbyshire,5.63,0.9118,87.2,197,224,33,#C5E021
2109,114,62,90,Yorkshire,5.58,0.9080,86.7,194,223,35,#C2DF23
2110,114,63,90,Yorkshire,5.16,0.8761,82.5,173,220,48,#ADDC30
2111,114,64,90,Yorkshire,5.95,0.9361,90.4,213,226,26,#D5E21A
2112,114,65,90,Yorkshire,4.56,0.8305,76.6,142,214,69,#8ED645
2113,114,66,90,Yorkshire,6.65,0.9893,97.3,248,230,33,#F8E621
2114,114,67,90,Yorkshire,6.65,0.9893,97.3,248,230,33,#F8E621
2115,114,68,63,Nottinghamshire,6.42,0.9718,95.0,236,229,27,#ECE51B
2116,114,69,63,Nottinghamshire,5.63,0.9118,87.2,197,224,33,#C5E021
2117,114,70,51,Lincolnshire,5.63,0.9118,87.2,197,224,33,#C5E021
2118,114,71,51,Lincolnshire,5.72,0.9187,88.1,202,225,31,#CAE11F
2119,114,72,51,Lincolnshire,3.72,0.7667,68.3,103,204,92,#67CC5C
2120,114,73,51,Lincolnshire,4.33,0.8131,74.3,132,212,75,#84D44B
2121,114,74,51,Lincolnshire,3.16,0.7242,62.7,80,196,106,#50C46A
2122,114,75,51,Lincolnshire,3.07,0.7173,61.8,76,194,108,#4CC26C
2123,114,76,51,Lincolnshire,4.7,0.8412,78.0,149,216,64,#95D840
2124,114,77,51,Lincolnshire,3.72,0.7667,68.3,103,204,92,#67CC5C
2125,114,78,51,Lincolnshire,,,,,,,
2126,115,38,1,Anglesey,-1.3,0.3853,18.6,43,116,142,#2B748E
2127,115,39,1,Anglesey,-0.74,0.4279,24.1,39,127,142,#277F8E
2128,115,49,19,Cheshire,3.49,0.7492,66.0,92,200,99,#5CC863
2129,115,50,19,Cheshire,4.37,0.8161,74.7,132,212,75,#84D44B
2130,115,51,49,Lancashire,4.19,0.8024,72.9,124,210,80,#7CD250
2131,115,52,49,Lancashire,5.07,0.8693,81.6,168,219,52,#A8DB34
2132,115,53,49,Lancashire,5.58,0.9080,86.7,194,223,35,#C2DF23
2133,115,54,19,Cheshire,6.14,0.9506,92.2,223,227,24,#DFE318
2134,115,55,19,Cheshire,6.05,0.9437,91.3,218,227,25,#DAE319
2135,115,56,19,Cheshire,5.67,0.9149,87.6,200,224,32,#C8E020
2136,115,57,19,Cheshire,5.72,0.9187,88.1,202,225,31,#CAE11F
2137,115,58,19,Cheshire,5.3,0.8867,83.9,181,222,43,#B5DE2B
2138,115,59,25,Derbyshire,5.35,0.8905,84.4,181,222,43,#B5DE2B
2139,115,60,25,Derbyshire,5.63,0.9118,87.2,197,224,33,#C5E021
2140,115,61,25,Derbyshire,5.58,0.9080,86.7,194,223,35,#C2DF23
2141,115,62,25,Derbyshire,5.72,0.9187,88.1,202,225,31,#CAE11F
2142,115,63,90,Yorkshire,5.26,0.8837,83.5,178,221,45,#B2DD2D
2143,115,64,90,Yorkshire,5.16,0.8761,82.5,173,220,48,#ADDC30
2144,115,65,90,Yorkshire,6.23,0.9574,93.1,229,228,25,#E5E419
2145,115,66,90,Yorkshire,6.05,0.9437,91.3,218,227,25,#DAE319
2146,115,67,63,Nottinghamshire,6.09,0.9468,91.7,221,227,24,#DDE318
2147,115,68,63,Nottinghamshire,5.49,0.9012,85.8,189,223,38,#BDDF26
2148,115,69,63,Nottinghamshire,5.53,0.9042,86.2,192,223,37,#C0DF25
2149,115,70,51,Lincolnshire,5.67,0.9149,87.6,200,224,32,#C8E020
2150,115,71,51,Lincolnshire,3.81,0.7736,69.2,108,205,90,#6CCD5A
2151,115,72,51,Lincolnshire,4.05,0.7918,71.5,117,208,84,#75D054
2152,115,73,51,Lincolnshire,3.67,0.7629,67.8,101,203,94,#65CB5E
2153,115,74,51,Lincolnshire,2.56,0.6786,56.8,58,186,118,#3ABA76
2154,115,75,51,Lincolnshire,2.79,0.6961,59.1,66,190,113,#42BE71
2155,115,76,51,Lincolnshire,2.98,0.7105,61.0,72,193,110,#48C16E
2156,115,77,51,Lincolnshire,3.67,0.7629,67.8,101,203,94,#65CB5E
2157,115,78,51,Lincolnshire,2.93,0.7067,60.5,70,192,111,#46C06F
2158,116,37,1,Anglesey,-0.98,0.4096,21.8,41,122,142,#297A8E
2159,116,38,1,Anglesey,-0.98,0.4096,21.8,41,122,142,#297A8E
2160,116,39,1,Anglesey,-1.3,0.3853,18.6,43,116,142,#2B748E
2161,116,40,1,Anglesey,,,,,,,
2162,116,47,36,Flintshire,2.14,0.6467,52.6,46,179,124,#2EB37C
2163,116,48,36,Flintshire,3.58,0.7561,66.9,96,202,96,#60CA60
2164,116,50,19,Cheshire,4.05,0.7918,71.5,117,208,84,#75D054
2165,116,51,19,Cheshire,4.05,0.7918,71.5,117,208,84,#75D054
2166,116,52,19,Cheshire,3.72,0.7667,68.3,103,204,92,#67CC5C
2167,116,53,19,Cheshire,5.72,0.9187,88.1,202,225,31,#CAE11F
2168,116,54,19,Cheshire,6.19,0.9544,92.7,226,228,24,#E2E418
2169,116,55,19,Cheshire,5.67,0.9149,87.6,200,224,32,#C8E020
2170,116,56,19,Cheshire,5.44,0.8974,85.3,186,222,40,#BADE28
2171,116,57,19,Cheshire,5.67,0.9149,87.6,200,224,32,#C8E020
2172,116,58,19,Cheshire,5.67,0.9149,87.6,200,224,32,#C8E020
2173,116,59,19,Cheshire,5.07,0.8693,81.6,168,219,52,#A8DB34
2174,116,60,25,Derbyshire,5.63,0.9118,87.2,197,224,33,#C5E021
2175,116,61,25,Derbyshire,5.63,0.9118,87.2,197,224,33,#C5E021
2176,116,62,25,Derbyshire,6.14,0.9506,92.2,223,227,24,#DFE318
2177,116,63,25,Derbyshire,6.14,0.9506,92.2,223,227,24,#DFE318
2178,116,64,25,Derbyshire,6.05,0.9437,91.3,218,227,25,#DAE319
2179,116,65,25,Derbyshire,6.19,0.9544,92.7,226,228,24,#E2E418
2180,116,66,90,Yorkshire,6.28,0.9612,93.6,231,228,25,#E7E419
2181,116,67,63,Nottinghamshire,5.86,0.9293,89.5,208,225,28,#D0E11C
2182,116,68,63,Nottinghamshire,5.67,0.9149,87.6,200,224,32,#C8E020
2183,116,69,63,Nottinghamshire,5.26,0.8837,83.5,178,221,45,#B2DD2D
2184,116,70,51,Lincolnshire,3.86,0.7773,69.7,110,206,88,#6ECE58
2185,116,71,51,Lincolnshire,3.72,0.7667,68.3,103,204,92,#67CC5C
2186,116,72,51,Lincolnshire,4.05,0.7918,71.5,117,208,84,#75D054
2187,116,73,51,Lincolnshire,3.58,0.7561,66.9,96,202,96,#60CA60
2188,116,74,51,Lincolnshire,2.84,0.6999,59.6,68,191,112,#44BF70
2189,116,75,51,Lincolnshire,2.84,0.6999,59.6,68,191,112,#44BF70
2190,116,76,51,Lincolnshire,3.02,0.7135,61.4,74,193,109,#4AC16D
2191,116,77,51,Lincolnshire,1.53,0.6003,46.6,34,168,132,#22A884
2192,116,78,51,Lincolnshire,3.07,0.7173,61.8,76,194,108,#4CC26C
2193,117,38,1,Anglesey,-0.98,0.4096,21.8,41,122,142,#297A8E
2194,117,39,1,Anglesey,-2.28,0.3109,8.9,51,98,141,#33628D
2195,117,40,1,Anglesey,-1.16,0.3960,20.0,42,119,142,#2A778E
2196,117,42,14,Caernarfonshire,-0.74,0.4279,24.1,39,127,142,#277F8E
2197,117,43,14,Caernarfonshire,-0.74,0.4279,24.1,39,127,142,#277F8E
2198,117,44,24,Denbighshire,-0.79,0.4241,23.6,39,126,142,#277E8E
2199,117,45,24,Denbighshire,-0.79,0.4241,23.6,39,126,142,#277E8E
2200,117,46,24,Denbighshire,2.19,0.6505,53.1,47,180,124,#2FB47C
2201,117,47,36,Flintshire,2.19,0.6505,53.1,47,180,124,#2FB47C
2202,117,48,36,Flintshire,2.14,0.6467,52.6,46,179,124,#2EB37C
2203,117,49,36,Flintshire,2.79,0.6961,59.1,66,190,113,#42BE71
2204,117,50,36,Flintshire,3.3,0.7348,64.1,86,198,103,#56C667
2205,117,51,19,Cheshire,3.77,0.7705,68.8,105,205,91,#69CD5B
2206,117,52,19,Cheshire,3.72,0.7667,68.3,103,204,92,#67CC5C
2207,117,53,19,Cheshire,4.33,0.8131,74.3,132,212,75,#84D44B
2208,117,54,19,Cheshire,2.56,0.6786,56.8,58,186,118,#3ABA76
2209,117,55,19,Cheshire,5.67,0.9149,87.6,200,224,32,#C8E020
2210,117,56,19,Cheshire,5.67,0.9149,87.6,200,224,32,#C8E020
2211,117,57,19,Cheshire,5.72,0.9187,88.1,202,225,31,#CAE11F
2212,117,58,19,Cheshire,5.53,0.9042,86.2,192,223,37,#C0DF25
2213,117,59,19,Cheshire,5.07,0.8693,81.6,168,219,52,#A8DB34
2214,117,60,25,Derbyshire,5.95,0.9361,90.4,213,226,26,#D5E21A
2215,117,61,25,Derbyshire,5.95,0.9361,90.4,213,226,26,#D5E21A
2216,117,62,25,Derbyshire,5.91,0.9331,90.0,210,226,27,#D2E21B
2217,117,63,25,Derbyshire,6.05,0.9437,91.3,218,227,25,#DAE319
2218,117,64,25,Derbyshire,5.72,0.9187,88.1,202,225,31,#CAE11F
2219,117,65,25,Derbyshire,5.63,0.9118,87.2,197,224,33,#C5E021
2220,117,66,25,Derbyshire,5.12,0.8731,82.1,170,220,50,#AADC32
2221,117,67,63,Nottinghamshire,5.12,0.8731,82.1,170,220,50,#AADC32
2222,117,68,63,Nottinghamshire,4.23,0.8055,73.3,127,211,78,#7FD34E
2223,117,69,63,Nottinghamshire,4.51,0.8267,76.1,139,214,70,#8BD646
2224,117,70,63,Nottinghamshire,3.67,0.7629,67.8,101,203,94,#65CB5E
2225,117,71,51,Lincolnshire,3.53,0.7523,66.4,94,201,98,#5EC962
2226,117,72,51,Lincolnshire,3.72,0.7667,68.3,103,204,92,#67CC5C
2227,117,73,51,Lincolnshire,3.58,0.7561,66.9,96,202,96,#60CA60
2228,117,74,51,Lincolnshire,2.84,0.6999,59.6,68,191,112,#44BF70
2229,117,75,51,Lincolnshire,2.84,0.6999,59.6,68,191,112,#44BF70
2230,117,76,51,Lincolnshire,2.84,0.6999,59.6,68,191,112,#44BF70
2231,117,77,51,Lincolnshire,1.63,0.6079,47.6,36,170,131,#24AA83
2232,117,78,51,Lincolnshire,1.49,0.5973,46.2,34,167,133,#22A785
2233,117,79,51,Lincolnshire,1.44,0.5935,45.7,33,166,133,#21A685
2234,118,38,1,Anglesey,-2.37,0.3040,8.0,52,96,141,#34608D
2235,118,39,1,Anglesey,-2.05,0.3284,11.2,49,103,142,#31678E
2236,118,40,14,Caernarfonshire,-2.0,0.3322,11.7,49,104,142,#31688E
2237,118,41,14,Caernarfonshire,-1.3,0.3853,18.6,43,116,142,#2B748E
2238,118,42,14,Caernarfonshire,-0.79,0.4241,23.6,39,126,142,#277E8E
2239,118,43,14,Caernarfonshire,-0.74,0.4279,24.1,39,127,142,#277F8E
2240,118,44,24,Denbighshire,0.19,0.4985,33.3,33,144,141,#21908D
2241,118,45,24,Denbighshire,0.19,0.4985,33.3,33,144,141,#21908D
2242,118,46,24,Denbighshire,0.14,0.4947,32.8,33,143,141,#218F8D
2243,118,47,24,Denbighshire,2.19,0.6505,53.1,47,180,124,#2FB47C
2244,118,48,24,Denbighshire,2.19,0.6505,53.1,47,180,124,#2FB47C
2245,118,49,36,Flintshire,2.84,0.6999,59.6,68,191,112,#44BF70
2246,118,50,36,Flintshire,3.3,0.7348,64.1,86,198,103,#56C667
2247,118,51,19,Cheshire,3.4,0.7424,65.1,90,200,100,#5AC864
2248,118,52,19,Cheshire,3.77,0.7705,68.8,105,205,91,#69CD5B
2249,118,53,19,Cheshire,2.7,0.6892,58.2,63,188,115,#3FBC73
2250,118,54,19,Cheshire,2.7,0.6892,58.2,63,188,115,#3FBC73
2251,118,55,19,Cheshire,5.77,0.9225,88.6,205,225,29,#CDE11D
2252,118,56,19,Cheshire,5.72,0.9187,88.1,202,225,31,#CAE11F
2253,118,57,19,Cheshire,5.49,0.9012,85.8,189,223,38,#BDDF26
2254,118,58,19,Cheshire,5.4,0.8943,84.9,184,222,41,#B8DE29
2255,118,59,77,Staffordshire,5.4,0.8943,84.9,184,222,41,#B8DE29
2256,118,60,77,Staffordshire,5.91,0.9331,90.0,210,226,27,#D2E21B
2257,118,61,25,Derbyshire,5.95,0.9361,90.4,213,226,26,#D5E21A
2258,118,62,25,Derbyshire,6.09,0.9468,91.7,221,227,24,#DDE318
2259,118,63,25,Derbyshire,6.05,0.9437,91.3,218,227,25,#DAE319
2260,118,64,25,Derbyshire,5.86,0.9293,89.5,208,225,28,#D0E11C
2261,118,65,25,Derbyshire,5.02,0.8655,81.1,165,219,54,#A5DB36
2262,118,66,63,Nottinghamshire,5.07,0.8693,81.6,168,219,52,#A8DB34
2263,118,67,63,Nottinghamshire,4.33,0.8131,74.3,132,212,75,#84D44B
2264,118,68,63,Nottinghamshire,3.72,0.7667,68.3,103,204,92,#67CC5C
2265,118,69,63,Nottinghamshire,4.33,0.8131,74.3,132,212,75,#84D44B
2266,118,70,63,Nottinghamshire,3.67,0.7629,67.8,101,203,94,#65CB5E
2267,118,71,51,Lincolnshire,3.67,0.7629,67.8,101,203,94,#65CB5E
2268,118,72,51,Lincolnshire,1.86,0.6254,49.9,40,174,128,#28AE80
2269,118,73,51,Lincolnshire,2.0,0.6360,51.3,42,176,127,#2AB07F
2270,118,74,51,Lincolnshire,2.0,0.6360,51.3,42,176,127,#2AB07F
2271,118,75,51,Lincolnshire,2.0,0.6360,51.3,42,176,127,#2AB07F
2272,118,76,51,Lincolnshire,2.88,0.7029,60.0,68,191,112,#44BF70
2273,118,77,51,Lincolnshire,1.49,0.5973,46.2,34,167,133,#22A785
2274,118,78,51,Lincolnshire,1.49,0.5973,46.2,34,167,133,#22A785
2275,118,79,51,Lincolnshire,1.49,0.5973,46.2,34,167,133,#22A785
2276,119,40,14,Caernarfonshire,-1.35,0.3815,18.1,44,115,142,#2C738E
2277,119,41,14,Caernarfonshire,-1.49,0.3709,16.7,45,113,142,#2D718E
2278,119,42,14,Caernarfonshire,-0.74,0.4279,24.1,39,127,142,#277F8E
2279,119,43,14,Caernarfonshire,-0.79,0.4241,23.6,39,126,142,#277E8E
2280,119,44,24,Denbighshire,0.28,0.5054,34.2,32,146,140,#20928C
2281,119,45,24,Denbighshire,0.19,0.4985,33.3,33,144,141,#21908D
2282,119,46,24,Denbighshire,0.14,0.4947,32.8,33,143,141,#218F8D
2283,119,47,24,Denbighshire,2.19,0.6505,53.1,47,180,124,#2FB47C
2284,119,48,24,Denbighshire,2.79,0.6961,59.1,66,190,113,#42BE71
2285,119,49,24,Denbighshire,1.07,0.5654,42.1,31,160,136,#1FA088
2286,119,50,36,Flintshire,1.21,0.5760,43.4,31,162,135,#1FA287
2287,119,51,24,Denbighshire,1.21,0.5760,43.4,31,162,135,#1FA287
2288,119,52,19,Cheshire,1.12,0.5692,42.5,31,161,136,#1FA188
2289,119,53,19,Cheshire,2.79,0.6961,59.1,66,190,113,#42BE71
2290,119,54,19,Cheshire,2.56,0.6786,56.8,58,186,118,#3ABA76
2291,119,55,19,Cheshire,3.3,0.7348,64.1,86,198,103,#56C667
2292,119,56,19,Cheshire,3.3,0.7348,64.1,86,198,103,#56C667
2293,119,57,19,Cheshire,4.47,0.8237,75.7,137,213,72,#89D548
2294,119,58,77,Staffordshire,5.4,0.8943,84.9,184,222,41,#B8DE29
2295,119,59,77,Staffordshire,5.4,0.8943,84.9,184,222,41,#B8DE29
2296,119,60,77,Staffordshire,5.95,0.9361,90.4,213,226,26,#D5E21A
2297,119,61,25,Derbyshire,6.14,0.9506,92.2,223,227,24,#DFE318
2298,119,62,25,Derbyshire,6.14,0.9506,92.2,223,227,24,#DFE318
2299,119,63,25,Derbyshire,6.05,0.9437,91.3,218,227,25,#DAE319
2300,119,64,25,Derbyshire,5.02,0.8655,81.1,165,219,54,#A5DB36
2301,119,65,25,Derbyshire,5.16,0.8761,82.5,173,220,48,#ADDC30
2302,119,66,63,Nottinghamshire,5.07,0.8693,81.6,168,219,52,#A8DB34
2303,119,67,63,Nottinghamshire,4.51,0.8267,76.1,139,214,70,#8BD646
2304,119,68,63,Nottinghamshire,4.19,0.8024,72.9,124,210,80,#7CD250
2305,119,69,63,Nottinghamshire,4.09,0.7948,71.9,119,209,83,#77D153
2306,119,70,63,Nottinghamshire,4.09,0.7948,71.9,119,209,83,#77D153
2307,119,71,51,Lincolnshire,1.86,0.6254,49.9,40,174,128,#28AE80
2308,119,72,51,Lincolnshire,1.86,0.6254,49.9,40,174,128,#28AE80
2309,119,73,51,Lincolnshire,1.81,0.6216,49.4,39,173,129,#27AD81
2310,119,74,51,Lincolnshire,2.0,0.6360,51.3,42,176,127,#2AB07F
2311,119,75,51,Lincolnshire,2.0,0.6360,51.3,42,176,127,#2AB07F
2312,119,76,51,Lincolnshire,0.98,0.5586,41.2,31,158,137,#1F9E89
2313,119,77,51,Lincolnshire,0.7,0.5373,38.4,31,153,138,#1F998A
2314,119,78,51,Lincolnshire,1.44,0.5935,45.7,33,166,133,#21A685
2315,119,79,51,Lincolnshire,1.49,0.5973,46.2,34,167,133,#22A785
2316,120,39,14,Caernarfonshire,-2.19,0.3177,9.8,50,100,142,#32648E
2317,120,40,14,Caernarfonshire,-2.19,0.3177,9.8,50,100,142,#32648E
2318,120,41,14,Caernarfonshire,-2.37,0.3040,8.0,52,96,141,#34608D
2319,120,42,14,Caernarfonshire,-2.09,0.3253,10.8,49,102,142,#31668E
2320,120,43,14,Caernarfonshire,-2.09,0.3253,10.8,49,102,142,#31668E
2321,120,44,14,Caernarfonshire,0.28,0.5054,34.2,32,146,140,#20928C
2322,120,45,24,Denbighshire,0.23,0.5016,33.7,33,145,140,#21918C
2323,120,46,24,Denbighshire,1.26,0.5798,43.9,32,163,134,#20A386
2324,120,47,24,Denbighshire,1.21,0.5760,43.4,31,162,135,#1FA287
2325,120,48,24,Denbighshire,1.21,0.5760,43.4,31,162,135,#1FA287
2326,120,49,24,Denbighshire,1.21,0.5760,43.4,31,162,135,#1FA287
2327,120,50,24,Denbighshire,1.21,0.5760,43.4,31,162,135,#1FA287
2328,120,51,24,Denbighshire,0.88,0.5510,40.2,30,157,137,#1E9D89
2329,120,52,19,Cheshire,1.21,0.5760,43.4,31,162,135,#1FA287
2330,120,53,19,Cheshire,0.23,0.5016,33.7,33,145,140,#21918C
2331,120,54,19,Cheshire,0.14,0.4947,32.8,33,143,141,#218F8D
2332,120,55,19,Cheshire,3.3,0.7348,64.1,86,198,103,#56C667
2333,120,56,19,Cheshire,2.37,0.6642,54.9,53,183,121,#35B779
2334,120,57,77,Staffordshire,4.51,0.8267,76.1,139,214,70,#8BD646
2335,120,58,77,Staffordshire,5.3,0.8867,83.9,181,222,43,#B5DE2B
2336,120,59,77,Staffordshire,4.33,0.8131,74.3,132,212,75,#84D44B
2337,120,60,77,Staffordshire,5.95,0.9361,90.4,213,226,26,#D5E21A
2338,120,61,77,Staffordshire,5.95,0.9361,90.4,213,226,26,#D5E21A
2339,120,62,25,Derbyshire,5.4,0.8943,84.9,184,222,41,#B8DE29
2340,120,63,25,Derbyshire,5.3,0.8867,83.9,181,222,43,#B5DE2B
2341,120,64,25,Derbyshire,5.21,0.8799,83.0,176,221,47,#B0DD2F
2342,120,65,63,Nottinghamshire,5.3,0.8867,83.9,181,222,43,#B5DE2B
2343,120,66,63,Nottinghamshire,4.84,0.8518,79.4,157,217,59,#9DD93B
2344,120,67,63,Nottinghamshire,4.65,0.8374,77.5,147,215,65,#93D741
2345,120,68,63,Nottinghamshire,4.19,0.8024,72.9,124,210,80,#7CD250
2346,120,69,63,Nottinghamshire,4.09,0.7948,71.9,119,209,83,#77D153
2347,120,70,63,Nottinghamshire,4.23,0.8055,73.3,127,211,78,#7FD34E
2348,120,71,51,Lincolnshire,1.81,0.6216,49.4,39,173,129,#27AD81
2349,120,72,51,Lincolnshire,1.91,0.6292,50.4,41,175,127,#29AF7F
2350,120,73,51,Lincolnshire,2.0,0.6360,51.3,42,176,127,#2AB07F
2351,120,74,51,Lincolnshire,2.0,0.6360,51.3,42,176,127,#2AB07F
2352,120,75,51,Lincolnshire,2.0,0.6360,51.3,42,176,127,#2AB07F
2353,120,76,51,Lincolnshire,0.98,0.5586,41.2,31,158,137,#1F9E89
2354,120,77,51,Lincolnshire,0.98,0.5586,41.2,31,158,137,#1F9E89
2355,120,78,51,Lincolnshire,1.63,0.6079,47.6,36,170,131,#24AA83
2356,121,39,14,Caernarfonshire,-2.19,0.3177,9.8,50,100,142,#32648E
2357,121,40,14,Caernarfonshire,-1.81,0.3466,13.5,47,107,142,#2F6B8E
2358,121,41,14,Caernarfonshire,-1.86,0.3428,13.1,48,106,142,#306A8E
2359,121,42,53,Merionethshire,-1.67,0.3572,14.9,46,110,142,#2E6E8E
2360,121,43,53,Merionethshire,-2.09,0.3253,10.8,49,102,142,#31668E
2361,121,44,24,Denbighshire,-2.19,0.3177,9.8,50,100,142,#32648E
2362,121,45,53,Merionethshire,-2.98,0.2577,2.0,58,83,139,#3A538B
2363,121,46,24,Denbighshire,1.26,0.5798,43.9,32,163,134,#20A386
2364,121,47,53,Merionethshire,1.26,0.5798,43.9,32,163,134,#20A386
2365,121,48,53,Merionethshire,0.79,0.5441,39.3,30,155,138,#1E9B8A
2366,121,49,24,Denbighshire,0.51,0.5228,36.5,31,149,139,#1F958B
2367,121,50,24,Denbighshire,1.21,0.5760,43.4,31,162,135,#1FA287
2368,121,51,36,Flintshire,0.23,0.5016,33.7,33,145,140,#21918C
2369,121,52,36,Flintshire,0.28,0.5054,34.2,32,146,140,#20928C
2370,121,53,19,Cheshire,0.23,0.5016,33.7,33,145,140,#21918C
2371,121,54,19,Cheshire,0.51,0.5228,36.5,31,149,139,#1F958B
2372,121,55,19,Cheshire,3.3,0.7348,64.1,86,198,103,#56C667
2373,121,56,77,Staffordshire,1.49,0.5973,46.2,34,167,133,#22A785
2374,121,57,77,Staffordshire,2.42,0.6680,55.4,53,183,121,#35B779
2375,121,58,77,Staffordshire,4.05,0.7918,71.5,117,208,84,#75D054
2376,121,59,77,Staffordshire,4.33,0.8131,74.3,132,212,75,#84D44B
2377,121,60,77,Staffordshire,5.02,0.8655,81.1,165,219,54,#A5DB36
2378,121,61,25,Derbyshire,4.74,0.8442,78.4,152,216,62,#98D83E
2379,121,62,25,Derbyshire,4.74,0.8442,78.4,152,216,62,#98D83E
2380,121,63,25,Derbyshire,4.84,0.8518,79.4,157,217,59,#9DD93B
2381,121,64,25,Derbyshire,4.6,0.8336,77.0,144,215,67,#90D743
2382,121,65,25,Derbyshire,4.79,0.8480,78.9,155,217,60,#9BD93C
2383,121,66,63,Nottinghamshire,2.7,0.6892,58.2,63,188,115,#3FBC73
2384,121,67,63,Nottinghamshire,2.88,0.7029,60.0,68,191,112,#44BF70
2385,121,68,63,Nottinghamshire,2.42,0.6680,55.4,53,183,121,#35B779
2386,121,69,63,Nottinghamshire,2.51,0.6748,56.3,56,185,119,#38B977
2387,121,70,51,Lincolnshire,1.81,0.6216,49.4,39,173,129,#27AD81
2388,121,71,51,Lincolnshire,1.67,0.6110,48.0,37,171,130,#25AB82
2389,121,72,51,Lincolnshire,2.23,0.6535,53.5,49,181,123,#31B57B
2390,121,73,51,Lincolnshire,2.19,0.6505,53.1,47,180,124,#2FB47C
2391,121,74,51,Lincolnshire,2.0,0.6360,51.3,42,176,127,#2AB07F
2392,121,75,51,Lincolnshire,0.19,0.4985,33.3,33,144,141,#21908D
2393,121,76,51,Lincolnshire,0.19,0.4985,33.3,33,144,141,#21908D
2394,121,77,51,Lincolnshire,-1.3,0.3853,18.6,43,116,142,#2B748E
2395,122,37,14,Caernarfonshire,-2.19,0.3177,9.8,50,100,142,#32648E
2396,122,38,14,Caernarfonshire,-2.19,0.3177,9.8,50,100,142,#32648E
2397,122,39,14,Caernarfonshire,-1.81,0.3466,13.5,47,107,142,#2F6B8E
2398,122,40,14,Caernarfonshire,,,,,,,
2399,122,41,53,Merionethshire,,,,,,,
2400,122,42,53,Merionethshire,-2.0,0.3322,11.7,49,104,142,#31688E
2401,122,43,53,Merionethshire,-2.09,0.3253,10.8,49,102,142,#31668E
2402,122,44,53,Merionethshire,-2.37,0.3040,8.0,52,96,141,#34608D
2403,122,45,53,Merionethshire,-1.35,0.3815,18.1,44,115,142,#2C738E
2404,122,46,53,Merionethshire,-1.49,0.3709,16.7,45,113,142,#2D718E
2405,122,47,53,Merionethshire,0.56,0.5266,37.0,31,150,139,#1F968B
2406,122,48,24,Denbighshire,0.51,0.5228,36.5,31,149,139,#1F958B
2407,122,49,24,Denbighshire,0.6,0.5297,37.4,31,151,139,#1F978B
2408,122,50,75,Shropshire,-1.49,0.3709,16.7,45,113,142,#2D718E
2409,122,51,75,Shropshire,0.28,0.5054,34.2,32,146,140,#20928C
2410,122,52,75,Shropshire,0.28,0.5054,34.2,32,146,140,#20928C
2411,122,53,75,Shropshire,0.23,0.5016,33.7,33,145,140,#21918C
2412,122,54,75,Shropshire,0.56,0.5266,37.0,31,150,139,#1F968B
2413,122,55,75,Shropshire,1.49,0.5973,46.2,34,167,133,#22A785
2414,122,56,77,Staffordshire,1.49,0.5973,46.2,34,167,133,#22A785
2415,122,57,77,Staffordshire,2.37,0.6642,54.9,53,183,121,#35B779
2416,122,58,77,Staffordshire,4.37,0.8161,74.7,132,212,75,#84D44B
2417,122,59,77,Staffordshire,5.02,0.8655,81.1,165,219,54,#A5DB36
2418,122,60,77,Staffordshire,5.02,0.8655,81.1,165,219,54,#A5DB36
2419,122,61,25,Derbyshire,4.74,0.8442,78.4,152,216,62,#98D83E
2420,122,62,25,Derbyshire,4.09,0.7948,71.9,119,209,83,#77D153
2421,122,63,25,Derbyshire,4.19,0.8024,72.9,124,210,80,#7CD250
2422,122,64,25,Derbyshire,4.98,0.8624,80.7,162,218,55,#A2DA37
2423,122,65,25,Derbyshire,2.6,0.6816,57.2,59,187,117,#3BBB75
2424,122,66,63,Nottinghamshire,2.84,0.6999,59.6,68,191,112,#44BF70
2425,122,67,63,Nottinghamshire,2.74,0.6923,58.6,64,189,114,#40BD72
2426,122,68,63,Nottinghamshire,2.51,0.6748,56.3,56,185,119,#38B977
2427,122,69,50,Leicestershire,2.42,0.6680,55.4,53,183,121,#35B779
2428,122,70,51,Lincolnshire,2.51,0.6748,56.3,56,185,119,#38B977
2429,122,71,51,Lincolnshire,2.23,0.6535,53.5,49,181,123,#31B57B
2430,122,72,51,Lincolnshire,2.23,0.6535,53.5,49,181,123,#31B57B
2431,122,73,51,Lincolnshire,1.02,0.5616,41.6,31,159,136,#1F9F88
2432,122,74,51,Lincolnshire,1.02,0.5616,41.6,31,159,136,#1F9F88
2433,122,75,51,Lincolnshire,0.19,0.4985,33.3,33,144,141,#21908D
2434,122,76,51,Lincolnshire,-1.16,0.3960,20.0,42,119,142,#2A778E
2435,122,81,60,Norfolk,-1.81,0.3466,13.5,47,107,142,#2F6B8E
2436,122,82,60,Norfolk,-1.72,0.3534,14.4,46,109,142,#2E6D8E
2437,122,83,60,Norfolk,-1.72,0.3534,14.4,46,109,142,#2E6D8E
2438,122,84,60,Norfolk,-2.65,0.2828,5.2,55,91,141,#375B8D
2439,122,85,60,Norfolk,-2.37,0.3040,8.0,52,96,141,#34608D
2440,122,86,60,Norfolk,-2.74,0.2759,4.3,56,89,140,#38598C
2441,122,87,60,Norfolk,-2.37,0.3040,8.0,52,96,141,#34608D
2442,123,36,14,Caernarfonshire,-2.19,0.3177,9.8,50,100,142,#32648E
2443,123,37,14,Caernarfonshire,-2.19,0.3177,9.8,50,100,142,#32648E
2444,123,41,53,Merionethshire,-2.37,0.3040,8.0,52,96,141,#34608D
2445,123,42,53,Merionethshire,-2.37,0.3040,8.0,52,96,141,#34608D
2446,123,43,53,Merionethshire,-2.37,0.3040,8.0,52,96,141,#34608D
2447,123,44,53,Merionethshire,-2.37,0.3040,8.0,52,96,141,#34608D
2448,123,45,53,Merionethshire,-1.49,0.3709,16.7,45,113,142,#2D718E
2449,123,46,53,Merionethshire,-1.35,0.3815,18.1,44,115,142,#2C738E
2450,123,47,57,Montgomeryshire,-1.35,0.3815,18.1,44,115,142,#2C738E
2451,123,48,24,Denbighshire,-1.35,0.3815,18.1,44,115,142,#2C738E
2452,123,49,24,Denbighshire,-1.35,0.3815,18.1,44,115,142,#2C738E
2453,123,50,75,Shropshire,-1.16,0.3960,20.0,42,119,142,#2A778E
2454,123,51,75,Shropshire,-1.72,0.3534,14.4,46,109,142,#2E6D8E
2455,123,52,75,Shropshire,-0.65,0.4347,25.0,38,129,142,#26818E
2456,123,53,75,Shropshire,-0.74,0.4279,24.1,39,127,142,#277F8E
2457,123,54,75,Shropshire,0.6,0.5297,37.4,31,151,139,#1F978B
2458,123,55,75,Shropshire,0.28,0.5054,34.2,32,146,140,#20928C
2459,123,56,77,Staffordshire,0.47,0.5198,36.1,31,149,139,#1F958B
2460,123,57,77,Staffordshire,3.53,0.7523,66.4,94,201,98,#5EC962
2461,123,58,77,Staffordshire,3.53,0.7523,66.4,94,201,98,#5EC962
2462,123,59,77,Staffordshire,4.51,0.8267,76.1,139,214,70,#8BD646
2463,123,60,77,Staffordshire,5.02,0.8655,81.1,165,219,54,#A5DB36
2464,123,61,77,Staffordshire,3.12,0.7211,62.3,78,195,107,#4EC36B
2465,123,62,77,Staffordshire,4.05,0.7918,71.5,117,208,84,#75D054
2466,123,63,25,Derbyshire,4.09,0.7948,71.9,119,209,83,#77D153
2467,123,64,25,Derbyshire,4.33,0.8131,74.3,132,212,75,#84D44B
2468,123,65,50,Leicestershire,4.47,0.8237,75.7,137,213,72,#89D548
2469,123,66,63,Nottinghamshire,2.79,0.6961,59.1,66,190,113,#42BE71
2470,123,67,63,Nottinghamshire,2.79,0.6961,59.1,66,190,113,#42BE71
2471,123,68,63,Nottinghamshire,2.37,0.6642,54.9,53,183,121,#35B779
2472,123,69,50,Leicestershire,2.42,0.6680,55.4,53,183,121,#35B779
2473,123,70,50,Leicestershire,2.42,0.6680,55.4,53,183,121,#35B779
2474,123,71,51,Lincolnshire,1.35,0.5867,44.8,33,165,133,#21A585
2475,123,72,51,Lincolnshire,2.19,0.6505,53.1,47,180,124,#2FB47C
2476,123,73,51,Lincolnshire,1.02,0.5616,41.6,31,159,136,#1F9F88
2477,123,74,51,Lincolnshire,1.02,0.5616,41.6,31,159,136,#1F9F88
2478,123,75,51,Lincolnshire,0.19,0.4985,33.3,33,144,141,#21908D
2479,123,76,51,Lincolnshire,-1.12,0.3990,20.4,42,120,142,#2A788E
2480,123,77,51,Lincolnshire,-1.12,0.3990,20.4,42,120,142,#2A788E
2481,123,81,60,Norfolk,-2.47,0.2964,7.0,53,94,141,#355E8D
2482,123,82,60,Norfolk,-2.79,0.2721,3.8,56,88,140,#38588C
2483,123,83,60,Norfolk,-2.65,0.2828,5.2,55,91,141,#375B8D
2484,123,84,60,Norfolk,-2.42,0.3002,7.5,53,95,141,#355F8D
2485,123,85,60,Norfolk,-2.42,0.3002,7.5,53,95,141,#355F8D
2486,123,86,60,Norfolk,-2.37,0.3040,8.0,52,96,141,#34608D
2487,123,87,60,Norfolk,-1.35,0.3815,18.1,44,115,142,#2C738E
2488,123,88,60,Norfolk,-2.19,0.3177,9.8,50,100,142,#32648E
2489,123,89,60,Norfolk,-1.63,0.3603,15.3,46,111,142,#2E6F8E
2490,124,41,53,Merionethshire,-2.37,0.3040,8.0,52,96,141,#34608D
2491,124,42,53,Merionethshire,-2.37,0.3040,8.0,52,96,141,#34608D
2492,124,43,53,Merionethshire,-2.37,0.3040,8.0,52,96,141,#34608D
2493,124,44,53,Merionethshire,-1.3,0.3853,18.6,43,116,142,#2B748E
2494,124,45,53,Merionethshire,-1.49,0.3709,16.7,45,113,142,#2D718E
2495,124,46,57,Montgomeryshire,-1.3,0.3853,18.6,43,116,142,#2B748E
2496,124,47,57,Montgomeryshire,-1.49,0.3709,16.7,45,113,142,#2D718E
2497,124,48,57,Montgomeryshire,-1.35,0.3815,18.1,44,115,142,#2C738E
2498,124,49,57,Montgomeryshire,-1.16,0.3960,20.0,42,119,142,#2A778E
2499,124,50,75,Shropshire,-1.16,0.3960,20.0,42,119,142,#2A778E
2500,124,51,75,Shropshire,-1.16,0.3960,20.0,42,119,142,#2A778E
2501,124,52,75,Shropshire,-1.63,0.3603,15.3,46,111,142,#2E6F8E
2502,124,53,75,Shropshire,-1.3,0.3853,18.6,43,116,142,#2B748E
2503,124,54,75,Shropshire,0.37,0.5122,35.1,32,147,140,#20938C
2504,124,55,75,Shropshire,-0.19,0.4697,29.6,35,137,142,#23898E
2505,124,56,75,Shropshire,0.84,0.5479,39.8,30,156,137,#1E9C89
2506,124,57,77,Staffordshire,1.67,0.6110,48.0,37,171,130,#25AB82
2507,124,58,77,Staffordshire,3.53,0.7523,66.4,94,201,98,#5EC962
2508,124,59,77,Staffordshire,4.51,0.8267,76.1,139,214,70,#8BD646
2509,124,60,77,Staffordshire,2.42,0.6680,55.4,53,183,121,#35B779
2510,124,61,77,Staffordshire,2.42,0.6680,55.4,53,183,121,#35B779
2511,124,62,77,Staffordshire,3.02,0.7135,61.4,74,193,109,#4AC16D
2512,124,63,25,Derbyshire,2.98,0.7105,61.0,72,193,110,#48C16E
2513,124,64,50,Leicestershire,4.23,0.8055,73.3,127,211,78,#7FD34E
2514,124,65,50,Leicestershire,4.37,0.8161,74.7,132,212,75,#84D44B
2515,124,66,50,Leicestershire,3.72,0.7667,68.3,103,204,92,#67CC5C
2516,124,67,50,Leicestershire,3.26,0.7318,63.7,84,197,104,#54C568
2517,124,68,50,Leicestershire,3.12,0.7211,62.3,78,195,107,#4EC36B
2518,124,69,50,Leicestershire,2.51,0.6748,56.3,56,185,119,#38B977
2519,124,70,50,Leicestershire,1.4,0.5905,45.3,33,166,133,#21A685
2520,124,71,51,Lincolnshire,1.4,0.5905,45.3,33,166,133,#21A685
2521,124,72,51,Lincolnshire,0.14,0.4947,32.8,33,143,141,#218F8D
2522,124,73,51,Lincolnshire,0.14,0.4947,32.8,33,143,141,#218F8D
2523,124,74,51,Lincolnshire,-1.07,0.4028,20.9,41,121,142,#29798E
2524,124,75,51,Lincolnshire,-1.3,0.3853,18.6,43,116,142,#2B748E
2525,124,76,51,Lincolnshire,-0.93,0.4134,22.3,41,123,142,#297B8E
2526,124,77,51,Lincolnshire,-1.12,0.3990,20.4,42,120,142,#2A788E
2527,124,78,51,Lincolnshire,-2.42,0.3002,7.5,53,95,141,#355F8D
2528,124,79,60,Norfolk,-3.02,0.2547,1.6,58,83,139,#3A538B
2529,124,80,60,Norfolk,-2.19,0.3177,9.8,50,100,142,#32648E
2530,124,81,60,Norfolk,-2.79,0.2721,3.8,56,88,140,#38588C
2531,124,82,60,Norfolk,-2.47,0.2964,7.0,53,94,141,#355E8D
2532,124,83,60,Norfolk,-2.51,0.2934,6.6,53,94,141,#355E8D
2533,124,84,60,Norfolk,-2.65,0.2828,5.2,55,91,141,#375B8D
2534,124,85,60,Norfolk,-2.23,0.3147,9.4,51,99,141,#33638D
2535,124,86,60,Norfolk,-3.07,0.2509,1.1,59,82,139,#3B528B
2536,124,87,60,Norfolk,-2.0,0.3322,11.7,49,104,142,#31688E
2537,124,88,60,Norfolk,-1.72,0.3534,14.4,46,109,142,#2E6D8E
2538,124,89,60,Norfolk,-2.47,0.2964,7.0,53,94,141,#355E8D
2539,124,90,60,Norfolk,-2.47,0.2964,7.0,53,94,141,#355E8D
2540,125,42,53,Merionethshire,-2.37,0.3040,8.0,52,96,141,#34608D
2541,125,43,53,Merionethshire,-2.42,0.3002,7.5,53,95,141,#355F8D
2542,125,44,53,Merionethshire,-1.35,0.3815,18.1,44,115,142,#2C738E
2543,125,45,53,Merionethshire,-1.63,0.3603,15.3,46,111,142,#2E6F8E
2544,125,46,57,Montgomeryshire,-2.88,0.2653,3.0,57,85,140,#39558C
2545,125,47,57,Montgomeryshire,-2.23,0.3147,9.4,51,99,141,#33638D
2546,125,48,57,Montgomeryshire,-0.93,0.4134,22.3,41,123,142,#297B8E
2547,125,49,57,Montgomeryshire,-0.93,0.4134,22.3,41,123,142,#297B8E
2548,125,50,57,Montgomeryshire,-1.3,0.3853,18.6,43,116,142,#2B748E
2549,125,51,75,Shropshire,-0.33,0.4590,28.2,36,134,142,#24868E
2550,125,52,75,Shropshire,-0.37,0.4560,27.8,37,133,142,#25858E
2551,125,53,75,Shropshire,-0.05,0.4803,31.0,34,139,141,#228B8D
2552,125,54,75,Shropshire,-0.74,0.4279,24.1,39,127,142,#277F8E
2553,125,55,75,Shropshire,0.51,0.5228,36.5,31,149,139,#1F958B
2554,125,56,75,Shropshire,0.79,0.5441,39.3,30,155,138,#1E9B8A
2555,125,57,77,Staffordshire,0.79,0.5441,39.3,30,155,138,#1E9B8A
2556,125,58,77,Staffordshire,4.56,0.8305,76.6,142,214,69,#8ED645
2557,125,59,77,Staffordshire,4.65,0.8374,77.5,147,215,65,#93D741
2558,125,60,77,Staffordshire,1.53,0.6003,46.6,34,168,132,#22A884
2559,125,61,77,Staffordshire,1.81,0.6216,49.4,39,173,129,#27AD81
2560,125,62,25,Derbyshire,1.53,0.6003,46.6,34,168,132,#22A884
2561,125,63,50,Leicestershire,2.98,0.7105,61.0,72,193,110,#48C16E
2562,125,64,50,Leicestershire,4.19,0.8024,72.9,124,210,80,#7CD250
2563,125,65,50,Leicestershire,3.81,0.7736,69.2,108,205,90,#6CCD5A
2564,125,66,50,Leicestershire,3.49,0.7492,66.0,92,200,99,#5CC863
2565,125,67,50,Leicestershire,3.21,0.7280,63.2,82,197,105,#52C569
2566,125,68,50,Leicestershire,2.98,0.7105,61.0,72,193,110,#48C16E
2567,125,69,50,Leicestershire,2.79,0.6961,59.1,66,190,113,#42BE71
2568,125,70,72,Rutland,1.49,0.5973,46.2,34,167,133,#22A785
2569,125,71,72,Rutland,1.49,0.5973,46.2,34,167,133,#22A785
2570,125,72,51,Lincolnshire,0.14,0.4947,32.8,33,143,141,#218F8D
2571,125,73,51,Lincolnshire,0.14,0.4947,32.8,33,143,141,#218F8D
2572,125,74,51,Lincolnshire,-1.07,0.4028,20.9,41,121,142,#29798E
2573,125,75,51,Lincolnshire,-1.12,0.3990,20.4,42,120,142,#2A788E
2574,125,76,51,Lincolnshire,-1.12,0.3990,20.4,42,120,142,#2A788E
2575,125,77,51,Lincolnshire,-1.86,0.3428,13.1,48,106,142,#306A8E
2576,125,78,60,Norfolk,-2.47,0.2964,7.0,53,94,141,#355E8D
2577,125,79,60,Norfolk,-2.88,0.2653,3.0,57,85,140,#39558C
2578,125,80,60,Norfolk,-3.72,0.2015,0.0,65,68,135,#414487
2579,125,81,60,Norfolk,-3.4,0.2258,0.0,62,74,137,#3E4A89
2580,125,82,60,Norfolk,-2.79,0.2721,3.8,56,88,140,#38588C
2581,125,83,60,Norfolk,-2.65,0.2828,5.2,55,91,141,#375B8D
2582,125,84,60,Norfolk,-2.23,0.3147,9.4,51,99,141,#33638D
2583,125,85,60,Norfolk,-2.79,0.2721,3.8,56,88,140,#38588C
2584,125,86,60,Norfolk,-2.42,0.3002,7.5,53,95,141,#355F8D
2585,125,87,60,Norfolk,-1.49,0.3709,16.7,45,113,142,#2D718E
2586,125,88,60,Norfolk,-1.81,0.3466,13.5,47,107,142,#2F6B8E
2587,125,89,60,Norfolk,-2.88,0.2653,3.0,57,85,140,#39558C
2588,125,90,60,Norfolk,-2.74,0.2759,4.3,56,89,140,#38598C
2589,126,42,53,Merionethshire,-2.42,0.3002,7.5,53,95,141,#355F8D
2590,126,43,53,Merionethshire,-1.49,0.3709,16.7,45,113,142,#2D718E
2591,126,44,57,Montgomeryshire,-1.63,0.3603,15.3,46,111,142,#2E6F8E
2592,126,45,57,Montgomeryshire,-1.63,0.3603,15.3,46,111,142,#2E6F8E
2593,126,46,57,Montgomeryshire,-1.72,0.3534,14.4,46,109,142,#2E6D8E
2594,126,47,57,Montgomeryshire,-2.65,0.2828,5.2,55,91,141,#375B8D
2595,126,48,57,Montgomeryshire,-2.74,0.2759,4.3,56,89,140,#38598C
2596,126,49,57,Montgomeryshire,-0.93,0.4134,22.3,41,123,142,#297B8E
2597,126,50,57,Montgomeryshire,-0.98,0.4096,21.8,41,122,142,#297A8E
2598,126,51,75,Shropshire,-0.42,0.4522,27.3,37,132,142,#25848E
2599,126,52,75,Shropshire,-0.42,0.4522,27.3,37,132,142,#25848E
2600,126,53,75,Shropshire,0.19,0.4985,33.3,33,144,141,#21908D
2601,126,54,75,Shropshire,-0.23,0.4666,29.2,35,136,142,#23888E
2602,126,55,75,Shropshire,0.14,0.4947,32.8,33,143,141,#218F8D
2603,126,56,75,Shropshire,0.84,0.5479,39.8,30,156,137,#1E9C89
2604,126,57,75,Shropshire,1.77,0.6186,49.0,38,173,129,#26AD81
2605,126,58,77,Staffordshire,2.37,0.6642,54.9,53,183,121,#35B779
2606,126,59,77,Staffordshire,2.23,0.6535,53.5,49,181,123,#31B57B
2607,126,60,77,Staffordshire,1.35,0.5867,44.8,33,165,133,#21A585
2608,126,61,77,Staffordshire,1.81,0.6216,49.4,39,173,129,#27AD81
2609,126,62,77,Staffordshire,3.07,0.7173,61.8,76,194,108,#4CC26C
2610,126,63,50,Leicestershire,3.02,0.7135,61.4,74,193,109,#4AC16D
2611,126,64,50,Leicestershire,3.12,0.7211,62.3,78,195,107,#4EC36B
2612,126,65,50,Leicestershire,3.81,0.7736,69.2,108,205,90,#6CCD5A
2613,126,66,50,Leicestershire,2.84,0.6999,59.6,68,191,112,#44BF70
2614,126,67,50,Leicestershire,2.84,0.6999,59.6,68,191,112,#44BF70
2615,126,68,50,Leicestershire,3.26,0.7318,63.7,84,197,104,#54C568
2616,126,69,50,Leicestershire,0.23,0.5016,33.7,33,145,140,#21918C
2617,126,70,72,Rutland,1.4,0.5905,45.3,33,166,133,#21A685
2618,126,71,72,Rutland,1.44,0.5935,45.7,33,166,133,#21A685
2619,126,72,72,Rutland,-2.05,0.3284,11.2,49,103,142,#31678E
2620,126,73,51,Lincolnshire,-1.12,0.3990,20.4,42,120,142,#2A788E
2621,126,74,61,Northamptonshire,-1.35,0.3815,18.1,44,115,142,#2C738E
2622,126,75,51,Lincolnshire,-1.07,0.4028,20.9,41,121,142,#29798E
2623,126,76,16,Cambridgeshire,-2.74,0.2759,4.3,56,89,140,#38598C
2624,126,77,16,Cambridgeshire,-3.02,0.2547,1.6,58,83,139,#3A538B
2625,126,78,60,Norfolk,-2.79,0.2721,3.8,56,88,140,#38588C
2626,126,79,60,Norfolk,-3.21,0.2402,0.0,60,79,138,#3C4F8A
2627,126,80,60,Norfolk,-3.4,0.2258,0.0,62,74,137,#3E4A89
2628,126,81,60,Norfolk,-3.4,0.2258,0.0,62,74,137,#3E4A89
2629,126,82,60,Norfolk,-2.65,0.2828,5.2,55,91,141,#375B8D
2630,126,83,60,Norfolk,-2.98,0.2577,2.0,58,83,139,#3A538B
2631,126,84,60,Norfolk,-2.98,0.2577,2.0,58,83,139,#3A538B
2632,126,85,60,Norfolk,-2.98,0.2577,2.0,58,83,139,#3A538B
2633,126,86,60,Norfolk,-2.6,0.2866,5.7,54,92,141,#365C8D
2634,126,87,60,Norfolk,-2.6,0.2866,5.7,54,92,141,#365C8D
2635,126,88,60,Norfolk,-1.67,0.3572,14.9,46,110,142,#2E6E8E
2636,126,89,60,Norfolk,-2.88,0.2653,3.0,57,85,140,#39558C
2637,126,90,60,Norfolk,-2.79,0.2721,3.8,56,88,140,#38588C
2638,126,91,60,Norfolk,-2.84,0.2683,3.4,57,86,140,#39568C
2639,127,42,53,Merionethshire,-2.28,0.3109,8.9,51,98,141,#33628D
2640,127,43,57,Montgomeryshire,-2.79,0.2721,3.8,56,88,140,#38588C
2641,127,44,57,Montgomeryshire,-2.79,0.2721,3.8,56,88,140,#38588C
2642,127,45,57,Montgomeryshire,-2.84,0.2683,3.4,57,86,140,#39568C
2643,127,46,57,Montgomeryshire,-2.65,0.2828,5.2,55,91,141,#375B8D
2644,127,47,57,Montgomeryshire,-2.74,0.2759,4.3,56,89,140,#38598C
2645,127,48,57,Montgomeryshire,-2.09,0.3253,10.8,49,102,142,#31668E
2646,127,49,57,Montgomeryshire,-0.98,0.4096,21.8,41,122,142,#297A8E
2647,127,50,75,Shropshire,-2.09,0.3253,10.8,49,102,142,#31668E
2648,127,51,75,Shropshire,-2.84,0.2683,3.4,57,86,140,#39568C
2649,127,52,75,Shropshire,-2.19,0.3177,9.8,50,100,142,#32648E
2650,127,53,75,Shropshire,-0.28,0.4628,28.7,36,135,142,#24878E
2651,127,54,75,Shropshire,-0.28,0.4628,28.7,36,135,142,#24878E
2652,127,55,75,Shropshire,0.14,0.4947,32.8,33,143,141,#218F8D
2653,127,56,75,Shropshire,1.49,0.5973,46.2,34,167,133,#22A785
2654,127,57,77,Staffordshire,1.67,0.6110,48.0,37,171,130,#25AB82
2655,127,58,77,Staffordshire,2.09,0.6429,52.1,45,178,125,#2DB27D
2656,127,59,77,Staffordshire,1.21,0.5760,43.4,31,162,135,#1FA287
2657,127,60,77,Staffordshire,1.67,0.6110,48.0,37,171,130,#25AB82
2658,127,61,84,Warwickshire,1.81,0.6216,49.4,39,173,129,#27AD81
2659,127,62,84,Warwickshire,2.37,0.6642,54.9,53,183,121,#35B779
2660,127,63,84,Warwickshire,3.07,0.7173,61.8,76,194,108,#4CC26C
2661,127,64,50,Leicestershire,3.07,0.7173,61.8,76,194,108,#4CC26C
2662,127,65,50,Leicestershire,3.16,0.7242,62.7,80,196,106,#50C46A
2663,127,66,50,Leicestershire,3.3,0.7348,64.1,86,198,103,#56C667
2664,127,67,50,Leicestershire,2.93,0.7067,60.5,70,192,111,#46C06F
2665,127,68,50,Leicestershire,0.28,0.5054,34.2,32,146,140,#20928C
2666,127,69,50,Leicestershire,0.28,0.5054,34.2,32,146,140,#20928C
2667,127,70,72,Rutland,-0.74,0.4279,24.1,39,127,142,#277F8E
2668,127,71,72,Rutland,-0.6,0.4385,25.5,38,130,142,#26828E
2669,127,72,61,Northamptonshire,-1.77,0.3496,13.9,47,108,142,#2F6C8E
2670,127,73,61,Northamptonshire,-2.42,0.3002,7.5,53,95,141,#355F8D
2671,127,74,61,Northamptonshire,-1.86,0.3428,13.1,48,106,142,#306A8E
2672,127,75,16,Cambridgeshire,-1.86,0.3428,13.1,48,106,142,#306A8E
2673,127,76,16,Cambridgeshire,-1.86,0.3428,13.1,48,106,142,#306A8E
2674,127,77,16,Cambridgeshire,-3.02,0.2547,1.6,58,83,139,#3A538B
2675,127,78,16,Cambridgeshire,-2.79,0.2721,3.8,56,88,140,#38588C
2676,127,79,60,Norfolk,-3.16,0.2440,0.2,60,80,139,#3C508B
2677,127,80,60,Norfolk,-3.21,0.2402,0.0,60,79,138,#3C4F8A
2678,127,81,60,Norfolk,-3.58,0.2121,0.0,63,71,136,#3F4788
2679,127,82,60,Norfolk,-3.02,0.2547,1.6,58,83,139,#3A538B
2680,127,83,60,Norfolk,-2.98,0.2577,2.0,58,83,139,#3A538B
2681,127,84,60,Norfolk,-2.98,0.2577,2.0,58,83,139,#3A538B
2682,127,85,60,Norfolk,-2.65,0.2828,5.2,55,91,141,#375B8D
2683,127,86,60,Norfolk,-2.74,0.2759,4.3,56,89,140,#38598C
2684,127,87,60,Norfolk,-3.02,0.2547,1.6,58,83,139,#3A538B
2685,127,88,60,Norfolk,-2.79,0.2721,3.8,56,88,140,#38588C
2686,127,89,60,Norfolk,-2.23,0.3147,9.4,51,99,141,#33638D
2687,127,90,60,Norfolk,-2.65,0.2828,5.2,55,91,141,#375B8D
2688,127,91,60,Norfolk,-2.79,0.2721,3.8,56,88,140,#38588C
2689,128,42,17,Cardiganshire,-2.28,0.3109,8.9,51,98,141,#33628D
2690,128,43,17,Cardiganshire,-2.79,0.2721,3.8,56,88,140,#38588C
2691,128,44,57,Montgomeryshire,-2.65,0.2828,5.2,55,91,141,#375B8D
2692,128,45,57,Montgomeryshire,-2.79,0.2721,3.8,56,88,140,#38588C
2693,128,46,57,Montgomeryshire,-2.09,0.3253,10.8,49,102,142,#31668E
2694,128,47,57,Montgomeryshire,-2.79,0.2721,3.8,56,88,140,#38588C
2695,128,48,57,Montgomeryshire,-2.19,0.3177,9.8,50,100,142,#32648E
2696,128,49,57,Montgomeryshire,-2.09,0.3253,10.8,49,102,142,#31668E
2697,128,50,57,Montgomeryshire,-2.09,0.3253,10.8,49,102,142,#31668E
2698,128,51,75,Shropshire,-2.19,0.3177,9.8,50,100,142,#32648E
2699,128,52,75,Shropshire,-2.0,0.3322,11.7,49,104,142,#31688E
2700,128,53,75,Shropshire,-0.51,0.4454,26.4,37,131,142,#25838E
2701,128,54,75,Shropshire,-0.6,0.4385,25.5,38,130,142,#26828E
2702,128,55,75,Shropshire,0.14,0.4947,32.8,33,143,141,#218F8D
2703,128,56,75,Shropshire,1.49,0.5973,46.2,34,167,133,#22A785
2704,128,57,77,Staffordshire,2.51,0.6748,56.3,56,185,119,#38B977
2705,128,58,77,Staffordshire,1.77,0.6186,49.0,38,173,129,#26AD81
2706,128,59,77,Staffordshire,0.6,0.5297,37.4,31,151,139,#1F978B
2707,128,60,77,Staffordshire,0.74,0.5403,38.8,31,154,138,#1F9A8A
2708,128,61,84,Warwickshire,2.56,0.6786,56.8,58,186,118,#3ABA76
2709,128,62,84,Warwickshire,2.0,0.6360,51.3,42,176,127,#2AB07F
2710,128,63,84,Warwickshire,2.37,0.6642,54.9,53,183,121,#35B779
2711,128,64,84,Warwickshire,0.28,0.5054,34.2,32,146,140,#20928C
2712,128,65,50,Leicestershire,3.26,0.7318,63.7,84,197,104,#54C568
2713,128,66,50,Leicestershire,3.26,0.7318,63.7,84,197,104,#54C568
2714,128,67,50,Leicestershire,3.26,0.7318,63.7,84,197,104,#54C568
2715,128,68,50,Leicestershire,0.28,0.5054,34.2,32,146,140,#20928C
2716,128,69,50,Leicestershire,-2.42,0.3002,7.5,53,95,141,#355F8D
2717,128,70,61,Northamptonshire,-1.63,0.3603,15.3,46,111,142,#2E6F8E
2718,128,71,61,Northamptonshire,-1.72,0.3534,14.4,46,109,142,#2E6D8E
2719,128,72,61,Northamptonshire,-1.77,0.3496,13.9,47,108,142,#2F6C8E
2720,128,73,42,Huntingdonshire,-2.42,0.3002,7.5,53,95,141,#355F8D
2721,128,74,42,Huntingdonshire,-2.0,0.3322,11.7,49,104,142,#31688E
2722,128,75,42,Huntingdonshire,-2.6,0.2866,5.7,54,92,141,#365C8D
2723,128,76,16,Cambridgeshire,-3.02,0.2547,1.6,58,83,139,#3A538B
2724,128,77,16,Cambridgeshire,-2.51,0.2934,6.6,53,94,141,#355E8D
2725,128,78,16,Cambridgeshire,-3.91,0.1870,0.0,66,63,133,#423F85
2726,128,79,60,Norfolk,-4.23,0.1627,0.0,69,56,130,#453882
2727,128,80,60,Norfolk,-3.07,0.2509,1.1,59,82,139,#3B528B
2728,128,81,60,Norfolk,-3.02,0.2547,1.6,58,83,139,#3A538B
2729,128,82,60,Norfolk,-3.02,0.2547,1.6,58,83,139,#3A538B
2730,128,83,60,Norfolk,-3.07,0.2509,1.1,59,82,139,#3B528B
2731,128,84,60,Norfolk,-2.84,0.2683,3.4,57,86,140,#39568C
2732,128,85,60,Norfolk,-2.84,0.2683,3.4,57,86,140,#39568C
2733,128,86,60,Norfolk,-2.47,0.2964,7.0,53,94,141,#355E8D
2734,128,87,60,Norfolk,-2.65,0.2828,5.2,55,91,141,#375B8D
2735,128,88,60,Norfolk,-2.23,0.3147,9.4,51,99,141,#33638D
2736,128,89,60,Norfolk,-2.74,0.2759,4.3,56,89,140,#38598C
2737,128,90,60,Norfolk,-2.51,0.2934,6.6,53,94,141,#355E8D
2738,128,91,79,Suffolk,-2.79,0.2721,3.8,56,88,140,#38588C
2739,129,42,17,Cardiganshire,-2.37,0.3040,8.0,52,96,141,#34608D
2740,129,43,17,Cardiganshire,-2.28,0.3109,8.9,51,98,141,#33628D
2741,129,44,57,Montgomeryshire,-2.42,0.3002,7.5,53,95,141,#355F8D
2742,129,45,57,Montgomeryshire,-2.42,0.3002,7.5,53,95,141,#355F8D
2743,129,46,57,Montgomeryshire,-1.86,0.3428,13.1,48,106,142,#306A8E
2744,129,47,57,Montgomeryshire,-2.84,0.2683,3.4,57,86,140,#39568C
2745,129,48,57,Montgomeryshire,-2.51,0.2934,6.6,53,94,141,#355E8D
2746,129,49,75,Shropshire,-2.19,0.3177,9.8,50,100,142,#32648E
2747,129,50,75,Shropshire,-2.19,0.3177,9.8,50,100,142,#32648E
2748,129,51,75,Shropshire,-1.86,0.3428,13.1,48,106,142,#306A8E
2749,129,52,75,Shropshire,-1.86,0.3428,13.1,48,106,142,#306A8E
2750,129,53,75,Shropshire,-0.42,0.4522,27.3,37,132,142,#25848E
2751,129,54,75,Shropshire,-0.42,0.4522,27.3,37,132,142,#25848E
2752,129,55,75,Shropshire,0.74,0.5403,38.8,31,154,138,#1F9A8A
2753,129,56,75,Shropshire,2.0,0.6360,51.3,42,176,127,#2AB07F
2754,129,57,77,Staffordshire,2.51,0.6748,56.3,56,185,119,#38B977
2755,129,58,77,Staffordshire,1.81,0.6216,49.4,39,173,129,#27AD81
2756,129,59,89,Worcestershire,0.56,0.5266,37.0,31,150,139,#1F968B
2757,129,60,84,Warwickshire,-0.09,0.4773,30.6,34,139,141,#228B8D
2758,129,61,84,Warwickshire,2.51,0.6748,56.3,56,185,119,#38B977
2759,129,62,84,Warwickshire,1.91,0.6292,50.4,41,175,127,#29AF7F
2760,129,63,84,Warwickshire,1.86,0.6254,49.9,40,174,128,#28AE80
2761,129,64,84,Warwickshire,0.23,0.5016,33.7,33,145,140,#21918C
2762,129,65,84,Warwickshire,3.21,0.7280,63.2,82,197,105,#52C569
2763,129,66,50,Leicestershire,-2.0,0.3322,11.7,49,104,142,#31688E
2764,129,67,50,Leicestershire,-2.09,0.3253,10.8,49,102,142,#31668E
2765,129,68,61,Northamptonshire,-2.19,0.3177,9.8,50,100,142,#32648E
2766,129,69,61,Northamptonshire,-2.19,0.3177,9.8,50,100,142,#32648E
2767,129,70,61,Northamptonshire,-2.42,0.3002,7.5,53,95,141,#355F8D
2768,129,71,61,Northamptonshire,-2.09,0.3253,10.8,49,102,142,#31668E
2769,129,72,61,Northamptonshire,-1.86,0.3428,13.1,48,106,142,#306A8E
2770,129,73,61,Northamptonshire,-2.98,0.2577,2.0,58,83,139,#3A538B
2771,129,74,42,Huntingdonshire,-2.79,0.2721,3.8,56,88,140,#38588C
2772,129,75,42,Huntingdonshire,-2.74,0.2759,4.3,56,89,140,#38598C
2773,129,76,42,Huntingdonshire,-2.47,0.2964,7.0,53,94,141,#355E8D
2774,129,77,16,Cambridgeshire,-3.91,0.1870,0.0,66,63,133,#423F85
2775,129,78,16,Cambridgeshire,-3.58,0.2121,0.0,63,71,136,#3F4788
2776,129,79,16,Cambridgeshire,-3.77,0.1977,0.0,65,66,135,#414287
2777,129,80,60,Norfolk,-3.4,0.2258,0.0,62,74,137,#3E4A89
2778,129,81,60,Norfolk,-3.3,0.2334,0.0,61,77,138,#3D4D8A
2779,129,82,60,Norfolk,-3.4,0.2258,0.0,62,74,137,#3E4A89
2780,129,83,60,Norfolk,-3.07,0.2509,1.1,59,82,139,#3B528B
2781,129,84,60,Norfolk,-3.07,0.2509,1.1,59,82,139,#3B528B
2782,129,85,60,Norfolk,-3.21,0.2402,0.0,60,79,138,#3C4F8A
2783,129,86,60,Norfolk,-3.07,0.2509,1.1,59,82,139,#3B528B
2784,129,87,60,Norfolk,-2.79,0.2721,3.8,56,88,140,#38588C
2785,129,88,60,Norfolk,-2.65,0.2828,5.2,55,91,141,#375B8D
2786,129,89,79,Suffolk,-3.02,0.2547,1.6,58,83,139,#3A538B
2787,129,90,79,Suffolk,-3.02,0.2547,1.6,58,83,139,#3A538B
2788,129,91,79,Suffolk,-2.74,0.2759,4.3,56,89,140,#38598C
2789,130,42,17,Cardiganshire,-2.28,0.3109,8.9,51,98,141,#33628D
2790,130,43,17,Cardiganshire,-2.19,0.3177,9.8,50,100,142,#32648E
2791,130,44,17,Cardiganshire,-1.86,0.3428,13.1,48,106,142,#306A8E
2792,130,45,57,Montgomeryshire,-2.42,0.3002,7.5,53,95,141,#355F8D
2793,130,46,68,Radnorshire,-2.09,0.3253,10.8,49,102,142,#31668E
2794,130,47,68,Radnorshire,-2.09,0.3253,10.8,49,102,142,#31668E
2795,130,48,68,Radnorshire,-2.65,0.2828,5.2,55,91,141,#375B8D
2796,130,49,68,Radnorshire,-2.42,0.3002,7.5,53,95,141,#355F8D
2797,130,50,75,Shropshire,-3.02,0.2547,1.6,58,83,139,#3A538B
2798,130,51,75,Shropshire,-1.67,0.3572,14.9,46,110,142,#2E6E8E
2799,130,52,75,Shropshire,-1.77,0.3496,13.9,47,108,142,#2F6C8E
2800,130,53,75,Shropshire,-0.56,0.4416,25.9,38,130,142,#26828E
2801,130,54,75,Shropshire,-1.63,0.3603,15.3,46,111,142,#2E6F8E
2802,130,55,75,Shropshire,0.09,0.4909,32.4,33,142,141,#218E8D
2803,130,56,89,Worcestershire,-0.23,0.4666,29.2,35,136,142,#23888E
2804,130,57,89,Worcestershire,1.77,0.6186,49.0,38,173,129,#26AD81
2805,130,58,89,Worcestershire,0.28,0.5054,34.2,32,146,140,#20928C
2806,130,59,89,Worcestershire,-0.19,0.4697,29.6,35,137,142,#23898E
2807,130,60,89,Worcestershire,-0.05,0.4803,31.0,34,139,141,#228B8D
2808,130,61,84,Warwickshire,-1.35,0.3815,18.1,44,115,142,#2C738E
2809,130,62,84,Warwickshire,1.12,0.5692,42.5,31,161,136,#1FA188
2810,130,63,84,Warwickshire,0.23,0.5016,33.7,33,145,140,#21918C
2811,130,64,84,Warwickshire,0.23,0.5016,33.7,33,145,140,#21918C
2812,130,65,84,Warwickshire,0.23,0.5016,33.7,33,145,140,#21918C
2813,130,66,84,Warwickshire,-2.0,0.3322,11.7,49,104,142,#31688E
2814,130,67,61,Northamptonshire,-2.0,0.3322,11.7,49,104,142,#31688E
2815,130,68,61,Northamptonshire,-1.86,0.3428,13.1,48,106,142,#306A8E
2816,130,69,61,Northamptonshire,-2.42,0.3002,7.5,53,95,141,#355F8D
2817,130,70,61,Northamptonshire,-2.88,0.2653,3.0,57,85,140,#39558C
2818,130,71,61,Northamptonshire,-3.02,0.2547,1.6,58,83,139,#3A538B
2819,130,72,61,Northamptonshire,-2.74,0.2759,4.3,56,89,140,#38598C
2820,130,73,42,Huntingdonshire,-2.74,0.2759,4.3,56,89,140,#38598C
2821,130,74,42,Huntingdonshire,-2.51,0.2934,6.6,53,94,141,#355E8D
2822,130,75,42,Huntingdonshire,-2.84,0.2683,3.4,57,86,140,#39568C
2823,130,76,42,Huntingdonshire,-3.02,0.2547,1.6,58,83,139,#3A538B
2824,130,77,16,Cambridgeshire,-3.58,0.2121,0.0,63,71,136,#3F4788
2825,130,78,16,Cambridgeshire,-3.72,0.2015,0.0,65,68,135,#414487
2826,130,79,16,Cambridgeshire,-3.91,0.1870,0.0,66,63,133,#423F85
2827,130,80,79,Suffolk,-3.91,0.1870,0.0,66,63,133,#423F85
2828,130,81,79,Suffolk,-2.79,0.2721,3.8,56,88,140,#38588C
2829,130,82,79,Suffolk,-3.07,0.2509,1.1,59,82,139,#3B528B
2830,130,83,79,Suffolk,-3.07,0.2509,1.1,59,82,139,#3B528B
2831,130,84,79,Suffolk,-3.67,0.2053,0.0,64,69,136,#404588
2832,130,85,60,Norfolk,-3.72,0.2015,0.0,65,68,135,#414487
2833,130,86,60,Norfolk,-3.67,0.2053,0.0,64,69,136,#404588
2834,130,87,60,Norfolk,-3.53,0.2159,0.0,63,72,137,#3F4889
2835,130,88,79,Suffolk,-3.02,0.2547,1.6,58,83,139,#3A538B
2836,130,89,79,Suffolk,-2.79,0.2721,3.8,56,88,140,#38588C
2837,130,90,79,Suffolk,-3.02,0.2547,1.6,58,83,139,#3A538B
2838,130,91,79,Suffolk,-3.07,0.2509,1.1,59,82,139,#3B528B
2839,131,41,17,Cardiganshire,-2.28,0.3109,8.9,51,98,141,#33628D
2840,131,42,17,Cardiganshire,-2.42,0.3002,7.5,53,95,141,#355F8D
2841,131,43,17,Cardiganshire,-2.19,0.3177,9.8,50,100,142,#32648E
2842,131,44,17,Cardiganshire,-1.86,0.3428,13.1,48,106,142,#306A8E
2843,131,45,68,Radnorshire,-2.09,0.3253,10.8,49,102,142,#31668E
2844,131,46,68,Radnorshire,-2.09,0.3253,10.8,49,102,142,#31668E
2845,131,47,68,Radnorshire,-2.19,0.3177,9.8,50,100,142,#32648E
2846,131,48,68,Radnorshire,-2.19,0.3177,9.8,50,100,142,#32648E
2847,131,49,68,Radnorshire,-1.86,0.3428,13.1,48,106,142,#306A8E
2848,131,50,68,Radnorshire,-2.47,0.2964,7.0,53,94,141,#355E8D
2849,131,51,40,Herefordshire,-2.47,0.2964,7.0,53,94,141,#355E8D
2850,131,52,40,Herefordshire,-2.65,0.2828,5.2,55,91,141,#375B8D
2851,131,53,40,Herefordshire,-1.16,0.3960,20.0,42,119,142,#2A778E
2852,131,54,75,Shropshire,-1.44,0.3747,17.2,44,113,142,#2C718E
2853,131,55,89,Worcestershire,-1.53,0.3679,16.3,45,113,142,#2D718E
2854,131,56,89,Worcestershire,-0.14,0.4735,30.1,35,138,141,#238A8D
2855,131,57,89,Worcestershire,0.84,0.5479,39.8,30,156,137,#1E9C89
2856,131,58,89,Worcestershire,0.28,0.5054,34.2,32,146,140,#20928C
2857,131,59,89,Worcestershire,-0.56,0.4416,25.9,38,130,142,#26828E
2858,131,60,89,Worcestershire,0.09,0.4909,32.4,33,142,141,#218E8D
2859,131,61,84,Warwickshire,-1.16,0.3960,20.0,42,119,142,#2A778E
2860,131,62,84,Warwickshire,-0.19,0.4697,29.6,35,137,142,#23898E
2861,131,63,84,Warwickshire,-0.33,0.4590,28.2,36,134,142,#24868E
2862,131,64,84,Warwickshire,0.28,0.5054,34.2,32,146,140,#20928C
2863,131,65,84,Warwickshire,-1.77,0.3496,13.9,47,108,142,#2F6C8E
2864,131,66,61,Northamptonshire,-1.86,0.3428,13.1,48,106,142,#306A8E
2865,131,67,61,Northamptonshire,-2.0,0.3322,11.7,49,104,142,#31688E
2866,131,68,61,Northamptonshire,-2.42,0.3002,7.5,53,95,141,#355F8D
2867,131,69,61,Northamptonshire,-2.65,0.2828,5.2,55,91,141,#375B8D
2868,131,70,61,Northamptonshire,-2.74,0.2759,4.3,56,89,140,#38598C
2869,131,71,61,Northamptonshire,-3.02,0.2547,1.6,58,83,139,#3A538B
2870,131,72,61,Northamptonshire,-2.23,0.3147,9.4,51,99,141,#33638D
2871,131,73,42,Huntingdonshire,-2.74,0.2759,4.3,56,89,140,#38598C
2872,131,74,42,Huntingdonshire,-3.02,0.2547,1.6,58,83,139,#3A538B
2873,131,75,42,Huntingdonshire,-3.16,0.2440,0.2,60,80,139,#3C508B
2874,131,76,42,Huntingdonshire,-3.4,0.2258,0.0,62,74,137,#3E4A89
2875,131,77,16,Cambridgeshire,-3.16,0.2440,0.2,60,80,139,#3C508B
2876,131,78,16,Cambridgeshire,-4.05,0.1764,0.0,67,61,132,#433D84
2877,131,79,16,Cambridgeshire,-3.77,0.1977,0.0,65,66,135,#414287
2878,131,80,16,Cambridgeshire,-3.91,0.1870,0.0,66,63,133,#423F85
2879,131,81,79,Suffolk,-3.91,0.1870,0.0,66,63,133,#423F85
2880,131,82,79,Suffolk,-3.91,0.1870,0.0,66,63,133,#423F85
2881,131,83,79,Suffolk,-3.67,0.2053,0.0,64,69,136,#404588
2882,131,84,79,Suffolk,-3.67,0.2053,0.0,64,69,136,#404588
2883,131,85,79,Suffolk,-3.77,0.1977,0.0,65,66,135,#414287
2884,131,86,79,Suffolk,-3.58,0.2121,0.0,63,71,136,#3F4788
2885,131,87,79,Suffolk,-3.4,0.2258,0.0,62,74,137,#3E4A89
2886,131,88,79,Suffolk,-3.53,0.2159,0.0,63,72,137,#3F4889
2887,131,89,79,Suffolk,-3.4,0.2258,0.0,62,74,137,#3E4A89
2888,131,90,79,Suffolk,-3.49,0.2190,0.0,62,73,137,#3E4989
2889,132,40,17,Cardiganshire,-2.23,0.3147,9.4,51,99,141,#33638D
2890,132,41,17,Cardiganshire,-2.28,0.3109,8.9,51,98,141,#33628D
2891,132,42,17,Cardiganshire,-1.86,0.3428,13.1,48,106,142,#306A8E
2892,132,43,17,Cardiganshire,-2.37,0.3040,8.0,52,96,141,#34608D
2893,132,44,17,Cardiganshire,-2.6,0.2866,5.7,54,92,141,#365C8D
2894,132,45,68,Radnorshire,-2.51,0.2934,6.6,53,94,141,#355E8D
2895,132,46,11,Brecknockshire,-2.09,0.3253,10.8,49,102,142,#31668E
2896,132,47,68,Radnorshire,-3.16,0.2440,0.2,60,80,139,#3C508B
2897,132,48,68,Radnorshire,-3.16,0.2440,0.2,60,80,139,#3C508B
2898,132,49,68,Radnorshire,-3.16,0.2440,0.2,60,80,139,#3C508B
2899,132,50,68,Radnorshire,-2.47,0.2964,7.0,53,94,141,#355E8D
2900,132,51,40,Herefordshire,-2.47,0.2964,7.0,53,94,141,#355E8D
2901,132,52,40,Herefordshire,-2.6,0.2866,5.7,54,92,141,#365C8D
2902,132,53,40,Herefordshire,-1.35,0.3815,18.1,44,115,142,#2C738E
2903,132,54,40,Herefordshire,-1.53,0.3679,16.3,45,113,142,#2D718E
2904,132,55,40,Herefordshire,-1.49,0.3709,16.7,45,113,142,#2D718E
2905,132,56,89,Worcestershire,-1.49,0.3709,16.7,45,113,142,#2D718E
2906,132,57,89,Worcestershire,-1.49,0.3709,16.7,45,113,142,#2D718E
2907,132,58,89,Worcestershire,-1.72,0.3534,14.4,46,109,142,#2E6D8E
2908,132,59,89,Worcestershire,-1.63,0.3603,15.3,46,111,142,#2E6F8E
2909,132,60,84,Warwickshire,-2.37,0.3040,8.0,52,96,141,#34608D
2910,132,61,84,Warwickshire,-1.44,0.3747,17.2,44,113,142,#2C718E
2911,132,62,84,Warwickshire,-0.19,0.4697,29.6,35,137,142,#23898E
2912,132,63,84,Warwickshire,-0.23,0.4666,29.2,35,136,142,#23888E
2913,132,64,84,Warwickshire,-0.23,0.4666,29.2,35,136,142,#23888E
2914,132,65,84,Warwickshire,-1.72,0.3534,14.4,46,109,142,#2E6D8E
2915,132,66,61,Northamptonshire,-1.53,0.3679,16.3,45,113,142,#2D718E
2916,132,67,61,Northamptonshire,-2.23,0.3147,9.4,51,99,141,#33638D
2917,132,68,61,Northamptonshire,-1.53,0.3679,16.3,45,113,142,#2D718E
2918,132,69,61,Northamptonshire,-2.19,0.3177,9.8,50,100,142,#32648E
2919,132,70,61,Northamptonshire,-3.95,0.1840,0.0,66,63,133,#423F85
2920,132,71,8,Bedfordshire,-3.95,0.1840,0.0,66,63,133,#423F85
2921,132,72,8,Bedfordshire,-3.95,0.1840,0.0,66,63,133,#423F85
2922,132,73,8,Bedfordshire,-4.23,0.1627,0.0,69,56,130,#453882
2923,132,74,42,Huntingdonshire,-3.91,0.1870,0.0,66,63,133,#423F85
2924,132,75,42,Huntingdonshire,-3.3,0.2334,0.0,61,77,138,#3D4D8A
2925,132,76,16,Cambridgeshire,-3.67,0.2053,0.0,64,69,136,#404588
2926,132,77,16,Cambridgeshire,-3.4,0.2258,0.0,62,74,137,#3E4A89
2927,132,78,16,Cambridgeshire,-3.4,0.2258,0.0,62,74,137,#3E4A89
2928,132,79,16,Cambridgeshire,-3.95,0.1840,0.0,66,63,133,#423F85
2929,132,80,16,Cambridgeshire,-3.16,0.2440,0.2,60,80,139,#3C508B
2930,132,81,79,Suffolk,-3.91,0.1870,0.0,66,63,133,#423F85
2931,132,82,79,Suffolk,-3.63,0.2083,0.0,64,70,136,#404688
2932,132,83,79,Suffolk,-3.67,0.2053,0.0,64,69,136,#404588
2933,132,84,79,Suffolk,-3.63,0.2083,0.0,64,70,136,#404688
2934,132,85,79,Suffolk,-3.21,0.2402,0.0,60,79,138,#3C4F8A
2935,132,86,79,Suffolk,-3.49,0.2190,0.0,62,73,137,#3E4989
2936,132,87,79,Suffolk,-3.4,0.2258,0.0,62,74,137,#3E4A89
2937,132,88,79,Suffolk,-3.91,0.1870,0.0,66,63,133,#423F85
2938,132,89,79,Suffolk,-3.4,0.2258,0.0,62,74,137,#3E4A89
2939,132,90,79,Suffolk,-3.58,0.2121,0.0,63,71,136,#3F4788
2940,133,39,17,Cardiganshire,-2.0,0.3322,11.7,49,104,142,#31688E
2941,133,40,17,Cardiganshire,-1.12,0.3990,20.4,42,120,142,#2A788E
2942,133,41,17,Cardiganshire,-1.3,0.3853,18.6,43,116,142,#2B748E
2943,133,42,17,Cardiganshire,-2.19,0.3177,9.8,50,100,142,#32648E
2944,133,43,17,Cardiganshire,-2.19,0.3177,9.8,50,100,142,#32648E
2945,133,44,11,Brecknockshire,-2.23,0.3147,9.4,51,99,141,#33638D
2946,133,45,11,Brecknockshire,-2.47,0.2964,7.0,53,94,141,#355E8D
2947,133,46,11,Brecknockshire,-2.47,0.2964,7.0,53,94,141,#355E8D
2948,133,47,68,Radnorshire,-3.3,0.2334,0.0,61,77,138,#3D4D8A
2949,133,48,68,Radnorshire,-2.79,0.2721,3.8,56,88,140,#38588C
2950,133,49,68,Radnorshire,-3.02,0.2547,1.6,58,83,139,#3A538B
2951,133,50,40,Herefordshire,-3.3,0.2334,0.0,61,77,138,#3D4D8A
2952,133,51,40,Herefordshire,-3.16,0.2440,0.2,60,80,139,#3C508B
2953,133,52,40,Herefordshire,-1.53,0.3679,16.3,45,113,142,#2D718E
2954,133,53,40,Herefordshire,-1.35,0.3815,18.1,44,115,142,#2C738E
2955,133,54,40,Herefordshire,-1.63,0.3603,15.3,46,111,142,#2E6F8E
2956,133,55,40,Herefordshire,-1.81,0.3466,13.5,47,107,142,#2F6B8E
2957,133,56,89,Worcestershire,-0.93,0.4134,22.3,41,123,142,#297B8E
2958,133,57,89,Worcestershire,-2.6,0.2866,5.7,54,92,141,#365C8D
2959,133,58,89,Worcestershire,-1.72,0.3534,14.4,46,109,142,#2E6D8E
2960,133,59,89,Worcestershire,-2.42,0.3002,7.5,53,95,141,#355F8D
2961,133,60,84,Warwickshire,-2.37,0.3040,8.0,52,96,141,#34608D
2962,133,61,84,Warwickshire,-1.49,0.3709,16.7,45,113,142,#2D718E
2963,133,62,84,Warwickshire,-1.49,0.3709,16.7,45,113,142,#2D718E
2964,133,63,84,Warwickshire,-0.28,0.4628,28.7,36,135,142,#24878E
2965,133,64,84,Warwickshire,-1.77,0.3496,13.9,47,108,142,#2F6C8E
2966,133,65,84,Warwickshire,-1.67,0.3572,14.9,46,110,142,#2E6E8E
2967,133,66,61,Northamptonshire,-1.49,0.3709,16.7,45,113,142,#2D718E
2968,133,67,61,Northamptonshire,-1.35,0.3815,18.1,44,115,142,#2C738E
2969,133,68,61,Northamptonshire,-1.63,0.3603,15.3,46,111,142,#2E6F8E
2970,133,69,61,Northamptonshire,-1.53,0.3679,16.3,45,113,142,#2D718E
2971,133,70,61,Northamptonshire,-3.77,0.1977,0.0,65,66,135,#414287
2972,133,71,8,Bedfordshire,-3.72,0.2015,0.0,65,68,135,#414487
2973,133,72,8,Bedfordshire,-3.3,0.2334,0.0,61,77,138,#3D4D8A
2974,133,73,8,Bedfordshire,-3.53,0.2159,0.0,63,72,137,#3F4889
2975,133,74,8,Bedfordshire,-3.21,0.2402,0.0,60,79,138,#3C4F8A
2976,133,75,42,Huntingdonshire,-3.53,0.2159,0.0,63,72,137,#3F4889
2977,133,76,16,Cambridgeshire,-3.3,0.2334,0.0,61,77,138,#3D4D8A
2978,133,77,16,Cambridgeshire,-2.51,0.2934,6.6,53,94,141,#355E8D
2979,133,78,16,Cambridgeshire,-3.16,0.2440,0.2,60,80,139,#3C508B
2980,133,79,16,Cambridgeshire,-3.67,0.2053,0.0,64,69,136,#404588
2981,133,80,16,Cambridgeshire,-3.91,0.1870,0.0,66,63,133,#423F85
2982,133,81,79,Suffolk,-3.4,0.2258,0.0,62,74,137,#3E4A89
2983,133,82,79,Suffolk,-3.63,0.2083,0.0,64,70,136,#404688
2984,133,83,79,Suffolk,-4.09,0.1734,0.0,68,59,132,#443B84
2985,133,84,79,Suffolk,-4.05,0.1764,0.0,67,61,132,#433D84
2986,133,85,79,Suffolk,-4.05,0.1764,0.0,67,61,132,#433D84
2987,133,86,79,Suffolk,-4.23,0.1627,0.0,69,56,130,#453882
2988,133,87,79,Suffolk,-3.72,0.2015,0.0,65,68,135,#414487
2989,133,88,79,Suffolk,-3.53,0.2159,0.0,63,72,137,#3F4889
2990,133,89,79,Suffolk,-3.4,0.2258,0.0,62,74,137,#3E4A89
2991,133,90,79,Suffolk,-3.58,0.2121,0.0,63,71,136,#3F4788
2992,134,37,17,Cardiganshire,-1.67,0.3572,14.9,46,110,142,#2E6E8E
2993,134,38,17,Cardiganshire,-1.35,0.3815,18.1,44,115,142,#2C738E
2994,134,39,17,Cardiganshire,-1.12,0.3990,20.4,42,120,142,#2A788E
2995,134,40,17,Cardiganshire,-0.93,0.4134,22.3,41,123,142,#297B8E
2996,134,41,17,Cardiganshire,-1.16,0.3960,20.0,42,119,142,#2A778E
2997,134,42,17,Cardiganshire,-0.98,0.4096,21.8,41,122,142,#297A8E
2998,134,43,18,Carmarthenshire,-2.23,0.3147,9.4,51,99,141,#33638D
2999,134,44,11,Brecknockshire,-2.05,0.3284,11.2,49,103,142,#31678E
3000,134,45,11,Brecknockshire,-2.65,0.2828,5.2,55,91,141,#375B8D
3001,134,46,11,Brecknockshire,-2.05,0.3284,11.2,49,103,142,#31678E
3002,134,47,11,Brecknockshire,-2.51,0.2934,6.6,53,94,141,#355E8D
3003,134,48,68,Radnorshire,-3.07,0.2509,1.1,59,82,139,#3B528B
3004,134,49,68,Radnorshire,-3.21,0.2402,0.0,60,79,138,#3C4F8A
3005,134,50,40,Herefordshire,-3.95,0.1840,0.0,66,63,133,#423F85
3006,134,51,40,Herefordshire,-3.95,0.1840,0.0,66,63,133,#423F85
3007,134,52,40,Herefordshire,-3.58,0.2121,0.0,63,71,136,#3F4788
3008,134,53,40,Herefordshire,-2.6,0.2866,5.7,54,92,141,#365C8D
3009,134,54,40,Herefordshire,-1.53,0.3679,16.3,45,113,142,#2D718E
3010,134,55,40,Herefordshire,-3.02,0.2547,1.6,58,83,139,#3A538B
3011,134,56,89,Worcestershire,-3.02,0.2547,1.6,58,83,139,#3A538B
3012,134,57,89,Worcestershire,-2.74,0.2759,4.3,56,89,140,#38598C
3013,134,58,89,Worcestershire,-1.72,0.3534,14.4,46,109,142,#2E6D8E
3014,134,59,89,Worcestershire,-2.28,0.3109,8.9,51,98,141,#33628D
3015,134,60,89,Worcestershire,-2.6,0.2866,5.7,54,92,141,#365C8D
3016,134,61,38,Gloucestershire,-2.23,0.3147,9.4,51,99,141,#33638D
3017,134,62,84,Warwickshire,-1.49,0.3709,16.7,45,113,142,#2D718E
3018,134,63,84,Warwickshire,-2.23,0.3147,9.4,51,99,141,#33638D
3019,134,64,84,Warwickshire,-2.42,0.3002,7.5,53,95,141,#355F8D
3020,134,65,64,Oxfordshire,-3.58,0.2121,0.0,63,71,136,#3F4788
3021,134,66,61,Northamptonshire,-3.3,0.2334,0.0,61,77,138,#3D4D8A
3022,134,67,61,Northamptonshire,-3.72,0.2015,0.0,65,68,135,#414487
3023,134,68,61,Northamptonshire,-3.3,0.2334,0.0,61,77,138,#3D4D8A
3024,134,69,61,Northamptonshire,-3.95,0.1840,0.0,66,63,133,#423F85
3025,134,70,12,Buckinghamshire,-3.77,0.1977,0.0,65,66,135,#414287
3026,134,71,12,Buckinghamshire,-2.65,0.2828,5.2,55,91,141,#375B8D
3027,134,72,8,Bedfordshire,-3.53,0.2159,0.0,63,72,137,#3F4889
3028,134,73,8,Bedfordshire,-3.67,0.2053,0.0,64,69,136,#404588
3029,134,74,8,Bedfordshire,-3.91,0.1870,0.0,66,63,133,#423F85
3030,134,75,8,Bedfordshire,-3.91,0.1870,0.0,66,63,133,#423F85
3031,134,76,16,Cambridgeshire,-3.16,0.2440,0.2,60,80,139,#3C508B
3032,134,77,16,Cambridgeshire,-3.72,0.2015,0.0,65,68,135,#414487
3033,134,78,16,Cambridgeshire,-3.16,0.2440,0.2,60,80,139,#3C508B
3034,134,79,16,Cambridgeshire,-3.91,0.1870,0.0,66,63,133,#423F85
3035,134,80,79,Suffolk,-3.91,0.1870,0.0,66,63,133,#423F85
3036,134,81,79,Suffolk,-3.72,0.2015,0.0,65,68,135,#414487
3037,134,82,79,Suffolk,-3.63,0.2083,0.0,64,70,136,#404688
3038,134,83,79,Suffolk,-4.51,0.1415,0.0,70,50,126,#46327E
3039,134,84,79,Suffolk,-4.51,0.1415,0.0,70,50,126,#46327E
3040,134,85,79,Suffolk,-4.05,0.1764,0.0,67,61,132,#433D84
3041,134,86,79,Suffolk,-4.09,0.1734,0.0,68,59,132,#443B84
3042,134,87,79,Suffolk,-3.72,0.2015,0.0,65,68,135,#414487
3043,134,88,79,Suffolk,-3.67,0.2053,0.0,64,69,136,#404588
3044,134,89,79,Suffolk,-3.3,0.2334,0.0,61,77,138,#3D4D8A
3045,134,90,79,Suffolk,-2.98,0.2577,2.0,58,83,139,#3A538B
3046,135,35,66,Pembrokeshire,-1.81,0.3466,13.5,47,107,142,#2F6B8E
3047,135,36,66,Pembrokeshire,-1.77,0.3496,13.9,47,108,142,#2F6C8E
3048,135,37,17,Cardiganshire,-1.81,0.3466,13.5,47,107,142,#2F6B8E
3049,135,38,17,Cardiganshire,-1.86,0.3428,13.1,48,106,142,#306A8E
3050,135,39,17,Cardiganshire,-1.12,0.3990,20.4,42,120,142,#2A788E
3051,135,40,17,Cardiganshire,-1.12,0.3990,20.4,42,120,142,#2A788E
3052,135,41,18,Carmarthenshire,-1.16,0.3960,20.0,42,119,142,#2A778E
3053,135,42,18,Carmarthenshire,-1.3,0.3853,18.6,43,116,142,#2B748E
3054,135,43,18,Carmarthenshire,-2.19,0.3177,9.8,50,100,142,#32648E
3055,135,44,18,Carmarthenshire,-2.19,0.3177,9.8,50,100,142,#32648E
3056,135,45,11,Brecknockshire,-2.19,0.3177,9.8,50,100,142,#32648E
3057,135,46,11,Brecknockshire,-2.42,0.3002,7.5,53,95,141,#355F8D
3058,135,47,11,Brecknockshire,-3.02,0.2547,1.6,58,83,139,#3A538B
3059,135,48,11,Brecknockshire,-3.49,0.2190,0.0,62,73,137,#3E4989
3060,135,49,11,Brecknockshire,-3.16,0.2440,0.2,60,80,139,#3C508B
3061,135,50,40,Herefordshire,-3.21,0.2402,0.0,60,79,138,#3C4F8A
3062,135,51,40,Herefordshire,-3.53,0.2159,0.0,63,72,137,#3F4889
3063,135,52,40,Herefordshire,-3.4,0.2258,0.0,62,74,137,#3E4A89
3064,135,53,40,Herefordshire,-2.47,0.2964,7.0,53,94,141,#355E8D
3065,135,54,40,Herefordshire,-1.81,0.3466,13.5,47,107,142,#2F6B8E
3066,135,55,40,Herefordshire,-3.02,0.2547,1.6,58,83,139,#3A538B
3067,135,56,40,Herefordshire,-3.4,0.2258,0.0,62,74,137,#3E4A89
3068,135,57,89,Worcestershire,-1.81,0.3466,13.5,47,107,142,#2F6B8E
3069,135,58,89,Worcestershire,-1.67,0.3572,14.9,46,110,142,#2E6E8E
3070,135,59,89,Worcestershire,-2.98,0.2577,2.0,58,83,139,#3A538B
3071,135,60,38,Gloucestershire,-3.07,0.2509,1.1,59,82,139,#3B528B
3072,135,61,38,Gloucestershire,-2.47,0.2964,7.0,53,94,141,#355E8D
3073,135,62,84,Warwickshire,-2.6,0.2866,5.7,54,92,141,#365C8D
3074,135,63,84,Warwickshire,-2.19,0.3177,9.8,50,100,142,#32648E
3075,135,64,64,Oxfordshire,-2.19,0.3177,9.8,50,100,142,#32648E
3076,135,65,64,Oxfordshire,-2.74,0.2759,4.3,56,89,140,#38598C
3077,135,66,61,Northamptonshire,-4.05,0.1764,0.0,67,61,132,#433D84
3078,135,67,61,Northamptonshire,-3.53,0.2159,0.0,63,72,137,#3F4889
3079,135,68,12,Buckinghamshire,-2.51,0.2934,6.6,53,94,141,#355E8D
3080,135,69,61,Northamptonshire,-4.09,0.1734,0.0,68,59,132,#443B84
3081,135,70,12,Buckinghamshire,-3.95,0.1840,0.0,66,63,133,#423F85
3082,135,71,8,Bedfordshire,-3.4,0.2258,0.0,62,74,137,#3E4A89
3083,135,72,8,Bedfordshire,-3.4,0.2258,0.0,62,74,137,#3E4A89
3084,135,73,8,Bedfordshire,-3.21,0.2402,0.0,60,79,138,#3C4F8A
3085,135,74,8,Bedfordshire,-3.77,0.1977,0.0,65,66,135,#414287
3086,135,75,16,Cambridgeshire,-3.72,0.2015,0.0,65,68,135,#414487
3087,135,76,16,Cambridgeshire,-3.16,0.2440,0.2,60,80,139,#3C508B
3088,135,77,16,Cambridgeshire,-3.91,0.1870,0.0,66,63,133,#423F85
3089,135,78,33,Essex,-3.53,0.2159,0.0,63,72,137,#3F4889
3090,135,79,33,Essex,-3.58,0.2121,0.0,63,71,136,#3F4788
3091,135,80,33,Essex,-3.67,0.2053,0.0,64,69,136,#404588
3092,135,81,33,Essex,-3.4,0.2258,0.0,62,74,137,#3E4A89
3093,135,82,33,Essex,-4.05,0.1764,0.0,67,61,132,#433D84
3094,135,83,79,Suffolk,-3.67,0.2053,0.0,64,69,136,#404588
3095,135,84,79,Suffolk,-3.67,0.2053,0.0,64,69,136,#404588
3096,135,85,79,Suffolk,-3.16,0.2440,0.2,60,80,139,#3C508B
3097,135,86,79,Suffolk,-3.91,0.1870,0.0,66,63,133,#423F85
3098,135,87,79,Suffolk,-4.23,0.1627,0.0,69,56,130,#453882
3099,135,88,79,Suffolk,-3.67,0.2053,0.0,64,69,136,#404588
3100,135,89,79,Suffolk,-4.51,0.1415,0.0,70,50,126,#46327E
3101,136,33,66,Pembrokeshire,-1.77,0.3496,13.9,47,108,142,#2F6C8E
3102,136,34,66,Pembrokeshire,-2.19,0.3177,9.8,50,100,142,#32648E
3103,136,35,66,Pembrokeshire,-1.77,0.3496,13.9,47,108,142,#2F6C8E
3104,136,36,66,Pembrokeshire,-1.77,0.3496,13.9,47,108,142,#2F6C8E
3105,136,37,66,Pembrokeshire,-1.86,0.3428,13.1,48,106,142,#306A8E
3106,136,38,18,Carmarthenshire,-1.86,0.3428,13.1,48,106,142,#306A8E
3107,136,39,18,Carmarthenshire,-1.12,0.3990,20.4,42,120,142,#2A788E
3108,136,40,18,Carmarthenshire,-1.12,0.3990,20.4,42,120,142,#2A788E
3109,136,41,18,Carmarthenshire,-1.07,0.4028,20.9,41,121,142,#29798E
3110,136,42,18,Carmarthenshire,-2.19,0.3177,9.8,50,100,142,#32648E
3111,136,43,18,Carmarthenshire,-2.19,0.3177,9.8,50,100,142,#32648E
3112,136,44,18,Carmarthenshire,-2.19,0.3177,9.8,50,100,142,#32648E
3113,136,45,11,Brecknockshire,-2.19,0.3177,9.8,50,100,142,#32648E
3114,136,46,11,Brecknockshire,-2.19,0.3177,9.8,50,100,142,#32648E
3115,136,47,11,Brecknockshire,-3.16,0.2440,0.2,60,80,139,#3C508B
3116,136,48,11,Brecknockshire,-3.21,0.2402,0.0,60,79,138,#3C4F8A
3117,136,49,11,Brecknockshire,-3.49,0.2190,0.0,62,73,137,#3E4989
3118,136,50,40,Herefordshire,-3.95,0.1840,0.0,66,63,133,#423F85
3119,136,51,40,Herefordshire,-3.21,0.2402,0.0,60,79,138,#3C4F8A
3120,136,52,40,Herefordshire,-3.16,0.2440,0.2,60,80,139,#3C508B
3121,136,53,40,Herefordshire,-3.67,0.2053,0.0,64,69,136,#404588
3122,136,54,40,Herefordshire,-2.23,0.3147,9.4,51,99,141,#33638D
3123,136,55,40,Herefordshire,-3.02,0.2547,1.6,58,83,139,#3A538B
3124,136,56,89,Worcestershire,-3.16,0.2440,0.2,60,80,139,#3C508B
3125,136,57,89,Worcestershire,-3.3,0.2334,0.0,61,77,138,#3D4D8A
3126,136,58,38,Gloucestershire,-2.28,0.3109,8.9,51,98,141,#33628D
3127,136,59,38,Gloucestershire,-2.47,0.2964,7.0,53,94,141,#355E8D
3128,136,60,38,Gloucestershire,-2.84,0.2683,3.4,57,86,140,#39568C
3129,136,61,38,Gloucestershire,-3.02,0.2547,1.6,58,83,139,#3A538B
3130,136,62,38,Gloucestershire,-2.6,0.2866,5.7,54,92,141,#365C8D
3131,136,63,84,Warwickshire,-2.47,0.2964,7.0,53,94,141,#355E8D
3132,136,64,64,Oxfordshire,-2.65,0.2828,5.2,55,91,141,#375B8D
3133,136,65,64,Oxfordshire,-3.49,0.2190,0.0,62,73,137,#3E4989
3134,136,66,61,Northamptonshire,-3.58,0.2121,0.0,63,71,136,#3F4788
3135,136,67,12,Buckinghamshire,-2.47,0.2964,7.0,53,94,141,#355E8D
3136,136,68,12,Buckinghamshire,-3.58,0.2121,0.0,63,71,136,#3F4788
3137,136,69,12,Buckinghamshire,-2.51,0.2934,6.6,53,94,141,#355E8D
3138,136,70,12,Buckinghamshire,-4.37,0.1521,0.0,70,52,128,#463480
3139,136,71,8,Bedfordshire,-3.95,0.1840,0.0,66,63,133,#423F85
3140,136,72,8,Bedfordshire,-2.79,0.2721,3.8,56,88,140,#38588C
3141,136,73,8,Bedfordshire,-3.91,0.1870,0.0,66,63,133,#423F85
3142,136,74,8,Bedfordshire,-3.95,0.1840,0.0,66,63,133,#423F85
3143,136,75,41,Hertfordshire,-3.77,0.1977,0.0,65,66,135,#414287
3144,136,76,41,Hertfordshire,-3.67,0.2053,0.0,64,69,136,#404588
3145,136,77,41,Hertfordshire,-3.4,0.2258,0.0,62,74,137,#3E4A89
3146,136,78,33,Essex,-4.05,0.1764,0.0,67,61,132,#433D84
3147,136,79,33,Essex,-3.58,0.2121,0.0,63,71,136,#3F4788
3148,136,80,33,Essex,-3.67,0.2053,0.0,64,69,136,#404588
3149,136,81,33,Essex,-3.67,0.2053,0.0,64,69,136,#404588
3150,136,82,33,Essex,-3.67,0.2053,0.0,64,69,136,#404588
3151,136,83,79,Suffolk,-3.67,0.2053,0.0,64,69,136,#404588
3152,136,84,79,Suffolk,-3.53,0.2159,0.0,63,72,137,#3F4889
3153,136,85,79,Suffolk,-2.51,0.2934,6.6,53,94,141,#355E8D
3154,136,86,79,Suffolk,-3.63,0.2083,0.0,64,70,136,#404688
3155,136,87,79,Suffolk,-3.91,0.1870,0.0,66,63,133,#423F85
3156,136,88,79,Suffolk,-3.95,0.1840,0.0,66,63,133,#423F85
3157,137,32,66,Pembrokeshire,-1.77,0.3496,13.9,47,108,142,#2F6C8E
3158,137,33,66,Pembrokeshire,-1.63,0.3603,15.3,46,111,142,#2E6F8E
3159,137,34,66,Pembrokeshire,-1.53,0.3679,16.3,45,113,142,#2D718E
3160,137,35,66,Pembrokeshire,-1.77,0.3496,13.9,47,108,142,#2F6C8E
3161,137,36,66,Pembrokeshire,-1.81,0.3466,13.5,47,107,142,#2F6B8E
3162,137,37,18,Carmarthenshire,-1.86,0.3428,13.1,48,106,142,#306A8E
3163,137,38,18,Carmarthenshire,-2.05,0.3284,11.2,49,103,142,#31678E
3164,137,39,18,Carmarthenshire,-1.12,0.3990,20.4,42,120,142,#2A788E
3165,137,40,18,Carmarthenshire,-1.12,0.3990,20.4,42,120,142,#2A788E
3166,137,41,18,Carmarthenshire,-1.12,0.3990,20.4,42,120,142,#2A788E
3167,137,42,18,Carmarthenshire,-2.19,0.3177,9.8,50,100,142,#32648E
3168,137,43,18,Carmarthenshire,-2.19,0.3177,9.8,50,100,142,#32648E
3169,137,44,18,Carmarthenshire,-2.19,0.3177,9.8,50,100,142,#32648E
3170,137,45,11,Brecknockshire,-2.19,0.3177,9.8,50,100,142,#32648E
3171,137,46,11,Brecknockshire,-2.79,0.2721,3.8,56,88,140,#38588C
3172,137,47,11,Brecknockshire,-3.35,0.2296,0.0,62,76,138,#3E4C8A
3173,137,48,11,Brecknockshire,-3.95,0.1840,0.0,66,63,133,#423F85
3174,137,49,11,Brecknockshire,-3.58,0.2121,0.0,63,71,136,#3F4788
3175,137,50,56,Monmouthshire,-2.98,0.2577,2.0,58,83,139,#3A538B
3176,137,51,40,Herefordshire,-3.63,0.2083,0.0,64,70,136,#404688
3177,137,52,40,Herefordshire,-3.53,0.2159,0.0,63,72,137,#3F4889
3178,137,53,40,Herefordshire,-3.67,0.2053,0.0,64,69,136,#404588
3179,137,54,40,Herefordshire,-2.84,0.2683,3.4,57,86,140,#39568C
3180,137,55,40,Herefordshire,-3.02,0.2547,1.6,58,83,139,#3A538B
3181,137,56,38,Gloucestershire,-2.47,0.2964,7.0,53,94,141,#355E8D
3182,137,57,38,Gloucestershire,-3.77,0.1977,0.0,65,66,135,#414287
3183,137,58,38,Gloucestershire,-3.77,0.1977,0.0,65,66,135,#414287
3184,137,59,38,Gloucestershire,-3.02,0.2547,1.6,58,83,139,#3A538B
3185,137,60,38,Gloucestershire,-2.47,0.2964,7.0,53,94,141,#355E8D
3186,137,61,38,Gloucestershire,-2.79,0.2721,3.8,56,88,140,#38588C
3187,137,62,38,Gloucestershire,-3.21,0.2402,0.0,60,79,138,#3C4F8A
3188,137,63,64,Oxfordshire,-1.77,0.3496,13.9,47,108,142,#2F6C8E
3189,137,64,64,Oxfordshire,-2.88,0.2653,3.0,57,85,140,#39558C
3190,137,65,64,Oxfordshire,-3.67,0.2053,0.0,64,69,136,#404588
3191,137,66,64,Oxfordshire,-3.58,0.2121,0.0,63,71,136,#3F4788
3192,137,67,64,Oxfordshire,-1.77,0.3496,13.9,47,108,142,#2F6C8E
3193,137,68,12,Buckinghamshire,-1.86,0.3428,13.1,48,106,142,#306A8E
3194,137,69,12,Buckinghamshire,-1.81,0.3466,13.5,47,107,142,#2F6B8E
3195,137,70,12,Buckinghamshire,-1.81,0.3466,13.5,47,107,142,#2F6B8E
3196,137,71,8,Bedfordshire,-3.53,0.2159,0.0,63,72,137,#3F4889
3197,137,72,8,Bedfordshire,-3.58,0.2121,0.0,63,71,136,#3F4788
3198,137,73,8,Bedfordshire,-3.35,0.2296,0.0,62,76,138,#3E4C8A
3199,137,74,41,Hertfordshire,-3.67,0.2053,0.0,64,69,136,#404588
3200,137,75,41,Hertfordshire,-3.77,0.1977,0.0,65,66,135,#414287
3201,137,76,41,Hertfordshire,-3.21,0.2402,0.0,60,79,138,#3C4F8A
3202,137,77,41,Hertfordshire,-3.91,0.1870,0.0,66,63,133,#423F85
3203,137,78,33,Essex,-3.4,0.2258,0.0,62,74,137,#3E4A89
3204,137,79,33,Essex,-3.4,0.2258,0.0,62,74,137,#3E4A89
3205,137,80,33,Essex,-3.4,0.2258,0.0,62,74,137,#3E4A89
3206,137,81,33,Essex,-3.67,0.2053,0.0,64,69,136,#404588
3207,137,82,33,Essex,-3.63,0.2083,0.0,64,70,136,#404688
3208,137,83,33,Essex,-4.23,0.1627,0.0,69,56,130,#453882
3209,137,84,33,Essex,-3.21,0.2402,0.0,60,79,138,#3C4F8A
3210,137,85,33,Essex,-2.23,0.3147,9.4,51,99,141,#33638D
3211,137,86,33,Essex,-3.4,0.2258,0.0,62,74,137,#3E4A89
3212,137,87,33,Essex,-3.4,0.2258,0.0,62,74,137,#3E4A89
3213,138,32,66,Pembrokeshire,,,,,,,
3214,138,33,66,Pembrokeshire,-1.77,0.3496,13.9,47,108,142,#2F6C8E
3215,138,34,66,Pembrokeshire,-1.77,0.3496,13.9,47,108,142,#2F6C8E
3216,138,35,66,Pembrokeshire,-1.77,0.3496,13.9,47,108,142,#2F6C8E
3217,138,36,18,Carmarthenshire,-1.67,0.3572,14.9,46,110,142,#2E6E8E
3218,138,37,18,Carmarthenshire,-1.86,0.3428,13.1,48,106,142,#306A8E
3219,138,38,18,Carmarthenshire,-2.42,0.3002,7.5,53,95,141,#355F8D
3220,138,39,18,Carmarthenshire,-1.67,0.3572,14.9,46,110,142,#2E6E8E
3221,138,40,18,Carmarthenshire,-1.3,0.3853,18.6,43,116,142,#2B748E
3222,138,41,18,Carmarthenshire,-2.09,0.3253,10.8,49,102,142,#31668E
3223,138,42,18,Carmarthenshire,-2.19,0.3177,9.8,50,100,142,#32648E
3224,138,43,18,Carmarthenshire,-2.0,0.3322,11.7,49,104,142,#31688E
3225,138,44,18,Carmarthenshire,-2.98,0.2577,2.0,58,83,139,#3A538B
3226,138,45,11,Brecknockshire,-2.23,0.3147,9.4,51,99,141,#33638D
3227,138,46,11,Brecknockshire,-2.79,0.2721,3.8,56,88,140,#38588C
3228,138,47,11,Brecknockshire,-2.79,0.2721,3.8,56,88,140,#38588C
3229,138,48,11,Brecknockshire,-3.16,0.2440,0.2,60,80,139,#3C508B
3230,138,49,11,Brecknockshire,-3.16,0.2440,0.2,60,80,139,#3C508B
3231,138,50,56,Monmouthshire,-3.77,0.1977,0.0,65,66,135,#414287
3232,138,51,56,Monmouthshire,-3.91,0.1870,0.0,66,63,133,#423F85
3233,138,52,56,Monmouthshire,-3.72,0.2015,0.0,65,68,135,#414487
3234,138,53,40,Herefordshire,-3.02,0.2547,1.6,58,83,139,#3A538B
3235,138,54,40,Herefordshire,-3.21,0.2402,0.0,60,79,138,#3C4F8A
3236,138,55,38,Gloucestershire,-3.4,0.2258,0.0,62,74,137,#3E4A89
3237,138,56,38,Gloucestershire,-3.53,0.2159,0.0,63,72,137,#3F4889
3238,138,57,38,Gloucestershire,-3.77,0.1977,0.0,65,66,135,#414287
3239,138,58,38,Gloucestershire,-3.77,0.1977,0.0,65,66,135,#414287
3240,138,59,38,Gloucestershire,-3.91,0.1870,0.0,66,63,133,#423F85
3241,138,60,38,Gloucestershire,-3.16,0.2440,0.2,60,80,139,#3C508B
3242,138,61,38,Gloucestershire,-2.98,0.2577,2.0,58,83,139,#3A538B
3243,138,62,38,Gloucestershire,-2.84,0.2683,3.4,57,86,140,#39568C
3244,138,63,64,Oxfordshire,-1.72,0.3534,14.4,46,109,142,#2E6D8E
3245,138,64,64,Oxfordshire,-1.81,0.3466,13.5,47,107,142,#2F6B8E
3246,138,65,64,Oxfordshire,-3.49,0.2190,0.0,62,73,137,#3E4989
3247,138,66,64,Oxfordshire,-3.58,0.2121,0.0,63,71,136,#3F4788
3248,138,67,64,Oxfordshire,-3.16,0.2440,0.2,60,80,139,#3C508B
3249,138,68,12,Buckinghamshire,-3.95,0.1840,0.0,66,63,133,#423F85
3250,138,69,12,Buckinghamshire,-3.58,0.2121,0.0,63,71,136,#3F4788
3251,138,70,12,Buckinghamshire,-2.47,0.2964,7.0,53,94,141,#355E8D
3252,138,71,12,Buckinghamshire,-2.84,0.2683,3.4,57,86,140,#39568C
3253,138,72,8,Bedfordshire,-3.21,0.2402,0.0,60,79,138,#3C4F8A
3254,138,73,8,Bedfordshire,-3.53,0.2159,0.0,63,72,137,#3F4889
3255,138,74,41,Hertfordshire,-3.16,0.2440,0.2,60,80,139,#3C508B
3256,138,75,41,Hertfordshire,-3.53,0.2159,0.0,63,72,137,#3F4889
3257,138,76,41,Hertfordshire,-2.51,0.2934,6.6,53,94,141,#355E8D
3258,138,77,41,Hertfordshire,-2.51,0.2934,6.6,53,94,141,#355E8D
3259,138,78,33,Essex,-2.47,0.2964,7.0,53,94,141,#355E8D
3260,138,79,33,Essex,-3.21,0.2402,0.0,60,79,138,#3C4F8A
3261,138,80,33,Essex,-3.4,0.2258,0.0,62,74,137,#3E4A89
3262,138,81,33,Essex,-4.05,0.1764,0.0,67,61,132,#433D84
3263,138,82,33,Essex,-3.16,0.2440,0.2,60,80,139,#3C508B
3264,138,83,33,Essex,-3.02,0.2547,1.6,58,83,139,#3A538B
3265,138,84,33,Essex,-3.16,0.2440,0.2,60,80,139,#3C508B
3266,138,85,33,Essex,-3.3,0.2334,0.0,61,77,138,#3D4D8A
3267,138,86,33,Essex,-2.79,0.2721,3.8,56,88,140,#38588C
3268,138,87,33,Essex,-3.16,0.2440,0.2,60,80,139,#3C508B
3269,139,33,66,Pembrokeshire,-1.77,0.3496,13.9,47,108,142,#2F6C8E
3270,139,34,66,Pembrokeshire,-1.86,0.3428,13.1,48,106,142,#306A8E
3271,139,35,66,Pembrokeshire,-1.67,0.3572,14.9,46,110,142,#2E6E8E
3272,139,36,66,Pembrokeshire,-1.86,0.3428,13.1,48,106,142,#306A8E
3273,139,37,18,Carmarthenshire,-2.0,0.3322,11.7,49,104,142,#31688E
3274,139,38,18,Carmarthenshire,-1.67,0.3572,14.9,46,110,142,#2E6E8E
3275,139,39,18,Carmarthenshire,-1.67,0.3572,14.9,46,110,142,#2E6E8E
3276,139,40,18,Carmarthenshire,-2.42,0.3002,7.5,53,95,141,#355F8D
3277,139,41,18,Carmarthenshire,-2.09,0.3253,10.8,49,102,142,#31668E
3278,139,42,18,Carmarthenshire,-2.23,0.3147,9.4,51,99,141,#33638D
3279,139,43,18,Carmarthenshire,-2.6,0.2866,5.7,54,92,141,#365C8D
3280,139,44,11,Brecknockshire,-2.98,0.2577,2.0,58,83,139,#3A538B
3281,139,45,11,Brecknockshire,-2.23,0.3147,9.4,51,99,141,#33638D
3282,139,46,11,Brecknockshire,-2.28,0.3109,8.9,51,98,141,#33628D
3283,139,47,11,Brecknockshire,-3.16,0.2440,0.2,60,80,139,#3C508B
3284,139,48,11,Brecknockshire,-3.3,0.2334,0.0,61,77,138,#3D4D8A
3285,139,49,11,Brecknockshire,-3.16,0.2440,0.2,60,80,139,#3C508B
3286,139,50,56,Monmouthshire,-3.21,0.2402,0.0,60,79,138,#3C4F8A
3287,139,51,56,Monmouthshire,-3.3,0.2334,0.0,61,77,138,#3D4D8A
3288,139,52,56,Monmouthshire,-3.4,0.2258,0.0,62,74,137,#3E4A89
3289,139,53,56,Monmouthshire,-3.16,0.2440,0.2,60,80,139,#3C508B
3290,139,54,38,Gloucestershire,-3.4,0.2258,0.0,62,74,137,#3E4A89
3291,139,55,38,Gloucestershire,-3.58,0.2121,0.0,63,71,136,#3F4788
3292,139,56,38,Gloucestershire,-3.4,0.2258,0.0,62,74,137,#3E4A89
3293,139,57,38,Gloucestershire,-3.77,0.1977,0.0,65,66,135,#414287
3294,139,58,38,Gloucestershire,-3.77,0.1977,0.0,65,66,135,#414287
3295,139,59,38,Gloucestershire,-3.91,0.1870,0.0,66,63,133,#423F85
3296,139,60,38,Gloucestershire,-3.35,0.2296,0.0,62,76,138,#3E4C8A
3297,139,61,38,Gloucestershire,-2.98,0.2577,2.0,58,83,139,#3A538B
3298,139,62,64,Oxfordshire,-2.47,0.2964,7.0,53,94,141,#355E8D
3299,139,63,64,Oxfordshire,-2.74,0.2759,4.3,56,89,140,#38598C
3300,139,64,64,Oxfordshire,-1.77,0.3496,13.9,47,108,142,#2F6C8E
3301,139,65,64,Oxfordshire,-2.79,0.2721,3.8,56,88,140,#38588C
3302,139,66,64,Oxfordshire,-1.86,0.3428,13.1,48,106,142,#306A8E
3303,139,67,12,Buckinghamshire,-2.37,0.3040,8.0,52,96,141,#34608D
3304,139,68,12,Buckinghamshire,-3.72,0.2015,0.0,65,68,135,#414487
3305,139,69,12,Buckinghamshire,-2.23,0.3147,9.4,51,99,141,#33638D
3306,139,70,12,Buckinghamshire,-2.65,0.2828,5.2,55,91,141,#375B8D
3307,139,71,41,Hertfordshire,-2.84,0.2683,3.4,57,86,140,#39568C
3308,139,72,41,Hertfordshire,-3.21,0.2402,0.0,60,79,138,#3C4F8A
3309,139,73,41,Hertfordshire,-3.3,0.2334,0.0,61,77,138,#3D4D8A
3310,139,74,41,Hertfordshire,-3.07,0.2509,1.1,59,82,139,#3B528B
3311,139,75,41,Hertfordshire,-3.21,0.2402,0.0,60,79,138,#3C4F8A
3312,139,76,41,Hertfordshire,-3.02,0.2547,1.6,58,83,139,#3A538B
3313,139,77,41,Hertfordshire,-3.4,0.2258,0.0,62,74,137,#3E4A89
3314,139,78,33,Essex,-3.07,0.2509,1.1,59,82,139,#3B528B
3315,139,79,33,Essex,-3.49,0.2190,0.0,62,73,137,#3E4989
3316,139,80,33,Essex,-3.3,0.2334,0.0,61,77,138,#3D4D8A
3317,139,81,33,Essex,-3.16,0.2440,0.2,60,80,139,#3C508B
3318,139,82,33,Essex,-2.98,0.2577,2.0,58,83,139,#3A538B
3319,139,83,33,Essex,-3.21,0.2402,0.0,60,79,138,#3C4F8A
3320,139,84,33,Essex,-4.05,0.1764,0.0,67,61,132,#433D84
3321,139,85,33,Essex,,,,,,,
3322,139,86,33,Essex,-3.95,0.1840,0.0,66,63,133,#423F85
3323,140,32,66,Pembrokeshire,-1.77,0.3496,13.9,47,108,142,#2F6C8E
3324,140,33,66,Pembrokeshire,-1.81,0.3466,13.5,47,107,142,#2F6B8E
3325,140,34,66,Pembrokeshire,-1.67,0.3572,14.9,46,110,142,#2E6E8E
3326,140,35,66,Pembrokeshire,-2.42,0.3002,7.5,53,95,141,#355F8D
3327,140,36,66,Pembrokeshire,,,,,,,
3328,140,39,18,Carmarthenshire,-1.35,0.3815,18.1,44,115,142,#2C738E
3329,140,40,18,Carmarthenshire,-1.77,0.3496,13.9,47,108,142,#2F6C8E
3330,140,41,18,Carmarthenshire,-1.77,0.3496,13.9,47,108,142,#2F6C8E
3331,140,42,37,Glamorgan,-2.6,0.2866,5.7,54,92,141,#365C8D
3332,140,43,37,Glamorgan,-2.47,0.2964,7.0,53,94,141,#355E8D
3333,140,44,37,Glamorgan,-2.88,0.2653,3.0,57,85,140,#39558C
3334,140,45,37,Glamorgan,-2.65,0.2828,5.2,55,91,141,#375B8D
3335,140,46,37,Glamorgan,-2.84,0.2683,3.4,57,86,140,#39568C
3336,140,47,37,Glamorgan,-3.58,0.2121,0.0,63,71,136,#3F4788
3337,140,48,37,Glamorgan,-3.07,0.2509,1.1,59,82,139,#3B528B
3338,140,49,56,Monmouthshire,-3.49,0.2190,0.0,62,73,137,#3E4989
3339,140,50,56,Monmouthshire,-3.21,0.2402,0.0,60,79,138,#3C4F8A
3340,140,51,56,Monmouthshire,-3.58,0.2121,0.0,63,71,136,#3F4788
3341,140,52,56,Monmouthshire,-3.16,0.2440,0.2,60,80,139,#3C508B
3342,140,53,56,Monmouthshire,-3.21,0.2402,0.0,60,79,138,#3C4F8A
3343,140,54,38,Gloucestershire,-3.58,0.2121,0.0,63,71,136,#3F4788
3344,140,55,38,Gloucestershire,-2.98,0.2577,2.0,58,83,139,#3A538B
3345,140,56,38,Gloucestershire,-3.67,0.2053,0.0,64,69,136,#404588
3346,140,57,38,Gloucestershire,-4.23,0.1627,0.0,69,56,130,#453882
3347,140,58,38,Gloucestershire,-3.95,0.1840,0.0,66,63,133,#423F85
3348,140,59,38,Gloucestershire,-3.53,0.2159,0.0,63,72,137,#3F4889
3349,140,60,38,Gloucestershire,-3.16,0.2440,0.2,60,80,139,#3C508B
3350,140,61,38,Gloucestershire,-2.23,0.3147,9.4,51,99,141,#33638D
3351,140,62,64,Oxfordshire,-2.28,0.3109,8.9,51,98,141,#33628D
3352,140,63,64,Oxfordshire,-3.35,0.2296,0.0,62,76,138,#3E4C8A
3353,140,64,64,Oxfordshire,-3.58,0.2121,0.0,63,71,136,#3F4788
3354,140,65,9,Berkshire,-2.98,0.2577,2.0,58,83,139,#3A538B
3355,140,66,64,Oxfordshire,-3.07,0.2509,1.1,59,82,139,#3B528B
3356,140,67,64,Oxfordshire,-2.79,0.2721,3.8,56,88,140,#38588C
3357,140,68,64,Oxfordshire,-2.65,0.2828,5.2,55,91,141,#375B8D
3358,140,69,12,Buckinghamshire,-3.02,0.2547,1.6,58,83,139,#3A538B
3359,140,70,12,Buckinghamshire,-2.88,0.2653,3.0,57,85,140,#39558C
3360,140,71,12,Buckinghamshire,-3.02,0.2547,1.6,58,83,139,#3A538B
3361,140,72,41,Hertfordshire,-2.51,0.2934,6.6,53,94,141,#355E8D
3362,140,73,41,Hertfordshire,-3.91,0.1870,0.0,66,63,133,#423F85
3363,140,74,41,Hertfordshire,-3.21,0.2402,0.0,60,79,138,#3C4F8A
3364,140,75,41,Hertfordshire,-2.98,0.2577,2.0,58,83,139,#3A538B
3365,140,76,41,Hertfordshire,-2.79,0.2721,3.8,56,88,140,#38588C
3366,140,77,33,Essex,-2.98,0.2577,2.0,58,83,139,#3A538B
3367,140,78,33,Essex,-3.35,0.2296,0.0,62,76,138,#3E4C8A
3368,140,79,33,Essex,-3.3,0.2334,0.0,61,77,138,#3D4D8A
3369,140,80,33,Essex,-2.23,0.3147,9.4,51,99,141,#33638D
3370,140,81,33,Essex,-3.02,0.2547,1.6,58,83,139,#3A538B
3371,140,82,33,Essex,-2.6,0.2866,5.7,54,92,141,#365C8D
3372,140,83,33,Essex,-2.98,0.2577,2.0,58,83,139,#3A538B
3373,140,84,33,Essex,-3.16,0.2440,0.2,60,80,139,#3C508B
3374,141,33,66,Pembrokeshire,-1.77,0.3496,13.9,47,108,142,#2F6C8E
3375,141,34,66,Pembrokeshire,-2.42,0.3002,7.5,53,95,141,#355F8D
3376,141,35,66,Pembrokeshire,-1.67,0.3572,14.9,46,110,142,#2E6E8E
3377,141,40,18,Carmarthenshire,-1.81,0.3466,13.5,47,107,142,#2F6B8E
3378,141,41,18,Carmarthenshire,-2.19,0.3177,9.8,50,100,142,#32648E
3379,141,42,37,Glamorgan,-2.74,0.2759,4.3,56,89,140,#38598C
3380,141,43,37,Glamorgan,-2.65,0.2828,5.2,55,91,141,#375B8D
3381,141,44,37,Glamorgan,-2.47,0.2964,7.0,53,94,141,#355E8D
3382,141,45,37,Glamorgan,-3.02,0.2547,1.6,58,83,139,#3A538B
3383,141,46,37,Glamorgan,-3.02,0.2547,1.6,58,83,139,#3A538B
3384,141,47,37,Glamorgan,-2.37,0.3040,8.0,52,96,141,#34608D
3385,141,48,37,Glamorgan,-3.16,0.2440,0.2,60,80,139,#3C508B
3386,141,49,56,Monmouthshire,-3.16,0.2440,0.2,60,80,139,#3C508B
3387,141,50,56,Monmouthshire,-2.65,0.2828,5.2,55,91,141,#375B8D
3388,141,51,56,Monmouthshire,-3.58,0.2121,0.0,63,71,136,#3F4788
3389,141,52,56,Monmouthshire,-3.3,0.2334,0.0,61,77,138,#3D4D8A
3390,141,53,56,Monmouthshire,-3.58,0.2121,0.0,63,71,136,#3F4788
3391,141,54,38,Gloucestershire,-2.65,0.2828,5.2,55,91,141,#375B8D
3392,141,55,38,Gloucestershire,-3.02,0.2547,1.6,58,83,139,#3A538B
3393,141,56,38,Gloucestershire,-3.67,0.2053,0.0,64,69,136,#404588
3394,141,57,38,Gloucestershire,-3.72,0.2015,0.0,65,68,135,#414487
3395,141,58,38,Gloucestershire,-3.67,0.2053,0.0,64,69,136,#404588
3396,141,59,88,Wiltshire,-3.63,0.2083,0.0,64,70,136,#404688
3397,141,60,38,Gloucestershire,-3.3,0.2334,0.0,61,77,138,#3D4D8A
3398,141,61,88,Wiltshire,-2.23,0.3147,9.4,51,99,141,#33638D
3399,141,62,9,Berkshire,-3.02,0.2547,1.6,58,83,139,#3A538B
3400,141,63,9,Berkshire,-2.23,0.3147,9.4,51,99,141,#33638D
3401,141,64,9,Berkshire,-2.37,0.3040,8.0,52,96,141,#34608D
3402,141,65,9,Berkshire,-3.02,0.2547,1.6,58,83,139,#3A538B
3403,141,66,64,Oxfordshire,-2.47,0.2964,7.0,53,94,141,#355E8D
3404,141,67,64,Oxfordshire,-3.3,0.2334,0.0,61,77,138,#3D4D8A
3405,141,68,64,Oxfordshire,-3.91,0.1870,0.0,66,63,133,#423F85
3406,141,69,12,Buckinghamshire,-2.98,0.2577,2.0,58,83,139,#3A538B
3407,141,70,12,Buckinghamshire,-3.02,0.2547,1.6,58,83,139,#3A538B
3408,141,71,12,Buckinghamshire,-2.98,0.2577,2.0,58,83,139,#3A538B
3409,141,72,41,Hertfordshire,-3.21,0.2402,0.0,60,79,138,#3C4F8A
3410,141,73,41,Hertfordshire,-3.21,0.2402,0.0,60,79,138,#3C4F8A
3411,141,74,41,Hertfordshire,-3.07,0.2509,1.1,59,82,139,#3B528B
3412,141,75,54,Middlesex,-2.74,0.2759,4.3,56,89,140,#38598C
3413,141,76,54,Middlesex,-2.74,0.2759,4.3,56,89,140,#38598C
3414,141,77,33,Essex,-3.53,0.2159,0.0,63,72,137,#3F4889
3415,141,78,33,Essex,-3.4,0.2258,0.0,62,74,137,#3E4A89
3416,141,79,33,Essex,-3.91,0.1870,0.0,66,63,133,#423F85
3417,141,80,33,Essex,-3.4,0.2258,0.0,62,74,137,#3E4A89
3418,141,81,33,Essex,-3.72,0.2015,0.0,65,68,135,#414487
3419,141,82,33,Essex,-2.79,0.2721,3.8,56,88,140,#38588C
3420,141,83,33,Essex,-3.16,0.2440,0.2,60,80,139,#3C508B
3421,141,84,33,Essex,-2.65,0.2828,5.2,55,91,141,#375B8D
3422,142,40,37,Glamorgan,-2.6,0.2866,5.7,54,92,141,#365C8D
3423,142,41,37,Glamorgan,-2.74,0.2759,4.3,56,89,140,#38598C
3424,142,42,37,Glamorgan,,,,,,,
3425,142,44,37,Glamorgan,-3.02,0.2547,1.6,58,83,139,#3A538B
3426,142,45,37,Glamorgan,-2.23,0.3147,9.4,51,99,141,#33638D
3427,142,46,37,Glamorgan,-2.79,0.2721,3.8,56,88,140,#38588C
3428,142,47,37,Glamorgan,-2.65,0.2828,5.2,55,91,141,#375B8D
3429,142,48,37,Glamorgan,-3.4,0.2258,0.0,62,74,137,#3E4A89
3430,142,49,56,Monmouthshire,-3.67,0.2053,0.0,64,69,136,#404588
3431,142,50,56,Monmouthshire,-4.05,0.1764,0.0,67,61,132,#433D84
3432,142,51,56,Monmouthshire,-2.79,0.2721,3.8,56,88,140,#38588C
3433,142,52,56,Monmouthshire,-3.3,0.2334,0.0,61,77,138,#3D4D8A
3434,142,53,56,Monmouthshire,-3.49,0.2190,0.0,62,73,137,#3E4989
3435,142,54,38,Gloucestershire,-3.16,0.2440,0.2,60,80,139,#3C508B
3436,142,55,38,Gloucestershire,-3.53,0.2159,0.0,63,72,137,#3F4889
3437,142,56,38,Gloucestershire,-3.91,0.1870,0.0,66,63,133,#423F85
3438,142,57,38,Gloucestershire,-3.49,0.2190,0.0,62,73,137,#3E4989
3439,142,58,88,Wiltshire,-3.63,0.2083,0.0,64,70,136,#404688
3440,142,59,88,Wiltshire,-3.53,0.2159,0.0,63,72,137,#3F4889
3441,142,60,88,Wiltshire,-3.3,0.2334,0.0,61,77,138,#3D4D8A
3442,142,61,88,Wiltshire,-3.02,0.2547,1.6,58,83,139,#3A538B
3443,142,62,9,Berkshire,-3.02,0.2547,1.6,58,83,139,#3A538B
3444,142,63,9,Berkshire,-2.28,0.3109,8.9,51,98,141,#33628D
3445,142,64,9,Berkshire,-2.47,0.2964,7.0,53,94,141,#355E8D
3446,142,65,9,Berkshire,-2.51,0.2934,6.6,53,94,141,#355E8D
3447,142,66,9,Berkshire,-2.88,0.2653,3.0,57,85,140,#39558C
3448,142,67,64,Oxfordshire,-3.58,0.2121,0.0,63,71,136,#3F4788
3449,142,68,64,Oxfordshire,-3.21,0.2402,0.0,60,79,138,#3C4F8A
3450,142,69,12,Buckinghamshire,-3.02,0.2547,1.6,58,83,139,#3A538B
3451,142,70,12,Buckinghamshire,-3.16,0.2440,0.2,60,80,139,#3C508B
3452,142,71,12,Buckinghamshire,-3.3,0.2334,0.0,61,77,138,#3D4D8A
3453,142,72,12,Buckinghamshire,-3.63,0.2083,0.0,64,70,136,#404688
3454,142,73,54,Middlesex,-3.02,0.2547,1.6,58,83,139,#3A538B
3455,142,74,54,Middlesex,-3.02,0.2547,1.6,58,83,139,#3A538B
3456,142,75,54,Middlesex,-3.4,0.2258,0.0,62,74,137,#3E4A89
3457,142,76,54,Middlesex,-3.21,0.2402,0.0,60,79,138,#3C4F8A
3458,142,77,33,Essex,-3.3,0.2334,0.0,61,77,138,#3D4D8A
3459,142,78,33,Essex,-3.4,0.2258,0.0,62,74,137,#3E4A89
3460,142,79,33,Essex,-3.4,0.2258,0.0,62,74,137,#3E4A89
3461,142,80,33,Essex,-3.58,0.2121,0.0,63,71,136,#3F4788
3462,142,81,33,Essex,-4.51,0.1415,0.0,70,50,126,#46327E
3463,142,82,33,Essex,-3.3,0.2334,0.0,61,77,138,#3D4D8A
3464,142,83,33,Essex,-2.65,0.2828,5.2,55,91,141,#375B8D
3465,142,84,33,Essex,-2.79,0.2721,3.8,56,88,140,#38588C
3466,143,44,37,Glamorgan,-3.02,0.2547,1.6,58,83,139,#3A538B
3467,143,45,37,Glamorgan,-3.3,0.2334,0.0,61,77,138,#3D4D8A
3468,143,46,37,Glamorgan,-3.02,0.2547,1.6,58,83,139,#3A538B
3469,143,47,37,Glamorgan,-2.23,0.3147,9.4,51,99,141,#33638D
3470,143,48,37,Glamorgan,-2.65,0.2828,5.2,55,91,141,#375B8D
3471,143,49,37,Glamorgan,-3.3,0.2334,0.0,61,77,138,#3D4D8A
3472,143,50,56,Monmouthshire,-2.98,0.2577,2.0,58,83,139,#3A538B
3473,143,54,38,Gloucestershire,-3.53,0.2159,0.0,63,72,137,#3F4889
3474,143,55,38,Gloucestershire,-3.3,0.2334,0.0,61,77,138,#3D4D8A
3475,143,56,38,Gloucestershire,-3.58,0.2121,0.0,63,71,136,#3F4788
3476,143,57,88,Wiltshire,-2.88,0.2653,3.0,57,85,140,#39558C
3477,143,58,88,Wiltshire,-2.47,0.2964,7.0,53,94,141,#355E8D
3478,143,59,88,Wiltshire,-2.51,0.2934,6.6,53,94,141,#355E8D
3479,143,60,88,Wiltshire,-3.16,0.2440,0.2,60,80,139,#3C508B
3480,143,61,88,Wiltshire,-3.3,0.2334,0.0,61,77,138,#3D4D8A
3481,143,62,88,Wiltshire,-3.02,0.2547,1.6,58,83,139,#3A538B
3482,143,63,9,Berkshire,-2.51,0.2934,6.6,53,94,141,#355E8D
3483,143,64,9,Berkshire,-2.51,0.2934,6.6,53,94,141,#355E8D
3484,143,65,9,Berkshire,-2.65,0.2828,5.2,55,91,141,#375B8D
3485,143,66,9,Berkshire,-2.65,0.2828,5.2,55,91,141,#375B8D
3486,143,67,64,Oxfordshire,-3.02,0.2547,1.6,58,83,139,#3A538B
3487,143,68,64,Oxfordshire,-3.16,0.2440,0.2,60,80,139,#3C508B
3488,143,69,9,Berkshire,-3.95,0.1840,0.0,66,63,133,#423F85
3489,143,70,9,Berkshire,-2.23,0.3147,9.4,51,99,141,#33638D
3490,143,71,12,Buckinghamshire,-3.95,0.1840,0.0,66,63,133,#423F85
3491,143,72,12,Buckinghamshire,-3.95,0.1840,0.0,66,63,133,#423F85
3492,143,73,54,Middlesex,-3.3,0.2334,0.0,61,77,138,#3D4D8A
3493,143,74,54,Middlesex,-3.16,0.2440,0.2,60,80,139,#3C508B
3494,143,75,54,Middlesex,-2.74,0.2759,4.3,56,89,140,#38598C
3495,143,76,54,Middlesex,-3.16,0.2440,0.2,60,80,139,#3C508B
3496,143,77,33,Essex,-3.53,0.2159,0.0,63,72,137,#3F4889
3497,143,78,33,Essex,-4.05,0.1764,0.0,67,61,132,#433D84
3498,143,79,33,Essex,-3.4,0.2258,0.0,62,74,137,#3E4A89
3499,143,80,33,Essex,-3.4,0.2258,0.0,62,74,137,#3E4A89
3500,143,81,33,Essex,-3.67,0.2053,0.0,64,69,136,#404588
3501,143,82,33,Essex,-4.47,0.1445,0.0,70,50,126,#46327E
3502,143,83,33,Essex,-4.47,0.1445,0.0,70,50,126,#46327E
3503,144,45,37,Glamorgan,-3.02,0.2547,1.6,58,83,139,#3A538B
3504,144,46,37,Glamorgan,-3.02,0.2547,1.6,58,83,139,#3A538B
3505,144,47,37,Glamorgan,-2.37,0.3040,8.0,52,96,141,#34608D
3506,144,48,37,Glamorgan,-3.16,0.2440,0.2,60,80,139,#3C508B
3507,144,49,37,Glamorgan,-3.67,0.2053,0.0,64,69,136,#404588
3508,144,53,76,Somerset,-3.3,0.2334,0.0,61,77,138,#3D4D8A
3509,144,54,38,Gloucestershire,-3.63,0.2083,0.0,64,70,136,#404688
3510,144,55,38,Gloucestershire,-3.53,0.2159,0.0,63,72,137,#3F4889
3511,144,56,38,Gloucestershire,-3.4,0.2258,0.0,62,74,137,#3E4A89
3512,144,57,88,Wiltshire,-2.51,0.2934,6.6,53,94,141,#355E8D
3513,144,58,88,Wiltshire,-2.84,0.2683,3.4,57,86,140,#39568C
3514,144,59,88,Wiltshire,-2.79,0.2721,3.8,56,88,140,#38588C
3515,144,60,88,Wiltshire,-3.3,0.2334,0.0,61,77,138,#3D4D8A
3516,144,61,88,Wiltshire,-3.3,0.2334,0.0,61,77,138,#3D4D8A
3517,144,62,88,Wiltshire,-3.4,0.2258,0.0,62,74,137,#3E4A89
3518,144,63,9,Berkshire,-3.4,0.2258,0.0,62,74,137,#3E4A89
3519,144,64,9,Berkshire,-2.47,0.2964,7.0,53,94,141,#355E8D
3520,144,65,9,Berkshire,-3.3,0.2334,0.0,61,77,138,#3D4D8A
3521,144,66,9,Berkshire,-2.79,0.2721,3.8,56,88,140,#38588C
3522,144,67,9,Berkshire,-3.02,0.2547,1.6,58,83,139,#3A538B
3523,144,68,9,Berkshire,-2.98,0.2577,2.0,58,83,139,#3A538B
3524,144,69,9,Berkshire,-3.02,0.2547,1.6,58,83,139,#3A538B
3525,144,70,9,Berkshire,-3.49,0.2190,0.0,62,73,137,#3E4989
3526,144,71,9,Berkshire,-3.4,0.2258,0.0,62,74,137,#3E4A89
3527,144,72,54,Middlesex,-2.65,0.2828,5.2,55,91,141,#375B8D
3528,144,73,54,Middlesex,-2.23,0.3147,9.4,51,99,141,#33638D
3529,144,74,80,Surrey,-3.91,0.1870,0.0,66,63,133,#423F85
3530,144,75,80,Surrey,-3.16,0.2440,0.2,60,80,139,#3C508B
3531,144,76,80,Surrey,-3.35,0.2296,0.0,62,76,138,#3E4C8A
3532,144,77,44,Kent,-3.21,0.2402,0.0,60,79,138,#3C4F8A
3533,144,78,44,Kent,-3.4,0.2258,0.0,62,74,137,#3E4A89
3534,144,79,33,Essex,-3.21,0.2402,0.0,60,79,138,#3C4F8A
3535,144,80,33,Essex,-3.49,0.2190,0.0,62,73,137,#3E4989
3536,144,81,44,Kent,-3.91,0.1870,0.0,66,63,133,#423F85
3537,144,82,44,Kent,-3.95,0.1840,0.0,66,63,133,#423F85
3538,145,47,37,Glamorgan,-3.02,0.2547,1.6,58,83,139,#3A538B
3539,145,48,37,Glamorgan,-2.37,0.3040,8.0,52,96,141,#34608D
3540,145,52,76,Somerset,-3.72,0.2015,0.0,65,68,135,#414487
3541,145,53,76,Somerset,-4.51,0.1415,0.0,70,50,126,#46327E
3542,145,54,76,Somerset,-3.67,0.2053,0.0,64,69,136,#404588
3543,145,55,76,Somerset,-3.3,0.2334,0.0,61,77,138,#3D4D8A
3544,145,56,76,Somerset,-3.58,0.2121,0.0,63,71,136,#3F4788
3545,145,57,88,Wiltshire,-2.84,0.2683,3.4,57,86,140,#39568C
3546,145,58,88,Wiltshire,-2.74,0.2759,4.3,56,89,140,#38598C
3547,145,59,88,Wiltshire,-3.58,0.2121,0.0,63,71,136,#3F4788
3548,145,60,88,Wiltshire,-3.58,0.2121,0.0,63,71,136,#3F4788
3549,145,61,88,Wiltshire,-2.19,0.3177,9.8,50,100,142,#32648E
3550,145,62,88,Wiltshire,-2.42,0.3002,7.5,53,95,141,#355F8D
3551,145,63,88,Wiltshire,-3.53,0.2159,0.0,63,72,137,#3F4889
3552,145,64,9,Berkshire,-3.16,0.2440,0.2,60,80,139,#3C508B
3553,145,65,9,Berkshire,-3.3,0.2334,0.0,61,77,138,#3D4D8A
3554,145,66,9,Berkshire,-3.16,0.2440,0.2,60,80,139,#3C508B
3555,145,67,9,Berkshire,-3.53,0.2159,0.0,63,72,137,#3F4889
3556,145,68,9,Berkshire,-2.84,0.2683,3.4,57,86,140,#39568C
3557,145,69,9,Berkshire,-2.74,0.2759,4.3,56,89,140,#38598C
3558,145,70,9,Berkshire,-2.74,0.2759,4.3,56,89,140,#38598C
3559,145,71,9,Berkshire,-3.72,0.2015,0.0,65,68,135,#414487
3560,145,72,80,Surrey,-3.16,0.2440,0.2,60,80,139,#3C508B
3561,145,73,54,Middlesex,-1.72,0.3534,14.4,46,109,142,#2E6D8E
3562,145,74,80,Surrey,-2.74,0.2759,4.3,56,89,140,#38598C
3563,145,75,80,Surrey,-3.58,0.2121,0.0,63,71,136,#3F4788
3564,145,76,44,Kent,-3.16,0.2440,0.2,60,80,139,#3C508B
3565,145,77,44,Kent,-4.37,0.1521,0.0,70,52,128,#463480
3566,145,78,44,Kent,-3.16,0.2440,0.2,60,80,139,#3C508B
3567,145,79,44,Kent,-3.16,0.2440,0.2,60,80,139,#3C508B
3568,145,80,44,Kent,-3.72,0.2015,0.0,65,68,135,#414487
3569,145,81,44,Kent,-3.49,0.2190,0.0,62,73,137,#3E4989
3570,145,82,44,Kent,-3.4,0.2258,0.0,62,74,137,#3E4A89
3571,145,83,44,Kent,-3.95,0.1840,0.0,66,63,133,#423F85
3572,145,84,44,Kent,-4.09,0.1734,0.0,68,59,132,#443B84
3573,146,51,76,Somerset,-3.4,0.2258,0.0,62,74,137,#3E4A89
3574,146,52,76,Somerset,-4.05,0.1764,0.0,67,61,132,#433D84
3575,146,53,76,Somerset,-3.72,0.2015,0.0,65,68,135,#414487
3576,146,54,76,Somerset,-4.05,0.1764,0.0,67,61,132,#433D84
3577,146,55,76,Somerset,-3.21,0.2402,0.0,60,79,138,#3C4F8A
3578,146,56,76,Somerset,-3.3,0.2334,0.0,61,77,138,#3D4D8A
3579,146,57,88,Wiltshire,-3.58,0.2121,0.0,63,71,136,#3F4788
3580,146,58,88,Wiltshire,-3.4,0.2258,0.0,62,74,137,#3E4A89
3581,146,59,88,Wiltshire,-3.3,0.2334,0.0,61,77,138,#3D4D8A
3582,146,60,88,Wiltshire,-3.53,0.2159,0.0,63,72,137,#3F4889
3583,146,61,88,Wiltshire,-2.28,0.3109,8.9,51,98,141,#33628D
3584,146,62,88,Wiltshire,-3.53,0.2159,0.0,63,72,137,#3F4889
3585,146,63,88,Wiltshire,-3.72,0.2015,0.0,65,68,135,#414487
3586,146,64,39,Hampshire,-3.53,0.2159,0.0,63,72,137,#3F4889
3587,146,65,39,Hampshire,-3.95,0.1840,0.0,66,63,133,#423F85
3588,146,66,39,Hampshire,-3.16,0.2440,0.2,60,80,139,#3C508B
3589,146,67,39,Hampshire,-3.4,0.2258,0.0,62,74,137,#3E4A89
3590,146,68,39,Hampshire,-3.02,0.2547,1.6,58,83,139,#3A538B
3591,146,69,39,Hampshire,-1.86,0.3428,13.1,48,106,142,#306A8E
3592,146,70,80,Surrey,-2.23,0.3147,9.4,51,99,141,#33638D
3593,146,71,80,Surrey,-3.21,0.2402,0.0,60,79,138,#3C4F8A
3594,146,72,80,Surrey,-3.16,0.2440,0.2,60,80,139,#3C508B
3595,146,73,80,Surrey,-2.28,0.3109,8.9,51,98,141,#33628D
3596,146,74,80,Surrey,-2.88,0.2653,3.0,57,85,140,#39558C
3597,146,75,80,Surrey,-4.05,0.1764,0.0,67,61,132,#433D84
3598,146,76,80,Surrey,-3.95,0.1840,0.0,66,63,133,#423F85
3599,146,77,44,Kent,-3.4,0.2258,0.0,62,74,137,#3E4A89
3600,146,78,44,Kent,-3.16,0.2440,0.2,60,80,139,#3C508B
3601,146,79,44,Kent,-3.58,0.2121,0.0,63,71,136,#3F4788
3602,146,80,44,Kent,-3.58,0.2121,0.0,63,71,136,#3F4788
3603,146,81,44,Kent,-3.58,0.2121,0.0,63,71,136,#3F4788
3604,146,82,44,Kent,-3.49,0.2190,0.0,62,73,137,#3E4989
3605,146,83,44,Kent,-3.4,0.2258,0.0,62,74,137,#3E4A89
3606,146,84,44,Kent,-3.95,0.1840,0.0,66,63,133,#423F85
3607,146,85,44,Kent,-3.58,0.2121,0.0,63,71,136,#3F4788
3608,146,86,44,Kent,-2.65,0.2828,5.2,55,91,141,#375B8D
3609,146,87,44,Kent,-2.37,0.3040,8.0,52,96,141,#34608D
3610,146,88,44,Kent,-2.19,0.3177,9.8,50,100,142,#32648E
3611,147,51,76,Somerset,-3.53,0.2159,0.0,63,72,137,#3F4889
3612,147,52,76,Somerset,-3.58,0.2121,0.0,63,71,136,#3F4788
3613,147,53,76,Somerset,-3.4,0.2258,0.0,62,74,137,#3E4A89
3614,147,54,76,Somerset,-3.21,0.2402,0.0,60,79,138,#3C4F8A
3615,147,55,76,Somerset,-2.79,0.2721,3.8,56,88,140,#38588C
3616,147,56,76,Somerset,-3.53,0.2159,0.0,63,72,137,#3F4889
3617,147,57,88,Wiltshire,-3.4,0.2258,0.0,62,74,137,#3E4A89
3618,147,58,88,Wiltshire,-3.4,0.2258,0.0,62,74,137,#3E4A89
3619,147,59,88,Wiltshire,-3.49,0.2190,0.0,62,73,137,#3E4989
3620,147,60,88,Wiltshire,-3.77,0.1977,0.0,65,66,135,#414287
3621,147,61,88,Wiltshire,-2.74,0.2759,4.3,56,89,140,#38598C
3622,147,62,88,Wiltshire,-3.21,0.2402,0.0,60,79,138,#3C4F8A
3623,147,63,39,Hampshire,-3.77,0.1977,0.0,65,66,135,#414287
3624,147,64,39,Hampshire,-3.58,0.2121,0.0,63,71,136,#3F4788
3625,147,65,39,Hampshire,-3.16,0.2440,0.2,60,80,139,#3C508B
3626,147,66,39,Hampshire,-3.16,0.2440,0.2,60,80,139,#3C508B
3627,147,67,39,Hampshire,-3.16,0.2440,0.2,60,80,139,#3C508B
3628,147,68,39,Hampshire,-3.53,0.2159,0.0,63,72,137,#3F4889
3629,147,69,39,Hampshire,-3.58,0.2121,0.0,63,71,136,#3F4788
3630,147,70,39,Hampshire,-3.91,0.1870,0.0,66,63,133,#423F85
3631,147,71,80,Surrey,-4.23,0.1627,0.0,69,56,130,#453882
3632,147,72,80,Surrey,-1.86,0.3428,13.1,48,106,142,#306A8E
3633,147,73,80,Surrey,-1.86,0.3428,13.1,48,106,142,#306A8E
3634,147,74,80,Surrey,-3.49,0.2190,0.0,62,73,137,#3E4989
3635,147,75,80,Surrey,-3.3,0.2334,0.0,61,77,138,#3D4D8A
3636,147,76,80,Surrey,-4.09,0.1734,0.0,68,59,132,#443B84
3637,147,77,44,Kent,-4.37,0.1521,0.0,70,52,128,#463480
3638,147,78,44,Kent,-4.09,0.1734,0.0,68,59,132,#443B84
3639,147,79,44,Kent,-3.67,0.2053,0.0,64,69,136,#404588
3640,147,80,44,Kent,-4.05,0.1764,0.0,67,61,132,#433D84
3641,147,81,44,Kent,-3.16,0.2440,0.2,60,80,139,#3C508B
3642,147,82,44,Kent,-3.91,0.1870,0.0,66,63,133,#423F85
3643,147,83,44,Kent,-3.16,0.2440,0.2,60,80,139,#3C508B
3644,147,84,44,Kent,-3.58,0.2121,0.0,63,71,136,#3F4788
3645,147,85,44,Kent,-2.65,0.2828,5.2,55,91,141,#375B8D
3646,147,86,44,Kent,-2.37,0.3040,8.0,52,96,141,#34608D
3647,147,87,44,Kent,-2.19,0.3177,9.8,50,100,142,#32648E
3648,147,88,44,Kent,-2.19,0.3177,9.8,50,100,142,#32648E
3649,148,41,26,Devon,-3.95,0.1840,0.0,66,63,133,#423F85
3650,148,42,26,Devon,-3.95,0.1840,0.0,66,63,133,#423F85
3651,148,43,26,Devon,-3.16,0.2440,0.2,60,80,139,#3C508B
3652,148,44,26,Devon,-2.74,0.2759,4.3,56,89,140,#38598C
3653,148,45,76,Somerset,-3.07,0.2509,1.1,59,82,139,#3B528B
3654,148,46,76,Somerset,-3.07,0.2509,1.1,59,82,139,#3B528B
3655,148,51,76,Somerset,-3.53,0.2159,0.0,63,72,137,#3F4889
3656,148,52,76,Somerset,-3.4,0.2258,0.0,62,74,137,#3E4A89
3657,148,53,76,Somerset,-3.07,0.2509,1.1,59,82,139,#3B528B
3658,148,54,76,Somerset,-2.84,0.2683,3.4,57,86,140,#39568C
3659,148,55,76,Somerset,-3.4,0.2258,0.0,62,74,137,#3E4A89
3660,148,56,76,Somerset,-3.4,0.2258,0.0,62,74,137,#3E4A89
3661,148,57,88,Wiltshire,-3.72,0.2015,0.0,65,68,135,#414487
3662,148,58,88,Wiltshire,-3.58,0.2121,0.0,63,71,136,#3F4788
3663,148,59,88,Wiltshire,-3.3,0.2334,0.0,61,77,138,#3D4D8A
3664,148,60,88,Wiltshire,-3.53,0.2159,0.0,63,72,137,#3F4889
3665,148,61,88,Wiltshire,-2.28,0.3109,8.9,51,98,141,#33628D
3666,148,62,39,Hampshire,-3.16,0.2440,0.2,60,80,139,#3C508B
3667,148,63,39,Hampshire,-3.91,0.1870,0.0,66,63,133,#423F85
3668,148,64,39,Hampshire,-3.77,0.1977,0.0,65,66,135,#414287
3669,148,65,39,Hampshire,-3.53,0.2159,0.0,63,72,137,#3F4889
3670,148,66,39,Hampshire,-2.51,0.2934,6.6,53,94,141,#355E8D
3671,148,67,39,Hampshire,-3.72,0.2015,0.0,65,68,135,#414487
3672,148,68,39,Hampshire,-3.02,0.2547,1.6,58,83,139,#3A538B
3673,148,69,39,Hampshire,-3.3,0.2334,0.0,61,77,138,#3D4D8A
3674,148,70,80,Surrey,-3.16,0.2440,0.2,60,80,139,#3C508B
3675,148,71,80,Surrey,-4.51,0.1415,0.0,70,50,126,#46327E
3676,148,72,80,Surrey,-2.79,0.2721,3.8,56,88,140,#38588C
3677,148,73,80,Surrey,-2.79,0.2721,3.8,56,88,140,#38588C
3678,148,74,80,Surrey,-2.51,0.2934,6.6,53,94,141,#355E8D
3679,148,75,80,Surrey,-3.58,0.2121,0.0,63,71,136,#3F4788
3680,148,76,80,Surrey,-3.91,0.1870,0.0,66,63,133,#423F85
3681,148,77,44,Kent,-4.09,0.1734,0.0,68,59,132,#443B84
3682,148,78,44,Kent,-3.4,0.2258,0.0,62,74,137,#3E4A89
3683,148,79,44,Kent,-4.09,0.1734,0.0,68,59,132,#443B84
3684,148,80,44,Kent,-3.77,0.1977,0.0,65,66,135,#414287
3685,148,81,44,Kent,-3.91,0.1870,0.0,66,63,133,#423F85
3686,148,82,44,Kent,-3.16,0.2440,0.2,60,80,139,#3C508B
3687,148,83,44,Kent,-3.58,0.2121,0.0,63,71,136,#3F4788
3688,148,84,44,Kent,-2.65,0.2828,5.2,55,91,141,#375B8D
3689,148,85,44,Kent,-2.37,0.3040,8.0,52,96,141,#34608D
3690,148,86,44,Kent,-2.19,0.3177,9.8,50,100,142,#32648E
3691,148,87,44,Kent,-2.19,0.3177,9.8,50,100,142,#32648E
3692,148,88,44,Kent,-2.19,0.3177,9.8,50,100,142,#32648E
3693,149,40,26,Devon,-3.95,0.1840,0.0,66,63,133,#423F85
3694,149,41,26,Devon,-3.95,0.1840,0.0,66,63,133,#423F85
3695,149,42,26,Devon,-3.16,0.2440,0.2,60,80,139,#3C508B
3696,149,43,26,Devon,-3.16,0.2440,0.2,60,80,139,#3C508B
3697,149,44,76,Somerset,-3.16,0.2440,0.2,60,80,139,#3C508B
3698,149,45,76,Somerset,-2.74,0.2759,4.3,56,89,140,#38598C
3699,149,46,76,Somerset,-3.35,0.2296,0.0,62,76,138,#3E4C8A
3700,149,47,76,Somerset,-3.35,0.2296,0.0,62,76,138,#3E4C8A
3701,149,48,76,Somerset,-3.4,0.2258,0.0,62,74,137,#3E4A89
3702,149,49,76,Somerset,-3.95,0.1840,0.0,66,63,133,#423F85
3703,149,50,76,Somerset,-3.16,0.2440,0.2,60,80,139,#3C508B
3704,149,51,76,Somerset,-3.16,0.2440,0.2,60,80,139,#3C508B
3705,149,52,76,Somerset,-3.58,0.2121,0.0,63,71,136,#3F4788
3706,149,53,76,Somerset,-2.47,0.2964,7.0,53,94,141,#355E8D
3707,149,54,76,Somerset,-3.02,0.2547,1.6,58,83,139,#3A538B
3708,149,55,76,Somerset,-3.4,0.2258,0.0,62,74,137,#3E4A89
3709,149,56,76,Somerset,-3.3,0.2334,0.0,61,77,138,#3D4D8A
3710,149,57,88,Wiltshire,-3.4,0.2258,0.0,62,74,137,#3E4A89
3711,149,58,88,Wiltshire,-3.58,0.2121,0.0,63,71,136,#3F4788
3712,149,59,88,Wiltshire,-3.53,0.2159,0.0,63,72,137,#3F4889
3713,149,60,88,Wiltshire,-2.47,0.2964,7.0,53,94,141,#355E8D
3714,149,61,88,Wiltshire,-2.42,0.3002,7.5,53,95,141,#355F8D
3715,149,62,88,Wiltshire,-3.67,0.2053,0.0,64,69,136,#404588
3716,149,63,39,Hampshire,-3.77,0.1977,0.0,65,66,135,#414287
3717,149,64,39,Hampshire,-4.05,0.1764,0.0,67,61,132,#433D84
3718,149,65,39,Hampshire,-4.05,0.1764,0.0,67,61,132,#433D84
3719,149,66,39,Hampshire,-3.72,0.2015,0.0,65,68,135,#414487
3720,149,67,39,Hampshire,-3.16,0.2440,0.2,60,80,139,#3C508B
3721,149,68,39,Hampshire,-2.74,0.2759,4.3,56,89,140,#38598C
3722,149,69,39,Hampshire,-3.07,0.2509,1.1,59,82,139,#3B528B
3723,149,70,80,Surrey,-3.16,0.2440,0.2,60,80,139,#3C508B
3724,149,71,80,Surrey,-3.21,0.2402,0.0,60,79,138,#3C4F8A
3725,149,72,80,Surrey,-3.02,0.2547,1.6,58,83,139,#3A538B
3726,149,73,80,Surrey,-3.07,0.2509,1.1,59,82,139,#3B528B
3727,149,74,80,Surrey,-2.47,0.2964,7.0,53,94,141,#355E8D
3728,149,75,80,Surrey,-3.58,0.2121,0.0,63,71,136,#3F4788
3729,149,76,80,Surrey,-3.58,0.2121,0.0,63,71,136,#3F4788
3730,149,77,81,Sussex,-3.72,0.2015,0.0,65,68,135,#414487
3731,149,78,44,Kent,-3.16,0.2440,0.2,60,80,139,#3C508B
3732,149,79,44,Kent,-3.16,0.2440,0.2,60,80,139,#3C508B
3733,149,80,44,Kent,-3.58,0.2121,0.0,63,71,136,#3F4788
3734,149,81,44,Kent,-3.67,0.2053,0.0,64,69,136,#404588
3735,149,82,44,Kent,-3.58,0.2121,0.0,63,71,136,#3F4788
3736,149,83,44,Kent,-2.65,0.2828,5.2,55,91,141,#375B8D
3737,149,84,44,Kent,-2.37,0.3040,8.0,52,96,141,#34608D
3738,149,85,44,Kent,-2.19,0.3177,9.8,50,100,142,#32648E
3739,149,86,44,Kent,-2.19,0.3177,9.8,50,100,142,#32648E
3740,149,87,44,Kent,-2.19,0.3177,9.8,50,100,142,#32648E
3741,149,88,44,Kent,,,,,,,
3742,150,41,26,Devon,-3.53,0.2159,0.0,63,72,137,#3F4889
3743,150,42,26,Devon,-3.16,0.2440,0.2,60,80,139,#3C508B
3744,150,43,26,Devon,-2.98,0.2577,2.0,58,83,139,#3A538B
3745,150,44,26,Devon,-3.16,0.2440,0.2,60,80,139,#3C508B
3746,150,45,76,Somerset,-3.16,0.2440,0.2,60,80,139,#3C508B
3747,150,46,76,Somerset,-3.07,0.2509,1.1,59,82,139,#3B528B
3748,150,47,76,Somerset,-3.21,0.2402,0.0,60,79,138,#3C4F8A
3749,150,48,76,Somerset,-3.35,0.2296,0.0,62,76,138,#3E4C8A
3750,150,49,76,Somerset,-3.35,0.2296,0.0,62,76,138,#3E4C8A
3751,150,50,76,Somerset,-3.16,0.2440,0.2,60,80,139,#3C508B
3752,150,51,76,Somerset,-3.02,0.2547,1.6,58,83,139,#3A538B
3753,150,52,76,Somerset,-3.07,0.2509,1.1,59,82,139,#3B528B
3754,150,53,76,Somerset,-3.58,0.2121,0.0,63,71,136,#3F4788
3755,150,54,76,Somerset,-3.16,0.2440,0.2,60,80,139,#3C508B
3756,150,55,76,Somerset,-3.49,0.2190,0.0,62,73,137,#3E4989
3757,150,56,76,Somerset,-3.16,0.2440,0.2,60,80,139,#3C508B
3758,150,57,88,Wiltshire,-3.16,0.2440,0.2,60,80,139,#3C508B
3759,150,58,88,Wiltshire,-2.88,0.2653,3.0,57,85,140,#39558C
3760,150,59,88,Wiltshire,-2.74,0.2759,4.3,56,89,140,#38598C
3761,150,60,88,Wiltshire,-2.79,0.2721,3.8,56,88,140,#38588C
3762,150,61,88,Wiltshire,-3.16,0.2440,0.2,60,80,139,#3C508B
3763,150,62,88,Wiltshire,-3.49,0.2190,0.0,62,73,137,#3E4989
3764,150,63,39,Hampshire,-3.07,0.2509,1.1,59,82,139,#3B528B
3765,150,64,39,Hampshire,-4.05,0.1764,0.0,67,61,132,#433D84
3766,150,65,39,Hampshire,-3.58,0.2121,0.0,63,71,136,#3F4788
3767,150,66,39,Hampshire,-3.58,0.2121,0.0,63,71,136,#3F4788
3768,150,67,39,Hampshire,-3.53,0.2159,0.0,63,72,137,#3F4889
3769,150,68,39,Hampshire,-2.65,0.2828,5.2,55,91,141,#375B8D
3770,150,69,39,Hampshire,-3.53,0.2159,0.0,63,72,137,#3F4889
3771,150,70,81,Sussex,-3.91,0.1870,0.0,66,63,133,#423F85
3772,150,71,81,Sussex,-3.16,0.2440,0.2,60,80,139,#3C508B
3773,150,72,81,Sussex,-3.02,0.2547,1.6,58,83,139,#3A538B
3774,150,73,81,Sussex,-2.42,0.3002,7.5,53,95,141,#355F8D
3775,150,74,81,Sussex,-2.47,0.2964,7.0,53,94,141,#355E8D
3776,150,75,81,Sussex,-3.58,0.2121,0.0,63,71,136,#3F4788
3777,150,76,81,Sussex,-3.4,0.2258,0.0,62,74,137,#3E4A89
3778,150,77,81,Sussex,-3.21,0.2402,0.0,60,79,138,#3C4F8A
3779,150,78,81,Sussex,-3.77,0.1977,0.0,65,66,135,#414287
3780,150,79,81,Sussex,-3.4,0.2258,0.0,62,74,137,#3E4A89
3781,150,80,81,Sussex,-3.53,0.2159,0.0,63,72,137,#3F4889
3782,150,81,44,Kent,-3.72,0.2015,0.0,65,68,135,#414487
3783,150,82,44,Kent,-2.79,0.2721,3.8,56,88,140,#38588C
3784,150,83,44,Kent,-2.51,0.2934,6.6,53,94,141,#355E8D
3785,150,84,44,Kent,-3.07,0.2509,1.1,59,82,139,#3B528B
3786,150,85,44,Kent,-2.74,0.2759,4.3,56,89,140,#38598C
3787,150,86,44,Kent,,,,,,,
3788,151,38,26,Devon,-2.65,0.2828,5.2,55,91,141,#375B8D
3789,151,40,26,Devon,-3.53,0.2159,0.0,63,72,137,#3F4889
3790,151,41,26,Devon,-3.58,0.2121,0.0,63,71,136,#3F4788
3791,151,42,26,Devon,-3.77,0.1977,0.0,65,66,135,#414287
3792,151,43,26,Devon,-3.16,0.2440,0.2,60,80,139,#3C508B
3793,151,44,26,Devon,-3.3,0.2334,0.0,61,77,138,#3D4D8A
3794,151,45,26,Devon,-3.3,0.2334,0.0,61,77,138,#3D4D8A
3795,151,46,26,Devon,-3.53,0.2159,0.0,63,72,137,#3F4889
3796,151,47,26,Devon,-3.53,0.2159,0.0,63,72,137,#3F4889
3797,151,48,76,Somerset,-3.02,0.2547,1.6,58,83,139,#3A538B
3798,151,49,76,Somerset,-2.51,0.2934,6.6,53,94,141,#355E8D
3799,151,50,76,Somerset,-2.84,0.2683,3.4,57,86,140,#39568C
3800,151,51,76,Somerset,-3.02,0.2547,1.6,58,83,139,#3A538B
3801,151,52,76,Somerset,-3.21,0.2402,0.0,60,79,138,#3C4F8A
3802,151,53,76,Somerset,-3.07,0.2509,1.1,59,82,139,#3B528B
3803,151,54,76,Somerset,-3.07,0.2509,1.1,59,82,139,#3B528B
3804,151,55,76,Somerset,-3.16,0.2440,0.2,60,80,139,#3C508B
3805,151,56,76,Somerset,-3.63,0.2083,0.0,64,70,136,#404688
3806,151,57,27,Dorset,-3.49,0.2190,0.0,62,73,137,#3E4989
3807,151,58,88,Wiltshire,-2.51,0.2934,6.6,53,94,141,#355E8D
3808,151,59,88,Wiltshire,-1.86,0.3428,13.1,48,106,142,#306A8E
3809,151,60,88,Wiltshire,-2.6,0.2866,5.7,54,92,141,#365C8D
3810,151,61,88,Wiltshire,-2.98,0.2577,2.0,58,83,139,#3A538B
3811,151,62,88,Wiltshire,-2.79,0.2721,3.8,56,88,140,#38588C
3812,151,63,39,Hampshire,-2.47,0.2964,7.0,53,94,141,#355E8D
3813,151,64,39,Hampshire,-4.05,0.1764,0.0,67,61,132,#433D84
3814,151,65,39,Hampshire,-3.49,0.2190,0.0,62,73,137,#3E4989
3815,151,66,39,Hampshire,-3.58,0.2121,0.0,63,71,136,#3F4788
3816,151,67,39,Hampshire,-2.65,0.2828,5.2,55,91,141,#375B8D
3817,151,68,39,Hampshire,-3.21,0.2402,0.0,60,79,138,#3C4F8A
3818,151,69,81,Sussex,-3.58,0.2121,0.0,63,71,136,#3F4788
3819,151,70,81,Sussex,-3.53,0.2159,0.0,63,72,137,#3F4889
3820,151,71,81,Sussex,-2.88,0.2653,3.0,57,85,140,#39558C
3821,151,72,81,Sussex,-2.23,0.3147,9.4,51,99,141,#33638D
3822,151,73,81,Sussex,-1.67,0.3572,14.9,46,110,142,#2E6E8E
3823,151,74,81,Sussex,-3.49,0.2190,0.0,62,73,137,#3E4989
3824,151,75,81,Sussex,-2.09,0.3253,10.8,49,102,142,#31668E
3825,151,76,81,Sussex,-3.16,0.2440,0.2,60,80,139,#3C508B
3826,151,77,81,Sussex,-3.02,0.2547,1.6,58,83,139,#3A538B
3827,151,78,81,Sussex,-3.67,0.2053,0.0,64,69,136,#404588
3828,151,79,81,Sussex,-3.72,0.2015,0.0,65,68,135,#414487
3829,151,80,81,Sussex,-3.91,0.1870,0.0,66,63,133,#423F85
3830,151,81,81,Sussex,-3.3,0.2334,0.0,61,77,138,#3D4D8A
3831,151,82,81,Sussex,-3.16,0.2440,0.2,60,80,139,#3C508B
3832,151,83,44,Kent,-3.02,0.2547,1.6,58,83,139,#3A538B
3833,151,84,44,Kent,-3.02,0.2547,1.6,58,83,139,#3A538B
3834,152,38,26,Devon,-3.49,0.2190,0.0,62,73,137,#3E4989
3835,152,39,26,Devon,-3.49,0.2190,0.0,62,73,137,#3E4989
3836,152,40,26,Devon,-3.02,0.2547,1.6,58,83,139,#3A538B
3837,152,41,26,Devon,-2.51,0.2934,6.6,53,94,141,#355E8D
3838,152,42,26,Devon,-3.58,0.2121,0.0,63,71,136,#3F4788
3839,152,43,26,Devon,-3.16,0.2440,0.2,60,80,139,#3C508B
3840,152,44,26,Devon,-3.21,0.2402,0.0,60,79,138,#3C4F8A
3841,152,45,26,Devon,-3.3,0.2334,0.0,61,77,138,#3D4D8A
3842,152,46,26,Devon,-3.3,0.2334,0.0,61,77,138,#3D4D8A
3843,152,47,26,Devon,-2.47,0.2964,7.0,53,94,141,#355E8D
3844,152,48,26,Devon,-2.65,0.2828,5.2,55,91,141,#375B8D
3845,152,49,26,Devon,-2.51,0.2934,6.6,53,94,141,#355E8D
3846,152,50,76,Somerset,-2.88,0.2653,3.0,57,85,140,#39558C
3847,152,51,76,Somerset,-2.47,0.2964,7.0,53,94,141,#355E8D
3848,152,52,76,Somerset,-3.07,0.2509,1.1,59,82,139,#3B528B
3849,152,53,76,Somerset,-3.3,0.2334,0.0,61,77,138,#3D4D8A
3850,152,54,27,Dorset,-3.4,0.2258,0.0,62,74,137,#3E4A89
3851,152,55,27,Dorset,-2.51,0.2934,6.6,53,94,141,#355E8D
3852,152,56,27,Dorset,-3.53,0.2159,0.0,63,72,137,#3F4889
3853,152,57,27,Dorset,-3.53,0.2159,0.0,63,72,137,#3F4889
3854,152,58,27,Dorset,-3.53,0.2159,0.0,63,72,137,#3F4889
3855,152,59,27,Dorset,-3.49,0.2190,0.0,62,73,137,#3E4989
3856,152,60,27,Dorset,-2.98,0.2577,2.0,58,83,139,#3A538B
3857,152,61,39,Hampshire,-3.02,0.2547,1.6,58,83,139,#3A538B
3858,152,62,39,Hampshire,-4.09,0.1734,0.0,68,59,132,#443B84
3859,152,63,39,Hampshire,-4.05,0.1764,0.0,67,61,132,#433D84
3860,152,64,39,Hampshire,-4.09,0.1734,0.0,68,59,132,#443B84
3861,152,65,39,Hampshire,-3.49,0.2190,0.0,62,73,137,#3E4989
3862,152,66,39,Hampshire,-3.4,0.2258,0.0,62,74,137,#3E4A89
3863,152,67,39,Hampshire,-3.58,0.2121,0.0,63,71,136,#3F4788
3864,152,68,39,Hampshire,-3.4,0.2258,0.0,62,74,137,#3E4A89
3865,152,69,81,Sussex,-3.3,0.2334,0.0,61,77,138,#3D4D8A
3866,152,70,81,Sussex,-3.58,0.2121,0.0,63,71,136,#3F4788
3867,152,71,81,Sussex,-2.98,0.2577,2.0,58,83,139,#3A538B
3868,152,72,81,Sussex,-1.63,0.3603,15.3,46,111,142,#2E6F8E
3869,152,73,81,Sussex,-1.67,0.3572,14.9,46,110,142,#2E6E8E
3870,152,74,81,Sussex,-2.19,0.3177,9.8,50,100,142,#32648E
3871,152,75,81,Sussex,-2.09,0.3253,10.8,49,102,142,#31668E
3872,152,76,81,Sussex,-3.72,0.2015,0.0,65,68,135,#414487
3873,152,77,81,Sussex,-3.58,0.2121,0.0,63,71,136,#3F4788
3874,152,78,81,Sussex,-3.63,0.2083,0.0,64,70,136,#404688
3875,152,79,81,Sussex,-3.72,0.2015,0.0,65,68,135,#414487
3876,152,80,81,Sussex,-2.98,0.2577,2.0,58,83,139,#3A538B
3877,152,81,81,Sussex,-3.58,0.2121,0.0,63,71,136,#3F4788
3878,152,82,81,Sussex,-3.3,0.2334,0.0,61,77,138,#3D4D8A
3879,152,83,81,Sussex,-3.3,0.2334,0.0,61,77,138,#3D4D8A
3880,152,84,44,Kent,-2.23,0.3147,9.4,51,99,141,#33638D
3881,153,38,21,Cornwall,-3.49,0.2190,0.0,62,73,137,#3E4989
3882,153,39,26,Devon,-3.49,0.2190,0.0,62,73,137,#3E4989
3883,153,40,26,Devon,-3.58,0.2121,0.0,63,71,136,#3F4788
3884,153,41,26,Devon,-3.49,0.2190,0.0,62,73,137,#3E4989
3885,153,42,26,Devon,-3.16,0.2440,0.2,60,80,139,#3C508B
3886,153,43,26,Devon,-3.16,0.2440,0.2,60,80,139,#3C508B
3887,153,44,26,Devon,-2.74,0.2759,4.3,56,89,140,#38598C
3888,153,45,26,Devon,-3.02,0.2547,1.6,58,83,139,#3A538B
3889,153,46,26,Devon,-3.02,0.2547,1.6,58,83,139,#3A538B
3890,153,47,26,Devon,-2.98,0.2577,2.0,58,83,139,#3A538B
3891,153,48,26,Devon,-2.74,0.2759,4.3,56,89,140,#38598C
3892,153,49,26,Devon,-1.81,0.3466,13.5,47,107,142,#2F6B8E
3893,153,50,26,Devon,-3.02,0.2547,1.6,58,83,139,#3A538B
3894,153,51,76,Somerset,-2.79,0.2721,3.8,56,88,140,#38588C
3895,153,52,76,Somerset,-2.84,0.2683,3.4,57,86,140,#39568C
3896,153,53,76,Somerset,-3.3,0.2334,0.0,61,77,138,#3D4D8A
3897,153,54,27,Dorset,-3.16,0.2440,0.2,60,80,139,#3C508B
3898,153,55,27,Dorset,-3.16,0.2440,0.2,60,80,139,#3C508B
3899,153,56,27,Dorset,-2.51,0.2934,6.6,53,94,141,#355E8D
3900,153,57,27,Dorset,-3.16,0.2440,0.2,60,80,139,#3C508B
3901,153,58,27,Dorset,-3.4,0.2258,0.0,62,74,137,#3E4A89
3902,153,59,27,Dorset,-3.21,0.2402,0.0,60,79,138,#3C4F8A
3903,153,60,27,Dorset,-2.79,0.2721,3.8,56,88,140,#38588C
3904,153,61,39,Hampshire,-3.02,0.2547,1.6,58,83,139,#3A538B
3905,153,62,39,Hampshire,-3.91,0.1870,0.0,66,63,133,#423F85
3906,153,63,39,Hampshire,-4.05,0.1764,0.0,67,61,132,#433D84
3907,153,64,39,Hampshire,-3.63,0.2083,0.0,64,70,136,#404688
3908,153,65,39,Hampshire,-3.16,0.2440,0.2,60,80,139,#3C508B
3909,153,66,39,Hampshire,-3.77,0.1977,0.0,65,66,135,#414287
3910,153,67,39,Hampshire,-3.67,0.2053,0.0,64,69,136,#404588
3911,153,68,39,Hampshire,-3.3,0.2334,0.0,61,77,138,#3D4D8A
3912,153,69,81,Sussex,-3.72,0.2015,0.0,65,68,135,#414487
3913,153,70,81,Sussex,-2.74,0.2759,4.3,56,89,140,#38598C
3914,153,71,81,Sussex,-2.23,0.3147,9.4,51,99,141,#33638D
3915,153,72,81,Sussex,-1.72,0.3534,14.4,46,109,142,#2E6D8E
3916,153,73,81,Sussex,-2.65,0.2828,5.2,55,91,141,#375B8D
3917,153,74,81,Sussex,-2.23,0.3147,9.4,51,99,141,#33638D
3918,153,75,81,Sussex,-2.79,0.2721,3.8,56,88,140,#38588C
3919,153,76,81,Sussex,-3.72,0.2015,0.0,65,68,135,#414487
3920,153,77,81,Sussex,-3.95,0.1840,0.0,66,63,133,#423F85
3921,153,78,81,Sussex,-3.72,0.2015,0.0,65,68,135,#414487
3922,153,79,81,Sussex,-3.53,0.2159,0.0,63,72,137,#3F4889
3923,153,80,81,Sussex,-3.35,0.2296,0.0,62,76,138,#3E4C8A
3924,153,81,81,Sussex,-2.98,0.2577,2.0,58,83,139,#3A538B
3925,153,82,81,Sussex,,,,,,,
3926,154,38,21,Cornwall,-3.58,0.2121,0.0,63,71,136,#3F4788
3927,154,39,26,Devon,-3.58,0.2121,0.0,63,71,136,#3F4788
3928,154,40,26,Devon,-2.84,0.2683,3.4,57,86,140,#39568C
3929,154,41,26,Devon,-2.84,0.2683,3.4,57,86,140,#39568C
3930,154,42,26,Devon,-3.4,0.2258,0.0,62,74,137,#3E4A89
3931,154,43,26,Devon,-3.4,0.2258,0.0,62,74,137,#3E4A89
3932,154,44,26,Devon,-2.79,0.2721,3.8,56,88,140,#38588C
3933,154,45,26,Devon,-2.79,0.2721,3.8,56,88,140,#38588C
3934,154,46,26,Devon,-3.02,0.2547,1.6,58,83,139,#3A538B
3935,154,47,26,Devon,-2.47,0.2964,7.0,53,94,141,#355E8D
3936,154,48,26,Devon,-2.0,0.3322,11.7,49,104,142,#31688E
3937,154,49,26,Devon,-1.86,0.3428,13.1,48,106,142,#306A8E
3938,154,50,26,Devon,-2.47,0.2964,7.0,53,94,141,#355E8D
3939,154,51,27,Dorset,-2.84,0.2683,3.4,57,86,140,#39568C
3940,154,52,27,Dorset,-3.21,0.2402,0.0,60,79,138,#3C4F8A
3941,154,53,27,Dorset,-3.07,0.2509,1.1,59,82,139,#3B528B
3942,154,54,27,Dorset,-3.3,0.2334,0.0,61,77,138,#3D4D8A
3943,154,55,27,Dorset,-3.16,0.2440,0.2,60,80,139,#3C508B
3944,154,56,27,Dorset,-3.16,0.2440,0.2,60,80,139,#3C508B
3945,154,57,27,Dorset,-3.16,0.2440,0.2,60,80,139,#3C508B
3946,154,58,27,Dorset,-3.53,0.2159,0.0,63,72,137,#3F4889
3947,154,59,27,Dorset,-3.63,0.2083,0.0,64,70,136,#404688
3948,154,60,27,Dorset,-3.02,0.2547,1.6,58,83,139,#3A538B
3949,154,61,39,Hampshire,-3.35,0.2296,0.0,62,76,138,#3E4C8A
3950,154,62,39,Hampshire,-3.3,0.2334,0.0,61,77,138,#3D4D8A
3951,154,63,39,Hampshire,-3.72,0.2015,0.0,65,68,135,#414487
3952,154,64,39,Hampshire,-3.95,0.1840,0.0,66,63,133,#423F85
3953,154,65,39,Hampshire,,,,,,,
3954,154,66,39,Hampshire,-3.21,0.2402,0.0,60,79,138,#3C4F8A
3955,154,67,39,Hampshire,-3.95,0.1840,0.0,66,63,133,#423F85
3956,154,68,39,Hampshire,-3.67,0.2053,0.0,64,69,136,#404588
3957,154,69,81,Sussex,-3.67,0.2053,0.0,64,69,136,#404588
3958,154,70,81,Sussex,-2.84,0.2683,3.4,57,86,140,#39568C
3959,154,71,81,Sussex,-2.42,0.3002,7.5,53,95,141,#355F8D
3960,154,72,81,Sussex,,,,,,,
3961,154,76,81,Sussex,-4.05,0.1764,0.0,67,61,132,#433D84
3962,154,77,81,Sussex,-3.95,0.1840,0.0,66,63,133,#423F85
3963,154,78,81,Sussex,-3.72,0.2015,0.0,65,68,135,#414487
3964,154,79,81,Sussex,-3.53,0.2159,0.0,63,72,137,#3F4889
3965,155,37,21,Cornwall,-2.98,0.2577,2.0,58,83,139,#3A538B
3966,155,38,21,Cornwall,-2.65,0.2828,5.2,55,91,141,#375B8D
3967,155,39,26,Devon,-2.84,0.2683,3.4,57,86,140,#39568C
3968,155,40,26,Devon,-2.84,0.2683,3.4,57,86,140,#39568C
3969,155,41,26,Devon,-2.84,0.2683,3.4,57,86,140,#39568C
3970,155,42,26,Devon,-3.02,0.2547,1.6,58,83,139,#3A538B
3971,155,43,26,Devon,-3.3,0.2334,0.0,61,77,138,#3D4D8A
3972,155,44,26,Devon,-2.88,0.2653,3.0,57,85,140,#39558C
3973,155,45,26,Devon,-2.79,0.2721,3.8,56,88,140,#38588C
3974,155,46,26,Devon,-3.02,0.2547,1.6,58,83,139,#3A538B
3975,155,47,26,Devon,-2.79,0.2721,3.8,56,88,140,#38588C
3976,155,48,26,Devon,-2.09,0.3253,10.8,49,102,142,#31668E
3977,155,49,26,Devon,-2.65,0.2828,5.2,55,91,141,#375B8D
3978,155,50,26,Devon,-2.65,0.2828,5.2,55,91,141,#375B8D
3979,155,51,26,Devon,-2.79,0.2721,3.8,56,88,140,#38588C
3980,155,52,27,Dorset,-3.07,0.2509,1.1,59,82,139,#3B528B
3981,155,53,27,Dorset,-3.4,0.2258,0.0,62,74,137,#3E4A89
3982,155,54,27,Dorset,-3.35,0.2296,0.0,62,76,138,#3E4C8A
3983,155,55,27,Dorset,-3.3,0.2334,0.0,61,77,138,#3D4D8A
3984,155,56,27,Dorset,-3.58,0.2121,0.0,63,71,136,#3F4788
3985,155,57,27,Dorset,-3.21,0.2402,0.0,60,79,138,#3C4F8A
3986,155,58,27,Dorset,-3.53,0.2159,0.0,63,72,137,#3F4889
3987,155,59,27,Dorset,-3.72,0.2015,0.0,65,68,135,#414487
3988,155,60,27,Dorset,-3.49,0.2190,0.0,62,73,137,#3E4989
3989,155,61,39,Hampshire,-3.95,0.1840,0.0,66,63,133,#423F85
3990,155,62,39,Hampshire,-3.95,0.1840,0.0,66,63,133,#423F85
3991,155,63,39,Hampshire,-3.77,0.1977,0.0,65,66,135,#414287
3992,155,65,39,Hampshire,-3.72,0.2015,0.0,65,68,135,#414487
3993,156,36,21,Cornwall,-3.02,0.2547,1.6,58,83,139,#3A538B
3994,156,37,21,Cornwall,-2.47,0.2964,7.0,53,94,141,#355E8D
3995,156,38,26,Devon,-3.02,0.2547,1.6,58,83,139,#3A538B
3996,156,39,26,Devon,-3.02,0.2547,1.6,58,83,139,#3A538B
3997,156,40,26,Devon,-2.88,0.2653,3.0,57,85,140,#39558C
3998,156,41,26,Devon,-3.21,0.2402,0.0,60,79,138,#3C4F8A
3999,156,42,26,Devon,-3.21,0.2402,0.0,60,79,138,#3C4F8A
4000,156,43,26,Devon,-2.84,0.2683,3.4,57,86,140,#39568C
4001,156,44,26,Devon,-3.02,0.2547,1.6,58,83,139,#3A538B
4002,156,45,26,Devon,-2.84,0.2683,3.4,57,86,140,#39568C
4003,156,46,26,Devon,-2.47,0.2964,7.0,53,94,141,#355E8D
4004,156,47,26,Devon,-1.86,0.3428,13.1,48,106,142,#306A8E
4005,156,48,26,Devon,-1.81,0.3466,13.5,47,107,142,#2F6B8E
4006,156,54,27,Dorset,-3.91,0.1870,0.0,66,63,133,#423F85
4007,156,55,27,Dorset,-3.4,0.2258,0.0,62,74,137,#3E4A89
4008,156,56,27,Dorset,-3.16,0.2440,0.2,60,80,139,#3C508B
4009,156,57,27,Dorset,-3.4,0.2258,0.0,62,74,137,#3E4A89
4010,156,58,27,Dorset,-3.53,0.2159,0.0,63,72,137,#3F4889
4011,156,59,27,Dorset,-3.49,0.2190,0.0,62,73,137,#3E4989
4012,156,64,39,Hampshire,-3.21,0.2402,0.0,60,79,138,#3C4F8A
4013,156,65,39,Hampshire,-3.72,0.2015,0.0,65,68,135,#414487
4014,156,66,39,Hampshire,-3.4,0.2258,0.0,62,74,137,#3E4A89
4015,157,36,21,Cornwall,-3.4,0.2258,0.0,62,74,137,#3E4A89
4016,157,37,21,Cornwall,-3.77,0.1977,0.0,65,66,135,#414287
4017,157,38,21,Cornwall,-3.02,0.2547,1.6,58,83,139,#3A538B
4018,157,39,21,Cornwall,-3.02,0.2547,1.6,58,83,139,#3A538B
4019,157,40,26,Devon,-2.23,0.3147,9.4,51,99,141,#33638D
4020,157,41,26,Devon,-2.28,0.3109,8.9,51,98,141,#33628D
4021,157,42,26,Devon,-3.02,0.2547,1.6,58,83,139,#3A538B
4022,157,43,26,Devon,-3.02,0.2547,1.6,58,83,139,#3A538B
4023,157,44,26,Devon,-2.47,0.2964,7.0,53,94,141,#355E8D
4024,157,45,26,Devon,-2.28,0.3109,8.9,51,98,141,#33628D
4025,157,46,26,Devon,-2.09,0.3253,10.8,49,102,142,#31668E
4026,157,47,26,Devon,,,,,,,
4027,157,55,27,Dorset,-3.95,0.1840,0.0,66,63,133,#423F85
4028,157,58,27,Dorset,-4.05,0.1764,0.0,67,61,132,#433D84
4029,157,59,27,Dorset,-3.3,0.2334,0.0,61,77,138,#3D4D8A
4030,157,65,39,Hampshire,-3.21,0.2402,0.0,60,79,138,#3C4F8A
4031,157,66,39,Hampshire,-3.16,0.2440,0.2,60,80,139,#3C508B
4032,158,34,21,Cornwall,-3.35,0.2296,0.0,62,76,138,#3E4C8A
4033,158,35,21,Cornwall,-3.4,0.2258,0.0,62,74,137,#3E4A89
4034,158,36,21,Cornwall,-3.4,0.2258,0.0,62,74,137,#3E4A89
4035,158,37,21,Cornwall,-3.02,0.2547,1.6,58,83,139,#3A538B
4036,158,38,21,Cornwall,-1.86,0.3428,13.1,48,106,142,#306A8E
4037,158,39,21,Cornwall,-2.42,0.3002,7.5,53,95,141,#355F8D
4038,158,40,26,Devon,-1.86,0.3428,13.1,48,106,142,#306A8E
4039,158,41,26,Devon,-2.23,0.3147,9.4,51,99,141,#33638D
4040,158,42,26,Devon,-2.79,0.2721,3.8,56,88,140,#38588C
4041,158,43,26,Devon,-2.47,0.2964,7.0,53,94,141,#355E8D
4042,158,44,26,Devon,-2.84,0.2683,3.4,57,86,140,#39568C
4043,158,45,26,Devon,-2.09,0.3253,10.8,49,102,142,#31668E
4044,158,46,26,Devon,-2.05,0.3284,11.2,49,103,142,#31678E
4045,159,34,21,Cornwall,-3.4,0.2258,0.0,62,74,137,#3E4A89
4046,159,35,21,Cornwall,-3.4,0.2258,0.0,62,74,137,#3E4A89
4047,159,36,21,Cornwall,-2.23,0.3147,9.4,51,99,141,#33638D
4048,159,37,21,Cornwall,-2.23,0.3147,9.4,51,99,141,#33638D
4049,159,38,21,Cornwall,-2.47,0.2964,7.0,53,94,141,#355E8D
4050,159,39,21,Cornwall,-1.86,0.3428,13.1,48,106,142,#306A8E
4051,159,40,21,Cornwall,-1.86,0.3428,13.1,48,106,142,#306A8E
4052,159,41,26,Devon,-2.37,0.3040,8.0,52,96,141,#34608D
4053,159,42,26,Devon,-2.74,0.2759,4.3,56,89,140,#38598C
4054,159,43,26,Devon,-2.47,0.2964,7.0,53,94,141,#355E8D
4055,159,44,26,Devon,-2.23,0.3147,9.4,51,99,141,#33638D
4056,159,45,26,Devon,-3.49,0.2190,0.0,62,73,137,#3E4989
4057,160,33,21,Cornwall,-3.53,0.2159,0.0,63,72,137,#3F4889
4058,160,34,21,Cornwall,-3.53,0.2159,0.0,63,72,137,#3F4889
4059,160,35,21,Cornwall,-3.67,0.2053,0.0,64,69,136,#404588
4060,160,36,21,Cornwall,-2.65,0.2828,5.2,55,91,141,#375B8D
4061,160,37,21,Cornwall,-2.37,0.3040,8.0,52,96,141,#34608D
4062,160,38,21,Cornwall,-2.23,0.3147,9.4,51,99,141,#33638D
4063,160,39,21,Cornwall,-2.23,0.3147,9.4,51,99,141,#33638D
4064,160,40,21,Cornwall,-2.23,0.3147,9.4,51,99,141,#33638D
4065,160,41,26,Devon,-2.23,0.3147,9.4,51,99,141,#33638D
4066,160,42,26,Devon,-2.23,0.3147,9.4,51,99,141,#33638D
4067,160,43,26,Devon,-1.86,0.3428,13.1,48,106,142,#306A8E
4068,160,44,26,Devon,-2.47,0.2964,7.0,53,94,141,#355E8D
4069,160,45,26,Devon,-2.23,0.3147,9.4,51,99,141,#33638D
4070,161,32,21,Cornwall,-3.95,0.1840,0.0,66,63,133,#423F85
4071,161,33,21,Cornwall,-3.53,0.2159,0.0,63,72,137,#3F4889
4072,161,34,21,Cornwall,-3.53,0.2159,0.0,63,72,137,#3F4889
4073,161,35,21,Cornwall,-3.58,0.2121,0.0,63,71,136,#3F4788
4074,161,36,21,Cornwall,-3.53,0.2159,0.0,63,72,137,#3F4889
4075,161,37,21,Cornwall,-2.37,0.3040,8.0,52,96,141,#34608D
4076,161,40,21,Cornwall,-2.05,0.3284,11.2,49,103,142,#31678E
4077,161,41,26,Devon,-2.84,0.2683,3.4,57,86,140,#39568C
4078,161,42,26,Devon,-1.86,0.3428,13.1,48,106,142,#306A8E
4079,161,43,26,Devon,-2.23,0.3147,9.4,51,99,141,#33638D
4080,161,44,26,Devon,-1.86,0.3428,13.1,48,106,142,#306A8E
4081,161,45,26,Devon,-2.47,0.2964,7.0,53,94,141,#355E8D
4082,162,32,21,Cornwall,-3.72,0.2015,0.0,65,68,135,#414487
4083,162,33,21,Cornwall,-3.16,0.2440,0.2,60,80,139,#3C508B
4084,162,34,21,Cornwall,-3.91,0.1870,0.0,66,63,133,#423F85
4085,162,35,21,Cornwall,,,,,,,
4086,162,43,26,Devon,-1.86,0.3428,13.1,48,106,142,#306A8E
4087,162,44,26,Devon,-2.23,0.3147,9.4,51,99,141,#33638D
4088,163,30,21,Cornwall,-3.77,0.1977,0.0,65,66,135,#414287
4089,163,31,21,Cornwall,-3.77,0.1977,0.0,65,66,135,#414287
4090,163,32,21,Cornwall,-3.67,0.2053,0.0,64,69,136,#404588
4091,163,33,21,Cornwall,-3.72,0.2015,0.0,65,68,135,#414487
4092,163,34,21,Cornwall,,,,,,,
4093,163,44,26,Devon,,,,,,,
4094,164,28,21,Cornwall,-3.16,0.2440,0.2,60,80,139,#3C508B
4095,164,29,21,Cornwall,-3.07,0.2509,1.1,59,82,139,#3B528B
4096,164,30,21,Cornwall,-3.95,0.1840,0.0,66,63,133,#423F85
4097,164,31,21,Cornwall,-3.67,0.2053,0.0,64,69,136,#404588
4098,164,32,21,Cornwall,-3.67,0.2053,0.0,64,69,136,#404588
4099,165,28,21,Cornwall,-2.98,0.2577,2.0,58,83,139,#3A538B
4100,165,31,21,Cornwall,-3.16,0.2440,0.2,60,80,139,#3C508B
4101,165,32,21,Cornwall,-3.95,0.1840,0.0,66,63,133,#423F85
4102,166,31,21,Cornwall,-3.58,0.2121,0.0,63,71,136,#3F4788
4103,166,32,21,Cornwall,-3.95,0.1840,0.0,66,63,133,#423F85
