row,col,lon,lat,county,gi_star,estimated_pct
0,0,-8.8093,59.4956,,,
0,1,-8.6934,59.4956,,,
0,2,-8.5776,59.4956,,,
0,3,-8.4617,59.4956,,,
0,4,-8.3459,59.4956,,,
0,5,-8.2300,59.4956,,,
0,6,-8.1141,59.4956,,,
0,7,-7.9983,59.4956,,,
0,8,-7.8824,59.4956,,,
0,9,-7.7665,59.4956,,,
0,10,-7.6507,59.4956,,,
0,11,-7.5348,59.4956,,,
0,12,-7.4190,59.4956,,,
0,13,-7.3031,59.4956,,,
0,14,-7.1872,59.4956,,,
0,15,-7.0714,59.4956,,,
0,16,-6.9555,59.4956,,,
0,17,-6.8397,59.4956,,,
0,18,-6.7238,59.4956,,,
0,19,-6.6079,59.4956,,,
0,20,-6.4921,59.4956,,,
0,21,-6.3762,59.4956,,,
0,22,-6.2603,59.4956,,,
0,23,-6.1445,59.4956,,,
0,24,-6.0286,59.4956,,,
0,25,-5.9128,59.4956,,,
0,26,-5.7969,59.4956,,,
0,27,-5.6810,59.4956,,,
0,28,-5.5652,59.4956,,,
0,29,-5.4493,59.4956,,,
0,30,-5.3334,59.4956,,,
0,31,-5.2176,59.4956,,,
0,32,-5.1017,59.4956,,,
0,33,-4.9859,59.4956,,,
0,34,-4.8700,59.4956,,,
0,35,-4.7541,59.4956,,,
0,36,-4.6383,59.4956,,,
0,37,-4.5224,59.4956,,,
0,38,-4.4066,59.4956,,,
0,39,-4.2907,59.4956,,,
0,40,-4.1748,59.4956,,,
0,41,-4.0590,59.4956,,,
0,42,-3.9431,59.4956,,,
0,43,-3.8272,59.4956,,,
0,44,-3.7114,59.4956,,,
0,45,-3.5955,59.4956,,,
0,46,-3.4797,59.4956,,,
0,47,-3.3638,59.4956,,,
0,48,-3.2479,59.4956,,,
0,49,-3.1321,59.4956,,,
0,50,-3.0162,59.4956,,,
0,51,-2.9003,59.4956,,,
0,52,-2.7845,59.4956,,,
0,53,-2.6686,59.4956,,,
0,54,-2.5528,59.4956,,,
0,55,-2.4369,59.4956,,,
0,56,-2.3210,59.4956,,,
0,57,-2.2052,59.4956,,,
0,58,-2.0893,59.4956,,,
0,59,-1.9734,59.4956,,,
0,60,-1.8576,59.4956,,,
0,61,-1.7417,59.4956,,,
0,62,-1.6259,59.4956,,,
0,63,-1.5100,59.4956,,,
0,64,-1.3941,59.4956,,,
0,65,-1.2783,59.4956,,,
0,66,-1.1624,59.4956,,,
0,67,-1.0466,59.4956,,,
0,68,-0.9307,59.4956,,,
0,69,-0.8148,59.4956,,,
0,70,-0.6990,59.4956,,,
0,71,-0.5831,59.4956,,,
0,72,-0.4672,59.4956,,,
0,73,-0.3514,59.4956,,,
0,74,-0.2355,59.4956,,,
0,75,-0.1197,59.4956,,,
0,76,-0.0038,59.4956,,,
0,77,0.1121,59.4956,,,
0,78,0.2279,59.4956,,,
0,79,0.3438,59.4956,,,
0,80,0.4597,59.4956,,,
0,81,0.5755,59.4956,,,
0,82,0.6914,59.4956,,,
0,83,0.8072,59.4956,,,
0,84,0.9231,59.4956,,,
0,85,1.0390,59.4956,,,
0,86,1.1548,59.4956,,,
0,87,1.2707,59.4956,,,
0,88,1.3865,59.4956,,,
0,89,1.5024,59.4956,,,
0,90,1.6183,59.4956,,,
0,91,1.7341,59.4956,,,
0,92,1.8500,59.4956,,,
0,93,1.9659,59.4956,,,
1,0,-8.8093,59.4285,,,
1,1,-8.6934,59.4285,,,
1,2,-8.5776,59.4285,,,
1,3,-8.4617,59.4285,,,
1,4,-8.3459,59.4285,,,
1,5,-8.2300,59.4285,,,
1,6,-8.1141,59.4285,,,
1,7,-7.9983,59.4285,,,
1,8,-7.8824,59.4285,,,
1,9,-7.7665,59.4285,,,
1,10,-7.6507,59.4285,,,
1,11,-7.5348,59.4285,,,
1,12,-7.4190,59.4285,,,
1,13,-7.3031,59.4285,,,
1,14,-7.1872,59.4285,,,
1,15,-7.0714,59.4285,,,
1,16,-6.9555,59.4285,,,
1,17,-6.8397,59.4285,,,
1,18,-6.7238,59.4285,,,
1,19,-6.6079,59.4285,,,
1,20,-6.4921,59.4285,,,
1,21,-6.3762,59.4285,,,
1,22,-6.2603,59.4285,,,
1,23,-6.1445,59.4285,,,
1,24,-6.0286,59.4285,,,
1,25,-5.9128,59.4285,,,
1,26,-5.7969,59.4285,,,
1,27,-5.6810,59.4285,,,
1,28,-5.5652,59.4285,,,
1,29,-5.4493,59.4285,,,
1,30,-5.3334,59.4285,,,
1,31,-5.2176,59.4285,,,
1,32,-5.1017,59.4285,,,
1,33,-4.9859,59.4285,,,
1,34,-4.8700,59.4285,,,
1,35,-4.7541,59.4285,,,
1,36,-4.6383,59.4285,,,
1,37,-4.5224,59.4285,,,
1,38,-4.4066,59.4285,,,
1,39,-4.2907,59.4285,,,
1,40,-4.1748,59.4285,,,
1,41,-4.0590,59.4285,,,
1,42,-3.9431,59.4285,,,
1,43,-3.8272,59.4285,,,
1,44,-3.7114,59.4285,,,
1,45,-3.5955,59.4285,,,
1,46,-3.4797,59.4285,,,
1,47,-3.3638,59.4285,,,
1,48,-3.2479,59.4285,,,
1,49,-3.1321,59.4285,,,
1,50,-3.0162,59.4285,,,
1,51,-2.9003,59.4285,,,
1,52,-2.7845,59.4285,,,
1,53,-2.6686,59.4285,,,
1,54,-2.5528,59.4285,,,
1,55,-2.4369,59.4285,,,
1,56,-2.3210,59.4285,,,
1,57,-2.2052,59.4285,,,
1,58,-2.0893,59.4285,,,
1,59,-1.9734,59.4285,,,
1,60,-1.8576,59.4285,,,
1,61,-1.7417,59.4285,,,
1,62,-1.6259,59.4285,,,
1,63,-1.5100,59.4285,,,
1,64,-1.3941,59.4285,,,
1,65,-1.2783,59.4285,,,
1,66,-1.1624,59.4285,,,
1,67,-1.0466,59.4285,,,
1,68,-0.9307,59.4285,,,
1,69,-0.8148,59.4285,,,
1,70,-0.6990,59.4285,,,
1,71,-0.5831,59.4285,,,
1,72,-0.4672,59.4285,,,
1,73,-0.3514,59.4285,,,
1,74,-0.2355,59.4285,,,
1,75,-0.1197,59.4285,,,
1,76,-0.0038,59.4285,,,
1,77,0.1121,59.4285,,,
1,78,0.2279,59.4285,,,
1,79,0.3438,59.4285,,,
1,80,0.4597,59.4285,,,
1,81,0.5755,59.4285,,,
1,82,0.6914,59.4285,,,
1,83,0.8072,59.4285,,,
1,84,0.9231,59.4285,,,
1,85,1.0390,59.4285,,,
1,86,1.1548,59.4285,,,
1,87,1.2707,59.4285,,,
1,88,1.3865,59.4285,,,
1,89,1.5024,59.4285,,,
1,90,1.6183,59.4285,,,
1,91,1.7341,59.4285,,,
1,92,1.8500,59.4285,,,
1,93,1.9659,59.4285,,,
2,0,-8.8093,59.3615,,,
2,1,-8.6934,59.3615,,,
2,2,-8.5776,59.3615,,,
2,3,-8.4617,59.3615,,,
2,4,-8.3459,59.3615,,,
2,5,-8.2300,59.3615,,,
2,6,-8.1141,59.3615,,,
2,7,-7.9983,59.3615,,,
2,8,-7.8824,59.3615,,,
2,9,-7.7665,59.3615,,,
2,10,-7.6507,59.3615,,,
2,11,-7.5348,59.3615,,,
2,12,-7.4190,59.3615,,,
2,13,-7.3031,59.3615,,,
2,14,-7.1872,59.3615,,,
2,15,-7.0714,59.3615,,,
2,16,-6.9555,59.3615,,,
2,17,-6.8397,59.3615,,,
2,18,-6.7238,59.3615,,,
2,19,-6.6079,59.3615,,,
2,20,-6.4921,59.3615,,,
2,21,-6.3762,59.3615,,,
2,22,-6.2603,59.3615,,,
2,23,-6.1445,59.3615,,,
2,24,-6.0286,59.3615,,,
2,25,-5.9128,59.3615,,,
2,26,-5.7969,59.3615,,,
2,27,-5.6810,59.3615,,,
2,28,-5.5652,59.3615,,,
2,29,-5.4493,59.3615,,,
2,30,-5.3334,59.3615,,,
2,31,-5.2176,59.3615,,,
2,32,-5.1017,59.3615,,,
2,33,-4.9859,59.3615,,,
2,34,-4.8700,59.3615,,,
2,35,-4.7541,59.3615,,,
2,36,-4.6383,59.3615,,,
2,37,-4.5224,59.3615,,,
2,38,-4.4066,59.3615,,,
2,39,-4.2907,59.3615,,,
2,40,-4.1748,59.3615,,,
2,41,-4.0590,59.3615,,,
2,42,-3.9431,59.3615,,,
2,43,-3.8272,59.3615,,,
2,44,-3.7114,59.3615,,,
2,45,-3.5955,59.3615,,,
2,46,-3.4797,59.3615,,,
2,47,-3.3638,59.3615,,,
2,48,-3.2479,59.3615,,,
2,49,-3.1321,59.3615,,,
2,50,-3.0162,59.3615,,,
2,51,-2.9003,59.3615,,,
2,52,-2.7845,59.3615,,,
2,53,-2.6686,59.3615,,,
2,54,-2.5528,59.3615,,,
2,55,-2.4369,59.3615,,,
2,56,-2.3210,59.3615,,,
2,57,-2.2052,59.3615,,,
2,58,-2.0893,59.3615,,,
2,59,-1.9734,59.3615,,,
2,60,-1.8576,59.3615,,,
2,61,-1.7417,59.3615,,,
2,62,-1.6259,59.3615,,,
2,63,-1.5100,59.3615,,,
2,64,-1.3941,59.3615,,,
2,65,-1.2783,59.3615,,,
2,66,-1.1624,59.3615,,,
2,67,-1.0466,59.3615,,,
2,68,-0.9307,59.3615,,,
2,69,-0.8148,59.3615,,,
2,70,-0.6990,59.3615,,,
2,71,-0.5831,59.3615,,,
2,72,-0.4672,59.3615,,,
2,73,-0.3514,59.3615,,,
2,74,-0.2355,59.3615,,,
2,75,-0.1197,59.3615,,,
2,76,-0.0038,59.3615,,,
2,77,0.1121,59.3615,,,
2,78,0.2279,59.3615,,,
2,79,0.3438,59.3615,,,
2,80,0.4597,59.3615,,,
2,81,0.5755,59.3615,,,
2,82,0.6914,59.3615,,,
2,83,0.8072,59.3615,,,
2,84,0.9231,59.3615,,,
2,85,1.0390,59.3615,,,
2,86,1.1548,59.3615,,,
2,87,1.2707,59.3615,,,
2,88,1.3865,59.3615,,,
2,89,1.5024,59.3615,,,
2,90,1.6183,59.3615,,,
2,91,1.7341,59.3615,,,
2,92,1.8500,59.3615,,,
2,93,1.9659,59.3615,,,
3,0,-8.8093,59.2944,,,
3,1,-8.6934,59.2944,,,
3,2,-8.5776,59.2944,,,
3,3,-8.4617,59.2944,,,
3,4,-8.3459,59.2944,,,
3,5,-8.2300,59.2944,,,
3,6,-8.1141,59.2944,,,
3,7,-7.9983,59.2944,,,
3,8,-7.8824,59.2944,,,
3,9,-7.7665,59.2944,,,
3,10,-7.6507,59.2944,,,
3,11,-7.5348,59.2944,,,
3,12,-7.4190,59.2944,,,
3,13,-7.3031,59.2944,,,
3,14,-7.1872,59.2944,,,
3,15,-7.0714,59.2944,,,
3,16,-6.9555,59.2944,,,
3,17,-6.8397,59.2944,,,
3,18,-6.7238,59.2944,,,
3,19,-6.6079,59.2944,,,
3,20,-6.4921,59.2944,,,
3,21,-6.3762,59.2944,,,
3,22,-6.2603,59.2944,,,
3,23,-6.1445,59.2944,,,
3,24,-6.0286,59.2944,,,
3,25,-5.9128,59.2944,,,
3,26,-5.7969,59.2944,,,
3,27,-5.6810,59.2944,,,
3,28,-5.5652,59.2944,,,
3,29,-5.4493,59.2944,,,
3,30,-5.3334,59.2944,,,
3,31,-5.2176,59.2944,,,
3,32,-5.1017,59.2944,,,
3,33,-4.9859,59.2944,,,
3,34,-4.8700,59.2944,,,
3,35,-4.7541,59.2944,,,
3,36,-4.6383,59.2944,,,
3,37,-4.5224,59.2944,,,
3,38,-4.4066,59.2944,,,
3,39,-4.2907,59.2944,,,
3,40,-4.1748,59.2944,,,
3,41,-4.0590,59.2944,,,
3,42,-3.9431,59.2944,,,
3,43,-3.8272,59.2944,,,
3,44,-3.7114,59.2944,,,
3,45,-3.5955,59.2944,,,
3,46,-3.4797,59.2944,,,
3,47,-3.3638,59.2944,,,
3,48,-3.2479,59.2944,,,
3,49,-3.1321,59.2944,,,
3,50,-3.0162,59.2944,,,
3,51,-2.9003,59.2944,,,
3,52,-2.7845,59.2944,,,
3,53,-2.6686,59.2944,,,
3,54,-2.5528,59.2944,,,
3,55,-2.4369,59.2944,,,
3,56,-2.3210,59.2944,,,
3,57,-2.2052,59.2944,,,
3,58,-2.0893,59.2944,,,
3,59,-1.9734,59.2944,,,
3,60,-1.8576,59.2944,,,
3,61,-1.7417,59.2944,,,
3,62,-1.6259,59.2944,,,
3,63,-1.5100,59.2944,,,
3,64,-1.3941,59.2944,,,
3,65,-1.2783,59.2944,,,
3,66,-1.1624,59.2944,,,
3,67,-1.0466,59.2944,,,
3,68,-0.9307,59.2944,,,
3,69,-0.8148,59.2944,,,
3,70,-0.6990,59.2944,,,
3,71,-0.5831,59.2944,,,
3,72,-0.4672,59.2944,,,
3,73,-0.3514,59.2944,,,
3,74,-0.2355,59.2944,,,
3,75,-0.1197,59.2944,,,
3,76,-0.0038,59.2944,,,
3,77,0.1121,59.2944,,,
3,78,0.2279,59.2944,,,
3,79,0.3438,59.2944,,,
3,80,0.4597,59.2944,,,
3,81,0.5755,59.2944,,,
3,82,0.6914,59.2944,,,
3,83,0.8072,59.2944,,,
3,84,0.9231,59.2944,,,
3,85,1.0390,59.2944,,,
3,86,1.1548,59.2944,,,
3,87,1.2707,59.2944,,,
3,88,1.3865,59.2944,,,
3,89,1.5024,59.2944,,,
3,90,1.6183,59.2944,,,
3,91,1.7341,59.2944,,,
3,92,1.8500,59.2944,,,
3,93,1.9659,59.2944,,,
4,0,-8.8093,59.2273,,,
4,1,-8.6934,59.2273,,,
4,2,-8.5776,59.2273,,,
4,3,-8.4617,59.2273,,,
4,4,-8.3459,59.2273,,,
4,5,-8.2300,59.2273,,,
4,6,-8.1141,59.2273,,,
4,7,-7.9983,59.2273,,,
4,8,-7.8824,59.2273,,,
4,9,-7.7665,59.2273,,,
4,10,-7.6507,59.2273,,,
4,11,-7.5348,59.2273,,,
4,12,-7.4190,59.2273,,,
4,13,-7.3031,59.2273,,,
4,14,-7.1872,59.2273,,,
4,15,-7.0714,59.2273,,,
4,16,-6.9555,59.2273,,,
4,17,-6.8397,59.2273,,,
4,18,-6.7238,59.2273,,,
4,19,-6.6079,59.2273,,,
4,20,-6.4921,59.2273,,,
4,21,-6.3762,59.2273,,,
4,22,-6.2603,59.2273,,,
4,23,-6.1445,59.2273,,,
4,24,-6.0286,59.2273,,,
4,25,-5.9128,59.2273,,,
4,26,-5.7969,59.2273,,,
4,27,-5.6810,59.2273,,,
4,28,-5.5652,59.2273,,,
4,29,-5.4493,59.2273,,,
4,30,-5.3334,59.2273,,,
4,31,-5.2176,59.2273,,,
4,32,-5.1017,59.2273,,,
4,33,-4.9859,59.2273,,,
4,34,-4.8700,59.2273,,,
4,35,-4.7541,59.2273,,,
4,36,-4.6383,59.2273,,,
4,37,-4.5224,59.2273,,,
4,38,-4.4066,59.2273,,,
4,39,-4.2907,59.2273,,,
4,40,-4.1748,59.2273,,,
4,41,-4.0590,59.2273,,,
4,42,-3.9431,59.2273,,,
4,43,-3.8272,59.2273,,,
4,44,-3.7114,59.2273,,,
4,45,-3.5955,59.2273,,,
4,46,-3.4797,59.2273,,,
4,47,-3.3638,59.2273,,,
4,48,-3.2479,59.2273,,,
4,49,-3.1321,59.2273,,,
4,50,-3.0162,59.2273,,,
4,51,-2.9003,59.2273,,,
4,52,-2.7845,59.2273,,,
4,53,-2.6686,59.2273,,,
4,54,-2.5528,59.2273,,,
4,55,-2.4369,59.2273,,,
4,56,-2.3210,59.2273,,,
4,57,-2.2052,59.2273,,,
4,58,-2.0893,59.2273,,,
4,59,-1.9734,59.2273,,,
4,60,-1.8576,59.2273,,,
4,61,-1.7417,59.2273,,,
4,62,-1.6259,59.2273,,,
4,63,-1.5100,59.2273,,,
4,64,-1.3941,59.2273,,,
4,65,-1.2783,59.2273,,,
4,66,-1.1624,59.2273,,,
4,67,-1.0466,59.2273,,,
4,68,-0.9307,59.2273,,,
4,69,-0.8148,59.2273,,,
4,70,-0.6990,59.2273,,,
4,71,-0.5831,59.2273,,,
4,72,-0.4672,59.2273,,,
4,73,-0.3514,59.2273,,,
4,74,-0.2355,59.2273,,,
4,75,-0.1197,59.2273,,,
4,76,-0.0038,59.2273,,,
4,77,0.1121,59.2273,,,
4,78,0.2279,59.2273,,,
4,79,0.3438,59.2273,,,
4,80,0.4597,59.2273,,,
4,81,0.5755,59.2273,,,
4,82,0.6914,59.2273,,,
4,83,0.8072,59.2273,,,
4,84,0.9231,59.2273,,,
4,85,1.0390,59.2273,,,
4,86,1.1548,59.2273,,,
4,87,1.2707,59.2273,,,
4,88,1.3865,59.2273,,,
4,89,1.5024,59.2273,,,
4,90,1.6183,59.2273,,,
4,91,1.7341,59.2273,,,
4,92,1.8500,59.2273,,,
4,93,1.9659,59.2273,,,
5,0,-8.8093,59.1603,,,
5,1,-8.6934,59.1603,,,
5,2,-8.5776,59.1603,,,
5,3,-8.4617,59.1603,,,
5,4,-8.3459,59.1603,,,
5,5,-8.2300,59.1603,,,
5,6,-8.1141,59.1603,,,
5,7,-7.9983,59.1603,,,
5,8,-7.8824,59.1603,,,
5,9,-7.7665,59.1603,,,
5,10,-7.6507,59.1603,,,
5,11,-7.5348,59.1603,,,
5,12,-7.4190,59.1603,,,
5,13,-7.3031,59.1603,,,
5,14,-7.1872,59.1603,,,
5,15,-7.0714,59.1603,,,
5,16,-6.9555,59.1603,,,
5,17,-6.8397,59.1603,,,
5,18,-6.7238,59.1603,,,
5,19,-6.6079,59.1603,,,
5,20,-6.4921,59.1603,,,
5,21,-6.3762,59.1603,,,
5,22,-6.2603,59.1603,,,
5,23,-6.1445,59.1603,,,
5,24,-6.0286,59.1603,,,
5,25,-5.9128,59.1603,,,
5,26,-5.7969,59.1603,,,
5,27,-5.6810,59.1603,,,
5,28,-5.5652,59.1603,,,
5,29,-5.4493,59.1603,,,
5,30,-5.3334,59.1603,,,
5,31,-5.2176,59.1603,,,
5,32,-5.1017,59.1603,,,
5,33,-4.9859,59.1603,,,
5,34,-4.8700,59.1603,,,
5,35,-4.7541,59.1603,,,
5,36,-4.6383,59.1603,,,
5,37,-4.5224,59.1603,,,
5,38,-4.4066,59.1603,,,
5,39,-4.2907,59.1603,,,
5,40,-4.1748,59.1603,,,
5,41,-4.0590,59.1603,,,
5,42,-3.9431,59.1603,,,
5,43,-3.8272,59.1603,,,
5,44,-3.7114,59.1603,,,
5,45,-3.5955,59.1603,,,
5,46,-3.4797,59.1603,,,
5,47,-3.3638,59.1603,,,
5,48,-3.2479,59.1603,,,
5,49,-3.1321,59.1603,,,
5,50,-3.0162,59.1603,Orkney,-2.0,11.7
5,51,-2.9003,59.1603,,,
5,52,-2.7845,59.1603,,,
5,53,-2.6686,59.1603,,,
5,54,-2.5528,59.1603,,,
5,55,-2.4369,59.1603,,,
5,56,-2.3210,59.1603,,,
5,57,-2.2052,59.1603,,,
5,58,-2.0893,59.1603,,,
5,59,-1.9734,59.1603,,,
5,60,-1.8576,59.1603,,,
5,61,-1.7417,59.1603,,,
5,62,-1.6259,59.1603,,,
5,63,-1.5100,59.1603,,,
5,64,-1.3941,59.1603,,,
5,65,-1.2783,59.1603,,,
5,66,-1.1624,59.1603,,,
5,67,-1.0466,59.1603,,,
5,68,-0.9307,59.1603,,,
5,69,-0.8148,59.1603,,,
5,70,-0.6990,59.1603,,,
5,71,-0.5831,59.1603,,,
5,72,-0.4672,59.1603,,,
5,73,-0.3514,59.1603,,,
5,74,-0.2355,59.1603,,,
5,75,-0.1197,59.1603,,,
5,76,-0.0038,59.1603,,,
5,77,0.1121,59.1603,,,
5,78,0.2279,59.1603,,,
5,79,0.3438,59.1603,,,
5,80,0.4597,59.1603,,,
5,81,0.5755,59.1603,,,
5,82,0.6914,59.1603,,,
5,83,0.8072,59.1603,,,
5,84,0.9231,59.1603,,,
5,85,1.0390,59.1603,,,
5,86,1.1548,59.1603,,,
5,87,1.2707,59.1603,,,
5,88,1.3865,59.1603,,,
5,89,1.5024,59.1603,,,
5,90,1.6183,59.1603,,,
5,91,1.7341,59.1603,,,
5,92,1.8500,59.1603,,,
5,93,1.9659,59.1603,,,
6,0,-8.8093,59.0932,,,
6,1,-8.6934,59.0932,,,
6,2,-8.5776,59.0932,,,
6,3,-8.4617,59.0932,,,
6,4,-8.3459,59.0932,,,
6,5,-8.2300,59.0932,,,
6,6,-8.1141,59.0932,,,
6,7,-7.9983,59.0932,,,
6,8,-7.8824,59.0932,,,
6,9,-7.7665,59.0932,,,
6,10,-7.6507,59.0932,,,
6,11,-7.5348,59.0932,,,
6,12,-7.4190,59.0932,,,
6,13,-7.3031,59.0932,,,
6,14,-7.1872,59.0932,,,
6,15,-7.0714,59.0932,,,
6,16,-6.9555,59.0932,,,
6,17,-6.8397,59.0932,,,
6,18,-6.7238,59.0932,,,
6,19,-6.6079,59.0932,,,
6,20,-6.4921,59.0932,,,
6,21,-6.3762,59.0932,,,
6,22,-6.2603,59.0932,,,
6,23,-6.1445,59.0932,,,
6,24,-6.0286,59.0932,,,
6,25,-5.9128,59.0932,,,
6,26,-5.7969,59.0932,,,
6,27,-5.6810,59.0932,,,
6,28,-5.5652,59.0932,,,
6,29,-5.4493,59.0932,,,
6,30,-5.3334,59.0932,,,
6,31,-5.2176,59.0932,,,
6,32,-5.1017,59.0932,,,
6,33,-4.9859,59.0932,,,
6,34,-4.8700,59.0932,,,
6,35,-4.7541,59.0932,,,
6,36,-4.6383,59.0932,,,
6,37,-4.5224,59.0932,,,
6,38,-4.4066,59.0932,,,
6,39,-4.2907,59.0932,,,
6,40,-4.1748,59.0932,,,
6,41,-4.0590,59.0932,,,
6,42,-3.9431,59.0932,,,
6,43,-3.8272,59.0932,,,
6,44,-3.7114,59.0932,,,
6,45,-3.5955,59.0932,,,
6,46,-3.4797,59.0932,,,
6,47,-3.3638,59.0932,,,
6,48,-3.2479,59.0932,Orkney,-2.0,11.7
6,49,-3.1321,59.0932,Orkney,-2.19,9.8
6,50,-3.0162,59.0932,,,
6,51,-2.9003,59.0932,,,
6,52,-2.7845,59.0932,,,
6,53,-2.6686,59.0932,,,
6,54,-2.5528,59.0932,,,
6,55,-2.4369,59.0932,,,
6,56,-2.3210,59.0932,,,
6,57,-2.2052,59.0932,,,
6,58,-2.0893,59.0932,,,
6,59,-1.9734,59.0932,,,
6,60,-1.8576,59.0932,,,
6,61,-1.7417,59.0932,,,
6,62,-1.6259,59.0932,,,
6,63,-1.5100,59.0932,,,
6,64,-1.3941,59.0932,,,
6,65,-1.2783,59.0932,,,
6,66,-1.1624,59.0932,,,
6,67,-1.0466,59.0932,,,
6,68,-0.9307,59.0932,,,
6,69,-0.8148,59.0932,,,
6,70,-0.6990,59.0932,,,
6,71,-0.5831,59.0932,,,
6,72,-0.4672,59.0932,,,
6,73,-0.3514,59.0932,,,
6,74,-0.2355,59.0932,,,
6,75,-0.1197,59.0932,,,
6,76,-0.0038,59.0932,,,
6,77,0.1121,59.0932,,,
6,78,0.2279,59.0932,,,
6,79,0.3438,59.0932,,,
6,80,0.4597,59.0932,,,
6,81,0.5755,59.0932,,,
6,82,0.6914,59.0932,,,
6,83,0.8072,59.0932,,,
6,84,0.9231,59.0932,,,
6,85,1.0390,59.0932,,,
6,86,1.1548,59.0932,,,
6,87,1.2707,59.0932,,,
6,88,1.3865,59.0932,,,
6,89,1.5024,59.0932,,,
6,90,1.6183,59.0932,,,
6,91,1.7341,59.0932,,,
6,92,1.8500,59.0932,,,
6,93,1.9659,59.0932,,,
7,0,-8.8093,59.0261,,,
7,1,-8.6934,59.0261,,,
7,2,-8.5776,59.0261,,,
7,3,-8.4617,59.0261,,,
7,4,-8.3459,59.0261,,,
7,5,-8.2300,59.0261,,,
7,6,-8.1141,59.0261,,,
7,7,-7.9983,59.0261,,,
7,8,-7.8824,59.0261,,,
7,9,-7.7665,59.0261,,,
7,10,-7.6507,59.0261,,,
7,11,-7.5348,59.0261,,,
7,12,-7.4190,59.0261,,,
7,13,-7.3031,59.0261,,,
7,14,-7.1872,59.0261,,,
7,15,-7.0714,59.0261,,,
7,16,-6.9555,59.0261,,,
7,17,-6.8397,59.0261,,,
7,18,-6.7238,59.0261,,,
7,19,-6.6079,59.0261,,,
7,20,-6.4921,59.0261,,,
7,21,-6.3762,59.0261,,,
7,22,-6.2603,59.0261,,,
7,23,-6.1445,59.0261,,,
7,24,-6.0286,59.0261,,,
7,25,-5.9128,59.0261,,,
7,26,-5.7969,59.0261,,,
7,27,-5.6810,59.0261,,,
7,28,-5.5652,59.0261,,,
7,29,-5.4493,59.0261,,,
7,30,-5.3334,59.0261,,,
7,31,-5.2176,59.0261,,,
7,32,-5.1017,59.0261,,,
7,33,-4.9859,59.0261,,,
7,34,-4.8700,59.0261,,,
7,35,-4.7541,59.0261,,,
7,36,-4.6383,59.0261,,,
7,37,-4.5224,59.0261,,,
7,38,-4.4066,59.0261,,,
7,39,-4.2907,59.0261,,,
7,40,-4.1748,59.0261,,,
7,41,-4.0590,59.0261,,,
7,42,-3.9431,59.0261,,,
7,43,-3.8272,59.0261,,,
7,44,-3.7114,59.0261,,,
7,45,-3.5955,59.0261,,,
7,46,-3.4797,59.0261,,,
7,47,-3.3638,59.0261,,,
7,48,-3.2479,59.0261,Orkney,-2.0,11.7
7,49,-3.1321,59.0261,Orkney,-2.0,11.7
7,50,-3.0162,59.0261,,,
7,51,-2.9003,59.0261,,,
7,52,-2.7845,59.0261,,,
7,53,-2.6686,59.0261,,,
7,54,-2.5528,59.0261,,,
7,55,-2.4369,59.0261,,,
7,56,-2.3210,59.0261,,,
7,57,-2.2052,59.0261,,,
7,58,-2.0893,59.0261,,,
7,59,-1.9734,59.0261,,,
7,60,-1.8576,59.0261,,,
7,61,-1.7417,59.0261,,,
7,62,-1.6259,59.0261,,,
7,63,-1.5100,59.0261,,,
7,64,-1.3941,59.0261,,,
7,65,-1.2783,59.0261,,,
7,66,-1.1624,59.0261,,,
7,67,-1.0466,59.0261,,,
7,68,-0.9307,59.0261,,,
7,69,-0.8148,59.0261,,,
7,70,-0.6990,59.0261,,,
7,71,-0.5831,59.0261,,,
7,72,-0.4672,59.0261,,,
7,73,-0.3514,59.0261,,,
7,74,-0.2355,59.0261,,,
7,75,-0.1197,59.0261,,,
7,76,-0.0038,59.0261,,,
7,77,0.1121,59.0261,,,
7,78,0.2279,59.0261,,,
7,79,0.3438,59.0261,,,
7,80,0.4597,59.0261,,,
7,81,0.5755,59.0261,,,
7,82,0.6914,59.0261,,,
7,83,0.8072,59.0261,,,
7,84,0.9231,59.0261,,,
7,85,1.0390,59.0261,,,
7,86,1.1548,59.0261,,,
7,87,1.2707,59.0261,,,
7,88,1.3865,59.0261,,,
7,89,1.5024,59.0261,,,
7,90,1.6183,59.0261,,,
7,91,1.7341,59.0261,,,
7,92,1.8500,59.0261,,,
7,93,1.9659,59.0261,,,
8,0,-8.8093,58.9591,,,
8,1,-8.6934,58.9591,,,
8,2,-8.5776,58.9591,,,
8,3,-8.4617,58.9591,,,
8,4,-8.3459,58.9591,,,
8,5,-8.2300,58.9591,,,
8,6,-8.1141,58.9591,,,
8,7,-7.9983,58.9591,,,
8,8,-7.8824,58.9591,,,
8,9,-7.7665,58.9591,,,
8,10,-7.6507,58.9591,,,
8,11,-7.5348,58.9591,,,
8,12,-7.4190,58.9591,,,
8,13,-7.3031,58.9591,,,
8,14,-7.1872,58.9591,,,
8,15,-7.0714,58.9591,,,
8,16,-6.9555,58.9591,,,
8,17,-6.8397,58.9591,,,
8,18,-6.7238,58.9591,,,
8,19,-6.6079,58.9591,,,
8,20,-6.4921,58.9591,,,
8,21,-6.3762,58.9591,,,
8,22,-6.2603,58.9591,,,
8,23,-6.1445,58.9591,,,
8,24,-6.0286,58.9591,,,
8,25,-5.9128,58.9591,,,
8,26,-5.7969,58.9591,,,
8,27,-5.6810,58.9591,,,
8,28,-5.5652,58.9591,,,
8,29,-5.4493,58.9591,,,
8,30,-5.3334,58.9591,,,
8,31,-5.2176,58.9591,,,
8,32,-5.1017,58.9591,,,
8,33,-4.9859,58.9591,,,
8,34,-4.8700,58.9591,,,
8,35,-4.7541,58.9591,,,
8,36,-4.6383,58.9591,,,
8,37,-4.5224,58.9591,,,
8,38,-4.4066,58.9591,,,
8,39,-4.2907,58.9591,,,
8,40,-4.1748,58.9591,,,
8,41,-4.0590,58.9591,,,
8,42,-3.9431,58.9591,,,
8,43,-3.8272,58.9591,,,
8,44,-3.7114,58.9591,,,
8,45,-3.5955,58.9591,,,
8,46,-3.4797,58.9591,,,
8,47,-3.3638,58.9591,,,
8,48,-3.2479,58.9591,Orkney,nan,nan
8,49,-3.1321,58.9591,Orkney,-2.0,11.7
8,50,-3.0162,58.9591,Orkney,-2.09,10.8
8,51,-2.9003,58.9591,Orkney,-1.81,13.5
8,52,-2.7845,58.9591,,,
8,53,-2.6686,58.9591,,,
8,54,-2.5528,58.9591,,,
8,55,-2.4369,58.9591,,,
8,56,-2.3210,58.9591,,,
8,57,-2.2052,58.9591,,,
8,58,-2.0893,58.9591,,,
8,59,-1.9734,58.9591,,,
8,60,-1.8576,58.9591,,,
8,61,-1.7417,58.9591,,,
8,62,-1.6259,58.9591,,,
8,63,-1.5100,58.9591,,,
8,64,-1.3941,58.9591,,,
8,65,-1.2783,58.9591,,,
8,66,-1.1624,58.9591,,,
8,67,-1.0466,58.9591,,,
8,68,-0.9307,58.9591,,,
8,69,-0.8148,58.9591,,,
8,70,-0.6990,58.9591,,,
8,71,-0.5831,58.9591,,,
8,72,-0.4672,58.9591,,,
8,73,-0.3514,58.9591,,,
8,74,-0.2355,58.9591,,,
8,75,-0.1197,58.9591,,,
8,76,-0.0038,58.9591,,,
8,77,0.1121,58.9591,,,
8,78,0.2279,58.9591,,,
8,79,0.3438,58.9591,,,
8,80,0.4597,58.9591,,,
8,81,0.5755,58.9591,,,
8,82,0.6914,58.9591,,,
8,83,0.8072,58.9591,,,
8,84,0.9231,58.9591,,,
8,85,1.0390,58.9591,,,
8,86,1.1548,58.9591,,,
8,87,1.2707,58.9591,,,
8,88,1.3865,58.9591,,,
8,89,1.5024,58.9591,,,
8,90,1.6183,58.9591,,,
8,91,1.7341,58.9591,,,
8,92,1.8500,58.9591,,,
8,93,1.9659,58.9591,,,
9,0,-8.8093,58.8920,,,
9,1,-8.6934,58.8920,,,
9,2,-8.5776,58.8920,,,
9,3,-8.4617,58.8920,,,
9,4,-8.3459,58.8920,,,
9,5,-8.2300,58.8920,,,
9,6,-8.1141,58.8920,,,
9,7,-7.9983,58.8920,,,
9,8,-7.8824,58.8920,,,
9,9,-7.7665,58.8920,,,
9,10,-7.6507,58.8920,,,
9,11,-7.5348,58.8920,,,
9,12,-7.4190,58.8920,,,
9,13,-7.3031,58.8920,,,
9,14,-7.1872,58.8920,,,
9,15,-7.0714,58.8920,,,
9,16,-6.9555,58.8920,,,
9,17,-6.8397,58.8920,,,
9,18,-6.7238,58.8920,,,
9,19,-6.6079,58.8920,,,
9,20,-6.4921,58.8920,,,
9,21,-6.3762,58.8920,,,
9,22,-6.2603,58.8920,,,
9,23,-6.1445,58.8920,,,
9,24,-6.0286,58.8920,,,
9,25,-5.9128,58.8920,,,
9,26,-5.7969,58.8920,,,
9,27,-5.6810,58.8920,,,
9,28,-5.5652,58.8920,,,
9,29,-5.4493,58.8920,,,
9,30,-5.3334,58.8920,,,
9,31,-5.2176,58.8920,,,
9,32,-5.1017,58.8920,,,
9,33,-4.9859,58.8920,,,
9,34,-4.8700,58.8920,,,
9,35,-4.7541,58.8920,,,
9,36,-4.6383,58.8920,,,
9,37,-4.5224,58.8920,,,
9,38,-4.4066,58.8920,,,
9,39,-4.2907,58.8920,,,
9,40,-4.1748,58.8920,,,
9,41,-4.0590,58.8920,,,
9,42,-3.9431,58.8920,,,
9,43,-3.8272,58.8920,,,
9,44,-3.7114,58.8920,,,
9,45,-3.5955,58.8920,,,
9,46,-3.4797,58.8920,,,
9,47,-3.3638,58.8920,Orkney,-2.0,11.7
9,48,-3.2479,58.8920,Orkney,nan,nan
9,49,-3.1321,58.8920,,,
9,50,-3.0162,58.8920,,,
9,51,-2.9003,58.8920,,,
9,52,-2.7845,58.8920,,,
9,53,-2.6686,58.8920,,,
9,54,-2.5528,58.8920,,,
9,55,-2.4369,58.8920,,,
9,56,-2.3210,58.8920,,,
9,57,-2.2052,58.8920,,,
9,58,-2.0893,58.8920,,,
9,59,-1.9734,58.8920,,,
9,60,-1.8576,58.8920,,,
9,61,-1.7417,58.8920,,,
9,62,-1.6259,58.8920,,,
9,63,-1.5100,58.8920,,,
9,64,-1.3941,58.8920,,,
9,65,-1.2783,58.8920,,,
9,66,-1.1624,58.8920,,,
9,67,-1.0466,58.8920,,,
9,68,-0.9307,58.8920,,,
9,69,-0.8148,58.8920,,,
9,70,-0.6990,58.8920,,,
9,71,-0.5831,58.8920,,,
9,72,-0.4672,58.8920,,,
9,73,-0.3514,58.8920,,,
9,74,-0.2355,58.8920,,,
9,75,-0.1197,58.8920,,,
9,76,-0.0038,58.8920,,,
9,77,0.1121,58.8920,,,
9,78,0.2279,58.8920,,,
9,79,0.3438,58.8920,,,
9,80,0.4597,58.8920,,,
9,81,0.5755,58.8920,,,
9,82,0.6914,58.8920,,,
9,83,0.8072,58.8920,,,
9,84,0.9231,58.8920,,,
9,85,1.0390,58.8920,,,
9,86,1.1548,58.8920,,,
9,87,1.2707,58.8920,,,
9,88,1.3865,58.8920,,,
9,89,1.5024,58.8920,,,
9,90,1.6183,58.8920,,,
9,91,1.7341,58.8920,,,
9,92,1.8500,58.8920,,,
9,93,1.9659,58.8920,,,
10,0,-8.8093,58.8249,,,
10,1,-8.6934,58.8249,,,
10,2,-8.5776,58.8249,,,
10,3,-8.4617,58.8249,,,
10,4,-8.3459,58.8249,,,
10,5,-8.2300,58.8249,,,
10,6,-8.1141,58.8249,,,
10,7,-7.9983,58.8249,,,
10,8,-7.8824,58.8249,,,
10,9,-7.7665,58.8249,,,
10,10,-7.6507,58.8249,,,
10,11,-7.5348,58.8249,,,
10,12,-7.4190,58.8249,,,
10,13,-7.3031,58.8249,,,
10,14,-7.1872,58.8249,,,
10,15,-7.0714,58.8249,,,
10,16,-6.9555,58.8249,,,
10,17,-6.8397,58.8249,,,
10,18,-6.7238,58.8249,,,
10,19,-6.6079,58.8249,,,
10,20,-6.4921,58.8249,,,
10,21,-6.3762,58.8249,,,
10,22,-6.2603,58.8249,,,
10,23,-6.1445,58.8249,,,
10,24,-6.0286,58.8249,,,
10,25,-5.9128,58.8249,,,
10,26,-5.7969,58.8249,,,
10,27,-5.6810,58.8249,,,
10,28,-5.5652,58.8249,,,
10,29,-5.4493,58.8249,,,
10,30,-5.3334,58.8249,,,
10,31,-5.2176,58.8249,,,
10,32,-5.1017,58.8249,,,
10,33,-4.9859,58.8249,,,
10,34,-4.8700,58.8249,,,
10,35,-4.7541,58.8249,,,
10,36,-4.6383,58.8249,,,
10,37,-4.5224,58.8249,,,
10,38,-4.4066,58.8249,,,
10,39,-4.2907,58.8249,,,
10,40,-4.1748,58.8249,,,
10,41,-4.0590,58.8249,,,
10,42,-3.9431,58.8249,,,
10,43,-3.8272,58.8249,,,
10,44,-3.7114,58.8249,,,
10,45,-3.5955,58.8249,,,
10,46,-3.4797,58.8249,,,
10,47,-3.3638,58.8249,,,
10,48,-3.2479,58.8249,Orkney,-2.0,11.7
10,49,-3.1321,58.8249,,,
10,50,-3.0162,58.8249,,,
10,51,-2.9003,58.8249,,,
10,52,-2.7845,58.8249,,,
10,53,-2.6686,58.8249,,,
10,54,-2.5528,58.8249,,,
10,55,-2.4369,58.8249,,,
10,56,-2.3210,58.8249,,,
10,57,-2.2052,58.8249,,,
10,58,-2.0893,58.8249,,,
10,59,-1.9734,58.8249,,,
10,60,-1.8576,58.8249,,,
10,61,-1.7417,58.8249,,,
10,62,-1.6259,58.8249,,,
10,63,-1.5100,58.8249,,,
10,64,-1.3941,58.8249,,,
10,65,-1.2783,58.8249,,,
10,66,-1.1624,58.8249,,,
10,67,-1.0466,58.8249,,,
10,68,-0.9307,58.8249,,,
10,69,-0.8148,58.8249,,,
10,70,-0.6990,58.8249,,,
10,71,-0.5831,58.8249,,,
10,72,-0.4672,58.8249,,,
10,73,-0.3514,58.8249,,,
10,74,-0.2355,58.8249,,,
10,75,-0.1197,58.8249,,,
10,76,-0.0038,58.8249,,,
10,77,0.1121,58.8249,,,
10,78,0.2279,58.8249,,,
10,79,0.3438,58.8249,,,
10,80,0.4597,58.8249,,,
10,81,0.5755,58.8249,,,
10,82,0.6914,58.8249,,,
10,83,0.8072,58.8249,,,
10,84,0.9231,58.8249,,,
10,85,1.0390,58.8249,,,
10,86,1.1548,58.8249,,,
10,87,1.2707,58.8249,,,
10,88,1.3865,58.8249,,,
10,89,1.5024,58.8249,,,
10,90,1.6183,58.8249,,,
10,91,1.7341,58.8249,,,
10,92,1.8500,58.8249,,,
10,93,1.9659,58.8249,,,
11,0,-8.8093,58.7579,,,
11,1,-8.6934,58.7579,,,
11,2,-8.5776,58.7579,,,
11,3,-8.4617,58.7579,,,
11,4,-8.3459,58.7579,,,
11,5,-8.2300,58.7579,,,
11,6,-8.1141,58.7579,,,
11,7,-7.9983,58.7579,,,
11,8,-7.8824,58.7579,,,
11,9,-7.7665,58.7579,,,
11,10,-7.6507,58.7579,,,
11,11,-7.5348,58.7579,,,
11,12,-7.4190,58.7579,,,
11,13,-7.3031,58.7579,,,
11,14,-7.1872,58.7579,,,
11,15,-7.0714,58.7579,,,
11,16,-6.9555,58.7579,,,
11,17,-6.8397,58.7579,,,
11,18,-6.7238,58.7579,,,
11,19,-6.6079,58.7579,,,
11,20,-6.4921,58.7579,,,
11,21,-6.3762,58.7579,,,
11,22,-6.2603,58.7579,,,
11,23,-6.1445,58.7579,,,
11,24,-6.0286,58.7579,,,
11,25,-5.9128,58.7579,,,
11,26,-5.7969,58.7579,,,
11,27,-5.6810,58.7579,,,
11,28,-5.5652,58.7579,,,
11,29,-5.4493,58.7579,,,
11,30,-5.3334,58.7579,,,
11,31,-5.2176,58.7579,,,
11,32,-5.1017,58.7579,,,
11,33,-4.9859,58.7579,,,
11,34,-4.8700,58.7579,,,
11,35,-4.7541,58.7579,,,
11,36,-4.6383,58.7579,,,
11,37,-4.5224,58.7579,,,
11,38,-4.4066,58.7579,,,
11,39,-4.2907,58.7579,,,
11,40,-4.1748,58.7579,,,
11,41,-4.0590,58.7579,,,
11,42,-3.9431,58.7579,,,
11,43,-3.8272,58.7579,,,
11,44,-3.7114,58.7579,,,
11,45,-3.5955,58.7579,,,
11,46,-3.4797,58.7579,,,
11,47,-3.3638,58.7579,,,
11,48,-3.2479,58.7579,,,
11,49,-3.1321,58.7579,,,
11,50,-3.0162,58.7579,,,
11,51,-2.9003,58.7579,,,
11,52,-2.7845,58.7579,,,
11,53,-2.6686,58.7579,,,
11,54,-2.5528,58.7579,,,
11,55,-2.4369,58.7579,,,
11,56,-2.3210,58.7579,,,
11,57,-2.2052,58.7579,,,
11,58,-2.0893,58.7579,,,
11,59,-1.9734,58.7579,,,
11,60,-1.8576,58.7579,,,
11,61,-1.7417,58.7579,,,
11,62,-1.6259,58.7579,,,
11,63,-1.5100,58.7579,,,
11,64,-1.3941,58.7579,,,
11,65,-1.2783,58.7579,,,
11,66,-1.1624,58.7579,,,
11,67,-1.0466,58.7579,,,
11,68,-0.9307,58.7579,,,
11,69,-0.8148,58.7579,,,
11,70,-0.6990,58.7579,,,
11,71,-0.5831,58.7579,,,
11,72,-0.4672,58.7579,,,
11,73,-0.3514,58.7579,,,
11,74,-0.2355,58.7579,,,
11,75,-0.1197,58.7579,,,
11,76,-0.0038,58.7579,,,
11,77,0.1121,58.7579,,,
11,78,0.2279,58.7579,,,
11,79,0.3438,58.7579,,,
11,80,0.4597,58.7579,,,
11,81,0.5755,58.7579,,,
11,82,0.6914,58.7579,,,
11,83,0.8072,58.7579,,,
11,84,0.9231,58.7579,,,
11,85,1.0390,58.7579,,,
11,86,1.1548,58.7579,,,
11,87,1.2707,58.7579,,,
11,88,1.3865,58.7579,,,
11,89,1.5024,58.7579,,,
11,90,1.6183,58.7579,,,
11,91,1.7341,58.7579,,,
11,92,1.8500,58.7579,,,
11,93,1.9659,58.7579,,,
12,0,-8.8093,58.6908,,,
12,1,-8.6934,58.6908,,,
12,2,-8.5776,58.6908,,,
12,3,-8.4617,58.6908,,,
12,4,-8.3459,58.6908,,,
12,5,-8.2300,58.6908,,,
12,6,-8.1141,58.6908,,,
12,7,-7.9983,58.6908,,,
12,8,-7.8824,58.6908,,,
12,9,-7.7665,58.6908,,,
12,10,-7.6507,58.6908,,,
12,11,-7.5348,58.6908,,,
12,12,-7.4190,58.6908,,,
12,13,-7.3031,58.6908,,,
12,14,-7.1872,58.6908,,,
12,15,-7.0714,58.6908,,,
12,16,-6.9555,58.6908,,,
12,17,-6.8397,58.6908,,,
12,18,-6.7238,58.6908,,,
12,19,-6.6079,58.6908,,,
12,20,-6.4921,58.6908,,,
12,21,-6.3762,58.6908,,,
12,22,-6.2603,58.6908,,,
12,23,-6.1445,58.6908,,,
12,24,-6.0286,58.6908,,,
12,25,-5.9128,58.6908,,,
12,26,-5.7969,58.6908,,,
12,27,-5.6810,58.6908,,,
12,28,-5.5652,58.6908,,,
12,29,-5.4493,58.6908,,,
12,30,-5.3334,58.6908,,,
12,31,-5.2176,58.6908,,,
12,32,-5.1017,58.6908,,,
12,33,-4.9859,58.6908,,,
12,34,-4.8700,58.6908,,,
12,35,-4.7541,58.6908,,,
12,36,-4.6383,58.6908,,,
12,37,-4.5224,58.6908,,,
12,38,-4.4066,58.6908,,,
12,39,-4.2907,58.6908,,,
12,40,-4.1748,58.6908,,,
12,41,-4.0590,58.6908,,,
12,42,-3.9431,58.6908,,,
12,43,-3.8272,58.6908,,,
12,44,-3.7114,58.6908,,,
12,45,-3.5955,58.6908,,,
12,46,-3.4797,58.6908,,,
12,47,-3.3638,58.6908,,,
12,48,-3.2479,58.6908,,,
12,49,-3.1321,58.6908,,,
12,50,-3.0162,58.6908,,,
12,51,-2.9003,58.6908,,,
12,52,-2.7845,58.6908,,,
12,53,-2.6686,58.6908,,,
12,54,-2.5528,58.6908,,,
12,55,-2.4369,58.6908,,,
12,56,-2.3210,58.6908,,,
12,57,-2.2052,58.6908,,,
12,58,-2.0893,58.6908,,,
12,59,-1.9734,58.6908,,,
12,60,-1.8576,58.6908,,,
12,61,-1.7417,58.6908,,,
12,62,-1.6259,58.6908,,,
12,63,-1.5100,58.6908,,,
12,64,-1.3941,58.6908,,,
12,65,-1.2783,58.6908,,,
12,66,-1.1624,58.6908,,,
12,67,-1.0466,58.6908,,,
12,68,-0.9307,58.6908,,,
12,69,-0.8148,58.6908,,,
12,70,-0.6990,58.6908,,,
12,71,-0.5831,58.6908,,,
12,72,-0.4672,58.6908,,,
12,73,-0.3514,58.6908,,,
12,74,-0.2355,58.6908,,,
12,75,-0.1197,58.6908,,,
12,76,-0.0038,58.6908,,,
12,77,0.1121,58.6908,,,
12,78,0.2279,58.6908,,,
12,79,0.3438,58.6908,,,
12,80,0.4597,58.6908,,,
12,81,0.5755,58.6908,,,
12,82,0.6914,58.6908,,,
12,83,0.8072,58.6908,,,
12,84,0.9231,58.6908,,,
12,85,1.0390,58.6908,,,
12,86,1.1548,58.6908,,,
12,87,1.2707,58.6908,,,
12,88,1.3865,58.6908,,,
12,89,1.5024,58.6908,,,
12,90,1.6183,58.6908,,,
12,91,1.7341,58.6908,,,
12,92,1.8500,58.6908,,,
12,93,1.9659,58.6908,,,
13,0,-8.8093,58.6237,,,
13,1,-8.6934,58.6237,,,
13,2,-8.5776,58.6237,,,
13,3,-8.4617,58.6237,,,
13,4,-8.3459,58.6237,,,
13,5,-8.2300,58.6237,,,
13,6,-8.1141,58.6237,,,
13,7,-7.9983,58.6237,,,
13,8,-7.8824,58.6237,,,
13,9,-7.7665,58.6237,,,
13,10,-7.6507,58.6237,,,
13,11,-7.5348,58.6237,,,
13,12,-7.4190,58.6237,,,
13,13,-7.3031,58.6237,,,
13,14,-7.1872,58.6237,,,
13,15,-7.0714,58.6237,,,
13,16,-6.9555,58.6237,,,
13,17,-6.8397,58.6237,,,
13,18,-6.7238,58.6237,,,
13,19,-6.6079,58.6237,,,
13,20,-6.4921,58.6237,,,
13,21,-6.3762,58.6237,,,
13,22,-6.2603,58.6237,,,
13,23,-6.1445,58.6237,,,
13,24,-6.0286,58.6237,,,
13,25,-5.9128,58.6237,,,
13,26,-5.7969,58.6237,,,
13,27,-5.6810,58.6237,,,
13,28,-5.5652,58.6237,,,
13,29,-5.4493,58.6237,,,
13,30,-5.3334,58.6237,,,
13,31,-5.2176,58.6237,,,
13,32,-5.1017,58.6237,,,
13,33,-4.9859,58.6237,,,
13,34,-4.8700,58.6237,,,
13,35,-4.7541,58.6237,,,
13,36,-4.6383,58.6237,,,
13,37,-4.5224,58.6237,,,
13,38,-4.4066,58.6237,,,
13,39,-4.2907,58.6237,,,
13,40,-4.1748,58.6237,,,
13,41,-4.0590,58.6237,,,
13,42,-3.9431,58.6237,,,
13,43,-3.8272,58.6237,,,
13,44,-3.7114,58.6237,,,
13,45,-3.5955,58.6237,,,
13,46,-3.4797,58.6237,,,
13,47,-3.3638,58.6237,,,
13,48,-3.2479,58.6237,Caithness,-1.86,13.1
13,49,-3.1321,58.6237,Caithness,-1.86,13.1
13,50,-3.0162,58.6237,,,
13,51,-2.9003,58.6237,,,
13,52,-2.7845,58.6237,,,
13,53,-2.6686,58.6237,,,
13,54,-2.5528,58.6237,,,
13,55,-2.4369,58.6237,,,
13,56,-2.3210,58.6237,,,
13,57,-2.2052,58.6237,,,
13,58,-2.0893,58.6237,,,
13,59,-1.9734,58.6237,,,
13,60,-1.8576,58.6237,,,
13,61,-1.7417,58.6237,,,
13,62,-1.6259,58.6237,,,
13,63,-1.5100,58.6237,,,
13,64,-1.3941,58.6237,,,
13,65,-1.2783,58.6237,,,
13,66,-1.1624,58.6237,,,
13,67,-1.0466,58.6237,,,
13,68,-0.9307,58.6237,,,
13,69,-0.8148,58.6237,,,
13,70,-0.6990,58.6237,,,
13,71,-0.5831,58.6237,,,
13,72,-0.4672,58.6237,,,
13,73,-0.3514,58.6237,,,
13,74,-0.2355,58.6237,,,
13,75,-0.1197,58.6237,,,
13,76,-0.0038,58.6237,,,
13,77,0.1121,58.6237,,,
13,78,0.2279,58.6237,,,
13,79,0.3438,58.6237,,,
13,80,0.4597,58.6237,,,
13,81,0.5755,58.6237,,,
13,82,0.6914,58.6237,,,
13,83,0.8072,58.6237,,,
13,84,0.9231,58.6237,,,
13,85,1.0390,58.6237,,,
13,86,1.1548,58.6237,,,
13,87,1.2707,58.6237,,,
13,88,1.3865,58.6237,,,
13,89,1.5024,58.6237,,,
13,90,1.6183,58.6237,,,
13,91,1.7341,58.6237,,,
13,92,1.8500,58.6237,,,
13,93,1.9659,58.6237,,,
14,0,-8.8093,58.5567,,,
14,1,-8.6934,58.5567,,,
14,2,-8.5776,58.5567,,,
14,3,-8.4617,58.5567,,,
14,4,-8.3459,58.5567,,,
14,5,-8.2300,58.5567,,,
14,6,-8.1141,58.5567,,,
14,7,-7.9983,58.5567,,,
14,8,-7.8824,58.5567,,,
14,9,-7.7665,58.5567,,,
14,10,-7.6507,58.5567,,,
14,11,-7.5348,58.5567,,,
14,12,-7.4190,58.5567,,,
14,13,-7.3031,58.5567,,,
14,14,-7.1872,58.5567,,,
14,15,-7.0714,58.5567,,,
14,16,-6.9555,58.5567,,,
14,17,-6.8397,58.5567,,,
14,18,-6.7238,58.5567,,,
14,19,-6.6079,58.5567,,,
14,20,-6.4921,58.5567,,,
14,21,-6.3762,58.5567,,,
14,22,-6.2603,58.5567,,,
14,23,-6.1445,58.5567,,,
14,24,-6.0286,58.5567,,,
14,25,-5.9128,58.5567,,,
14,26,-5.7969,58.5567,,,
14,27,-5.6810,58.5567,,,
14,28,-5.5652,58.5567,,,
14,29,-5.4493,58.5567,,,
14,30,-5.3334,58.5567,,,
14,31,-5.2176,58.5567,,,
14,32,-5.1017,58.5567,,,
14,33,-4.9859,58.5567,Sutherland,-1.35,18.1
14,34,-4.8700,58.5567,Sutherland,-1.72,14.4
14,35,-4.7541,58.5567,,,
14,36,-4.6383,58.5567,,,
14,37,-4.5224,58.5567,Sutherland,-1.67,14.9
14,38,-4.4066,58.5567,,,
14,39,-4.2907,58.5567,,,
14,40,-4.1748,58.5567,,,
14,41,-4.0590,58.5567,Sutherland,-1.35,18.1
14,42,-3.9431,58.5567,,,
14,43,-3.8272,58.5567,,,
14,44,-3.7114,58.5567,Caithness,-1.86,13.1
14,45,-3.5955,58.5567,Caithness,-1.86,13.1
14,46,-3.4797,58.5567,Caithness,-1.86,13.1
14,47,-3.3638,58.5567,Caithness,-1.86,13.1
14,48,-3.2479,58.5567,Caithness,-1.86,13.1
14,49,-3.1321,58.5567,Caithness,-1.86,13.1
14,50,-3.0162,58.5567,,,
14,51,-2.9003,58.5567,,,
14,52,-2.7845,58.5567,,,
14,53,-2.6686,58.5567,,,
14,54,-2.5528,58.5567,,,
14,55,-2.4369,58.5567,,,
14,56,-2.3210,58.5567,,,
14,57,-2.2052,58.5567,,,
14,58,-2.0893,58.5567,,,
14,59,-1.9734,58.5567,,,
14,60,-1.8576,58.5567,,,
14,61,-1.7417,58.5567,,,
14,62,-1.6259,58.5567,,,
14,63,-1.5100,58.5567,,,
14,64,-1.3941,58.5567,,,
14,65,-1.2783,58.5567,,,
14,66,-1.1624,58.5567,,,
14,67,-1.0466,58.5567,,,
14,68,-0.9307,58.5567,,,
14,69,-0.8148,58.5567,,,
14,70,-0.6990,58.5567,,,
14,71,-0.5831,58.5567,,,
14,72,-0.4672,58.5567,,,
14,73,-0.3514,58.5567,,,
14,74,-0.2355,58.5567,,,
14,75,-0.1197,58.5567,,,
14,76,-0.0038,58.5567,,,
14,77,0.1121,58.5567,,,
14,78,0.2279,58.5567,,,
14,79,0.3438,58.5567,,,
14,80,0.4597,58.5567,,,
14,81,0.5755,58.5567,,,
14,82,0.6914,58.5567,,,
14,83,0.8072,58.5567,,,
14,84,0.9231,58.5567,,,
14,85,1.0390,58.5567,,,
14,86,1.1548,58.5567,,,
14,87,1.2707,58.5567,,,
14,88,1.3865,58.5567,,,
14,89,1.5024,58.5567,,,
14,90,1.6183,58.5567,,,
14,91,1.7341,58.5567,,,
14,92,1.8500,58.5567,,,
14,93,1.9659,58.5567,,,
15,0,-8.8093,58.4896,,,
15,1,-8.6934,58.4896,,,
15,2,-8.5776,58.4896,,,
15,3,-8.4617,58.4896,,,
15,4,-8.3459,58.4896,,,
15,5,-8.2300,58.4896,,,
15,6,-8.1141,58.4896,,,
15,7,-7.9983,58.4896,,,
15,8,-7.8824,58.4896,,,
15,9,-7.7665,58.4896,,,
15,10,-7.6507,58.4896,,,
15,11,-7.5348,58.4896,,,
15,12,-7.4190,58.4896,,,
15,13,-7.3031,58.4896,,,
15,14,-7.1872,58.4896,,,
15,15,-7.0714,58.4896,,,
15,16,-6.9555,58.4896,,,
15,17,-6.8397,58.4896,,,
15,18,-6.7238,58.4896,,,
15,19,-6.6079,58.4896,,,
15,20,-6.4921,58.4896,,,
15,21,-6.3762,58.4896,,,
15,22,-6.2603,58.4896,,,
15,23,-6.1445,58.4896,,,
15,24,-6.0286,58.4896,,,
15,25,-5.9128,58.4896,,,
15,26,-5.7969,58.4896,,,
15,27,-5.6810,58.4896,,,
15,28,-5.5652,58.4896,,,
15,29,-5.4493,58.4896,,,
15,30,-5.3334,58.4896,,,
15,31,-5.2176,58.4896,,,
15,32,-5.1017,58.4896,,,
15,33,-4.9859,58.4896,Sutherland,-1.3,18.6
15,34,-4.8700,58.4896,Sutherland,-1.3,18.6
15,35,-4.7541,58.4896,Sutherland,-0.93,22.3
15,36,-4.6383,58.4896,Sutherland,-1.67,14.9
15,37,-4.5224,58.4896,Sutherland,-1.77,13.9
15,38,-4.4066,58.4896,Sutherland,-1.86,13.1
15,39,-4.2907,58.4896,Sutherland,-1.26,19.0
15,40,-4.1748,58.4896,Sutherland,-1.81,13.5
15,41,-4.0590,58.4896,Sutherland,-0.93,22.3
15,42,-3.9431,58.4896,Sutherland,-1.35,18.1
15,43,-3.8272,58.4896,Sutherland,-1.35,18.1
15,44,-3.7114,58.4896,Caithness,-1.86,13.1
15,45,-3.5955,58.4896,Caithness,-1.86,13.1
15,46,-3.4797,58.4896,Caithness,-1.86,13.1
15,47,-3.3638,58.4896,Caithness,-1.86,13.1
15,48,-3.2479,58.4896,Caithness,-2.0,11.7
15,49,-3.1321,58.4896,Caithness,-2.0,11.7
15,50,-3.0162,58.4896,,,
15,51,-2.9003,58.4896,,,
15,52,-2.7845,58.4896,,,
15,53,-2.6686,58.4896,,,
15,54,-2.5528,58.4896,,,
15,55,-2.4369,58.4896,,,
15,56,-2.3210,58.4896,,,
15,57,-2.2052,58.4896,,,
15,58,-2.0893,58.4896,,,
15,59,-1.9734,58.4896,,,
15,60,-1.8576,58.4896,,,
15,61,-1.7417,58.4896,,,
15,62,-1.6259,58.4896,,,
15,63,-1.5100,58.4896,,,
15,64,-1.3941,58.4896,,,
15,65,-1.2783,58.4896,,,
15,66,-1.1624,58.4896,,,
15,67,-1.0466,58.4896,,,
15,68,-0.9307,58.4896,,,
15,69,-0.8148,58.4896,,,
15,70,-0.6990,58.4896,,,
15,71,-0.5831,58.4896,,,
15,72,-0.4672,58.4896,,,
15,73,-0.3514,58.4896,,,
15,74,-0.2355,58.4896,,,
15,75,-0.1197,58.4896,,,
15,76,-0.0038,58.4896,,,
15,77,0.1121,58.4896,,,
15,78,0.2279,58.4896,,,
15,79,0.3438,58.4896,,,
15,80,0.4597,58.4896,,,
15,81,0.5755,58.4896,,,
15,82,0.6914,58.4896,,,
15,83,0.8072,58.4896,,,
15,84,0.9231,58.4896,,,
15,85,1.0390,58.4896,,,
15,86,1.1548,58.4896,,,
15,87,1.2707,58.4896,,,
15,88,1.3865,58.4896,,,
15,89,1.5024,58.4896,,,
15,90,1.6183,58.4896,,,
15,91,1.7341,58.4896,,,
15,92,1.8500,58.4896,,,
15,93,1.9659,58.4896,,,
16,0,-8.8093,58.4225,,,
16,1,-8.6934,58.4225,,,
16,2,-8.5776,58.4225,,,
16,3,-8.4617,58.4225,,,
16,4,-8.3459,58.4225,,,
16,5,-8.2300,58.4225,,,
16,6,-8.1141,58.4225,,,
16,7,-7.9983,58.4225,,,
16,8,-7.8824,58.4225,,,
16,9,-7.7665,58.4225,,,
16,10,-7.6507,58.4225,,,
16,11,-7.5348,58.4225,,,
16,12,-7.4190,58.4225,,,
16,13,-7.3031,58.4225,,,
16,14,-7.1872,58.4225,,,
16,15,-7.0714,58.4225,,,
16,16,-6.9555,58.4225,,,
16,17,-6.8397,58.4225,,,
16,18,-6.7238,58.4225,,,
16,19,-6.6079,58.4225,,,
16,20,-6.4921,58.4225,,,
16,21,-6.3762,58.4225,Ross-shire,nan,nan
16,22,-6.2603,58.4225,Ross-shire,nan,nan
16,23,-6.1445,58.4225,,,
16,24,-6.0286,58.4225,,,
16,25,-5.9128,58.4225,,,
16,26,-5.7969,58.4225,,,
16,27,-5.6810,58.4225,,,
16,28,-5.5652,58.4225,,,
16,29,-5.4493,58.4225,,,
16,30,-5.3334,58.4225,,,
16,31,-5.2176,58.4225,,,
16,32,-5.1017,58.4225,,,
16,33,-4.9859,58.4225,Sutherland,-1.26,19.0
16,34,-4.8700,58.4225,Sutherland,-1.3,18.6
16,35,-4.7541,58.4225,Sutherland,-1.3,18.6
16,36,-4.6383,58.4225,Sutherland,-1.35,18.1
16,37,-4.5224,58.4225,Sutherland,-2.19,9.8
16,38,-4.4066,58.4225,Sutherland,-1.67,14.9
16,39,-4.2907,58.4225,Sutherland,-1.44,17.2
16,40,-4.1748,58.4225,Sutherland,-0.98,21.8
16,41,-4.0590,58.4225,Sutherland,-0.93,22.3
16,42,-3.9431,58.4225,Sutherland,-1.35,18.1
16,43,-3.8272,58.4225,Sutherland,-1.35,18.1
16,44,-3.7114,58.4225,Caithness,-2.0,11.7
16,45,-3.5955,58.4225,Caithness,-1.86,13.1
16,46,-3.4797,58.4225,Caithness,-1.86,13.1
16,47,-3.3638,58.4225,Caithness,-1.86,13.1
16,48,-3.2479,58.4225,Caithness,-2.0,11.7
16,49,-3.1321,58.4225,Caithness,-2.09,10.8
16,50,-3.0162,58.4225,,,
16,51,-2.9003,58.4225,,,
16,52,-2.7845,58.4225,,,
16,53,-2.6686,58.4225,,,
16,54,-2.5528,58.4225,,,
16,55,-2.4369,58.4225,,,
16,56,-2.3210,58.4225,,,
16,57,-2.2052,58.4225,,,
16,58,-2.0893,58.4225,,,
16,59,-1.9734,58.4225,,,
16,60,-1.8576,58.4225,,,
16,61,-1.7417,58.4225,,,
16,62,-1.6259,58.4225,,,
16,63,-1.5100,58.4225,,,
16,64,-1.3941,58.4225,,,
16,65,-1.2783,58.4225,,,
16,66,-1.1624,58.4225,,,
16,67,-1.0466,58.4225,,,
16,68,-0.9307,58.4225,,,
16,69,-0.8148,58.4225,,,
16,70,-0.6990,58.4225,,,
16,71,-0.5831,58.4225,,,
16,72,-0.4672,58.4225,,,
16,73,-0.3514,58.4225,,,
16,74,-0.2355,58.4225,,,
16,75,-0.1197,58.4225,,,
16,76,-0.0038,58.4225,,,
16,77,0.1121,58.4225,,,
16,78,0.2279,58.4225,,,
16,79,0.3438,58.4225,,,
16,80,0.4597,58.4225,,,
16,81,0.5755,58.4225,,,
16,82,0.6914,58.4225,,,
16,83,0.8072,58.4225,,,
16,84,0.9231,58.4225,,,
16,85,1.0390,58.4225,,,
16,86,1.1548,58.4225,,,
16,87,1.2707,58.4225,,,
16,88,1.3865,58.4225,,,
16,89,1.5024,58.4225,,,
16,90,1.6183,58.4225,,,
16,91,1.7341,58.4225,,,
16,92,1.8500,58.4225,,,
16,93,1.9659,58.4225,,,
17,0,-8.8093,58.3555,,,
17,1,-8.6934,58.3555,,,
17,2,-8.5776,58.3555,,,
17,3,-8.4617,58.3555,,,
17,4,-8.3459,58.3555,,,
17,5,-8.2300,58.3555,,,
17,6,-8.1141,58.3555,,,
17,7,-7.9983,58.3555,,,
17,8,-7.8824,58.3555,,,
17,9,-7.7665,58.3555,,,
17,10,-7.6507,58.3555,,,
17,11,-7.5348,58.3555,,,
17,12,-7.4190,58.3555,,,
17,13,-7.3031,58.3555,,,
17,14,-7.1872,58.3555,,,
17,15,-7.0714,58.3555,,,
17,16,-6.9555,58.3555,,,
17,17,-6.8397,58.3555,,,
17,18,-6.7238,58.3555,,,
17,19,-6.6079,58.3555,,,
17,20,-6.4921,58.3555,Ross-shire,nan,nan
17,21,-6.3762,58.3555,Ross-shire,nan,nan
17,22,-6.2603,58.3555,Ross-shire,nan,nan
17,23,-6.1445,58.3555,,,
17,24,-6.0286,58.3555,,,
17,25,-5.9128,58.3555,,,
17,26,-5.7969,58.3555,,,
17,27,-5.6810,58.3555,,,
17,28,-5.5652,58.3555,,,
17,29,-5.4493,58.3555,,,
17,30,-5.3334,58.3555,,,
17,31,-5.2176,58.3555,,,
17,32,-5.1017,58.3555,Sutherland,-1.3,18.6
17,33,-4.9859,58.3555,Sutherland,-1.3,18.6
17,34,-4.8700,58.3555,Sutherland,-0.98,21.8
17,35,-4.7541,58.3555,Sutherland,-1.67,14.9
17,36,-4.6383,58.3555,Sutherland,-1.81,13.5
17,37,-4.5224,58.3555,Sutherland,-1.77,13.9
17,38,-4.4066,58.3555,Sutherland,-1.67,14.9
17,39,-4.2907,58.3555,Sutherland,-1.16,20.0
17,40,-4.1748,58.3555,Sutherland,-1.35,18.1
17,41,-4.0590,58.3555,Sutherland,-1.35,18.1
17,42,-3.9431,58.3555,Sutherland,-1.35,18.1
17,43,-3.8272,58.3555,Sutherland,-2.09,10.8
17,44,-3.7114,58.3555,Caithness,-2.0,11.7
17,45,-3.5955,58.3555,Caithness,-2.0,11.7
17,46,-3.4797,58.3555,Caithness,-2.0,11.7
17,47,-3.3638,58.3555,Caithness,-2.0,11.7
17,48,-3.2479,58.3555,Caithness,-2.0,11.7
17,49,-3.1321,58.3555,Caithness,nan,nan
17,50,-3.0162,58.3555,,,
17,51,-2.9003,58.3555,,,
17,52,-2.7845,58.3555,,,
17,53,-2.6686,58.3555,,,
17,54,-2.5528,58.3555,,,
17,55,-2.4369,58.3555,,,
17,56,-2.3210,58.3555,,,
17,57,-2.2052,58.3555,,,
17,58,-2.0893,58.3555,,,
17,59,-1.9734,58.3555,,,
17,60,-1.8576,58.3555,,,
17,61,-1.7417,58.3555,,,
17,62,-1.6259,58.3555,,,
17,63,-1.5100,58.3555,,,
17,64,-1.3941,58.3555,,,
17,65,-1.2783,58.3555,,,
17,66,-1.1624,58.3555,,,
17,67,-1.0466,58.3555,,,
17,68,-0.9307,58.3555,,,
17,69,-0.8148,58.3555,,,
17,70,-0.6990,58.3555,,,
17,71,-0.5831,58.3555,,,
17,72,-0.4672,58.3555,,,
17,73,-0.3514,58.3555,,,
17,74,-0.2355,58.3555,,,
17,75,-0.1197,58.3555,,,
17,76,-0.0038,58.3555,,,
17,77,0.1121,58.3555,,,
17,78,0.2279,58.3555,,,
17,79,0.3438,58.3555,,,
17,80,0.4597,58.3555,,,
17,81,0.5755,58.3555,,,
17,82,0.6914,58.3555,,,
17,83,0.8072,58.3555,,,
17,84,0.9231,58.3555,,,
17,85,1.0390,58.3555,,,
17,86,1.1548,58.3555,,,
17,87,1.2707,58.3555,,,
17,88,1.3865,58.3555,,,
17,89,1.5024,58.3555,,,
17,90,1.6183,58.3555,,,
17,91,1.7341,58.3555,,,
17,92,1.8500,58.3555,,,
17,93,1.9659,58.3555,,,
18,0,-8.8093,58.2884,,,
18,1,-8.6934,58.2884,,,
18,2,-8.5776,58.2884,,,
18,3,-8.4617,58.2884,,,
18,4,-8.3459,58.2884,,,
18,5,-8.2300,58.2884,,,
18,6,-8.1141,58.2884,,,
18,7,-7.9983,58.2884,,,
18,8,-7.8824,58.2884,,,
18,9,-7.7665,58.2884,,,
18,10,-7.6507,58.2884,,,
18,11,-7.5348,58.2884,,,
18,12,-7.4190,58.2884,,,
18,13,-7.3031,58.2884,,,
18,14,-7.1872,58.2884,,,
18,15,-7.0714,58.2884,,,
18,16,-6.9555,58.2884,,,
18,17,-6.8397,58.2884,,,
18,18,-6.7238,58.2884,Ross-shire,nan,nan
18,19,-6.6079,58.2884,Ross-shire,nan,nan
18,20,-6.4921,58.2884,Ross-shire,nan,nan
18,21,-6.3762,58.2884,Ross-shire,nan,nan
18,22,-6.2603,58.2884,Ross-shire,nan,nan
18,23,-6.1445,58.2884,,,
18,24,-6.0286,58.2884,,,
18,25,-5.9128,58.2884,,,
18,26,-5.7969,58.2884,,,
18,27,-5.6810,58.2884,,,
18,28,-5.5652,58.2884,,,
18,29,-5.4493,58.2884,,,
18,30,-5.3334,58.2884,,,
18,31,-5.2176,58.2884,,,
18,32,-5.1017,58.2884,Sutherland,-1.67,14.9
18,33,-4.9859,58.2884,Sutherland,-0.98,21.8
18,34,-4.8700,58.2884,Sutherland,-0.98,21.8
18,35,-4.7541,58.2884,Sutherland,-1.67,14.9
18,36,-4.6383,58.2884,Sutherland,-1.67,14.9
18,37,-4.5224,58.2884,Sutherland,-1.86,13.1
18,38,-4.4066,58.2884,Sutherland,-1.67,14.9
18,39,-4.2907,58.2884,Sutherland,-0.93,22.3
18,40,-4.1748,58.2884,Sutherland,-1.16,20.0
18,41,-4.0590,58.2884,Sutherland,-1.44,17.2
18,42,-3.9431,58.2884,Sutherland,-1.86,13.1
18,43,-3.8272,58.2884,Sutherland,-2.0,11.7
18,44,-3.7114,58.2884,Caithness,-2.0,11.7
18,45,-3.5955,58.2884,Caithness,-2.0,11.7
18,46,-3.4797,58.2884,Caithness,-2.0,11.7
18,47,-3.3638,58.2884,Caithness,-2.0,11.7
18,48,-3.2479,58.2884,,,
18,49,-3.1321,58.2884,,,
18,50,-3.0162,58.2884,,,
18,51,-2.9003,58.2884,,,
18,52,-2.7845,58.2884,,,
18,53,-2.6686,58.2884,,,
18,54,-2.5528,58.2884,,,
18,55,-2.4369,58.2884,,,
18,56,-2.3210,58.2884,,,
18,57,-2.2052,58.2884,,,
18,58,-2.0893,58.2884,,,
18,59,-1.9734,58.2884,,,
18,60,-1.8576,58.2884,,,
18,61,-1.7417,58.2884,,,
18,62,-1.6259,58.2884,,,
18,63,-1.5100,58.2884,,,
18,64,-1.3941,58.2884,,,
18,65,-1.2783,58.2884,,,
18,66,-1.1624,58.2884,,,
18,67,-1.0466,58.2884,,,
18,68,-0.9307,58.2884,,,
18,69,-0.8148,58.2884,,,
18,70,-0.6990,58.2884,,,
18,71,-0.5831,58.2884,,,
18,72,-0.4672,58.2884,,,
18,73,-0.3514,58.2884,,,
18,74,-0.2355,58.2884,,,
18,75,-0.1197,58.2884,,,
18,76,-0.0038,58.2884,,,
18,77,0.1121,58.2884,,,
18,78,0.2279,58.2884,,,
18,79,0.3438,58.2884,,,
18,80,0.4597,58.2884,,,
18,81,0.5755,58.2884,,,
18,82,0.6914,58.2884,,,
18,83,0.8072,58.2884,,,
18,84,0.9231,58.2884,,,
18,85,1.0390,58.2884,,,
18,86,1.1548,58.2884,,,
18,87,1.2707,58.2884,,,
18,88,1.3865,58.2884,,,
18,89,1.5024,58.2884,,,
18,90,1.6183,58.2884,,,
18,91,1.7341,58.2884,,,
18,92,1.8500,58.2884,,,
18,93,1.9659,58.2884,,,
19,0,-8.8093,58.2213,,,
19,1,-8.6934,58.2213,,,
19,2,-8.5776,58.2213,,,
19,3,-8.4617,58.2213,,,
19,4,-8.3459,58.2213,,,
19,5,-8.2300,58.2213,,,
19,6,-8.1141,58.2213,,,
19,7,-7.9983,58.2213,,,
19,8,-7.8824,58.2213,,,
19,9,-7.7665,58.2213,,,
19,10,-7.6507,58.2213,,,
19,11,-7.5348,58.2213,,,
19,12,-7.4190,58.2213,,,
19,13,-7.3031,58.2213,,,
19,14,-7.1872,58.2213,,,
19,15,-7.0714,58.2213,,,
19,16,-6.9555,58.2213,,,
19,17,-6.8397,58.2213,,,
19,18,-6.7238,58.2213,Ross-shire,nan,nan
19,19,-6.6079,58.2213,Ross-shire,nan,nan
19,20,-6.4921,58.2213,Ross-shire,nan,nan
19,21,-6.3762,58.2213,Ross-shire,nan,nan
19,22,-6.2603,58.2213,,,
19,23,-6.1445,58.2213,,,
19,24,-6.0286,58.2213,,,
19,25,-5.9128,58.2213,,,
19,26,-5.7969,58.2213,,,
19,27,-5.6810,58.2213,,,
19,28,-5.5652,58.2213,,,
19,29,-5.4493,58.2213,,,
19,30,-5.3334,58.2213,Sutherland,-2.09,10.8
19,31,-5.2176,58.2213,Sutherland,-2.09,10.8
19,32,-5.1017,58.2213,Sutherland,-1.86,13.1
19,33,-4.9859,58.2213,Sutherland,-1.67,14.9
19,34,-4.8700,58.2213,Sutherland,-1.86,13.1
19,35,-4.7541,58.2213,Sutherland,-2.42,7.5
19,36,-4.6383,58.2213,Sutherland,-1.67,14.9
19,37,-4.5224,58.2213,Sutherland,-1.67,14.9
19,38,-4.4066,58.2213,Sutherland,-2.09,10.8
19,39,-4.2907,58.2213,Sutherland,-1.35,18.1
19,40,-4.1748,58.2213,Sutherland,-2.0,11.7
19,41,-4.0590,58.2213,Sutherland,-2.0,11.7
19,42,-3.9431,58.2213,Sutherland,-2.09,10.8
19,43,-3.8272,58.2213,Sutherland,-2.05,11.2
19,44,-3.7114,58.2213,Caithness,-2.09,10.8
19,45,-3.5955,58.2213,Caithness,-2.09,10.8
19,46,-3.4797,58.2213,Caithness,-2.09,10.8
19,47,-3.3638,58.2213,,,
19,48,-3.2479,58.2213,,,
19,49,-3.1321,58.2213,,,
19,50,-3.0162,58.2213,,,
19,51,-2.9003,58.2213,,,
19,52,-2.7845,58.2213,,,
19,53,-2.6686,58.2213,,,
19,54,-2.5528,58.2213,,,
19,55,-2.4369,58.2213,,,
19,56,-2.3210,58.2213,,,
19,57,-2.2052,58.2213,,,
19,58,-2.0893,58.2213,,,
19,59,-1.9734,58.2213,,,
19,60,-1.8576,58.2213,,,
19,61,-1.7417,58.2213,,,
19,62,-1.6259,58.2213,,,
19,63,-1.5100,58.2213,,,
19,64,-1.3941,58.2213,,,
19,65,-1.2783,58.2213,,,
19,66,-1.1624,58.2213,,,
19,67,-1.0466,58.2213,,,
19,68,-0.9307,58.2213,,,
19,69,-0.8148,58.2213,,,
19,70,-0.6990,58.2213,,,
19,71,-0.5831,58.2213,,,
19,72,-0.4672,58.2213,,,
19,73,-0.3514,58.2213,,,
19,74,-0.2355,58.2213,,,
19,75,-0.1197,58.2213,,,
19,76,-0.0038,58.2213,,,
19,77,0.1121,58.2213,,,
19,78,0.2279,58.2213,,,
19,79,0.3438,58.2213,,,
19,80,0.4597,58.2213,,,
19,81,0.5755,58.2213,,,
19,82,0.6914,58.2213,,,
19,83,0.8072,58.2213,,,
19,84,0.9231,58.2213,,,
19,85,1.0390,58.2213,,,
19,86,1.1548,58.2213,,,
19,87,1.2707,58.2213,,,
19,88,1.3865,58.2213,,,
19,89,1.5024,58.2213,,,
19,90,1.6183,58.2213,,,
19,91,1.7341,58.2213,,,
19,92,1.8500,58.2213,,,
19,93,1.9659,58.2213,,,
20,0,-8.8093,58.1543,,,
20,1,-8.6934,58.1543,,,
20,2,-8.5776,58.1543,,,
20,3,-8.4617,58.1543,,,
20,4,-8.3459,58.1543,,,
20,5,-8.2300,58.1543,,,
20,6,-8.1141,58.1543,,,
20,7,-7.9983,58.1543,,,
20,8,-7.8824,58.1543,,,
20,9,-7.7665,58.1543,,,
20,10,-7.6507,58.1543,,,
20,11,-7.5348,58.1543,,,
20,12,-7.4190,58.1543,,,
20,13,-7.3031,58.1543,,,
20,14,-7.1872,58.1543,,,
20,15,-7.0714,58.1543,,,
20,16,-6.9555,58.1543,Ross-shire,nan,nan
20,17,-6.8397,58.1543,Ross-shire,nan,nan
20,18,-6.7238,58.1543,Ross-shire,nan,nan
20,19,-6.6079,58.1543,Ross-shire,nan,nan
20,20,-6.4921,58.1543,Ross-shire,nan,nan
20,21,-6.3762,58.1543,Ross-shire,nan,nan
20,22,-6.2603,58.1543,,,
20,23,-6.1445,58.1543,,,
20,24,-6.0286,58.1543,,,
20,25,-5.9128,58.1543,,,
20,26,-5.7969,58.1543,,,
20,27,-5.6810,58.1543,,,
20,28,-5.5652,58.1543,,,
20,29,-5.4493,58.1543,,,
20,30,-5.3334,58.1543,,,
20,31,-5.2176,58.1543,Sutherland,-2.09,10.8
20,32,-5.1017,58.1543,Sutherland,-2.09,10.8
20,33,-4.9859,58.1543,Sutherland,-2.0,11.7
20,34,-4.8700,58.1543,Sutherland,-1.86,13.1
20,35,-4.7541,58.1543,Sutherland,-2.42,7.5
20,36,-4.6383,58.1543,Sutherland,-2.42,7.5
20,37,-4.5224,58.1543,Sutherland,-1.86,13.1
20,38,-4.4066,58.1543,Sutherland,-1.86,13.1
20,39,-4.2907,58.1543,Sutherland,-2.05,11.2
20,40,-4.1748,58.1543,Sutherland,-2.09,10.8
20,41,-4.0590,58.1543,Sutherland,-2.19,9.8
20,42,-3.9431,58.1543,Sutherland,-2.37,8.0
20,43,-3.8272,58.1543,Sutherland,-2.19,9.8
20,44,-3.7114,58.1543,Sutherland,-2.09,10.8
20,45,-3.5955,58.1543,Caithness,-2.09,10.8
20,46,-3.4797,58.1543,,,
20,47,-3.3638,58.1543,,,
20,48,-3.2479,58.1543,,,
20,49,-3.1321,58.1543,,,
20,50,-3.0162,58.1543,,,
20,51,-2.9003,58.1543,,,
20,52,-2.7845,58.1543,,,
20,53,-2.6686,58.1543,,,
20,54,-2.5528,58.1543,,,
20,55,-2.4369,58.1543,,,
20,56,-2.3210,58.1543,,,
20,57,-2.2052,58.1543,,,
20,58,-2.0893,58.1543,,,
20,59,-1.9734,58.1543,,,
20,60,-1.8576,58.1543,,,
20,61,-1.7417,58.1543,,,
20,62,-1.6259,58.1543,,,
20,63,-1.5100,58.1543,,,
20,64,-1.3941,58.1543,,,
20,65,-1.2783,58.1543,,,
20,66,-1.1624,58.1543,,,
20,67,-1.0466,58.1543,,,
20,68,-0.9307,58.1543,,,
20,69,-0.8148,58.1543,,,
20,70,-0.6990,58.1543,,,
20,71,-0.5831,58.1543,,,
20,72,-0.4672,58.1543,,,
20,73,-0.3514,58.1543,,,
20,74,-0.2355,58.1543,,,
20,75,-0.1197,58.1543,,,
20,76,-0.0038,58.1543,,,
20,77,0.1121,58.1543,,,
20,78,0.2279,58.1543,,,
20,79,0.3438,58.1543,,,
20,80,0.4597,58.1543,,,
20,81,0.5755,58.1543,,,
20,82,0.6914,58.1543,,,
20,83,0.8072,58.1543,,,
20,84,0.9231,58.1543,,,
20,85,1.0390,58.1543,,,
20,86,1.1548,58.1543,,,
20,87,1.2707,58.1543,,,
20,88,1.3865,58.1543,,,
20,89,1.5024,58.1543,,,
20,90,1.6183,58.1543,,,
20,91,1.7341,58.1543,,,
20,92,1.8500,58.1543,,,
20,93,1.9659,58.1543,,,
21,0,-8.8093,58.0872,,,
21,1,-8.6934,58.0872,,,
21,2,-8.5776,58.0872,,,
21,3,-8.4617,58.0872,,,
21,4,-8.3459,58.0872,,,
21,5,-8.2300,58.0872,,,
21,6,-8.1141,58.0872,,,
21,7,-7.9983,58.0872,,,
21,8,-7.8824,58.0872,,,
21,9,-7.7665,58.0872,,,
21,10,-7.6507,58.0872,,,
21,11,-7.5348,58.0872,,,
21,12,-7.4190,58.0872,,,
21,13,-7.3031,58.0872,,,
21,14,-7.1872,58.0872,,,
21,15,-7.0714,58.0872,Ross-shire,nan,nan
21,16,-6.9555,58.0872,Ross-shire,nan,nan
21,17,-6.8397,58.0872,Ross-shire,nan,nan
21,18,-6.7238,58.0872,Ross-shire,nan,nan
21,19,-6.6079,58.0872,Ross-shire,nan,nan
21,20,-6.4921,58.0872,Ross-shire,nan,nan
21,21,-6.3762,58.0872,,,
21,22,-6.2603,58.0872,,,
21,23,-6.1445,58.0872,,,
21,24,-6.0286,58.0872,,,
21,25,-5.9128,58.0872,,,
21,26,-5.7969,58.0872,,,
21,27,-5.6810,58.0872,,,
21,28,-5.5652,58.0872,,,
21,29,-5.4493,58.0872,,,
21,30,-5.3334,58.0872,,,
21,31,-5.2176,58.0872,Cromartyshire,-2.09,10.8
21,32,-5.1017,58.0872,Sutherland,-1.86,13.1
21,33,-4.9859,58.0872,Sutherland,-1.86,13.1
21,34,-4.8700,58.0872,Sutherland,-1.86,13.1
21,35,-4.7541,58.0872,Sutherland,-1.86,13.1
21,36,-4.6383,58.0872,Sutherland,-1.86,13.1
21,37,-4.5224,58.0872,Sutherland,-1.86,13.1
21,38,-4.4066,58.0872,Sutherland,-2.09,10.8
21,39,-4.2907,58.0872,Sutherland,-1.86,13.1
21,40,-4.1748,58.0872,Sutherland,-2.05,11.2
21,41,-4.0590,58.0872,Sutherland,-2.19,9.8
21,42,-3.9431,58.0872,Sutherland,-2.19,9.8
21,43,-3.8272,58.0872,Sutherland,-2.19,9.8
21,44,-3.7114,58.0872,Sutherland,-2.19,9.8
21,45,-3.5955,58.0872,,,
21,46,-3.4797,58.0872,,,
21,47,-3.3638,58.0872,,,
21,48,-3.2479,58.0872,,,
21,49,-3.1321,58.0872,,,
21,50,-3.0162,58.0872,,,
21,51,-2.9003,58.0872,,,
21,52,-2.7845,58.0872,,,
21,53,-2.6686,58.0872,,,
21,54,-2.5528,58.0872,,,
21,55,-2.4369,58.0872,,,
21,56,-2.3210,58.0872,,,
21,57,-2.2052,58.0872,,,
21,58,-2.0893,58.0872,,,
21,59,-1.9734,58.0872,,,
21,60,-1.8576,58.0872,,,
21,61,-1.7417,58.0872,,,
21,62,-1.6259,58.0872,,,
21,63,-1.5100,58.0872,,,
21,64,-1.3941,58.0872,,,
21,65,-1.2783,58.0872,,,
21,66,-1.1624,58.0872,,,
21,67,-1.0466,58.0872,,,
21,68,-0.9307,58.0872,,,
21,69,-0.8148,58.0872,,,
21,70,-0.6990,58.0872,,,
21,71,-0.5831,58.0872,,,
21,72,-0.4672,58.0872,,,
21,73,-0.3514,58.0872,,,
21,74,-0.2355,58.0872,,,
21,75,-0.1197,58.0872,,,
21,76,-0.0038,58.0872,,,
21,77,0.1121,58.0872,,,
21,78,0.2279,58.0872,,,
21,79,0.3438,58.0872,,,
21,80,0.4597,58.0872,,,
21,81,0.5755,58.0872,,,
21,82,0.6914,58.0872,,,
21,83,0.8072,58.0872,,,
21,84,0.9231,58.0872,,,
21,85,1.0390,58.0872,,,
21,86,1.1548,58.0872,,,
21,87,1.2707,58.0872,,,
21,88,1.3865,58.0872,,,
21,89,1.5024,58.0872,,,
21,90,1.6183,58.0872,,,
21,91,1.7341,58.0872,,,
21,92,1.8500,58.0872,,,
21,93,1.9659,58.0872,,,
22,0,-8.8093,58.0201,,,
22,1,-8.6934,58.0201,,,
22,2,-8.5776,58.0201,,,
22,3,-8.4617,58.0201,,,
22,4,-8.3459,58.0201,,,
22,5,-8.2300,58.0201,,,
22,6,-8.1141,58.0201,,,
22,7,-7.9983,58.0201,,,
22,8,-7.8824,58.0201,,,
22,9,-7.7665,58.0201,,,
22,10,-7.6507,58.0201,,,
22,11,-7.5348,58.0201,,,
22,12,-7.4190,58.0201,,,
22,13,-7.3031,58.0201,,,
22,14,-7.1872,58.0201,,,
22,15,-7.0714,58.0201,,,
22,16,-6.9555,58.0201,Inverness-shire,nan,nan
22,17,-6.8397,58.0201,Ross-shire,nan,nan
22,18,-6.7238,58.0201,Ross-shire,nan,nan
22,19,-6.6079,58.0201,Ross-shire,nan,nan
22,20,-6.4921,58.0201,Ross-shire,nan,nan
22,21,-6.3762,58.0201,Ross-shire,nan,nan
22,22,-6.2603,58.0201,,,
22,23,-6.1445,58.0201,,,
22,24,-6.0286,58.0201,,,
22,25,-5.9128,58.0201,,,
22,26,-5.7969,58.0201,,,
22,27,-5.6810,58.0201,,,
22,28,-5.5652,58.0201,,,
22,29,-5.4493,58.0201,,,
22,30,-5.3334,58.0201,Cromartyshire,-2.09,10.8
22,31,-5.2176,58.0201,Cromartyshire,-1.86,13.1
22,32,-5.1017,58.0201,Cromartyshire,-2.0,11.7
22,33,-4.9859,58.0201,Sutherland,-2.19,9.8
22,34,-4.8700,58.0201,Ross-shire,-1.86,13.1
22,35,-4.7541,58.0201,Sutherland,-1.86,13.1
22,36,-4.6383,58.0201,Sutherland,-1.86,13.1
22,37,-4.5224,58.0201,Sutherland,-2.05,11.2
22,38,-4.4066,58.0201,Sutherland,-2.42,7.5
22,39,-4.2907,58.0201,Sutherland,-2.09,10.8
22,40,-4.1748,58.0201,Sutherland,-2.19,9.8
22,41,-4.0590,58.0201,Sutherland,-2.23,9.4
22,42,-3.9431,58.0201,Sutherland,-2.42,7.5
22,43,-3.8272,58.0201,,,
22,44,-3.7114,58.0201,,,
22,45,-3.5955,58.0201,,,
22,46,-3.4797,58.0201,,,
22,47,-3.3638,58.0201,,,
22,48,-3.2479,58.0201,,,
22,49,-3.1321,58.0201,,,
22,50,-3.0162,58.0201,,,
22,51,-2.9003,58.0201,,,
22,52,-2.7845,58.0201,,,
22,53,-2.6686,58.0201,,,
22,54,-2.5528,58.0201,,,
22,55,-2.4369,58.0201,,,
22,56,-2.3210,58.0201,,,
22,57,-2.2052,58.0201,,,
22,58,-2.0893,58.0201,,,
22,59,-1.9734,58.0201,,,
22,60,-1.8576,58.0201,,,
22,61,-1.7417,58.0201,,,
22,62,-1.6259,58.0201,,,
22,63,-1.5100,58.0201,,,
22,64,-1.3941,58.0201,,,
22,65,-1.2783,58.0201,,,
22,66,-1.1624,58.0201,,,
22,67,-1.0466,58.0201,,,
22,68,-0.9307,58.0201,,,
22,69,-0.8148,58.0201,,,
22,70,-0.6990,58.0201,,,
22,71,-0.5831,58.0201,,,
22,72,-0.4672,58.0201,,,
22,73,-0.3514,58.0201,,,
22,74,-0.2355,58.0201,,,
22,75,-0.1197,58.0201,,,
22,76,-0.0038,58.0201,,,
22,77,0.1121,58.0201,,,
22,78,0.2279,58.0201,,,
22,79,0.3438,58.0201,,,
22,80,0.4597,58.0201,,,
22,81,0.5755,58.0201,,,
22,82,0.6914,58.0201,,,
22,83,0.8072,58.0201,,,
22,84,0.9231,58.0201,,,
22,85,1.0390,58.0201,,,
22,86,1.1548,58.0201,,,
22,87,1.2707,58.0201,,,
22,88,1.3865,58.0201,,,
22,89,1.5024,58.0201,,,
22,90,1.6183,58.0201,,,
22,91,1.7341,58.0201,,,
22,92,1.8500,58.0201,,,
22,93,1.9659,58.0201,,,
23,0,-8.8093,57.9530,,,
23,1,-8.6934,57.9530,,,
23,2,-8.5776,57.9530,,,
23,3,-8.4617,57.9530,,,
23,4,-8.3459,57.9530,,,
23,5,-8.2300,57.9530,,,
23,6,-8.1141,57.9530,,,
23,7,-7.9983,57.9530,,,
23,8,-7.8824,57.9530,,,
23,9,-7.7665,57.9530,,,
23,10,-7.6507,57.9530,,,
23,11,-7.5348,57.9530,,,
23,12,-7.4190,57.9530,,,
23,13,-7.3031,57.9530,,,
23,14,-7.1872,57.9530,,,
23,15,-7.0714,57.9530,,,
23,16,-6.9555,57.9530,Inverness-shire,nan,nan
23,17,-6.8397,57.9530,Inverness-shire,nan,nan
23,18,-6.7238,57.9530,Inverness-shire,nan,nan
23,19,-6.6079,57.9530,Ross-shire,nan,nan
23,20,-6.4921,57.9530,Ross-shire,nan,nan
23,21,-6.3762,57.9530,,,
23,22,-6.2603,57.9530,,,
23,23,-6.1445,57.9530,,,
23,24,-6.0286,57.9530,,,
23,25,-5.9128,57.9530,,,
23,26,-5.7969,57.9530,,,
23,27,-5.6810,57.9530,,,
23,28,-5.5652,57.9530,,,
23,29,-5.4493,57.9530,,,
23,30,-5.3334,57.9530,,,
23,31,-5.2176,57.9530,,,
23,32,-5.1017,57.9530,Cromartyshire,-2.19,9.8
23,33,-4.9859,57.9530,Cromartyshire,-2.19,9.8
23,34,-4.8700,57.9530,Ross-shire,-2.19,9.8
23,35,-4.7541,57.9530,Ross-shire,-1.86,13.1
23,36,-4.6383,57.9530,Ross-shire,-2.42,7.5
23,37,-4.5224,57.9530,Ross-shire,-2.05,11.2
23,38,-4.4066,57.9530,Sutherland,-1.86,13.1
23,39,-4.2907,57.9530,Sutherland,-2.19,9.8
23,40,-4.1748,57.9530,Sutherland,-2.19,9.8
23,41,-4.0590,57.9530,Sutherland,nan,nan
23,42,-3.9431,57.9530,,,
23,43,-3.8272,57.9530,,,
23,44,-3.7114,57.9530,,,
23,45,-3.5955,57.9530,,,
23,46,-3.4797,57.9530,,,
23,47,-3.3638,57.9530,,,
23,48,-3.2479,57.9530,,,
23,49,-3.1321,57.9530,,,
23,50,-3.0162,57.9530,,,
23,51,-2.9003,57.9530,,,
23,52,-2.7845,57.9530,,,
23,53,-2.6686,57.9530,,,
23,54,-2.5528,57.9530,,,
23,55,-2.4369,57.9530,,,
23,56,-2.3210,57.9530,,,
23,57,-2.2052,57.9530,,,
23,58,-2.0893,57.9530,,,
23,59,-1.9734,57.9530,,,
23,60,-1.8576,57.9530,,,
23,61,-1.7417,57.9530,,,
23,62,-1.6259,57.9530,,,
23,63,-1.5100,57.9530,,,
23,64,-1.3941,57.9530,,,
23,65,-1.2783,57.9530,,,
23,66,-1.1624,57.9530,,,
23,67,-1.0466,57.9530,,,
23,68,-0.9307,57.9530,,,
23,69,-0.8148,57.9530,,,
23,70,-0.6990,57.9530,,,
23,71,-0.5831,57.9530,,,
23,72,-0.4672,57.9530,,,
23,73,-0.3514,57.9530,,,
23,74,-0.2355,57.9530,,,
23,75,-0.1197,57.9530,,,
23,76,-0.0038,57.9530,,,
23,77,0.1121,57.9530,,,
23,78,0.2279,57.9530,,,
23,79,0.3438,57.9530,,,
23,80,0.4597,57.9530,,,
23,81,0.5755,57.9530,,,
23,82,0.6914,57.9530,,,
23,83,0.8072,57.9530,,,
23,84,0.9231,57.9530,,,
23,85,1.0390,57.9530,,,
23,86,1.1548,57.9530,,,
23,87,1.2707,57.9530,,,
23,88,1.3865,57.9530,,,
23,89,1.5024,57.9530,,,
23,90,1.6183,57.9530,,,
23,91,1.7341,57.9530,,,
23,92,1.8500,57.9530,,,
23,93,1.9659,57.9530,,,
24,0,-8.8093,57.8860,,,
24,1,-8.6934,57.8860,,,
24,2,-8.5776,57.8860,,,
24,3,-8.4617,57.8860,,,
24,4,-8.3459,57.8860,,,
24,5,-8.2300,57.8860,,,
24,6,-8.1141,57.8860,,,
24,7,-7.9983,57.8860,,,
24,8,-7.8824,57.8860,,,
24,9,-7.7665,57.8860,,,
24,10,-7.6507,57.8860,,,
24,11,-7.5348,57.8860,,,
24,12,-7.4190,57.8860,,,
24,13,-7.3031,57.8860,,,
24,14,-7.1872,57.8860,,,
24,15,-7.0714,57.8860,,,
24,16,-6.9555,57.8860,,,
24,17,-6.8397,57.8860,Inverness-shire,nan,nan
24,18,-6.7238,57.8860,Inverness-shire,nan,nan
24,19,-6.6079,57.8860,,,
24,20,-6.4921,57.8860,,,
24,21,-6.3762,57.8860,,,
24,22,-6.2603,57.8860,,,
24,23,-6.1445,57.8860,,,
24,24,-6.0286,57.8860,,,
24,25,-5.9128,57.8860,,,
24,26,-5.7969,57.8860,,,
24,27,-5.6810,57.8860,,,
24,28,-5.5652,57.8860,Ross-shire,-2.47,7.0
24,29,-5.4493,57.8860,,,
24,30,-5.3334,57.8860,,,
24,31,-5.2176,57.8860,Ross-shire,-2.23,9.4
24,32,-5.1017,57.8860,Cromartyshire,-2.23,9.4
24,33,-4.9859,57.8860,Cromartyshire,-3.02,1.6
24,34,-4.8700,57.8860,Ross-shire,-3.02,1.6
24,35,-4.7541,57.8860,Ross-shire,-1.86,13.1
24,36,-4.6383,57.8860,Ross-shire,-1.86,13.1
24,37,-4.5224,57.8860,Ross-shire,-2.23,9.4
24,38,-4.4066,57.8860,Ross-shire,-2.74,4.3
24,39,-4.2907,57.8860,Sutherland,-2.19,9.8
24,40,-4.1748,57.8860,Sutherland,-2.19,9.8
24,41,-4.0590,57.8860,Sutherland,-2.28,8.9
24,42,-3.9431,57.8860,,,
24,43,-3.8272,57.8860,,,
24,44,-3.7114,57.8860,,,
24,45,-3.5955,57.8860,,,
24,46,-3.4797,57.8860,,,
24,47,-3.3638,57.8860,,,
24,48,-3.2479,57.8860,,,
24,49,-3.1321,57.8860,,,
24,50,-3.0162,57.8860,,,
24,51,-2.9003,57.8860,,,
24,52,-2.7845,57.8860,,,
24,53,-2.6686,57.8860,,,
24,54,-2.5528,57.8860,,,
24,55,-2.4369,57.8860,,,
24,56,-2.3210,57.8860,,,
24,57,-2.2052,57.8860,,,
24,58,-2.0893,57.8860,,,
24,59,-1.9734,57.8860,,,
24,60,-1.8576,57.8860,,,
24,61,-1.7417,57.8860,,,
24,62,-1.6259,57.8860,,,
24,63,-1.5100,57.8860,,,
24,64,-1.3941,57.8860,,,
24,65,-1.2783,57.8860,,,
24,66,-1.1624,57.8860,,,
24,67,-1.0466,57.8860,,,
24,68,-0.9307,57.8860,,,
24,69,-0.8148,57.8860,,,
24,70,-0.6990,57.8860,,,
24,71,-0.5831,57.8860,,,
24,72,-0.4672,57.8860,,,
24,73,-0.3514,57.8860,,,
24,74,-0.2355,57.8860,,,
24,75,-0.1197,57.8860,,,
24,76,-0.0038,57.8860,,,
24,77,0.1121,57.8860,,,
24,78,0.2279,57.8860,,,
24,79,0.3438,57.8860,,,
24,80,0.4597,57.8860,,,
24,81,0.5755,57.8860,,,
24,82,0.6914,57.8860,,,
24,83,0.8072,57.8860,,,
24,84,0.9231,57.8860,,,
24,85,1.0390,57.8860,,,
24,86,1.1548,57.8860,,,
24,87,1.2707,57.8860,,,
24,88,1.3865,57.8860,,,
24,89,1.5024,57.8860,,,
24,90,1.6183,57.8860,,,
24,91,1.7341,57.8860,,,
24,92,1.8500,57.8860,,,
24,93,1.9659,57.8860,,,
25,0,-8.8093,57.8189,,,
25,1,-8.6934,57.8189,,,
25,2,-8.5776,57.8189,,,
25,3,-8.4617,57.8189,,,
25,4,-8.3459,57.8189,,,
25,5,-8.2300,57.8189,,,
25,6,-8.1141,57.8189,,,
25,7,-7.9983,57.8189,,,
25,8,-7.8824,57.8189,,,
25,9,-7.7665,57.8189,,,
25,10,-7.6507,57.8189,,,
25,11,-7.5348,57.8189,,,
25,12,-7.4190,57.8189,,,
25,13,-7.3031,57.8189,,,
25,14,-7.1872,57.8189,,,
25,15,-7.0714,57.8189,,,
25,16,-6.9555,57.8189,Inverness-shire,nan,nan
25,17,-6.8397,57.8189,Inverness-shire,nan,nan
25,18,-6.7238,57.8189,,,
25,19,-6.6079,57.8189,,,
25,20,-6.4921,57.8189,,,
25,21,-6.3762,57.8189,,,
25,22,-6.2603,57.8189,,,
25,23,-6.1445,57.8189,,,
25,24,-6.0286,57.8189,,,
25,25,-5.9128,57.8189,,,
25,26,-5.7969,57.8189,,,
25,27,-5.6810,57.8189,Ross-shire,-2.47,7.0
25,28,-5.5652,57.8189,Ross-shire,-2.74,4.3
25,29,-5.4493,57.8189,Ross-shire,-2.23,9.4
25,30,-5.3334,57.8189,Ross-shire,-2.23,9.4
25,31,-5.2176,57.8189,Ross-shire,-2.23,9.4
25,32,-5.1017,57.8189,Ross-shire,-2.23,9.4
25,33,-4.9859,57.8189,Ross-shire,-2.23,9.4
25,34,-4.8700,57.8189,Ross-shire,-2.42,7.5
25,35,-4.7541,57.8189,Ross-shire,-2.42,7.5
25,36,-4.6383,57.8189,Ross-shire,-2.23,9.4
25,37,-4.5224,57.8189,Ross-shire,-2.42,7.5
25,38,-4.4066,57.8189,Ross-shire,-2.19,9.8
25,39,-4.2907,57.8189,Ross-shire,-2.42,7.5
25,40,-4.1748,57.8189,Ross-shire,-2.6,5.7
25,41,-4.0590,57.8189,,,
25,42,-3.9431,57.8189,Ross-shire,-1.86,13.1
25,43,-3.8272,57.8189,,,
25,44,-3.7114,57.8189,,,
25,45,-3.5955,57.8189,,,
25,46,-3.4797,57.8189,,,
25,47,-3.3638,57.8189,,,
25,48,-3.2479,57.8189,,,
25,49,-3.1321,57.8189,,,
25,50,-3.0162,57.8189,,,
25,51,-2.9003,57.8189,,,
25,52,-2.7845,57.8189,,,
25,53,-2.6686,57.8189,,,
25,54,-2.5528,57.8189,,,
25,55,-2.4369,57.8189,,,
25,56,-2.3210,57.8189,,,
25,57,-2.2052,57.8189,,,
25,58,-2.0893,57.8189,,,
25,59,-1.9734,57.8189,,,
25,60,-1.8576,57.8189,,,
25,61,-1.7417,57.8189,,,
25,62,-1.6259,57.8189,,,
25,63,-1.5100,57.8189,,,
25,64,-1.3941,57.8189,,,
25,65,-1.2783,57.8189,,,
25,66,-1.1624,57.8189,,,
25,67,-1.0466,57.8189,,,
25,68,-0.9307,57.8189,,,
25,69,-0.8148,57.8189,,,
25,70,-0.6990,57.8189,,,
25,71,-0.5831,57.8189,,,
25,72,-0.4672,57.8189,,,
25,73,-0.3514,57.8189,,,
25,74,-0.2355,57.8189,,,
25,75,-0.1197,57.8189,,,
25,76,-0.0038,57.8189,,,
25,77,0.1121,57.8189,,,
25,78,0.2279,57.8189,,,
25,79,0.3438,57.8189,,,
25,80,0.4597,57.8189,,,
25,81,0.5755,57.8189,,,
25,82,0.6914,57.8189,,,
25,83,0.8072,57.8189,,,
25,84,0.9231,57.8189,,,
25,85,1.0390,57.8189,,,
25,86,1.1548,57.8189,,,
25,87,1.2707,57.8189,,,
25,88,1.3865,57.8189,,,
25,89,1.5024,57.8189,,,
25,90,1.6183,57.8189,,,
25,91,1.7341,57.8189,,,
25,92,1.8500,57.8189,,,
25,93,1.9659,57.8189,,,
26,0,-8.8093,57.7518,,,
26,1,-8.6934,57.7518,,,
26,2,-8.5776,57.7518,,,
26,3,-8.4617,57.7518,,,
26,4,-8.3459,57.7518,,,
26,5,-8.2300,57.7518,,,
26,6,-8.1141,57.7518,,,
26,7,-7.9983,57.7518,,,
26,8,-7.8824,57.7518,,,
26,9,-7.7665,57.7518,,,
26,10,-7.6507,57.7518,,,
26,11,-7.5348,57.7518,,,
26,12,-7.4190,57.7518,,,
26,13,-7.3031,57.7518,,,
26,14,-7.1872,57.7518,,,
26,15,-7.0714,57.7518,,,
26,16,-6.9555,57.7518,Inverness-shire,nan,nan
26,17,-6.8397,57.7518,,,
26,18,-6.7238,57.7518,,,
26,19,-6.6079,57.7518,,,
26,20,-6.4921,57.7518,,,
26,21,-6.3762,57.7518,,,
26,22,-6.2603,57.7518,,,
26,23,-6.1445,57.7518,,,
26,24,-6.0286,57.7518,,,
26,25,-5.9128,57.7518,,,
26,26,-5.7969,57.7518,,,
26,27,-5.6810,57.7518,Ross-shire,-2.47,7.0
26,28,-5.5652,57.7518,Ross-shire,-2.47,7.0
26,29,-5.4493,57.7518,Ross-shire,-2.74,4.3
26,30,-5.3334,57.7518,Ross-shire,-2.23,9.4
26,31,-5.2176,57.7518,Ross-shire,-2.23,9.4
26,32,-5.1017,57.7518,Ross-shire,-2.23,9.4
26,33,-4.9859,57.7518,Ross-shire,-2.37,8.0
26,34,-4.8700,57.7518,Ross-shire,-2.23,9.4
26,35,-4.7541,57.7518,Ross-shire,-2.23,9.4
26,36,-4.6383,57.7518,Ross-shire,-2.37,8.0
26,37,-4.5224,57.7518,Ross-shire,-2.23,9.4
26,38,-4.4066,57.7518,Ross-shire,-2.23,9.4
26,39,-4.2907,57.7518,Ross-shire,-2.23,9.4
26,40,-4.1748,57.7518,Ross-shire,-2.28,8.9
26,41,-4.0590,57.7518,Ross-shire,-2.28,8.9
26,42,-3.9431,57.7518,Ross-shire,-2.42,7.5
26,43,-3.8272,57.7518,,,
26,44,-3.7114,57.7518,,,
26,45,-3.5955,57.7518,,,
26,46,-3.4797,57.7518,,,
26,47,-3.3638,57.7518,,,
26,48,-3.2479,57.7518,,,
26,49,-3.1321,57.7518,,,
26,50,-3.0162,57.7518,,,
26,51,-2.9003,57.7518,,,
26,52,-2.7845,57.7518,,,
26,53,-2.6686,57.7518,,,
26,54,-2.5528,57.7518,,,
26,55,-2.4369,57.7518,,,
26,56,-2.3210,57.7518,,,
26,57,-2.2052,57.7518,,,
26,58,-2.0893,57.7518,,,
26,59,-1.9734,57.7518,,,
26,60,-1.8576,57.7518,,,
26,61,-1.7417,57.7518,,,
26,62,-1.6259,57.7518,,,
26,63,-1.5100,57.7518,,,
26,64,-1.3941,57.7518,,,
26,65,-1.2783,57.7518,,,
26,66,-1.1624,57.7518,,,
26,67,-1.0466,57.7518,,,
26,68,-0.9307,57.7518,,,
26,69,-0.8148,57.7518,,,
26,70,-0.6990,57.7518,,,
26,71,-0.5831,57.7518,,,
26,72,-0.4672,57.7518,,,
26,73,-0.3514,57.7518,,,
26,74,-0.2355,57.7518,,,
26,75,-0.1197,57.7518,,,
26,76,-0.0038,57.7518,,,
26,77,0.1121,57.7518,,,
26,78,0.2279,57.7518,,,
26,79,0.3438,57.7518,,,
26,80,0.4597,57.7518,,,
26,81,0.5755,57.7518,,,
26,82,0.6914,57.7518,,,
26,83,0.8072,57.7518,,,
26,84,0.9231,57.7518,,,
26,85,1.0390,57.7518,,,
26,86,1.1548,57.7518,,,
26,87,1.2707,57.7518,,,
26,88,1.3865,57.7518,,,
26,89,1.5024,57.7518,,,
26,90,1.6183,57.7518,,,
26,91,1.7341,57.7518,,,
26,92,1.8500,57.7518,,,
26,93,1.9659,57.7518,,,
27,0,-8.8093,57.6848,,,
27,1,-8.6934,57.6848,,,
27,2,-8.5776,57.6848,,,
27,3,-8.4617,57.6848,,,
27,4,-8.3459,57.6848,,,
27,5,-8.2300,57.6848,,,
27,6,-8.1141,57.6848,,,
27,7,-7.9983,57.6848,,,
27,8,-7.8824,57.6848,,,
27,9,-7.7665,57.6848,,,
27,10,-7.6507,57.6848,,,
27,11,-7.5348,57.6848,,,
27,12,-7.4190,57.6848,,,
27,13,-7.3031,57.6848,,,
27,14,-7.1872,57.6848,,,
27,15,-7.0714,57.6848,,,
27,16,-6.9555,57.6848,,,
27,17,-6.8397,57.6848,,,
27,18,-6.7238,57.6848,,,
27,19,-6.6079,57.6848,,,
27,20,-6.4921,57.6848,,,
27,21,-6.3762,57.6848,,,
27,22,-6.2603,57.6848,,,
27,23,-6.1445,57.6848,,,
27,24,-6.0286,57.6848,,,
27,25,-5.9128,57.6848,,,
27,26,-5.7969,57.6848,,,
27,27,-5.6810,57.6848,Ross-shire,-2.47,7.0
27,28,-5.5652,57.6848,Ross-shire,-2.47,7.0
27,29,-5.4493,57.6848,Ross-shire,-2.47,7.0
27,30,-5.3334,57.6848,Ross-shire,-2.74,4.3
27,31,-5.2176,57.6848,Ross-shire,-2.23,9.4
27,32,-5.1017,57.6848,Ross-shire,-2.23,9.4
27,33,-4.9859,57.6848,Ross-shire,-2.6,5.7
27,34,-4.8700,57.6848,Ross-shire,-2.23,9.4
27,35,-4.7541,57.6848,Ross-shire,-3.02,1.6
27,36,-4.6383,57.6848,Ross-shire,-3.58,0.0
27,37,-4.5224,57.6848,Ross-shire,-2.65,5.2
27,38,-4.4066,57.6848,Ross-shire,-1.86,13.1
27,39,-4.2907,57.6848,Ross-shire,-2.28,8.9
27,40,-4.1748,57.6848,Ross-shire,nan,nan
27,41,-4.0590,57.6848,,,
27,42,-3.9431,57.6848,,,
27,43,-3.8272,57.6848,,,
27,44,-3.7114,57.6848,,,
27,45,-3.5955,57.6848,,,
27,46,-3.4797,57.6848,,,
27,47,-3.3638,57.6848,Morayshire,-3.02,1.6
27,48,-3.2479,57.6848,Morayshire,-3.02,1.6
27,49,-3.1321,57.6848,,,
27,50,-3.0162,57.6848,,,
27,51,-2.9003,57.6848,Banffshire,-3.21,0.0
27,52,-2.7845,57.6848,,,
27,53,-2.6686,57.6848,,,
27,54,-2.5528,57.6848,,,
27,55,-2.4369,57.6848,,,
27,56,-2.3210,57.6848,,,
27,57,-2.2052,57.6848,,,
27,58,-2.0893,57.6848,,,
27,59,-1.9734,57.6848,,,
27,60,-1.8576,57.6848,,,
27,61,-1.7417,57.6848,,,
27,62,-1.6259,57.6848,,,
27,63,-1.5100,57.6848,,,
27,64,-1.3941,57.6848,,,
27,65,-1.2783,57.6848,,,
27,66,-1.1624,57.6848,,,
27,67,-1.0466,57.6848,,,
27,68,-0.9307,57.6848,,,
27,69,-0.8148,57.6848,,,
27,70,-0.6990,57.6848,,,
27,71,-0.5831,57.6848,,,
27,72,-0.4672,57.6848,,,
27,73,-0.3514,57.6848,,,
27,74,-0.2355,57.6848,,,
27,75,-0.1197,57.6848,,,
27,76,-0.0038,57.6848,,,
27,77,0.1121,57.6848,,,
27,78,0.2279,57.6848,,,
27,79,0.3438,57.6848,,,
27,80,0.4597,57.6848,,,
27,81,0.5755,57.6848,,,
27,82,0.6914,57.6848,,,
27,83,0.8072,57.6848,,,
27,84,0.9231,57.6848,,,
27,85,1.0390,57.6848,,,
27,86,1.1548,57.6848,,,
27,87,1.2707,57.6848,,,
27,88,1.3865,57.6848,,,
27,89,1.5024,57.6848,,,
27,90,1.6183,57.6848,,,
27,91,1.7341,57.6848,,,
27,92,1.8500,57.6848,,,
27,93,1.9659,57.6848,,,
28,0,-8.8093,57.6177,,,
28,1,-8.6934,57.6177,,,
28,2,-8.5776,57.6177,,,
28,3,-8.4617,57.6177,,,
28,4,-8.3459,57.6177,,,
28,5,-8.2300,57.6177,,,
28,6,-8.1141,57.6177,,,
28,7,-7.9983,57.6177,,,
28,8,-7.8824,57.6177,,,
28,9,-7.7665,57.6177,,,
28,10,-7.6507,57.6177,,,
28,11,-7.5348,57.6177,,,
28,12,-7.4190,57.6177,Inverness-shire,nan,nan
28,13,-7.3031,57.6177,Inverness-shire,nan,nan
28,14,-7.1872,57.6177,Inverness-shire,nan,nan
28,15,-7.0714,57.6177,,,
28,16,-6.9555,57.6177,,,
28,17,-6.8397,57.6177,,,
28,18,-6.7238,57.6177,,,
28,19,-6.6079,57.6177,,,
28,20,-6.4921,57.6177,,,
28,21,-6.3762,57.6177,Inverness-shire,-2.79,3.8
28,22,-6.2603,57.6177,Inverness-shire,-2.79,3.8
28,23,-6.1445,57.6177,,,
28,24,-6.0286,57.6177,,,
28,25,-5.9128,57.6177,,,
28,26,-5.7969,57.6177,,,
28,27,-5.6810,57.6177,Ross-shire,-1.86,13.1
28,28,-5.5652,57.6177,Ross-shire,-2.47,7.0
28,29,-5.4493,57.6177,Ross-shire,-2.47,7.0
28,30,-5.3334,57.6177,Ross-shire,-2.47,7.0
28,31,-5.2176,57.6177,Ross-shire,-2.23,9.4
28,32,-5.1017,57.6177,Ross-shire,-2.74,4.3
28,33,-4.9859,57.6177,Ross-shire,-2.6,5.7
28,34,-4.8700,57.6177,Ross-shire,-2.84,3.4
28,35,-4.7541,57.6177,Ross-shire,-2.23,9.4
28,36,-4.6383,57.6177,Ross-shire,-2.65,5.2
28,37,-4.5224,57.6177,Ross-shire,-2.65,5.2
28,38,-4.4066,57.6177,Ross-shire,-2.65,5.2
28,39,-4.2907,57.6177,Ross-shire,-3.58,0.0
28,40,-4.1748,57.6177,Cromartyshire,-2.47,7.0
28,41,-4.0590,57.6177,,,
28,42,-3.9431,57.6177,,,
28,43,-3.8272,57.6177,,,
28,44,-3.7114,57.6177,Morayshire,-2.84,3.4
28,45,-3.5955,57.6177,Morayshire,-2.79,3.8
28,46,-3.4797,57.6177,Morayshire,-2.98,2.0
28,47,-3.3638,57.6177,Morayshire,-3.07,1.1
28,48,-3.2479,57.6177,Morayshire,-3.49,0.0
28,49,-3.1321,57.6177,Morayshire,-3.21,0.0
28,50,-3.0162,57.6177,Banffshire,-3.21,0.0
28,51,-2.9003,57.6177,Banffshire,-3.21,0.0
28,52,-2.7845,57.6177,Banffshire,-3.3,0.0
28,53,-2.6686,57.6177,Banffshire,-3.21,0.0
28,54,-2.5528,57.6177,Banffshire,-3.21,0.0
28,55,-2.4369,57.6177,Banffshire,-3.21,0.0
28,56,-2.3210,57.6177,Aberdeenshire,-3.77,0.0
28,57,-2.2052,57.6177,Aberdeenshire,-3.21,0.0
28,58,-2.0893,57.6177,Aberdeenshire,-3.53,0.0
28,59,-1.9734,57.6177,Aberdeenshire,-3.02,1.6
28,60,-1.8576,57.6177,Aberdeenshire,-2.88,3.0
28,61,-1.7417,57.6177,,,
28,62,-1.6259,57.6177,,,
28,63,-1.5100,57.6177,,,
28,64,-1.3941,57.6177,,,
28,65,-1.2783,57.6177,,,
28,66,-1.1624,57.6177,,,
28,67,-1.0466,57.6177,,,
28,68,-0.9307,57.6177,,,
28,69,-0.8148,57.6177,,,
28,70,-0.6990,57.6177,,,
28,71,-0.5831,57.6177,,,
28,72,-0.4672,57.6177,,,
28,73,-0.3514,57.6177,,,
28,74,-0.2355,57.6177,,,
28,75,-0.1197,57.6177,,,
28,76,-0.0038,57.6177,,,
28,77,0.1121,57.6177,,,
28,78,0.2279,57.6177,,,
28,79,0.3438,57.6177,,,
28,80,0.4597,57.6177,,,
28,81,0.5755,57.6177,,,
28,82,0.6914,57.6177,,,
28,83,0.8072,57.6177,,,
28,84,0.9231,57.6177,,,
28,85,1.0390,57.6177,,,
28,86,1.1548,57.6177,,,
28,87,1.2707,57.6177,,,
28,88,1.3865,57.6177,,,
28,89,1.5024,57.6177,,,
28,90,1.6183,57.6177,,,
28,91,1.7341,57.6177,,,
28,92,1.8500,57.6177,,,
28,93,1.9659,57.6177,,,
29,0,-8.8093,57.5506,,,
29,1,-8.6934,57.5506,,,
29,2,-8.5776,57.5506,,,
29,3,-8.4617,57.5506,,,
29,4,-8.3459,57.5506,,,
29,5,-8.2300,57.5506,,,
29,6,-8.1141,57.5506,,,
29,7,-7.9983,57.5506,,,
29,8,-7.8824,57.5506,,,
29,9,-7.7665,57.5506,,,
29,10,-7.6507,57.5506,,,
29,11,-7.5348,57.5506,,,
29,12,-7.4190,57.5506,,,
29,13,-7.3031,57.5506,Inverness-shire,nan,nan
29,14,-7.1872,57.5506,Inverness-shire,nan,nan
29,15,-7.0714,57.5506,,,
29,16,-6.9555,57.5506,,,
29,17,-6.8397,57.5506,,,
29,18,-6.7238,57.5506,,,
29,19,-6.6079,57.5506,,,
29,20,-6.4921,57.5506,,,
29,21,-6.3762,57.5506,,,
29,22,-6.2603,57.5506,Inverness-shire,-2.79,3.8
29,23,-6.1445,57.5506,Inverness-shire,-2.79,3.8
29,24,-6.0286,57.5506,,,
29,25,-5.9128,57.5506,,,
29,26,-5.7969,57.5506,,,
29,27,-5.6810,57.5506,Ross-shire,nan,nan
29,28,-5.5652,57.5506,,,
29,29,-5.4493,57.5506,Ross-shire,-2.47,7.0
29,30,-5.3334,57.5506,Ross-shire,-2.47,7.0
29,31,-5.2176,57.5506,Ross-shire,-2.23,9.4
29,32,-5.1017,57.5506,Ross-shire,-2.84,3.4
29,33,-4.9859,57.5506,Ross-shire,-2.6,5.7
29,34,-4.8700,57.5506,Ross-shire,-2.23,9.4
29,35,-4.7541,57.5506,Ross-shire,-2.47,7.0
29,36,-4.6383,57.5506,Ross-shire,-1.86,13.1
29,37,-4.5224,57.5506,Ross-shire,-2.51,6.6
29,38,-4.4066,57.5506,Ross-shire,-2.74,4.3
29,39,-4.2907,57.5506,Ross-shire,-2.65,5.2
29,40,-4.1748,57.5506,Ross-shire,nan,nan
29,41,-4.0590,57.5506,,,
29,42,-3.9431,57.5506,Nairnshire,-2.84,3.4
29,43,-3.8272,57.5506,Nairnshire,-2.23,9.4
29,44,-3.7114,57.5506,Morayshire,-2.98,2.0
29,45,-3.5955,57.5506,Morayshire,-2.98,2.0
29,46,-3.4797,57.5506,Morayshire,-2.98,2.0
29,47,-3.3638,57.5506,Morayshire,-3.21,0.0
29,48,-3.2479,57.5506,Morayshire,-3.21,0.0
29,49,-3.1321,57.5506,Morayshire,-3.21,0.0
29,50,-3.0162,57.5506,Morayshire,-3.21,0.0
29,51,-2.9003,57.5506,Banffshire,-3.21,0.0
29,52,-2.7845,57.5506,Banffshire,-3.21,0.0
29,53,-2.6686,57.5506,Banffshire,-2.88,3.0
29,54,-2.5528,57.5506,Banffshire,-3.3,0.0
29,55,-2.4369,57.5506,Aberdeenshire,-3.3,0.0
29,56,-2.3210,57.5506,Aberdeenshire,-3.3,0.0
29,57,-2.2052,57.5506,Aberdeenshire,-3.72,0.0
29,58,-2.0893,57.5506,Aberdeenshire,-3.53,0.0
29,59,-1.9734,57.5506,Aberdeenshire,-3.35,0.0
29,60,-1.8576,57.5506,Aberdeenshire,-2.74,4.3
29,61,-1.7417,57.5506,,,
29,62,-1.6259,57.5506,,,
29,63,-1.5100,57.5506,,,
29,64,-1.3941,57.5506,,,
29,65,-1.2783,57.5506,,,
29,66,-1.1624,57.5506,,,
29,67,-1.0466,57.5506,,,
29,68,-0.9307,57.5506,,,
29,69,-0.8148,57.5506,,,
29,70,-0.6990,57.5506,,,
29,71,-0.5831,57.5506,,,
29,72,-0.4672,57.5506,,,
29,73,-0.3514,57.5506,,,
29,74,-0.2355,57.5506,,,
29,75,-0.1197,57.5506,,,
29,76,-0.0038,57.5506,,,
29,77,0.1121,57.5506,,,
29,78,0.2279,57.5506,,,
29,79,0.3438,57.5506,,,
29,80,0.4597,57.5506,,,
29,81,0.5755,57.5506,,,
29,82,0.6914,57.5506,,,
29,83,0.8072,57.5506,,,
29,84,0.9231,57.5506,,,
29,85,1.0390,57.5506,,,
29,86,1.1548,57.5506,,,
29,87,1.2707,57.5506,,,
29,88,1.3865,57.5506,,,
29,89,1.5024,57.5506,,,
29,90,1.6183,57.5506,,,
29,91,1.7341,57.5506,,,
29,92,1.8500,57.5506,,,
29,93,1.9659,57.5506,,,
30,0,-8.8093,57.4836,,,
30,1,-8.6934,57.4836,,,
30,2,-8.5776,57.4836,,,
30,3,-8.4617,57.4836,,,
30,4,-8.3459,57.4836,,,
30,5,-8.2300,57.4836,,,
30,6,-8.1141,57.4836,,,
30,7,-7.9983,57.4836,,,
30,8,-7.8824,57.4836,,,
30,9,-7.7665,57.4836,,,
30,10,-7.6507,57.4836,,,
30,11,-7.5348,57.4836,,,
30,12,-7.4190,57.4836,,,
30,13,-7.3031,57.4836,Inverness-shire,nan,nan
30,14,-7.1872,57.4836,Inverness-shire,nan,nan
30,15,-7.0714,57.4836,,,
30,16,-6.9555,57.4836,,,
30,17,-6.8397,57.4836,,,
30,18,-6.7238,57.4836,,,
30,19,-6.6079,57.4836,,,
30,20,-6.4921,57.4836,Inverness-shire,-2.79,3.8
30,21,-6.3762,57.4836,Inverness-shire,-2.79,3.8
30,22,-6.2603,57.4836,Inverness-shire,-2.79,3.8
30,23,-6.1445,57.4836,Inverness-shire,-2.79,3.8
30,24,-6.0286,57.4836,,,
30,25,-5.9128,57.4836,,,
30,26,-5.7969,57.4836,Ross-shire,-2.23,9.4
30,27,-5.6810,57.4836,Ross-shire,-2.23,9.4
30,28,-5.5652,57.4836,Ross-shire,-1.86,13.1
30,29,-5.4493,57.4836,Ross-shire,-2.51,6.6
30,30,-5.3334,57.4836,Ross-shire,-2.23,9.4
30,31,-5.2176,57.4836,Ross-shire,-3.07,1.1
30,32,-5.1017,57.4836,Ross-shire,-3.07,1.1
30,33,-4.9859,57.4836,Ross-shire,-2.65,5.2
30,34,-4.8700,57.4836,Ross-shire,-2.51,6.6
30,35,-4.7541,57.4836,Ross-shire,-2.79,3.8
30,36,-4.6383,57.4836,Inverness-shire,-2.74,4.3
30,37,-4.5224,57.4836,Inverness-shire,-2.84,3.4
30,38,-4.4066,57.4836,Inverness-shire,-2.23,9.4
30,39,-4.2907,57.4836,,,
30,40,-4.1748,57.4836,Inverness-shire,-2.74,4.3
30,41,-4.0590,57.4836,Inverness-shire,-2.23,9.4
30,42,-3.9431,57.4836,Inverness-shire,-2.84,3.4
30,43,-3.8272,57.4836,Nairnshire,-2.79,3.8
30,44,-3.7114,57.4836,Nairnshire,-2.88,3.0
30,45,-3.5955,57.4836,Morayshire,-2.88,3.0
30,46,-3.4797,57.4836,Morayshire,-2.98,2.0
30,47,-3.3638,57.4836,Morayshire,-3.3,0.0
30,48,-3.2479,57.4836,Morayshire,-3.3,0.0
30,49,-3.1321,57.4836,Banffshire,-3.3,0.0
30,50,-3.0162,57.4836,Banffshire,-2.6,5.7
30,51,-2.9003,57.4836,Aberdeenshire,-3.49,0.0
30,52,-2.7845,57.4836,Aberdeenshire,-3.4,0.0
30,53,-2.6686,57.4836,Aberdeenshire,-3.3,0.0
30,54,-2.5528,57.4836,Banffshire,-3.3,0.0
30,55,-2.4369,57.4836,Aberdeenshire,-3.3,0.0
30,56,-2.3210,57.4836,Aberdeenshire,-3.53,0.0
30,57,-2.2052,57.4836,Aberdeenshire,-3.3,0.0
30,58,-2.0893,57.4836,Aberdeenshire,-3.02,1.6
30,59,-1.9734,57.4836,Aberdeenshire,-3.02,1.6
30,60,-1.8576,57.4836,Aberdeenshire,-1.49,16.7
30,61,-1.7417,57.4836,,,
30,62,-1.6259,57.4836,,,
30,63,-1.5100,57.4836,,,
30,64,-1.3941,57.4836,,,
30,65,-1.2783,57.4836,,,
30,66,-1.1624,57.4836,,,
30,67,-1.0466,57.4836,,,
30,68,-0.9307,57.4836,,,
30,69,-0.8148,57.4836,,,
30,70,-0.6990,57.4836,,,
30,71,-0.5831,57.4836,,,
30,72,-0.4672,57.4836,,,
30,73,-0.3514,57.4836,,,
30,74,-0.2355,57.4836,,,
30,75,-0.1197,57.4836,,,
30,76,-0.0038,57.4836,,,
30,77,0.1121,57.4836,,,
30,78,0.2279,57.4836,,,
30,79,0.3438,57.4836,,,
30,80,0.4597,57.4836,,,
30,81,0.5755,57.4836,,,
30,82,0.6914,57.4836,,,
30,83,0.8072,57.4836,,,
30,84,0.9231,57.4836,,,
30,85,1.0390,57.4836,,,
30,86,1.1548,57.4836,,,
30,87,1.2707,57.4836,,,
30,88,1.3865,57.4836,,,
30,89,1.5024,57.4836,,,
30,90,1.6183,57.4836,,,
30,91,1.7341,57.4836,,,
30,92,1.8500,57.4836,,,
30,93,1.9659,57.4836,,,
31,0,-8.8093,57.4165,,,
31,1,-8.6934,57.4165,,,
31,2,-8.5776,57.4165,,,
31,3,-8.4617,57.4165,,,
31,4,-8.3459,57.4165,,,
31,5,-8.2300,57.4165,,,
31,6,-8.1141,57.4165,,,
31,7,-7.9983,57.4165,,,
31,8,-7.8824,57.4165,,,
31,9,-7.7665,57.4165,,,
31,10,-7.6507,57.4165,,,
31,11,-7.5348,57.4165,,,
31,12,-7.4190,57.4165,,,
31,13,-7.3031,57.4165,Inverness-shire,nan,nan
31,14,-7.1872,57.4165,,,
31,15,-7.0714,57.4165,,,
31,16,-6.9555,57.4165,,,
31,17,-6.8397,57.4165,,,
31,18,-6.7238,57.4165,Inverness-shire,-2.79,3.8
31,19,-6.6079,57.4165,Inverness-shire,-2.79,3.8
31,20,-6.4921,57.4165,Inverness-shire,-2.79,3.8
31,21,-6.3762,57.4165,Inverness-shire,-2.79,3.8
31,22,-6.2603,57.4165,Inverness-shire,-2.79,3.8
31,23,-6.1445,57.4165,Inverness-shire,nan,nan
31,24,-6.0286,57.4165,,,
31,25,-5.9128,57.4165,,,
31,26,-5.7969,57.4165,Ross-shire,-2.23,9.4
31,27,-5.6810,57.4165,Ross-shire,-2.23,9.4
31,28,-5.5652,57.4165,Ross-shire,-2.23,9.4
31,29,-5.4493,57.4165,Ross-shire,-2.79,3.8
31,30,-5.3334,57.4165,Ross-shire,-2.51,6.6
31,31,-5.2176,57.4165,Ross-shire,-3.07,1.1
31,32,-5.1017,57.4165,Ross-shire,-3.02,1.6
31,33,-4.9859,57.4165,Inverness-shire,-2.84,3.4
31,34,-4.8700,57.4165,Inverness-shire,-2.23,9.4
31,35,-4.7541,57.4165,Inverness-shire,-2.47,7.0
31,36,-4.6383,57.4165,Inverness-shire,-3.07,1.1
31,37,-4.5224,57.4165,Inverness-shire,-2.23,9.4
31,38,-4.4066,57.4165,Inverness-shire,-2.51,6.6
31,39,-4.2907,57.4165,Inverness-shire,-2.23,9.4
31,40,-4.1748,57.4165,Inverness-shire,-2.79,3.8
31,41,-4.0590,57.4165,Inverness-shire,-2.79,3.8
31,42,-3.9431,57.4165,Nairnshire,-2.79,3.8
31,43,-3.8272,57.4165,Nairnshire,-2.79,3.8
31,44,-3.7114,57.4165,Nairnshire,-3.02,1.6
31,45,-3.5955,57.4165,Morayshire,-3.02,1.6
31,46,-3.4797,57.4165,Morayshire,-3.02,1.6
31,47,-3.3638,57.4165,Morayshire,-3.02,1.6
31,48,-3.2479,57.4165,Banffshire,-3.3,0.0
31,49,-3.1321,57.4165,Banffshire,-3.3,0.0
31,50,-3.0162,57.4165,Banffshire,-3.58,0.0
31,51,-2.9003,57.4165,Aberdeenshire,-3.35,0.0
31,52,-2.7845,57.4165,Aberdeenshire,-3.4,0.0
31,53,-2.6686,57.4165,Aberdeenshire,-3.53,0.0
31,54,-2.5528,57.4165,Aberdeenshire,-3.4,0.0
31,55,-2.4369,57.4165,Aberdeenshire,-3.3,0.0
31,56,-2.3210,57.4165,Aberdeenshire,-3.3,0.0
31,57,-2.2052,57.4165,Aberdeenshire,-3.49,0.0
31,58,-2.0893,57.4165,Aberdeenshire,-3.91,0.0
31,59,-1.9734,57.4165,Aberdeenshire,-2.88,3.0
31,60,-1.8576,57.4165,Aberdeenshire,-2.09,10.8
31,61,-1.7417,57.4165,,,
31,62,-1.6259,57.4165,,,
31,63,-1.5100,57.4165,,,
31,64,-1.3941,57.4165,,,
31,65,-1.2783,57.4165,,,
31,66,-1.1624,57.4165,,,
31,67,-1.0466,57.4165,,,
31,68,-0.9307,57.4165,,,
31,69,-0.8148,57.4165,,,
31,70,-0.6990,57.4165,,,
31,71,-0.5831,57.4165,,,
31,72,-0.4672,57.4165,,,
31,73,-0.3514,57.4165,,,
31,74,-0.2355,57.4165,,,
31,75,-0.1197,57.4165,,,
31,76,-0.0038,57.4165,,,
31,77,0.1121,57.4165,,,
31,78,0.2279,57.4165,,,
31,79,0.3438,57.4165,,,
31,80,0.4597,57.4165,,,
31,81,0.5755,57.4165,,,
31,82,0.6914,57.4165,,,
31,83,0.8072,57.4165,,,
31,84,0.9231,57.4165,,,
31,85,1.0390,57.4165,,,
31,86,1.1548,57.4165,,,
31,87,1.2707,57.4165,,,
31,88,1.3865,57.4165,,,
31,89,1.5024,57.4165,,,
31,90,1.6183,57.4165,,,
31,91,1.7341,57.4165,,,
31,92,1.8500,57.4165,,,
31,93,1.9659,57.4165,,,
32,0,-8.8093,57.3494,,,
32,1,-8.6934,57.3494,,,
32,2,-8.5776,57.3494,,,
32,3,-8.4617,57.3494,,,
32,4,-8.3459,57.3494,,,
32,5,-8.2300,57.3494,,,
32,6,-8.1141,57.3494,,,
32,7,-7.9983,57.3494,,,
32,8,-7.8824,57.3494,,,
32,9,-7.7665,57.3494,,,
32,10,-7.6507,57.3494,,,
32,11,-7.5348,57.3494,,,
32,12,-7.4190,57.3494,,,
32,13,-7.3031,57.3494,Inverness-shire,nan,nan
32,14,-7.1872,57.3494,,,
32,15,-7.0714,57.3494,,,
32,16,-6.9555,57.3494,,,
32,17,-6.8397,57.3494,,,
32,18,-6.7238,57.3494,,,
32,19,-6.6079,57.3494,Inverness-shire,-2.79,3.8
32,20,-6.4921,57.3494,,,
32,21,-6.3762,57.3494,Inverness-shire,-2.79,3.8
32,22,-6.2603,57.3494,Inverness-shire,-2.79,3.8
32,23,-6.1445,57.3494,Inverness-shire,-2.79,3.8
32,24,-6.0286,57.3494,,,
32,25,-5.9128,57.3494,,,
32,26,-5.7969,57.3494,,,
32,27,-5.6810,57.3494,,,
32,28,-5.5652,57.3494,Ross-shire,-2.79,3.8
32,29,-5.4493,57.3494,Ross-shire,-2.79,3.8
32,30,-5.3334,57.3494,Ross-shire,-2.79,3.8
32,31,-5.2176,57.3494,Ross-shire,-2.51,6.6
32,32,-5.1017,57.3494,Ross-shire,-2.47,7.0
32,33,-4.9859,57.3494,Inverness-shire,-2.23,9.4
32,34,-4.8700,57.3494,Inverness-shire,-2.74,4.3
32,35,-4.7541,57.3494,Inverness-shire,-2.74,4.3
32,36,-4.6383,57.3494,Inverness-shire,-2.51,6.6
32,37,-4.5224,57.3494,Inverness-shire,-2.47,7.0
32,38,-4.4066,57.3494,Inverness-shire,-2.51,6.6
32,39,-4.2907,57.3494,Inverness-shire,-2.74,4.3
32,40,-4.1748,57.3494,Inverness-shire,-2.51,6.6
32,41,-4.0590,57.3494,Inverness-shire,-2.79,3.8
32,42,-3.9431,57.3494,Inverness-shire,-2.88,3.0
32,43,-3.8272,57.3494,Nairnshire,-2.79,3.8
32,44,-3.7114,57.3494,Morayshire,-3.02,1.6
32,45,-3.5955,57.3494,Morayshire,-2.74,4.3
32,46,-3.4797,57.3494,Morayshire,-3.02,1.6
32,47,-3.3638,57.3494,Banffshire,-2.88,3.0
32,48,-3.2479,57.3494,Banffshire,-2.47,7.0
32,49,-3.1321,57.3494,Banffshire,-3.21,0.0
32,50,-3.0162,57.3494,Banffshire,-3.53,0.0
32,51,-2.9003,57.3494,Aberdeenshire,-3.53,0.0
32,52,-2.7845,57.3494,Aberdeenshire,-3.67,0.0
32,53,-2.6686,57.3494,Aberdeenshire,-3.91,0.0
32,54,-2.5528,57.3494,Aberdeenshire,-4.05,0.0
32,55,-2.4369,57.3494,Aberdeenshire,-3.3,0.0
32,56,-2.3210,57.3494,Aberdeenshire,-3.53,0.0
32,57,-2.2052,57.3494,Aberdeenshire,-3.49,0.0
32,58,-2.0893,57.3494,Aberdeenshire,-3.49,0.0
32,59,-1.9734,57.3494,Aberdeenshire,-2.51,6.6
32,60,-1.8576,57.3494,,,
32,61,-1.7417,57.3494,,,
32,62,-1.6259,57.3494,,,
32,63,-1.5100,57.3494,,,
32,64,-1.3941,57.3494,,,
32,65,-1.2783,57.3494,,,
32,66,-1.1624,57.3494,,,
32,67,-1.0466,57.3494,,,
32,68,-0.9307,57.3494,,,
32,69,-0.8148,57.3494,,,
32,70,-0.6990,57.3494,,,
32,71,-0.5831,57.3494,,,
32,72,-0.4672,57.3494,,,
32,73,-0.3514,57.3494,,,
32,74,-0.2355,57.3494,,,
32,75,-0.1197,57.3494,,,
32,76,-0.0038,57.3494,,,
32,77,0.1121,57.3494,,,
32,78,0.2279,57.3494,,,
32,79,0.3438,57.3494,,,
32,80,0.4597,57.3494,,,
32,81,0.5755,57.3494,,,
32,82,0.6914,57.3494,,,
32,83,0.8072,57.3494,,,
32,84,0.9231,57.3494,,,
32,85,1.0390,57.3494,,,
32,86,1.1548,57.3494,,,
32,87,1.2707,57.3494,,,
32,88,1.3865,57.3494,,,
32,89,1.5024,57.3494,,,
32,90,1.6183,57.3494,,,
32,91,1.7341,57.3494,,,
32,92,1.8500,57.3494,,,
32,93,1.9659,57.3494,,,
33,0,-8.8093,57.2824,,,
33,1,-8.6934,57.2824,,,
33,2,-8.5776,57.2824,,,
33,3,-8.4617,57.2824,,,
33,4,-8.3459,57.2824,,,
33,5,-8.2300,57.2824,,,
33,6,-8.1141,57.2824,,,
33,7,-7.9983,57.2824,,,
33,8,-7.8824,57.2824,,,
33,9,-7.7665,57.2824,,,
33,10,-7.6507,57.2824,,,
33,11,-7.5348,57.2824,,,
33,12,-7.4190,57.2824,,,
33,13,-7.3031,57.2824,Inverness-shire,nan,nan
33,14,-7.1872,57.2824,,,
33,15,-7.0714,57.2824,,,
33,16,-6.9555,57.2824,,,
33,17,-6.8397,57.2824,,,
33,18,-6.7238,57.2824,,,
33,19,-6.6079,57.2824,,,
33,20,-6.4921,57.2824,,,
33,21,-6.3762,57.2824,Inverness-shire,-2.79,3.8
33,22,-6.2603,57.2824,Inverness-shire,-2.79,3.8
33,23,-6.1445,57.2824,Inverness-shire,-2.79,3.8
33,24,-6.0286,57.2824,Inverness-shire,-2.79,3.8
33,25,-5.9128,57.2824,,,
33,26,-5.7969,57.2824,,,
33,27,-5.6810,57.2824,Ross-shire,-2.79,3.8
33,28,-5.5652,57.2824,Ross-shire,-2.79,3.8
33,29,-5.4493,57.2824,Ross-shire,-2.79,3.8
33,30,-5.3334,57.2824,Ross-shire,-2.79,3.8
33,31,-5.2176,57.2824,Ross-shire,-2.84,3.4
33,32,-5.1017,57.2824,Ross-shire,-2.74,4.3
33,33,-4.9859,57.2824,Inverness-shire,-2.47,7.0
33,34,-4.8700,57.2824,Inverness-shire,-2.65,5.2
33,35,-4.7541,57.2824,Inverness-shire,-2.37,8.0
33,36,-4.6383,57.2824,Inverness-shire,-2.37,8.0
33,37,-4.5224,57.2824,Inverness-shire,-2.51,6.6
33,38,-4.4066,57.2824,Inverness-shire,-2.74,4.3
33,39,-4.2907,57.2824,Inverness-shire,-2.74,4.3
33,40,-4.1748,57.2824,Inverness-shire,-2.79,3.8
33,41,-4.0590,57.2824,Inverness-shire,-2.74,4.3
33,42,-3.9431,57.2824,Inverness-shire,-2.79,3.8
33,43,-3.8272,57.2824,Inverness-shire,-2.79,3.8
33,44,-3.7114,57.2824,Inverness-shire,-3.02,1.6
33,45,-3.5955,57.2824,Inverness-shire,-2.98,2.0
33,46,-3.4797,57.2824,Inverness-shire,-3.53,0.0
33,47,-3.3638,57.2824,Banffshire,-3.21,0.0
33,48,-3.2479,57.2824,Banffshire,-3.3,0.0
33,49,-3.1321,57.2824,Banffshire,-3.53,0.0
33,50,-3.0162,57.2824,Aberdeenshire,-3.58,0.0
33,51,-2.9003,57.2824,Aberdeenshire,-3.53,0.0
33,52,-2.7845,57.2824,Aberdeenshire,-3.53,0.0
33,53,-2.6686,57.2824,Aberdeenshire,-4.05,0.0
33,54,-2.5528,57.2824,Aberdeenshire,-3.91,0.0
33,55,-2.4369,57.2824,Aberdeenshire,-3.16,0.2
33,56,-2.3210,57.2824,Aberdeenshire,-3.49,0.0
33,57,-2.2052,57.2824,Aberdeenshire,-3.49,0.0
33,58,-2.0893,57.2824,Aberdeenshire,-3.16,0.2
33,59,-1.9734,57.2824,,,
33,60,-1.8576,57.2824,,,
33,61,-1.7417,57.2824,,,
33,62,-1.6259,57.2824,,,
33,63,-1.5100,57.2824,,,
33,64,-1.3941,57.2824,,,
33,65,-1.2783,57.2824,,,
33,66,-1.1624,57.2824,,,
33,67,-1.0466,57.2824,,,
33,68,-0.9307,57.2824,,,
33,69,-0.8148,57.2824,,,
33,70,-0.6990,57.2824,,,
33,71,-0.5831,57.2824,,,
33,72,-0.4672,57.2824,,,
33,73,-0.3514,57.2824,,,
33,74,-0.2355,57.2824,,,
33,75,-0.1197,57.2824,,,
33,76,-0.0038,57.2824,,,
33,77,0.1121,57.2824,,,
33,78,0.2279,57.2824,,,
33,79,0.3438,57.2824,,,
33,80,0.4597,57.2824,,,
33,81,0.5755,57.2824,,,
33,82,0.6914,57.2824,,,
33,83,0.8072,57.2824,,,
33,84,0.9231,57.2824,,,
33,85,1.0390,57.2824,,,
33,86,1.1548,57.2824,,,
33,87,1.2707,57.2824,,,
33,88,1.3865,57.2824,,,
33,89,1.5024,57.2824,,,
33,90,1.6183,57.2824,,,
33,91,1.7341,57.2824,,,
33,92,1.8500,57.2824,,,
33,93,1.9659,57.2824,,,
34,0,-8.8093,57.2153,,,
34,1,-8.6934,57.2153,,,
34,2,-8.5776,57.2153,,,
34,3,-8.4617,57.2153,,,
34,4,-8.3459,57.2153,,,
34,5,-8.2300,57.2153,,,
34,6,-8.1141,57.2153,,,
34,7,-7.9983,57.2153,,,
34,8,-7.8824,57.2153,,,
34,9,-7.7665,57.2153,,,
34,10,-7.6507,57.2153,,,
34,11,-7.5348,57.2153,,,
34,12,-7.4190,57.2153,,,
34,13,-7.3031,57.2153,Inverness-shire,nan,nan
34,14,-7.1872,57.2153,,,
34,15,-7.0714,57.2153,,,
34,16,-6.9555,57.2153,,,
34,17,-6.8397,57.2153,,,
34,18,-6.7238,57.2153,,,
34,19,-6.6079,57.2153,,,
34,20,-6.4921,57.2153,,,
34,21,-6.3762,57.2153,,,
34,22,-6.2603,57.2153,Inverness-shire,-2.79,3.8
34,23,-6.1445,57.2153,Inverness-shire,-2.79,3.8
34,24,-6.0286,57.2153,Inverness-shire,-2.79,3.8
34,25,-5.9128,57.2153,Inverness-shire,-2.79,3.8
34,26,-5.7969,57.2153,Inverness-shire,-2.79,3.8
34,27,-5.6810,57.2153,Inverness-shire,-2.79,3.8
34,28,-5.5652,57.2153,Inverness-shire,-2.79,3.8
34,29,-5.4493,57.2153,Ross-shire,-2.79,3.8
34,30,-5.3334,57.2153,Ross-shire,-3.07,1.1
34,31,-5.2176,57.2153,Inverness-shire,-3.07,1.1
34,32,-5.1017,57.2153,Inverness-shire,-2.84,3.4
34,33,-4.9859,57.2153,Inverness-shire,-2.74,4.3
34,34,-4.8700,57.2153,Inverness-shire,-2.47,7.0
34,35,-4.7541,57.2153,Inverness-shire,-2.65,5.2
34,36,-4.6383,57.2153,Inverness-shire,-2.74,4.3
34,37,-4.5224,57.2153,Inverness-shire,-2.42,7.5
34,38,-4.4066,57.2153,Inverness-shire,-3.02,1.6
34,39,-4.2907,57.2153,Inverness-shire,-3.02,1.6
34,40,-4.1748,57.2153,Inverness-shire,-2.84,3.4
34,41,-4.0590,57.2153,Inverness-shire,-2.51,6.6
34,42,-3.9431,57.2153,Inverness-shire,-2.51,6.6
34,43,-3.8272,57.2153,Inverness-shire,-3.02,1.6
34,44,-3.7114,57.2153,Inverness-shire,-2.79,3.8
34,45,-3.5955,57.2153,Inverness-shire,-2.98,2.0
34,46,-3.4797,57.2153,Inverness-shire,-3.16,0.2
34,47,-3.3638,57.2153,Banffshire,-3.21,0.0
34,48,-3.2479,57.2153,Banffshire,-3.4,0.0
34,49,-3.1321,57.2153,Aberdeenshire,-3.21,0.0
34,50,-3.0162,57.2153,Aberdeenshire,-3.4,0.0
34,51,-2.9003,57.2153,Aberdeenshire,-3.53,0.0
34,52,-2.7845,57.2153,Aberdeenshire,-3.58,0.0
34,53,-2.6686,57.2153,Aberdeenshire,-3.77,0.0
34,54,-2.5528,57.2153,Aberdeenshire,-3.53,0.0
34,55,-2.4369,57.2153,Aberdeenshire,-3.49,0.0
34,56,-2.3210,57.2153,Aberdeenshire,-3.49,0.0
34,57,-2.2052,57.2153,Aberdeenshire,-3.49,0.0
34,58,-2.0893,57.2153,Aberdeenshire,-3.07,1.1
34,59,-1.9734,57.2153,,,
34,60,-1.8576,57.2153,,,
34,61,-1.7417,57.2153,,,
34,62,-1.6259,57.2153,,,
34,63,-1.5100,57.2153,,,
34,64,-1.3941,57.2153,,,
34,65,-1.2783,57.2153,,,
34,66,-1.1624,57.2153,,,
34,67,-1.0466,57.2153,,,
34,68,-0.9307,57.2153,,,
34,69,-0.8148,57.2153,,,
34,70,-0.6990,57.2153,,,
34,71,-0.5831,57.2153,,,
34,72,-0.4672,57.2153,,,
34,73,-0.3514,57.2153,,,
34,74,-0.2355,57.2153,,,
34,75,-0.1197,57.2153,,,
34,76,-0.0038,57.2153,,,
34,77,0.1121,57.2153,,,
34,78,0.2279,57.2153,,,
34,79,0.3438,57.2153,,,
34,80,0.4597,57.2153,,,
34,81,0.5755,57.2153,,,
34,82,0.6914,57.2153,,,
34,83,0.8072,57.2153,,,
34,84,0.9231,57.2153,,,
34,85,1.0390,57.2153,,,
34,86,1.1548,57.2153,,,
34,87,1.2707,57.2153,,,
34,88,1.3865,57.2153,,,
34,89,1.5024,57.2153,,,
34,90,1.6183,57.2153,,,
34,91,1.7341,57.2153,,,
34,92,1.8500,57.2153,,,
34,93,1.9659,57.2153,,,
35,0,-8.8093,57.1482,,,
35,1,-8.6934,57.1482,,,
35,2,-8.5776,57.1482,,,
35,3,-8.4617,57.1482,,,
35,4,-8.3459,57.1482,,,
35,5,-8.2300,57.1482,,,
35,6,-8.1141,57.1482,,,
35,7,-7.9983,57.1482,,,
35,8,-7.8824,57.1482,,,
35,9,-7.7665,57.1482,,,
35,10,-7.6507,57.1482,,,
35,11,-7.5348,57.1482,,,
35,12,-7.4190,57.1482,,,
35,13,-7.3031,57.1482,Inverness-shire,nan,nan
35,14,-7.1872,57.1482,,,
35,15,-7.0714,57.1482,,,
35,16,-6.9555,57.1482,,,
35,17,-6.8397,57.1482,,,
35,18,-6.7238,57.1482,,,
35,19,-6.6079,57.1482,,,
35,20,-6.4921,57.1482,,,
35,21,-6.3762,57.1482,,,
35,22,-6.2603,57.1482,,,
35,23,-6.1445,57.1482,,,
35,24,-6.0286,57.1482,,,
35,25,-5.9128,57.1482,Inverness-shire,-2.79,3.8
35,26,-5.7969,57.1482,Inverness-shire,nan,nan
35,27,-5.6810,57.1482,,,
35,28,-5.5652,57.1482,Inverness-shire,-2.79,3.8
35,29,-5.4493,57.1482,Inverness-shire,-3.07,1.1
35,30,-5.3334,57.1482,Ross-shire,-3.07,1.1
35,31,-5.2176,57.1482,Ross-shire,-3.07,1.1
35,32,-5.1017,57.1482,Ross-shire,-3.07,1.1
35,33,-4.9859,57.1482,Inverness-shire,-2.23,9.4
35,34,-4.8700,57.1482,Inverness-shire,-2.19,9.8
35,35,-4.7541,57.1482,Inverness-shire,-2.19,9.8
35,36,-4.6383,57.1482,Inverness-shire,-2.74,4.3
35,37,-4.5224,57.1482,Inverness-shire,-2.74,4.3
35,38,-4.4066,57.1482,Inverness-shire,-2.09,10.8
35,39,-4.2907,57.1482,Inverness-shire,-2.65,5.2
35,40,-4.1748,57.1482,Inverness-shire,-2.79,3.8
35,41,-4.0590,57.1482,Inverness-shire,-3.35,0.0
35,42,-3.9431,57.1482,Inverness-shire,-3.02,1.6
35,43,-3.8272,57.1482,Inverness-shire,-2.88,3.0
35,44,-3.7114,57.1482,Inverness-shire,-2.88,3.0
35,45,-3.5955,57.1482,Inverness-shire,-2.98,2.0
35,46,-3.4797,57.1482,Banffshire,-3.16,0.2
35,47,-3.3638,57.1482,Banffshire,-3.4,0.0
35,48,-3.2479,57.1482,Aberdeenshire,-3.21,0.0
35,49,-3.1321,57.1482,Aberdeenshire,-3.4,0.0
35,50,-3.0162,57.1482,Aberdeenshire,-3.21,0.0
35,51,-2.9003,57.1482,Aberdeenshire,-3.58,0.0
35,52,-2.7845,57.1482,Aberdeenshire,-3.58,0.0
35,53,-2.6686,57.1482,Aberdeenshire,-3.67,0.0
35,54,-2.5528,57.1482,Aberdeenshire,-3.3,0.0
35,55,-2.4369,57.1482,Aberdeenshire,-3.67,0.0
35,56,-2.3210,57.1482,Aberdeenshire,-3.95,0.0
35,57,-2.2052,57.1482,Aberdeenshire,-3.35,0.0
35,58,-2.0893,57.1482,Aberdeenshire,-2.65,5.2
35,59,-1.9734,57.1482,,,
35,60,-1.8576,57.1482,,,
35,61,-1.7417,57.1482,,,
35,62,-1.6259,57.1482,,,
35,63,-1.5100,57.1482,,,
35,64,-1.3941,57.1482,,,
35,65,-1.2783,57.1482,,,
35,66,-1.1624,57.1482,,,
35,67,-1.0466,57.1482,,,
35,68,-0.9307,57.1482,,,
35,69,-0.8148,57.1482,,,
35,70,-0.6990,57.1482,,,
35,71,-0.5831,57.1482,,,
35,72,-0.4672,57.1482,,,
35,73,-0.3514,57.1482,,,
35,74,-0.2355,57.1482,,,
35,75,-0.1197,57.1482,,,
35,76,-0.0038,57.1482,,,
35,77,0.1121,57.1482,,,
35,78,0.2279,57.1482,,,
35,79,0.3438,57.1482,,,
35,80,0.4597,57.1482,,,
35,81,0.5755,57.1482,,,
35,82,0.6914,57.1482,,,
35,83,0.8072,57.1482,,,
35,84,0.9231,57.1482,,,
35,85,1.0390,57.1482,,,
35,86,1.1548,57.1482,,,
35,87,1.2707,57.1482,,,
35,88,1.3865,57.1482,,,
35,89,1.5024,57.1482,,,
35,90,1.6183,57.1482,,,
35,91,1.7341,57.1482,,,
35,92,1.8500,57.1482,,,
35,93,1.9659,57.1482,,,
36,0,-8.8093,57.0812,,,
36,1,-8.6934,57.0812,,,
36,2,-8.5776,57.0812,,,
36,3,-8.4617,57.0812,,,
36,4,-8.3459,57.0812,,,
36,5,-8.2300,57.0812,,,
36,6,-8.1141,57.0812,,,
36,7,-7.9983,57.0812,,,
36,8,-7.8824,57.0812,,,
36,9,-7.7665,57.0812,,,
36,10,-7.6507,57.0812,,,
36,11,-7.5348,57.0812,,,
36,12,-7.4190,57.0812,,,
36,13,-7.3031,57.0812,,,
36,14,-7.1872,57.0812,,,
36,15,-7.0714,57.0812,,,
36,16,-6.9555,57.0812,,,
36,17,-6.8397,57.0812,,,
36,18,-6.7238,57.0812,,,
36,19,-6.6079,57.0812,,,
36,20,-6.4921,57.0812,,,
36,21,-6.3762,57.0812,,,
36,22,-6.2603,57.0812,,,
36,23,-6.1445,57.0812,,,
36,24,-6.0286,57.0812,,,
36,25,-5.9128,57.0812,Inverness-shire,-2.79,3.8
36,26,-5.7969,57.0812,,,
36,27,-5.6810,57.0812,Inverness-shire,-1.86,13.1
36,28,-5.5652,57.0812,Inverness-shire,-3.07,1.1
36,29,-5.4493,57.0812,Inverness-shire,-3.07,1.1
36,30,-5.3334,57.0812,Inverness-shire,-2.65,5.2
36,31,-5.2176,57.0812,Inverness-shire,-2.51,6.6
36,32,-5.1017,57.0812,Inverness-shire,-2.51,6.6
36,33,-4.9859,57.0812,Inverness-shire,-2.23,9.4
36,34,-4.8700,57.0812,Inverness-shire,-2.23,9.4
36,35,-4.7541,57.0812,Inverness-shire,-2.19,9.8
36,36,-4.6383,57.0812,Inverness-shire,-2.19,9.8
36,37,-4.5224,57.0812,Inverness-shire,-1.86,13.1
36,38,-4.4066,57.0812,Inverness-shire,-2.09,10.8
36,39,-4.2907,57.0812,Inverness-shire,-2.09,10.8
36,40,-4.1748,57.0812,Inverness-shire,-2.65,5.2
36,41,-4.0590,57.0812,Inverness-shire,-2.23,9.4
36,42,-3.9431,57.0812,Inverness-shire,-2.23,9.4
36,43,-3.8272,57.0812,Inverness-shire,-2.47,7.0
36,44,-3.7114,57.0812,Inverness-shire,-2.79,3.8
36,45,-3.5955,57.0812,Aberdeenshire,-2.98,2.0
36,46,-3.4797,57.0812,Aberdeenshire,-3.49,0.0
36,47,-3.3638,57.0812,Aberdeenshire,-3.16,0.2
36,48,-3.2479,57.0812,Aberdeenshire,-3.16,0.2
36,49,-3.1321,57.0812,Aberdeenshire,-3.16,0.2
36,50,-3.0162,57.0812,Aberdeenshire,-3.3,0.0
36,51,-2.9003,57.0812,Aberdeenshire,-3.95,0.0
36,52,-2.7845,57.0812,Aberdeenshire,-3.91,0.0
36,53,-2.6686,57.0812,Aberdeenshire,-3.16,0.2
36,54,-2.5528,57.0812,Aberdeenshire,-3.53,0.0
36,55,-2.4369,57.0812,Kincardineshire,-3.95,0.0
36,56,-2.3210,57.0812,Aberdeenshire,-3.95,0.0
36,57,-2.2052,57.0812,Kincardineshire,-3.95,0.0
36,58,-2.0893,57.0812,Kincardineshire,nan,nan
36,59,-1.9734,57.0812,,,
36,60,-1.8576,57.0812,,,
36,61,-1.7417,57.0812,,,
36,62,-1.6259,57.0812,,,
36,63,-1.5100,57.0812,,,
36,64,-1.3941,57.0812,,,
36,65,-1.2783,57.0812,,,
36,66,-1.1624,57.0812,,,
36,67,-1.0466,57.0812,,,
36,68,-0.9307,57.0812,,,
36,69,-0.8148,57.0812,,,
36,70,-0.6990,57.0812,,,
36,71,-0.5831,57.0812,,,
36,72,-0.4672,57.0812,,,
36,73,-0.3514,57.0812,,,
36,74,-0.2355,57.0812,,,
36,75,-0.1197,57.0812,,,
36,76,-0.0038,57.0812,,,
36,77,0.1121,57.0812,,,
36,78,0.2279,57.0812,,,
36,79,0.3438,57.0812,,,
36,80,0.4597,57.0812,,,
36,81,0.5755,57.0812,,,
36,82,0.6914,57.0812,,,
36,83,0.8072,57.0812,,,
36,84,0.9231,57.0812,,,
36,85,1.0390,57.0812,,,
36,86,1.1548,57.0812,,,
36,87,1.2707,57.0812,,,
36,88,1.3865,57.0812,,,
36,89,1.5024,57.0812,,,
36,90,1.6183,57.0812,,,
36,91,1.7341,57.0812,,,
36,92,1.8500,57.0812,,,
36,93,1.9659,57.0812,,,
37,0,-8.8093,57.0141,,,
37,1,-8.6934,57.0141,,,
37,2,-8.5776,57.0141,,,
37,3,-8.4617,57.0141,,,
37,4,-8.3459,57.0141,,,
37,5,-8.2300,57.0141,,,
37,6,-8.1141,57.0141,,,
37,7,-7.9983,57.0141,,,
37,8,-7.8824,57.0141,,,
37,9,-7.7665,57.0141,,,
37,10,-7.6507,57.0141,,,
37,11,-7.5348,57.0141,,,
37,12,-7.4190,57.0141,,,
37,13,-7.3031,57.0141,,,
37,14,-7.1872,57.0141,,,
37,15,-7.0714,57.0141,,,
37,16,-6.9555,57.0141,,,
37,17,-6.8397,57.0141,,,
37,18,-6.7238,57.0141,,,
37,19,-6.6079,57.0141,,,
37,20,-6.4921,57.0141,,,
37,21,-6.3762,57.0141,Argyllshire,nan,nan
37,22,-6.2603,57.0141,Argyllshire,nan,nan
37,23,-6.1445,57.0141,,,
37,24,-6.0286,57.0141,,,
37,25,-5.9128,57.0141,,,
37,26,-5.7969,57.0141,,,
37,27,-5.6810,57.0141,Inverness-shire,-1.86,13.1
37,28,-5.5652,57.0141,Inverness-shire,-1.86,13.1
37,29,-5.4493,57.0141,Inverness-shire,-2.23,9.4
37,30,-5.3334,57.0141,Inverness-shire,-2.84,3.4
37,31,-5.2176,57.0141,Inverness-shire,-2.65,5.2
37,32,-5.1017,57.0141,Inverness-shire,-2.51,6.6
37,33,-4.9859,57.0141,Inverness-shire,-2.51,6.6
37,34,-4.8700,57.0141,Inverness-shire,-2.23,9.4
37,35,-4.7541,57.0141,Inverness-shire,-2.23,9.4
37,36,-4.6383,57.0141,Inverness-shire,-2.05,11.2
37,37,-4.5224,57.0141,Inverness-shire,-2.42,7.5
37,38,-4.4066,57.0141,Inverness-shire,-2.09,10.8
37,39,-4.2907,57.0141,Inverness-shire,-2.6,5.7
37,40,-4.1748,57.0141,Inverness-shire,-2.05,11.2
37,41,-4.0590,57.0141,Inverness-shire,-2.23,9.4
37,42,-3.9431,57.0141,Inverness-shire,-2.19,9.8
37,43,-3.8272,57.0141,Inverness-shire,-3.58,0.0
37,44,-3.7114,57.0141,Aberdeenshire,-2.23,9.4
37,45,-3.5955,57.0141,Aberdeenshire,-3.02,1.6
37,46,-3.4797,57.0141,Aberdeenshire,-3.21,0.0
37,47,-3.3638,57.0141,Aberdeenshire,-3.16,0.2
37,48,-3.2479,57.0141,Aberdeenshire,-3.3,0.0
37,49,-3.1321,57.0141,Aberdeenshire,-3.16,0.2
37,50,-3.0162,57.0141,Aberdeenshire,-3.16,0.2
37,51,-2.9003,57.0141,Aberdeenshire,-3.4,0.0
37,52,-2.7845,57.0141,Aberdeenshire,-3.63,0.0
37,53,-2.6686,57.0141,Aberdeenshire,-3.91,0.0
37,54,-2.5528,57.0141,Kincardineshire,-4.51,0.0
37,55,-2.4369,57.0141,Kincardineshire,-4.09,0.0
37,56,-2.3210,57.0141,Kincardineshire,-3.58,0.0
37,57,-2.2052,57.0141,Kincardineshire,-3.67,0.0
37,58,-2.0893,57.0141,,,
37,59,-1.9734,57.0141,,,
37,60,-1.8576,57.0141,,,
37,61,-1.7417,57.0141,,,
37,62,-1.6259,57.0141,,,
37,63,-1.5100,57.0141,,,
37,64,-1.3941,57.0141,,,
37,65,-1.2783,57.0141,,,
37,66,-1.1624,57.0141,,,
37,67,-1.0466,57.0141,,,
37,68,-0.9307,57.0141,,,
37,69,-0.8148,57.0141,,,
37,70,-0.6990,57.0141,,,
37,71,-0.5831,57.0141,,,
37,72,-0.4672,57.0141,,,
37,73,-0.3514,57.0141,,,
37,74,-0.2355,57.0141,,,
37,75,-0.1197,57.0141,,,
37,76,-0.0038,57.0141,,,
37,77,0.1121,57.0141,,,
37,78,0.2279,57.0141,,,
37,79,0.3438,57.0141,,,
37,80,0.4597,57.0141,,,
37,81,0.5755,57.0141,,,
37,82,0.6914,57.0141,,,
37,83,0.8072,57.0141,,,
37,84,0.9231,57.0141,,,
37,85,1.0390,57.0141,,,
37,86,1.1548,57.0141,,,
37,87,1.2707,57.0141,,,
37,88,1.3865,57.0141,,,
37,89,1.5024,57.0141,,,
37,90,1.6183,57.0141,,,
37,91,1.7341,57.0141,,,
37,92,1.8500,57.0141,,,
37,93,1.9659,57.0141,,,
38,0,-8.8093,56.9470,,,
38,1,-8.6934,56.9470,,,
38,2,-8.5776,56.9470,,,
38,3,-8.4617,56.9470,,,
38,4,-8.3459,56.9470,,,
38,5,-8.2300,56.9470,,,
38,6,-8.1141,56.9470,,,
38,7,-7.9983,56.9470,,,
38,8,-7.8824,56.9470,,,
38,9,-7.7665,56.9470,,,
38,10,-7.6507,56.9470,,,
38,11,-7.5348,56.9470,,,
38,12,-7.4190,56.9470,,,
38,13,-7.3031,56.9470,,,
38,14,-7.1872,56.9470,,,
38,15,-7.0714,56.9470,,,
38,16,-6.9555,56.9470,,,
38,17,-6.8397,56.9470,,,
38,18,-6.7238,56.9470,,,
38,19,-6.6079,56.9470,,,
38,20,-6.4921,56.9470,,,
38,21,-6.3762,56.9470,,,
38,22,-6.2603,56.9470,,,
38,23,-6.1445,56.9470,,,
38,24,-6.0286,56.9470,,,
38,25,-5.9128,56.9470,,,
38,26,-5.7969,56.9470,Inverness-shire,-2.74,4.3
38,27,-5.6810,56.9470,Inverness-shire,-2.74,4.3
38,28,-5.5652,56.9470,Inverness-shire,-1.86,13.1
38,29,-5.4493,56.9470,Inverness-shire,-1.86,13.1
38,30,-5.3334,56.9470,Inverness-shire,-2.23,9.4
38,31,-5.2176,56.9470,Inverness-shire,-2.84,3.4
38,32,-5.1017,56.9470,Inverness-shire,-2.65,5.2
38,33,-4.9859,56.9470,Inverness-shire,-2.51,6.6
38,34,-4.8700,56.9470,Inverness-shire,-2.74,4.3
38,35,-4.7541,56.9470,Inverness-shire,-2.74,4.3
38,36,-4.6383,56.9470,Inverness-shire,-1.86,13.1
38,37,-4.5224,56.9470,Inverness-shire,-2.42,7.5
38,38,-4.4066,56.9470,Inverness-shire,-1.86,13.1
38,39,-4.2907,56.9470,Inverness-shire,-2.84,3.4
38,40,-4.1748,56.9470,Inverness-shire,-2.65,5.2
38,41,-4.0590,56.9470,Inverness-shire,-2.19,9.8
38,42,-3.9431,56.9470,Inverness-shire,-2.09,10.8
38,43,-3.8272,56.9470,Inverness-shire,-1.86,13.1
38,44,-3.7114,56.9470,Aberdeenshire,-2.42,7.5
38,45,-3.5955,56.9470,Aberdeenshire,-2.98,2.0
38,46,-3.4797,56.9470,Aberdeenshire,-3.02,1.6
38,47,-3.3638,56.9470,Aberdeenshire,-3.21,0.0
38,48,-3.2479,56.9470,Aberdeenshire,-3.21,0.0
38,49,-3.1321,56.9470,Aberdeenshire,-3.21,0.0
38,50,-3.0162,56.9470,Angus,-4.23,0.0
38,51,-2.9003,56.9470,Angus,-3.95,0.0
38,52,-2.7845,56.9470,Angus,-3.07,1.1
38,53,-2.6686,56.9470,Kincardineshire,-3.67,0.0
38,54,-2.5528,56.9470,Kincardineshire,-4.05,0.0
38,55,-2.4369,56.9470,Kincardineshire,-3.95,0.0
38,56,-2.3210,56.9470,Kincardineshire,-3.63,0.0
38,57,-2.2052,56.9470,Kincardineshire,-3.16,0.2
38,58,-2.0893,56.9470,,,
38,59,-1.9734,56.9470,,,
38,60,-1.8576,56.9470,,,
38,61,-1.7417,56.9470,,,
38,62,-1.6259,56.9470,,,
38,63,-1.5100,56.9470,,,
38,64,-1.3941,56.9470,,,
38,65,-1.2783,56.9470,,,
38,66,-1.1624,56.9470,,,
38,67,-1.0466,56.9470,,,
38,68,-0.9307,56.9470,,,
38,69,-0.8148,56.9470,,,
38,70,-0.6990,56.9470,,,
38,71,-0.5831,56.9470,,,
38,72,-0.4672,56.9470,,,
38,73,-0.3514,56.9470,,,
38,74,-0.2355,56.9470,,,
38,75,-0.1197,56.9470,,,
38,76,-0.0038,56.9470,,,
38,77,0.1121,56.9470,,,
38,78,0.2279,56.9470,,,
38,79,0.3438,56.9470,,,
38,80,0.4597,56.9470,,,
38,81,0.5755,56.9470,,,
38,82,0.6914,56.9470,,,
38,83,0.8072,56.9470,,,
38,84,0.9231,56.9470,,,
38,85,1.0390,56.9470,,,
38,86,1.1548,56.9470,,,
38,87,1.2707,56.9470,,,
38,88,1.3865,56.9470,,,
38,89,1.5024,56.9470,,,
38,90,1.6183,56.9470,,,
38,91,1.7341,56.9470,,,
38,92,1.8500,56.9470,,,
38,93,1.9659,56.9470,,,
39,0,-8.8093,56.8800,,,
39,1,-8.6934,56.8800,,,
39,2,-8.5776,56.8800,,,
39,3,-8.4617,56.8800,,,
39,4,-8.3459,56.8800,,,
39,5,-8.2300,56.8800,,,
39,6,-8.1141,56.8800,,,
39,7,-7.9983,56.8800,,,
39,8,-7.8824,56.8800,,,
39,9,-7.7665,56.8800,,,
39,10,-7.6507,56.8800,,,
39,11,-7.5348,56.8800,,,
39,12,-7.4190,56.8800,,,
39,13,-7.3031,56.8800,,,
39,14,-7.1872,56.8800,,,
39,15,-7.0714,56.8800,,,
39,16,-6.9555,56.8800,,,
39,17,-6.8397,56.8800,,,
39,18,-6.7238,56.8800,,,
39,19,-6.6079,56.8800,,,
39,20,-6.4921,56.8800,,,
39,21,-6.3762,56.8800,,,
39,22,-6.2603,56.8800,,,
39,23,-6.1445,56.8800,,,
39,24,-6.0286,56.8800,,,
39,25,-5.9128,56.8800,,,
39,26,-5.7969,56.8800,Inverness-shire,nan,nan
39,27,-5.6810,56.8800,Inverness-shire,nan,nan
39,28,-5.5652,56.8800,Inverness-shire,-2.74,4.3
39,29,-5.4493,56.8800,Inverness-shire,-1.86,13.1
39,30,-5.3334,56.8800,Argyllshire,-1.86,13.1
39,31,-5.2176,56.8800,Argyllshire,-2.23,9.4
39,32,-5.1017,56.8800,Argyllshire,-2.84,3.4
39,33,-4.9859,56.8800,Inverness-shire,-2.47,7.0
39,34,-4.8700,56.8800,Inverness-shire,-2.23,9.4
39,35,-4.7541,56.8800,Inverness-shire,-2.47,7.0
39,36,-4.6383,56.8800,Inverness-shire,-1.67,14.9
39,37,-4.5224,56.8800,Inverness-shire,-2.09,10.8
39,38,-4.4066,56.8800,Inverness-shire,-2.84,3.4
39,39,-4.2907,56.8800,Inverness-shire,-2.51,6.6
39,40,-4.1748,56.8800,Inverness-shire,-2.23,9.4
39,41,-4.0590,56.8800,Perthshire,-2.09,10.8
39,42,-3.9431,56.8800,Perthshire,-2.74,4.3
39,43,-3.8272,56.8800,Perthshire,-1.86,13.1
39,44,-3.7114,56.8800,Perthshire,-1.86,13.1
39,45,-3.5955,56.8800,Perthshire,-2.47,7.0
39,46,-3.4797,56.8800,Aberdeenshire,-3.02,1.6
39,47,-3.3638,56.8800,Aberdeenshire,-3.21,0.0
39,48,-3.2479,56.8800,Angus,-3.16,0.2
39,49,-3.1321,56.8800,Angus,-3.21,0.0
39,50,-3.0162,56.8800,Angus,-3.53,0.0
39,51,-2.9003,56.8800,Angus,-3.91,0.0
39,52,-2.7845,56.8800,Angus,-3.91,0.0
39,53,-2.6686,56.8800,Angus,-2.98,2.0
39,54,-2.5528,56.8800,Kincardineshire,-3.4,0.0
39,55,-2.4369,56.8800,Kincardineshire,-3.77,0.0
39,56,-2.3210,56.8800,Kincardineshire,-3.95,0.0
39,57,-2.2052,56.8800,Kincardineshire,nan,nan
39,58,-2.0893,56.8800,,,
39,59,-1.9734,56.8800,,,
39,60,-1.8576,56.8800,,,
39,61,-1.7417,56.8800,,,
39,62,-1.6259,56.8800,,,
39,63,-1.5100,56.8800,,,
39,64,-1.3941,56.8800,,,
39,65,-1.2783,56.8800,,,
39,66,-1.1624,56.8800,,,
39,67,-1.0466,56.8800,,,
39,68,-0.9307,56.8800,,,
39,69,-0.8148,56.8800,,,
39,70,-0.6990,56.8800,,,
39,71,-0.5831,56.8800,,,
39,72,-0.4672,56.8800,,,
39,73,-0.3514,56.8800,,,
39,74,-0.2355,56.8800,,,
39,75,-0.1197,56.8800,,,
39,76,-0.0038,56.8800,,,
39,77,0.1121,56.8800,,,
39,78,0.2279,56.8800,,,
39,79,0.3438,56.8800,,,
39,80,0.4597,56.8800,,,
39,81,0.5755,56.8800,,,
39,82,0.6914,56.8800,,,
39,83,0.8072,56.8800,,,
39,84,0.9231,56.8800,,,
39,85,1.0390,56.8800,,,
39,86,1.1548,56.8800,,,
39,87,1.2707,56.8800,,,
39,88,1.3865,56.8800,,,
39,89,1.5024,56.8800,,,
39,90,1.6183,56.8800,,,
39,91,1.7341,56.8800,,,
39,92,1.8500,56.8800,,,
39,93,1.9659,56.8800,,,
40,0,-8.8093,56.8129,,,
40,1,-8.6934,56.8129,,,
40,2,-8.5776,56.8129,,,
40,3,-8.4617,56.8129,,,
40,4,-8.3459,56.8129,,,
40,5,-8.2300,56.8129,,,
40,6,-8.1141,56.8129,,,
40,7,-7.9983,56.8129,,,
40,8,-7.8824,56.8129,,,
40,9,-7.7665,56.8129,,,
40,10,-7.6507,56.8129,,,
40,11,-7.5348,56.8129,,,
40,12,-7.4190,56.8129,,,
40,13,-7.3031,56.8129,,,
40,14,-7.1872,56.8129,,,
40,15,-7.0714,56.8129,,,
40,16,-6.9555,56.8129,,,
40,17,-6.8397,56.8129,,,
40,18,-6.7238,56.8129,,,
40,19,-6.6079,56.8129,,,
40,20,-6.4921,56.8129,,,
40,21,-6.3762,56.8129,,,
40,22,-6.2603,56.8129,,,
40,23,-6.1445,56.8129,,,
40,24,-6.0286,56.8129,,,
40,25,-5.9128,56.8129,,,
40,26,-5.7969,56.8129,Inverness-shire,-3.58,0.0
40,27,-5.6810,56.8129,Inverness-shire,-3.58,0.0
40,28,-5.5652,56.8129,Inverness-shire,-2.84,3.4
40,29,-5.4493,56.8129,Argyllshire,-2.74,4.3
40,30,-5.3334,56.8129,Argyllshire,-1.86,13.1
40,31,-5.2176,56.8129,Argyllshire,-2.65,5.2
40,32,-5.1017,56.8129,Argyllshire,-2.84,3.4
40,33,-4.9859,56.8129,Inverness-shire,-2.74,4.3
40,34,-4.8700,56.8129,Inverness-shire,-2.88,3.0
40,35,-4.7541,56.8129,Inverness-shire,-2.42,7.5
40,36,-4.6383,56.8129,Inverness-shire,-2.42,7.5
40,37,-4.5224,56.8129,Inverness-shire,-2.84,3.4
40,38,-4.4066,56.8129,Inverness-shire,-2.51,6.6
40,39,-4.2907,56.8129,Perthshire,-2.79,3.8
40,40,-4.1748,56.8129,Perthshire,-2.74,4.3
40,41,-4.0590,56.8129,Perthshire,-1.67,14.9
40,42,-3.9431,56.8129,Perthshire,-2.74,4.3
40,43,-3.8272,56.8129,Perthshire,-2.42,7.5
40,44,-3.7114,56.8129,Perthshire,-2.51,6.6
40,45,-3.5955,56.8129,Perthshire,-2.19,9.8
40,46,-3.4797,56.8129,Perthshire,-3.58,0.0
40,47,-3.3638,56.8129,Angus,-3.53,0.0
40,48,-3.2479,56.8129,Angus,-3.77,0.0
40,49,-3.1321,56.8129,Angus,-3.58,0.0
40,50,-3.0162,56.8129,Angus,-3.16,0.2
40,51,-2.9003,56.8129,Angus,-2.74,4.3
40,52,-2.7845,56.8129,Angus,-3.95,0.0
40,53,-2.6686,56.8129,Angus,-3.35,0.0
40,54,-2.5528,56.8129,Kincardineshire,-3.95,0.0
40,55,-2.4369,56.8129,Kincardineshire,-4.05,0.0
40,56,-2.3210,56.8129,Kincardineshire,-3.21,0.0
40,57,-2.2052,56.8129,,,
40,58,-2.0893,56.8129,,,
40,59,-1.9734,56.8129,,,
40,60,-1.8576,56.8129,,,
40,61,-1.7417,56.8129,,,
40,62,-1.6259,56.8129,,,
40,63,-1.5100,56.8129,,,
40,64,-1.3941,56.8129,,,
40,65,-1.2783,56.8129,,,
40,66,-1.1624,56.8129,,,
40,67,-1.0466,56.8129,,,
40,68,-0.9307,56.8129,,,
40,69,-0.8148,56.8129,,,
40,70,-0.6990,56.8129,,,
40,71,-0.5831,56.8129,,,
40,72,-0.4672,56.8129,,,
40,73,-0.3514,56.8129,,,
40,74,-0.2355,56.8129,,,
40,75,-0.1197,56.8129,,,
40,76,-0.0038,56.8129,,,
40,77,0.1121,56.8129,,,
40,78,0.2279,56.8129,,,
40,79,0.3438,56.8129,,,
40,80,0.4597,56.8129,,,
40,81,0.5755,56.8129,,,
40,82,0.6914,56.8129,,,
40,83,0.8072,56.8129,,,
40,84,0.9231,56.8129,,,
40,85,1.0390,56.8129,,,
40,86,1.1548,56.8129,,,
40,87,1.2707,56.8129,,,
40,88,1.3865,56.8129,,,
40,89,1.5024,56.8129,,,
40,90,1.6183,56.8129,,,
40,91,1.7341,56.8129,,,
40,92,1.8500,56.8129,,,
40,93,1.9659,56.8129,,,
41,0,-8.8093,56.7458,,,
41,1,-8.6934,56.7458,,,
41,2,-8.5776,56.7458,,,
41,3,-8.4617,56.7458,,,
41,4,-8.3459,56.7458,,,
41,5,-8.2300,56.7458,,,
41,6,-8.1141,56.7458,,,
41,7,-7.9983,56.7458,,,
41,8,-7.8824,56.7458,,,
41,9,-7.7665,56.7458,,,
41,10,-7.6507,56.7458,,,
41,11,-7.5348,56.7458,,,
41,12,-7.4190,56.7458,,,
41,13,-7.3031,56.7458,,,
41,14,-7.1872,56.7458,,,
41,15,-7.0714,56.7458,,,
41,16,-6.9555,56.7458,,,
41,17,-6.8397,56.7458,,,
41,18,-6.7238,56.7458,,,
41,19,-6.6079,56.7458,,,
41,20,-6.4921,56.7458,,,
41,21,-6.3762,56.7458,,,
41,22,-6.2603,56.7458,,,
41,23,-6.1445,56.7458,,,
41,24,-6.0286,56.7458,Argyllshire,-3.02,1.6
41,25,-5.9128,56.7458,Argyllshire,-3.02,1.6
41,26,-5.7969,56.7458,Argyllshire,-2.79,3.8
41,27,-5.6810,56.7458,Argyllshire,-3.58,0.0
41,28,-5.5652,56.7458,Argyllshire,-3.58,0.0
41,29,-5.4493,56.7458,Argyllshire,-2.84,3.4
41,30,-5.3334,56.7458,Argyllshire,-2.74,4.3
41,31,-5.2176,56.7458,Argyllshire,nan,nan
41,32,-5.1017,56.7458,Inverness-shire,-2.74,4.3
41,33,-4.9859,56.7458,Inverness-shire,-2.74,4.3
41,34,-4.8700,56.7458,Inverness-shire,-2.74,4.3
41,35,-4.7541,56.7458,Inverness-shire,-3.02,1.6
41,36,-4.6383,56.7458,Inverness-shire,-2.19,9.8
41,37,-4.5224,56.7458,Perthshire,-2.74,4.3
41,38,-4.4066,56.7458,Perthshire,-2.47,7.0
41,39,-4.2907,56.7458,Perthshire,-2.23,9.4
41,40,-4.1748,56.7458,Perthshire,-2.65,5.2
41,41,-4.0590,56.7458,Perthshire,-1.86,13.1
41,42,-3.9431,56.7458,Perthshire,-1.86,13.1
41,43,-3.8272,56.7458,Perthshire,-2.42,7.5
41,44,-3.7114,56.7458,Perthshire,-3.02,1.6
41,45,-3.5955,56.7458,Perthshire,-2.47,7.0
41,46,-3.4797,56.7458,Perthshire,-4.05,0.0
41,47,-3.3638,56.7458,Angus,-2.51,6.6
41,48,-3.2479,56.7458,Angus,-3.63,0.0
41,49,-3.1321,56.7458,Angus,-3.21,0.0
41,50,-3.0162,56.7458,Angus,-4.23,0.0
41,51,-2.9003,56.7458,Angus,-3.91,0.0
41,52,-2.7845,56.7458,Angus,-3.95,0.0
41,53,-2.6686,56.7458,Angus,-3.77,0.0
41,54,-2.5528,56.7458,Angus,-4.05,0.0
41,55,-2.4369,56.7458,Angus,-3.63,0.0
41,56,-2.3210,56.7458,,,
41,57,-2.2052,56.7458,,,
41,58,-2.0893,56.7458,,,
41,59,-1.9734,56.7458,,,
41,60,-1.8576,56.7458,,,
41,61,-1.7417,56.7458,,,
41,62,-1.6259,56.7458,,,
41,63,-1.5100,56.7458,,,
41,64,-1.3941,56.7458,,,
41,65,-1.2783,56.7458,,,
41,66,-1.1624,56.7458,,,
41,67,-1.0466,56.7458,,,
41,68,-0.9307,56.7458,,,
41,69,-0.8148,56.7458,,,
41,70,-0.6990,56.7458,,,
41,71,-0.5831,56.7458,,,
41,72,-0.4672,56.7458,,,
41,73,-0.3514,56.7458,,,
41,74,-0.2355,56.7458,,,
41,75,-0.1197,56.7458,,,
41,76,-0.0038,56.7458,,,
41,77,0.1121,56.7458,,,
41,78,0.2279,56.7458,,,
41,79,0.3438,56.7458,,,
41,80,0.4597,56.7458,,,
41,81,0.5755,56.7458,,,
41,82,0.6914,56.7458,,,
41,83,0.8072,56.7458,,,
41,84,0.9231,56.7458,,,
41,85,1.0390,56.7458,,,
41,86,1.1548,56.7458,,,
41,87,1.2707,56.7458,,,
41,88,1.3865,56.7458,,,
41,89,1.5024,56.7458,,,
41,90,1.6183,56.7458,,,
41,91,1.7341,56.7458,,,
41,92,1.8500,56.7458,,,
41,93,1.9659,56.7458,,,
42,0,-8.8093,56.6788,,,
42,1,-8.6934,56.6788,,,
42,2,-8.5776,56.6788,,,
42,3,-8.4617,56.6788,,,
42,4,-8.3459,56.6788,,,
42,5,-8.2300,56.6788,,,
42,6,-8.1141,56.6788,,,
42,7,-7.9983,56.6788,,,
42,8,-7.8824,56.6788,,,
42,9,-7.7665,56.6788,,,
42,10,-7.6507,56.6788,,,
42,11,-7.5348,56.6788,,,
42,12,-7.4190,56.6788,,,
42,13,-7.3031,56.6788,,,
42,14,-7.1872,56.6788,,,
42,15,-7.0714,56.6788,,,
42,16,-6.9555,56.6788,,,
42,17,-6.8397,56.6788,,,
42,18,-6.7238,56.6788,,,
42,19,-6.6079,56.6788,,,
42,20,-6.4921,56.6788,,,
42,21,-6.3762,56.6788,,,
42,22,-6.2603,56.6788,,,
42,23,-6.1445,56.6788,,,
42,24,-6.0286,56.6788,,,
42,25,-5.9128,56.6788,Argyllshire,-3.02,1.6
42,26,-5.7969,56.6788,Argyllshire,nan,nan
42,27,-5.6810,56.6788,Argyllshire,-2.79,3.8
42,28,-5.5652,56.6788,Argyllshire,-2.98,2.0
42,29,-5.4493,56.6788,Argyllshire,-2.51,6.6
42,30,-5.3334,56.6788,Argyllshire,nan,nan
42,31,-5.2176,56.6788,,,
42,32,-5.1017,56.6788,Argyllshire,-2.47,7.0
42,33,-4.9859,56.6788,Argyllshire,-2.79,3.8
42,34,-4.8700,56.6788,Argyllshire,-2.47,7.0
42,35,-4.7541,56.6788,Argyllshire,-2.47,7.0
42,36,-4.6383,56.6788,Argyllshire,-2.23,9.4
42,37,-4.5224,56.6788,Perthshire,-2.74,4.3
42,38,-4.4066,56.6788,Perthshire,-2.47,7.0
42,39,-4.2907,56.6788,Perthshire,-3.02,1.6
42,40,-4.1748,56.6788,Perthshire,-2.51,6.6
42,41,-4.0590,56.6788,Perthshire,-2.47,7.0
42,42,-3.9431,56.6788,Perthshire,-2.37,8.0
42,43,-3.8272,56.6788,Perthshire,-2.37,8.0
42,44,-3.7114,56.6788,Perthshire,-3.58,0.0
42,45,-3.5955,56.6788,Perthshire,-3.07,1.1
42,46,-3.4797,56.6788,Perthshire,-3.91,0.0
42,47,-3.3638,56.6788,Perthshire,-3.67,0.0
42,48,-3.2479,56.6788,Angus,-3.3,0.0
42,49,-3.1321,56.6788,Angus,-3.72,0.0
42,50,-3.0162,56.6788,Angus,-3.95,0.0
42,51,-2.9003,56.6788,Angus,-4.09,0.0
42,52,-2.7845,56.6788,Angus,-3.91,0.0
42,53,-2.6686,56.6788,Angus,-3.95,0.0
42,54,-2.5528,56.6788,Angus,-3.58,0.0
42,55,-2.4369,56.6788,,,
42,56,-2.3210,56.6788,,,
42,57,-2.2052,56.6788,,,
42,58,-2.0893,56.6788,,,
42,59,-1.9734,56.6788,,,
42,60,-1.8576,56.6788,,,
42,61,-1.7417,56.6788,,,
42,62,-1.6259,56.6788,,,
42,63,-1.5100,56.6788,,,
42,64,-1.3941,56.6788,,,
42,65,-1.2783,56.6788,,,
42,66,-1.1624,56.6788,,,
42,67,-1.0466,56.6788,,,
42,68,-0.9307,56.6788,,,
42,69,-0.8148,56.6788,,,
42,70,-0.6990,56.6788,,,
42,71,-0.5831,56.6788,,,
42,72,-0.4672,56.6788,,,
42,73,-0.3514,56.6788,,,
42,74,-0.2355,56.6788,,,
42,75,-0.1197,56.6788,,,
42,76,-0.0038,56.6788,,,
42,77,0.1121,56.6788,,,
42,78,0.2279,56.6788,,,
42,79,0.3438,56.6788,,,
42,80,0.4597,56.6788,,,
42,81,0.5755,56.6788,,,
42,82,0.6914,56.6788,,,
42,83,0.8072,56.6788,,,
42,84,0.9231,56.6788,,,
42,85,1.0390,56.6788,,,
42,86,1.1548,56.6788,,,
42,87,1.2707,56.6788,,,
42,88,1.3865,56.6788,,,
42,89,1.5024,56.6788,,,
42,90,1.6183,56.6788,,,
42,91,1.7341,56.6788,,,
42,92,1.8500,56.6788,,,
42,93,1.9659,56.6788,,,
43,0,-8.8093,56.6117,,,
43,1,-8.6934,56.6117,,,
43,2,-8.5776,56.6117,,,
43,3,-8.4617,56.6117,,,
43,4,-8.3459,56.6117,,,
43,5,-8.2300,56.6117,,,
43,6,-8.1141,56.6117,,,
43,7,-7.9983,56.6117,,,
43,8,-7.8824,56.6117,,,
43,9,-7.7665,56.6117,,,
43,10,-7.6507,56.6117,,,
43,11,-7.5348,56.6117,,,
43,12,-7.4190,56.6117,,,
43,13,-7.3031,56.6117,,,
43,14,-7.1872,56.6117,,,
43,15,-7.0714,56.6117,,,
43,16,-6.9555,56.6117,,,
43,17,-6.8397,56.6117,,,
43,18,-6.7238,56.6117,,,
43,19,-6.6079,56.6117,Argyllshire,nan,nan
43,20,-6.4921,56.6117,,,
43,21,-6.3762,56.6117,,,
43,22,-6.2603,56.6117,,,
43,23,-6.1445,56.6117,Argyllshire,nan,nan
43,24,-6.0286,56.6117,,,
43,25,-5.9128,56.6117,Argyllshire,-3.02,1.6
43,26,-5.7969,56.6117,Argyllshire,-3.02,1.6
43,27,-5.6810,56.6117,Argyllshire,-3.02,1.6
43,28,-5.5652,56.6117,Argyllshire,-2.84,3.4
43,29,-5.4493,56.6117,,,
43,30,-5.3334,56.6117,,,
43,31,-5.2176,56.6117,Argyllshire,-2.74,4.3
43,32,-5.1017,56.6117,Argyllshire,-2.23,9.4
43,33,-4.9859,56.6117,Argyllshire,-2.47,7.0
43,34,-4.8700,56.6117,Argyllshire,-2.47,7.0
43,35,-4.7541,56.6117,Argyllshire,-3.07,1.1
43,36,-4.6383,56.6117,Argyllshire,-2.74,4.3
43,37,-4.5224,56.6117,Perthshire,-2.23,9.4
43,38,-4.4066,56.6117,Perthshire,-2.74,4.3
43,39,-4.2907,56.6117,Perthshire,-2.51,6.6
43,40,-4.1748,56.6117,Perthshire,-2.23,9.4
43,41,-4.0590,56.6117,Perthshire,-2.74,4.3
43,42,-3.9431,56.6117,Perthshire,-2.74,4.3
43,43,-3.8272,56.6117,Perthshire,-3.07,1.1
43,44,-3.7114,56.6117,Perthshire,-3.07,1.1
43,45,-3.5955,56.6117,Perthshire,-3.58,0.0
43,46,-3.4797,56.6117,Perthshire,-3.3,0.0
43,47,-3.3638,56.6117,Perthshire,-4.05,0.0
43,48,-3.2479,56.6117,Perthshire,-3.77,0.0
43,49,-3.1321,56.6117,Perthshire,-3.67,0.0
43,50,-3.0162,56.6117,Angus,-3.91,0.0
43,51,-2.9003,56.6117,Angus,-3.67,0.0
43,52,-2.7845,56.6117,Angus,-3.91,0.0
43,53,-2.6686,56.6117,Angus,-4.47,0.0
43,54,-2.5528,56.6117,Angus,-3.4,0.0
43,55,-2.4369,56.6117,,,
43,56,-2.3210,56.6117,,,
43,57,-2.2052,56.6117,,,
43,58,-2.0893,56.6117,,,
43,59,-1.9734,56.6117,,,
43,60,-1.8576,56.6117,,,
43,61,-1.7417,56.6117,,,
43,62,-1.6259,56.6117,,,
43,63,-1.5100,56.6117,,,
43,64,-1.3941,56.6117,,,
43,65,-1.2783,56.6117,,,
43,66,-1.1624,56.6117,,,
43,67,-1.0466,56.6117,,,
43,68,-0.9307,56.6117,,,
43,69,-0.8148,56.6117,,,
43,70,-0.6990,56.6117,,,
43,71,-0.5831,56.6117,,,
43,72,-0.4672,56.6117,,,
43,73,-0.3514,56.6117,,,
43,74,-0.2355,56.6117,,,
43,75,-0.1197,56.6117,,,
43,76,-0.0038,56.6117,,,
43,77,0.1121,56.6117,,,
43,78,0.2279,56.6117,,,
43,79,0.3438,56.6117,,,
43,80,0.4597,56.6117,,,
43,81,0.5755,56.6117,,,
43,82,0.6914,56.6117,,,
43,83,0.8072,56.6117,,,
43,84,0.9231,56.6117,,,
43,85,1.0390,56.6117,,,
43,86,1.1548,56.6117,,,
43,87,1.2707,56.6117,,,
43,88,1.3865,56.6117,,,
43,89,1.5024,56.6117,,,
43,90,1.6183,56.6117,,,
43,91,1.7341,56.6117,,,
43,92,1.8500,56.6117,,,
43,93,1.9659,56.6117,,,
44,0,-8.8093,56.5446,,,
44,1,-8.6934,56.5446,,,
44,2,-8.5776,56.5446,,,
44,3,-8.4617,56.5446,,,
44,4,-8.3459,56.5446,,,
44,5,-8.2300,56.5446,,,
44,6,-8.1141,56.5446,,,
44,7,-7.9983,56.5446,,,
44,8,-7.8824,56.5446,,,
44,9,-7.7665,56.5446,,,
44,10,-7.6507,56.5446,,,
44,11,-7.5348,56.5446,,,
44,12,-7.4190,56.5446,,,
44,13,-7.3031,56.5446,,,
44,14,-7.1872,56.5446,,,
44,15,-7.0714,56.5446,,,
44,16,-6.9555,56.5446,,,
44,17,-6.8397,56.5446,,,
44,18,-6.7238,56.5446,,,
44,19,-6.6079,56.5446,,,
44,20,-6.4921,56.5446,,,
44,21,-6.3762,56.5446,,,
44,22,-6.2603,56.5446,Argyllshire,nan,nan
44,23,-6.1445,56.5446,Argyllshire,nan,nan
44,24,-6.0286,56.5446,Argyllshire,nan,nan
44,25,-5.9128,56.5446,,,
44,26,-5.7969,56.5446,Argyllshire,-3.02,1.6
44,27,-5.6810,56.5446,Argyllshire,-2.51,6.6
44,28,-5.5652,56.5446,Argyllshire,-2.51,6.6
44,29,-5.4493,56.5446,,,
44,30,-5.3334,56.5446,Argyllshire,-2.74,4.3
44,31,-5.2176,56.5446,Argyllshire,-2.23,9.4
44,32,-5.1017,56.5446,Argyllshire,-2.23,9.4
44,33,-4.9859,56.5446,Argyllshire,-2.51,6.6
44,34,-4.8700,56.5446,Argyllshire,-2.65,5.2
44,35,-4.7541,56.5446,Argyllshire,-2.51,6.6
44,36,-4.6383,56.5446,Argyllshire,-2.47,7.0
44,37,-4.5224,56.5446,Perthshire,-2.74,4.3
44,38,-4.4066,56.5446,Perthshire,-2.51,6.6
44,39,-4.2907,56.5446,Perthshire,-2.65,5.2
44,40,-4.1748,56.5446,Perthshire,-2.79,3.8
44,41,-4.0590,56.5446,Perthshire,-2.79,3.8
44,42,-3.9431,56.5446,Perthshire,-3.3,0.0
44,43,-3.8272,56.5446,Perthshire,-3.02,1.6
44,44,-3.7114,56.5446,Perthshire,-2.65,5.2
44,45,-3.5955,56.5446,Perthshire,-3.49,0.0
44,46,-3.4797,56.5446,Perthshire,-3.53,0.0
44,47,-3.3638,56.5446,Perthshire,-3.4,0.0
44,48,-3.2479,56.5446,Perthshire,-3.4,0.0
44,49,-3.1321,56.5446,Angus,-3.58,0.0
44,50,-3.0162,56.5446,Angus,-3.53,0.0
44,51,-2.9003,56.5446,Angus,-3.58,0.0
44,52,-2.7845,56.5446,Angus,-4.09,0.0
44,53,-2.6686,56.5446,Angus,-3.95,0.0
44,54,-2.5528,56.5446,,,
44,55,-2.4369,56.5446,,,
44,56,-2.3210,56.5446,,,
44,57,-2.2052,56.5446,,,
44,58,-2.0893,56.5446,,,
44,59,-1.9734,56.5446,,,
44,60,-1.8576,56.5446,,,
44,61,-1.7417,56.5446,,,
44,62,-1.6259,56.5446,,,
44,63,-1.5100,56.5446,,,
44,64,-1.3941,56.5446,,,
44,65,-1.2783,56.5446,,,
44,66,-1.1624,56.5446,,,
44,67,-1.0466,56.5446,,,
44,68,-0.9307,56.5446,,,
44,69,-0.8148,56.5446,,,
44,70,-0.6990,56.5446,,,
44,71,-0.5831,56.5446,,,
44,72,-0.4672,56.5446,,,
44,73,-0.3514,56.5446,,,
44,74,-0.2355,56.5446,,,
44,75,-0.1197,56.5446,,,
44,76,-0.0038,56.5446,,,
44,77,0.1121,56.5446,,,
44,78,0.2279,56.5446,,,
44,79,0.3438,56.5446,,,
44,80,0.4597,56.5446,,,
44,81,0.5755,56.5446,,,
44,82,0.6914,56.5446,,,
44,83,0.8072,56.5446,,,
44,84,0.9231,56.5446,,,
44,85,1.0390,56.5446,,,
44,86,1.1548,56.5446,,,
44,87,1.2707,56.5446,,,
44,88,1.3865,56.5446,,,
44,89,1.5024,56.5446,,,
44,90,1.6183,56.5446,,,
44,91,1.7341,56.5446,,,
44,92,1.8500,56.5446,,,
44,93,1.9659,56.5446,,,
45,0,-8.8093,56.4776,,,
45,1,-8.6934,56.4776,,,
45,2,-8.5776,56.4776,,,
45,3,-8.4617,56.4776,,,
45,4,-8.3459,56.4776,,,
45,5,-8.2300,56.4776,,,
45,6,-8.1141,56.4776,,,
45,7,-7.9983,56.4776,,,
45,8,-7.8824,56.4776,,,
45,9,-7.7665,56.4776,,,
45,10,-7.6507,56.4776,,,
45,11,-7.5348,56.4776,,,
45,12,-7.4190,56.4776,,,
45,13,-7.3031,56.4776,,,
45,14,-7.1872,56.4776,,,
45,15,-7.0714,56.4776,,,
45,16,-6.9555,56.4776,,,
45,17,-6.8397,56.4776,Argyllshire,nan,nan
45,18,-6.7238,56.4776,,,
45,19,-6.6079,56.4776,,,
45,20,-6.4921,56.4776,,,
45,21,-6.3762,56.4776,,,
45,22,-6.2603,56.4776,,,
45,23,-6.1445,56.4776,,,
45,24,-6.0286,56.4776,Argyllshire,nan,nan
45,25,-5.9128,56.4776,Argyllshire,nan,nan
45,26,-5.7969,56.4776,Argyllshire,nan,nan
45,27,-5.6810,56.4776,,,
45,28,-5.5652,56.4776,,,
45,29,-5.4493,56.4776,,,
45,30,-5.3334,56.4776,Argyllshire,-2.51,6.6
45,31,-5.2176,56.4776,Argyllshire,-2.23,9.4
45,32,-5.1017,56.4776,Argyllshire,-2.23,9.4
45,33,-4.9859,56.4776,Argyllshire,-2.23,9.4
45,34,-4.8700,56.4776,Argyllshire,-2.51,6.6
45,35,-4.7541,56.4776,Argyllshire,-2.84,3.4
45,36,-4.6383,56.4776,Perthshire,-2.51,6.6
45,37,-4.5224,56.4776,Perthshire,-3.58,0.0
45,38,-4.4066,56.4776,Perthshire,-3.02,1.6
45,39,-4.2907,56.4776,Perthshire,-2.98,2.0
45,40,-4.1748,56.4776,Perthshire,-3.58,0.0
45,41,-4.0590,56.4776,Perthshire,-3.3,0.0
45,42,-3.9431,56.4776,Perthshire,-2.65,5.2
45,43,-3.8272,56.4776,Perthshire,-3.02,1.6
45,44,-3.7114,56.4776,Perthshire,-3.02,1.6
45,45,-3.5955,56.4776,Perthshire,-3.49,0.0
45,46,-3.4797,56.4776,Perthshire,-3.58,0.0
45,47,-3.3638,56.4776,Perthshire,-3.58,0.0
45,48,-3.2479,56.4776,Perthshire,-3.16,0.2
45,49,-3.1321,56.4776,Perthshire,-3.67,0.0
45,50,-3.0162,56.4776,Angus,-4.09,0.0
45,51,-2.9003,56.4776,Angus,-3.95,0.0
45,52,-2.7845,56.4776,Angus,-3.95,0.0
45,53,-2.6686,56.4776,,,
45,54,-2.5528,56.4776,,,
45,55,-2.4369,56.4776,,,
45,56,-2.3210,56.4776,,,
45,57,-2.2052,56.4776,,,
45,58,-2.0893,56.4776,,,
45,59,-1.9734,56.4776,,,
45,60,-1.8576,56.4776,,,
45,61,-1.7417,56.4776,,,
45,62,-1.6259,56.4776,,,
45,63,-1.5100,56.4776,,,
45,64,-1.3941,56.4776,,,
45,65,-1.2783,56.4776,,,
45,66,-1.1624,56.4776,,,
45,67,-1.0466,56.4776,,,
45,68,-0.9307,56.4776,,,
45,69,-0.8148,56.4776,,,
45,70,-0.6990,56.4776,,,
45,71,-0.5831,56.4776,,,
45,72,-0.4672,56.4776,,,
45,73,-0.3514,56.4776,,,
45,74,-0.2355,56.4776,,,
45,75,-0.1197,56.4776,,,
45,76,-0.0038,56.4776,,,
45,77,0.1121,56.4776,,,
45,78,0.2279,56.4776,,,
45,79,0.3438,56.4776,,,
45,80,0.4597,56.4776,,,
45,81,0.5755,56.4776,,,
45,82,0.6914,56.4776,,,
45,83,0.8072,56.4776,,,
45,84,0.9231,56.4776,,,
45,85,1.0390,56.4776,,,
45,86,1.1548,56.4776,,,
45,87,1.2707,56.4776,,,
45,88,1.3865,56.4776,,,
45,89,1.5024,56.4776,,,
45,90,1.6183,56.4776,,,
45,91,1.7341,56.4776,,,
45,92,1.8500,56.4776,,,
45,93,1.9659,56.4776,,,
46,0,-8.8093,56.4105,,,
46,1,-8.6934,56.4105,,,
46,2,-8.5776,56.4105,,,
46,3,-8.4617,56.4105,,,
46,4,-8.3459,56.4105,,,
46,5,-8.2300,56.4105,,,
46,6,-8.1141,56.4105,,,
46,7,-7.9983,56.4105,,,
46,8,-7.8824,56.4105,,,
46,9,-7.7665,56.4105,,,
46,10,-7.6507,56.4105,,,
46,11,-7.5348,56.4105,,,
46,12,-7.4190,56.4105,,,
46,13,-7.3031,56.4105,,,
46,14,-7.1872,56.4105,,,
46,15,-7.0714,56.4105,,,
46,16,-6.9555,56.4105,,,
46,17,-6.8397,56.4105,,,
46,18,-6.7238,56.4105,,,
46,19,-6.6079,56.4105,,,
46,20,-6.4921,56.4105,,,
46,21,-6.3762,56.4105,,,
46,22,-6.2603,56.4105,,,
46,23,-6.1445,56.4105,,,
46,24,-6.0286,56.4105,Argyllshire,nan,nan
46,25,-5.9128,56.4105,Argyllshire,nan,nan
46,26,-5.7969,56.4105,Argyllshire,nan,nan
46,27,-5.6810,56.4105,Argyllshire,nan,nan
46,28,-5.5652,56.4105,,,
46,29,-5.4493,56.4105,Argyllshire,-3.58,0.0
46,30,-5.3334,56.4105,Argyllshire,-3.58,0.0
46,31,-5.2176,56.4105,Argyllshire,-2.51,6.6
46,32,-5.1017,56.4105,Argyllshire,-2.23,9.4
46,33,-4.9859,56.4105,Argyllshire,-2.51,6.6
46,34,-4.8700,56.4105,Argyllshire,-2.23,9.4
46,35,-4.7541,56.4105,Perthshire,-2.47,7.0
46,36,-4.6383,56.4105,Perthshire,-2.79,3.8
46,37,-4.5224,56.4105,Perthshire,-2.79,3.8
46,38,-4.4066,56.4105,Perthshire,-3.02,1.6
46,39,-4.2907,56.4105,Perthshire,-3.02,1.6
46,40,-4.1748,56.4105,Perthshire,-2.98,2.0
46,41,-4.0590,56.4105,Perthshire,-2.65,5.2
46,42,-3.9431,56.4105,Perthshire,-2.98,2.0
46,43,-3.8272,56.4105,Perthshire,-2.23,9.4
46,44,-3.7114,56.4105,Perthshire,-3.02,1.6
46,45,-3.5955,56.4105,Perthshire,-3.91,0.0
46,46,-3.4797,56.4105,Perthshire,-3.16,0.2
46,47,-3.3638,56.4105,Perthshire,-3.4,0.0
46,48,-3.2479,56.4105,Perthshire,-3.53,0.0
46,49,-3.1321,56.4105,Perthshire,nan,nan
46,50,-3.0162,56.4105,,,
46,51,-2.9003,56.4105,Fife,-3.95,0.0
46,52,-2.7845,56.4105,,,
46,53,-2.6686,56.4105,,,
46,54,-2.5528,56.4105,,,
46,55,-2.4369,56.4105,,,
46,56,-2.3210,56.4105,,,
46,57,-2.2052,56.4105,,,
46,58,-2.0893,56.4105,,,
46,59,-1.9734,56.4105,,,
46,60,-1.8576,56.4105,,,
46,61,-1.7417,56.4105,,,
46,62,-1.6259,56.4105,,,
46,63,-1.5100,56.4105,,,
46,64,-1.3941,56.4105,,,
46,65,-1.2783,56.4105,,,
46,66,-1.1624,56.4105,,,
46,67,-1.0466,56.4105,,,
46,68,-0.9307,56.4105,,,
46,69,-0.8148,56.4105,,,
46,70,-0.6990,56.4105,,,
46,71,-0.5831,56.4105,,,
46,72,-0.4672,56.4105,,,
46,73,-0.3514,56.4105,,,
46,74,-0.2355,56.4105,,,
46,75,-0.1197,56.4105,,,
46,76,-0.0038,56.4105,,,
46,77,0.1121,56.4105,,,
46,78,0.2279,56.4105,,,
46,79,0.3438,56.4105,,,
46,80,0.4597,56.4105,,,
46,81,0.5755,56.4105,,,
46,82,0.6914,56.4105,,,
46,83,0.8072,56.4105,,,
46,84,0.9231,56.4105,,,
46,85,1.0390,56.4105,,,
46,86,1.1548,56.4105,,,
46,87,1.2707,56.4105,,,
46,88,1.3865,56.4105,,,
46,89,1.5024,56.4105,,,
46,90,1.6183,56.4105,,,
46,91,1.7341,56.4105,,,
46,92,1.8500,56.4105,,,
46,93,1.9659,56.4105,,,
47,0,-8.8093,56.3434,,,
47,1,-8.6934,56.3434,,,
47,2,-8.5776,56.3434,,,
47,3,-8.4617,56.3434,,,
47,4,-8.3459,56.3434,,,
47,5,-8.2300,56.3434,,,
47,6,-8.1141,56.3434,,,
47,7,-7.9983,56.3434,,,
47,8,-7.8824,56.3434,,,
47,9,-7.7665,56.3434,,,
47,10,-7.6507,56.3434,,,
47,11,-7.5348,56.3434,,,
47,12,-7.4190,56.3434,,,
47,13,-7.3031,56.3434,,,
47,14,-7.1872,56.3434,,,
47,15,-7.0714,56.3434,,,
47,16,-6.9555,56.3434,,,
47,17,-6.8397,56.3434,,,
47,18,-6.7238,56.3434,,,
47,19,-6.6079,56.3434,,,
47,20,-6.4921,56.3434,,,
47,21,-6.3762,56.3434,,,
47,22,-6.2603,56.3434,,,
47,23,-6.1445,56.3434,Argyllshire,nan,nan
47,24,-6.0286,56.3434,Argyllshire,nan,nan
47,25,-5.9128,56.3434,Argyllshire,nan,nan
47,26,-5.7969,56.3434,Argyllshire,nan,nan
47,27,-5.6810,56.3434,,,
47,28,-5.5652,56.3434,,,
47,29,-5.4493,56.3434,Argyllshire,-3.58,0.0
47,30,-5.3334,56.3434,Argyllshire,-3.58,0.0
47,31,-5.2176,56.3434,Argyllshire,-3.58,0.0
47,32,-5.1017,56.3434,Argyllshire,-2.65,5.2
47,33,-4.9859,56.3434,Argyllshire,-2.51,6.6
47,34,-4.8700,56.3434,Argyllshire,-2.51,6.6
47,35,-4.7541,56.3434,Perthshire,-2.79,3.8
47,36,-4.6383,56.3434,Perthshire,-2.65,5.2
47,37,-4.5224,56.3434,Perthshire,-2.51,6.6
47,38,-4.4066,56.3434,Perthshire,-3.02,1.6
47,39,-4.2907,56.3434,Perthshire,-3.02,1.6
47,40,-4.1748,56.3434,Perthshire,-2.79,3.8
47,41,-4.0590,56.3434,Perthshire,-2.98,2.0
47,42,-3.9431,56.3434,Perthshire,-2.23,9.4
47,43,-3.8272,56.3434,Perthshire,-2.98,2.0
47,44,-3.7114,56.3434,Perthshire,-3.58,0.0
47,45,-3.5955,56.3434,Perthshire,-3.35,0.0
47,46,-3.4797,56.3434,Perthshire,-3.91,0.0
47,47,-3.3638,56.3434,Perthshire,-3.21,0.0
47,48,-3.2479,56.3434,Perthshire,-3.49,0.0
47,49,-3.1321,56.3434,Fife,-3.58,0.0
47,50,-3.0162,56.3434,Fife,-3.95,0.0
47,51,-2.9003,56.3434,Fife,-3.95,0.0
47,52,-2.7845,56.3434,,,
47,53,-2.6686,56.3434,,,
47,54,-2.5528,56.3434,,,
47,55,-2.4369,56.3434,,,
47,56,-2.3210,56.3434,,,
47,57,-2.2052,56.3434,,,
47,58,-2.0893,56.3434,,,
47,59,-1.9734,56.3434,,,
47,60,-1.8576,56.3434,,,
47,61,-1.7417,56.3434,,,
47,62,-1.6259,56.3434,,,
47,63,-1.5100,56.3434,,,
47,64,-1.3941,56.3434,,,
47,65,-1.2783,56.3434,,,
47,66,-1.1624,56.3434,,,
47,67,-1.0466,56.3434,,,
47,68,-0.9307,56.3434,,,
47,69,-0.8148,56.3434,,,
47,70,-0.6990,56.3434,,,
47,71,-0.5831,56.3434,,,
47,72,-0.4672,56.3434,,,
47,73,-0.3514,56.3434,,,
47,74,-0.2355,56.3434,,,
47,75,-0.1197,56.3434,,,
47,76,-0.0038,56.3434,,,
47,77,0.1121,56.3434,,,
47,78,0.2279,56.3434,,,
47,79,0.3438,56.3434,,,
47,80,0.4597,56.3434,,,
47,81,0.5755,56.3434,,,
47,82,0.6914,56.3434,,,
47,83,0.8072,56.3434,,,
47,84,0.9231,56.3434,,,
47,85,1.0390,56.3434,,,
47,86,1.1548,56.3434,,,
47,87,1.2707,56.3434,,,
47,88,1.3865,56.3434,,,
47,89,1.5024,56.3434,,,
47,90,1.6183,56.3434,,,
47,91,1.7341,56.3434,,,
47,92,1.8500,56.3434,,,
47,93,1.9659,56.3434,,,
48,0,-8.8093,56.2764,,,
48,1,-8.6934,56.2764,,,
48,2,-8.5776,56.2764,,,
48,3,-8.4617,56.2764,,,
48,4,-8.3459,56.2764,,,
48,5,-8.2300,56.2764,,,
48,6,-8.1141,56.2764,,,
48,7,-7.9983,56.2764,,,
48,8,-7.8824,56.2764,,,
48,9,-7.7665,56.2764,,,
48,10,-7.6507,56.2764,,,
48,11,-7.5348,56.2764,,,
48,12,-7.4190,56.2764,,,
48,13,-7.3031,56.2764,,,
48,14,-7.1872,56.2764,,,
48,15,-7.0714,56.2764,,,
48,16,-6.9555,56.2764,,,
48,17,-6.8397,56.2764,,,
48,18,-6.7238,56.2764,,,
48,19,-6.6079,56.2764,,,
48,20,-6.4921,56.2764,,,
48,21,-6.3762,56.2764,,,
48,22,-6.2603,56.2764,Argyllshire,nan,nan
48,23,-6.1445,56.2764,,,
48,24,-6.0286,56.2764,,,
48,25,-5.9128,56.2764,,,
48,26,-5.7969,56.2764,,,
48,27,-5.6810,56.2764,,,
48,28,-5.5652,56.2764,Argyllshire,-3.58,0.0
48,29,-5.4493,56.2764,Argyllshire,-3.58,0.0
48,30,-5.3334,56.2764,Argyllshire,-2.23,9.4
48,31,-5.2176,56.2764,Argyllshire,-2.23,9.4
48,32,-5.1017,56.2764,Argyllshire,-2.23,9.4
48,33,-4.9859,56.2764,Argyllshire,-2.65,5.2
48,34,-4.8700,56.2764,Argyllshire,-2.79,3.8
48,35,-4.7541,56.2764,Dunbartonshire,-2.51,6.6
48,36,-4.6383,56.2764,Stirlingshire,-2.79,3.8
48,37,-4.5224,56.2764,Perthshire,-2.98,2.0
48,38,-4.4066,56.2764,Perthshire,-3.02,1.6
48,39,-4.2907,56.2764,Perthshire,-3.35,0.0
48,40,-4.1748,56.2764,Perthshire,-2.51,6.6
48,41,-4.0590,56.2764,Perthshire,-3.16,0.2
48,42,-3.9431,56.2764,Perthshire,-2.98,2.0
48,43,-3.8272,56.2764,Perthshire,-2.47,7.0
48,44,-3.7114,56.2764,Perthshire,-2.84,3.4
48,45,-3.5955,56.2764,Perthshire,-3.3,0.0
48,46,-3.4797,56.2764,Perthshire,-3.21,0.0
48,47,-3.3638,56.2764,Fife,-3.53,0.0
48,48,-3.2479,56.2764,Fife,-3.58,0.0
48,49,-3.1321,56.2764,Fife,-3.91,0.0
48,50,-3.0162,56.2764,Fife,-3.91,0.0
48,51,-2.9003,56.2764,Fife,-3.91,0.0
48,52,-2.7845,56.2764,Fife,-3.91,0.0
48,53,-2.6686,56.2764,Fife,-3.91,0.0
48,54,-2.5528,56.2764,,,
48,55,-2.4369,56.2764,,,
48,56,-2.3210,56.2764,,,
48,57,-2.2052,56.2764,,,
48,58,-2.0893,56.2764,,,
48,59,-1.9734,56.2764,,,
48,60,-1.8576,56.2764,,,
48,61,-1.7417,56.2764,,,
48,62,-1.6259,56.2764,,,
48,63,-1.5100,56.2764,,,
48,64,-1.3941,56.2764,,,
48,65,-1.2783,56.2764,,,
48,66,-1.1624,56.2764,,,
48,67,-1.0466,56.2764,,,
48,68,-0.9307,56.2764,,,
48,69,-0.8148,56.2764,,,
48,70,-0.6990,56.2764,,,
48,71,-0.5831,56.2764,,,
48,72,-0.4672,56.2764,,,
48,73,-0.3514,56.2764,,,
48,74,-0.2355,56.2764,,,
48,75,-0.1197,56.2764,,,
48,76,-0.0038,56.2764,,,
48,77,0.1121,56.2764,,,
48,78,0.2279,56.2764,,,
48,79,0.3438,56.2764,,,
48,80,0.4597,56.2764,,,
48,81,0.5755,56.2764,,,
48,82,0.6914,56.2764,,,
48,83,0.8072,56.2764,,,
48,84,0.9231,56.2764,,,
48,85,1.0390,56.2764,,,
48,86,1.1548,56.2764,,,
48,87,1.2707,56.2764,,,
48,88,1.3865,56.2764,,,
48,89,1.5024,56.2764,,,
48,90,1.6183,56.2764,,,
48,91,1.7341,56.2764,,,
48,92,1.8500,56.2764,,,
48,93,1.9659,56.2764,,,
49,0,-8.8093,56.2093,,,
49,1,-8.6934,56.2093,,,
49,2,-8.5776,56.2093,,,
49,3,-8.4617,56.2093,,,
49,4,-8.3459,56.2093,,,
49,5,-8.2300,56.2093,,,
49,6,-8.1141,56.2093,,,
49,7,-7.9983,56.2093,,,
49,8,-7.8824,56.2093,,,
49,9,-7.7665,56.2093,,,
49,10,-7.6507,56.2093,,,
49,11,-7.5348,56.2093,,,
49,12,-7.4190,56.2093,,,
49,13,-7.3031,56.2093,,,
49,14,-7.1872,56.2093,,,
49,15,-7.0714,56.2093,,,
49,16,-6.9555,56.2093,,,
49,17,-6.8397,56.2093,,,
49,18,-6.7238,56.2093,,,
49,19,-6.6079,56.2093,,,
49,20,-6.4921,56.2093,,,
49,21,-6.3762,56.2093,,,
49,22,-6.2603,56.2093,,,
49,23,-6.1445,56.2093,,,
49,24,-6.0286,56.2093,,,
49,25,-5.9128,56.2093,,,
49,26,-5.7969,56.2093,,,
49,27,-5.6810,56.2093,,,
49,28,-5.5652,56.2093,,,
49,29,-5.4493,56.2093,Argyllshire,-2.65,5.2
49,30,-5.3334,56.2093,Argyllshire,-2.65,5.2
49,31,-5.2176,56.2093,Argyllshire,-2.23,9.4
49,32,-5.1017,56.2093,Argyllshire,-2.23,9.4
49,33,-4.9859,56.2093,Argyllshire,-2.23,9.4
49,34,-4.8700,56.2093,Argyllshire,-2.79,3.8
49,35,-4.7541,56.2093,Argyllshire,-2.51,6.6
49,36,-4.6383,56.2093,Stirlingshire,-2.51,6.6
49,37,-4.5224,56.2093,Perthshire,-2.79,3.8
49,38,-4.4066,56.2093,Perthshire,-2.98,2.0
49,39,-4.2907,56.2093,Perthshire,-3.07,1.1
49,40,-4.1748,56.2093,Perthshire,-3.35,0.0
49,41,-4.0590,56.2093,Perthshire,-2.88,3.0
49,42,-3.9431,56.2093,Perthshire,-3.16,0.2
49,43,-3.8272,56.2093,Perthshire,-2.98,2.0
49,44,-3.7114,56.2093,Perthshire,-3.53,0.0
49,45,-3.5955,56.2093,Perthshire,-3.72,0.0
49,46,-3.4797,56.2093,Kinross-shire,-3.58,0.0
49,47,-3.3638,56.2093,Kinross-shire,-3.58,0.0
49,48,-3.2479,56.2093,Fife,-3.58,0.0
49,49,-3.1321,56.2093,Fife,-3.53,0.0
49,50,-3.0162,56.2093,Fife,-3.53,0.0
49,51,-2.9003,56.2093,Fife,-3.91,0.0
49,52,-2.7845,56.2093,Fife,-3.91,0.0
49,53,-2.6686,56.2093,,,
49,54,-2.5528,56.2093,,,
49,55,-2.4369,56.2093,,,
49,56,-2.3210,56.2093,,,
49,57,-2.2052,56.2093,,,
49,58,-2.0893,56.2093,,,
49,59,-1.9734,56.2093,,,
49,60,-1.8576,56.2093,,,
49,61,-1.7417,56.2093,,,
49,62,-1.6259,56.2093,,,
49,63,-1.5100,56.2093,,,
49,64,-1.3941,56.2093,,,
49,65,-1.2783,56.2093,,,
49,66,-1.1624,56.2093,,,
49,67,-1.0466,56.2093,,,
49,68,-0.9307,56.2093,,,
49,69,-0.8148,56.2093,,,
49,70,-0.6990,56.2093,,,
49,71,-0.5831,56.2093,,,
49,72,-0.4672,56.2093,,,
49,73,-0.3514,56.2093,,,
49,74,-0.2355,56.2093,,,
49,75,-0.1197,56.2093,,,
49,76,-0.0038,56.2093,,,
49,77,0.1121,56.2093,,,
49,78,0.2279,56.2093,,,
49,79,0.3438,56.2093,,,
49,80,0.4597,56.2093,,,
49,81,0.5755,56.2093,,,
49,82,0.6914,56.2093,,,
49,83,0.8072,56.2093,,,
49,84,0.9231,56.2093,,,
49,85,1.0390,56.2093,,,
49,86,1.1548,56.2093,,,
49,87,1.2707,56.2093,,,
49,88,1.3865,56.2093,,,
49,89,1.5024,56.2093,,,
49,90,1.6183,56.2093,,,
49,91,1.7341,56.2093,,,
49,92,1.8500,56.2093,,,
49,93,1.9659,56.2093,,,
50,0,-8.8093,56.1422,,,
50,1,-8.6934,56.1422,,,
50,2,-8.5776,56.1422,,,
50,3,-8.4617,56.1422,,,
50,4,-8.3459,56.1422,,,
50,5,-8.2300,56.1422,,,
50,6,-8.1141,56.1422,,,
50,7,-7.9983,56.1422,,,
50,8,-7.8824,56.1422,,,
50,9,-7.7665,56.1422,,,
50,10,-7.6507,56.1422,,,
50,11,-7.5348,56.1422,,,
50,12,-7.4190,56.1422,,,
50,13,-7.3031,56.1422,,,
50,14,-7.1872,56.1422,,,
50,15,-7.0714,56.1422,,,
50,16,-6.9555,56.1422,,,
50,17,-6.8397,56.1422,,,
50,18,-6.7238,56.1422,,,
50,19,-6.6079,56.1422,,,
50,20,-6.4921,56.1422,,,
50,21,-6.3762,56.1422,,,
50,22,-6.2603,56.1422,,,
50,23,-6.1445,56.1422,,,
50,24,-6.0286,56.1422,,,
50,25,-5.9128,56.1422,,,
50,26,-5.7969,56.1422,,,
50,27,-5.6810,56.1422,,,
50,28,-5.5652,56.1422,,,
50,29,-5.4493,56.1422,Argyllshire,-2.65,5.2
50,30,-5.3334,56.1422,Argyllshire,-2.65,5.2
50,31,-5.2176,56.1422,Argyllshire,-2.65,5.2
50,32,-5.1017,56.1422,Argyllshire,-2.65,5.2
50,33,-4.9859,56.1422,Argyllshire,-2.79,3.8
50,34,-4.8700,56.1422,Argyllshire,-2.79,3.8
50,35,-4.7541,56.1422,Dunbartonshire,-2.79,3.8
50,36,-4.6383,56.1422,Stirlingshire,-2.74,4.3
50,37,-4.5224,56.1422,Stirlingshire,-2.98,2.0
50,38,-4.4066,56.1422,Stirlingshire,-2.98,2.0
50,39,-4.2907,56.1422,Perthshire,-2.98,2.0
50,40,-4.1748,56.1422,Perthshire,-2.65,5.2
50,41,-4.0590,56.1422,Perthshire,-3.16,0.2
50,42,-3.9431,56.1422,Perthshire,-2.88,3.0
50,43,-3.8272,56.1422,Clackmannanshire,-3.16,0.2
50,44,-3.7114,56.1422,Clackmannanshire,-3.72,0.0
50,45,-3.5955,56.1422,Perthshire,-3.53,0.0
50,46,-3.4797,56.1422,Fife,-3.58,0.0
50,47,-3.3638,56.1422,Fife,-3.58,0.0
50,48,-3.2479,56.1422,Fife,-3.53,0.0
50,49,-3.1321,56.1422,Fife,-3.53,0.0
50,50,-3.0162,56.1422,,,
50,51,-2.9003,56.1422,,,
50,52,-2.7845,56.1422,,,
50,53,-2.6686,56.1422,,,
50,54,-2.5528,56.1422,,,
50,55,-2.4369,56.1422,,,
50,56,-2.3210,56.1422,,,
50,57,-2.2052,56.1422,,,
50,58,-2.0893,56.1422,,,
50,59,-1.9734,56.1422,,,
50,60,-1.8576,56.1422,,,
50,61,-1.7417,56.1422,,,
50,62,-1.6259,56.1422,,,
50,63,-1.5100,56.1422,,,
50,64,-1.3941,56.1422,,,
50,65,-1.2783,56.1422,,,
50,66,-1.1624,56.1422,,,
50,67,-1.0466,56.1422,,,
50,68,-0.9307,56.1422,,,
50,69,-0.8148,56.1422,,,
50,70,-0.6990,56.1422,,,
50,71,-0.5831,56.1422,,,
50,72,-0.4672,56.1422,,,
50,73,-0.3514,56.1422,,,
50,74,-0.2355,56.1422,,,
50,75,-0.1197,56.1422,,,
50,76,-0.0038,56.1422,,,
50,77,0.1121,56.1422,,,
50,78,0.2279,56.1422,,,
50,79,0.3438,56.1422,,,
50,80,0.4597,56.1422,,,
50,81,0.5755,56.1422,,,
50,82,0.6914,56.1422,,,
50,83,0.8072,56.1422,,,
50,84,0.9231,56.1422,,,
50,85,1.0390,56.1422,,,
50,86,1.1548,56.1422,,,
50,87,1.2707,56.1422,,,
50,88,1.3865,56.1422,,,
50,89,1.5024,56.1422,,,
50,90,1.6183,56.1422,,,
50,91,1.7341,56.1422,,,
50,92,1.8500,56.1422,,,
50,93,1.9659,56.1422,,,
51,0,-8.8093,56.0752,,,
51,1,-8.6934,56.0752,,,
51,2,-8.5776,56.0752,,,
51,3,-8.4617,56.0752,,,
51,4,-8.3459,56.0752,,,
51,5,-8.2300,56.0752,,,
51,6,-8.1141,56.0752,,,
51,7,-7.9983,56.0752,,,
51,8,-7.8824,56.0752,,,
51,9,-7.7665,56.0752,,,
51,10,-7.6507,56.0752,,,
51,11,-7.5348,56.0752,,,
51,12,-7.4190,56.0752,,,
51,13,-7.3031,56.0752,,,
51,14,-7.1872,56.0752,,,
51,15,-7.0714,56.0752,,,
51,16,-6.9555,56.0752,,,
51,17,-6.8397,56.0752,,,
51,18,-6.7238,56.0752,,,
51,19,-6.6079,56.0752,,,
51,20,-6.4921,56.0752,,,
51,21,-6.3762,56.0752,,,
51,22,-6.2603,56.0752,,,
51,23,-6.1445,56.0752,,,
51,24,-6.0286,56.0752,,,
51,25,-5.9128,56.0752,,,
51,26,-5.7969,56.0752,Argyllshire,nan,nan
51,27,-5.6810,56.0752,,,
51,28,-5.5652,56.0752,,,
51,29,-5.4493,56.0752,Argyllshire,-2.65,5.2
51,30,-5.3334,56.0752,Argyllshire,-2.65,5.2
51,31,-5.2176,56.0752,Argyllshire,-2.65,5.2
51,32,-5.1017,56.0752,Argyllshire,-2.51,6.6
51,33,-4.9859,56.0752,Argyllshire,-2.88,3.0
51,34,-4.8700,56.0752,Argyllshire,nan,nan
51,35,-4.7541,56.0752,Dunbartonshire,-2.79,3.8
51,36,-4.6383,56.0752,Dunbartonshire,-2.79,3.8
51,37,-4.5224,56.0752,Stirlingshire,-2.74,4.3
51,38,-4.4066,56.0752,Stirlingshire,-3.02,1.6
51,39,-4.2907,56.0752,Stirlingshire,-3.02,1.6
51,40,-4.1748,56.0752,Stirlingshire,-2.51,6.6
51,41,-4.0590,56.0752,Stirlingshire,-2.65,5.2
51,42,-3.9431,56.0752,Stirlingshire,-3.16,0.2
51,43,-3.8272,56.0752,Stirlingshire,-3.16,0.2
51,44,-3.7114,56.0752,Clackmannanshire,-3.16,0.2
51,45,-3.5955,56.0752,Fife,-3.53,0.0
51,46,-3.4797,56.0752,Fife,-3.58,0.0
51,47,-3.3638,56.0752,Fife,-3.49,0.0
51,48,-3.2479,56.0752,Fife,-3.3,0.0
51,49,-3.1321,56.0752,,,
51,50,-3.0162,56.0752,,,
51,51,-2.9003,56.0752,,,
51,52,-2.7845,56.0752,,,
51,53,-2.6686,56.0752,,,
51,54,-2.5528,56.0752,,,
51,55,-2.4369,56.0752,,,
51,56,-2.3210,56.0752,,,
51,57,-2.2052,56.0752,,,
51,58,-2.0893,56.0752,,,
51,59,-1.9734,56.0752,,,
51,60,-1.8576,56.0752,,,
51,61,-1.7417,56.0752,,,
51,62,-1.6259,56.0752,,,
51,63,-1.5100,56.0752,,,
51,64,-1.3941,56.0752,,,
51,65,-1.2783,56.0752,,,
51,66,-1.1624,56.0752,,,
51,67,-1.0466,56.0752,,,
51,68,-0.9307,56.0752,,,
51,69,-0.8148,56.0752,,,
51,70,-0.6990,56.0752,,,
51,71,-0.5831,56.0752,,,
51,72,-0.4672,56.0752,,,
51,73,-0.3514,56.0752,,,
51,74,-0.2355,56.0752,,,
51,75,-0.1197,56.0752,,,
51,76,-0.0038,56.0752,,,
51,77,0.1121,56.0752,,,
51,78,0.2279,56.0752,,,
51,79,0.3438,56.0752,,,
51,80,0.4597,56.0752,,,
51,81,0.5755,56.0752,,,
51,82,0.6914,56.0752,,,
51,83,0.8072,56.0752,,,
51,84,0.9231,56.0752,,,
51,85,1.0390,56.0752,,,
51,86,1.1548,56.0752,,,
51,87,1.2707,56.0752,,,
51,88,1.3865,56.0752,,,
51,89,1.5024,56.0752,,,
51,90,1.6183,56.0752,,,
51,91,1.7341,56.0752,,,
51,92,1.8500,56.0752,,,
51,93,1.9659,56.0752,,,
52,0,-8.8093,56.0081,,,
52,1,-8.6934,56.0081,,,
52,2,-8.5776,56.0081,,,
52,3,-8.4617,56.0081,,,
52,4,-8.3459,56.0081,,,
52,5,-8.2300,56.0081,,,
52,6,-8.1141,56.0081,,,
52,7,-7.9983,56.0081,,,
52,8,-7.8824,56.0081,,,
52,9,-7.7665,56.0081,,,
52,10,-7.6507,56.0081,,,
52,11,-7.5348,56.0081,,,
52,12,-7.4190,56.0081,,,
52,13,-7.3031,56.0081,,,
52,14,-7.1872,56.0081,,,
52,15,-7.0714,56.0081,,,
52,16,-6.9555,56.0081,,,
52,17,-6.8397,56.0081,,,
52,18,-6.7238,56.0081,,,
52,19,-6.6079,56.0081,,,
52,20,-6.4921,56.0081,,,
52,21,-6.3762,56.0081,,,
52,22,-6.2603,56.0081,,,
52,23,-6.1445,56.0081,,,
52,24,-6.0286,56.0081,,,
52,25,-5.9128,56.0081,Argyllshire,nan,nan
52,26,-5.7969,56.0081,Argyllshire,nan,nan
52,27,-5.6810,56.0081,,,
52,28,-5.5652,56.0081,Argyllshire,-2.65,5.2
52,29,-5.4493,56.0081,Argyllshire,nan,nan
52,30,-5.3334,56.0081,,,
52,31,-5.2176,56.0081,Argyllshire,-2.51,6.6
52,32,-5.1017,56.0081,Argyllshire,-2.88,3.0
52,33,-4.9859,56.0081,Argyllshire,-2.88,3.0
52,34,-4.8700,56.0081,,,
52,35,-4.7541,56.0081,Dunbartonshire,-2.47,7.0
52,36,-4.6383,56.0081,Dunbartonshire,-2.79,3.8
52,37,-4.5224,56.0081,Dunbartonshire,-2.79,3.8
52,38,-4.4066,56.0081,Stirlingshire,-3.02,1.6
52,39,-4.2907,56.0081,Stirlingshire,-3.02,1.6
52,40,-4.1748,56.0081,Stirlingshire,-3.02,1.6
52,41,-4.0590,56.0081,Stirlingshire,-2.98,2.0
52,42,-3.9431,56.0081,Stirlingshire,-2.98,2.0
52,43,-3.8272,56.0081,Stirlingshire,-3.16,0.2
52,44,-3.7114,56.0081,Stirlingshire,-3.16,0.2
52,45,-3.5955,56.0081,,,
52,46,-3.4797,56.0081,,,
52,47,-3.3638,56.0081,,,
52,48,-3.2479,56.0081,,,
52,49,-3.1321,56.0081,,,
52,50,-3.0162,56.0081,,,
52,51,-2.9003,56.0081,,,
52,52,-2.7845,56.0081,East Lothian,-3.16,0.2
52,53,-2.6686,56.0081,East Lothian,-3.16,0.2
52,54,-2.5528,56.0081,,,
52,55,-2.4369,56.0081,,,
52,56,-2.3210,56.0081,,,
52,57,-2.2052,56.0081,,,
52,58,-2.0893,56.0081,,,
52,59,-1.9734,56.0081,,,
52,60,-1.8576,56.0081,,,
52,61,-1.7417,56.0081,,,
52,62,-1.6259,56.0081,,,
52,63,-1.5100,56.0081,,,
52,64,-1.3941,56.0081,,,
52,65,-1.2783,56.0081,,,
52,66,-1.1624,56.0081,,,
52,67,-1.0466,56.0081,,,
52,68,-0.9307,56.0081,,,
52,69,-0.8148,56.0081,,,
52,70,-0.6990,56.0081,,,
52,71,-0.5831,56.0081,,,
52,72,-0.4672,56.0081,,,
52,73,-0.3514,56.0081,,,
52,74,-0.2355,56.0081,,,
52,75,-0.1197,56.0081,,,
52,76,-0.0038,56.0081,,,
52,77,0.1121,56.0081,,,
52,78,0.2279,56.0081,,,
52,79,0.3438,56.0081,,,
52,80,0.4597,56.0081,,,
52,81,0.5755,56.0081,,,
52,82,0.6914,56.0081,,,
52,83,0.8072,56.0081,,,
52,84,0.9231,56.0081,,,
52,85,1.0390,56.0081,,,
52,86,1.1548,56.0081,,,
52,87,1.2707,56.0081,,,
52,88,1.3865,56.0081,,,
52,89,1.5024,56.0081,,,
52,90,1.6183,56.0081,,,
52,91,1.7341,56.0081,,,
52,92,1.8500,56.0081,,,
52,93,1.9659,56.0081,,,
53,0,-8.8093,55.9410,,,
53,1,-8.6934,55.9410,,,
53,2,-8.5776,55.9410,,,
53,3,-8.4617,55.9410,,,
53,4,-8.3459,55.9410,,,
53,5,-8.2300,55.9410,,,
53,6,-8.1141,55.9410,,,
53,7,-7.9983,55.9410,,,
53,8,-7.8824,55.9410,,,
53,9,-7.7665,55.9410,,,
53,10,-7.6507,55.9410,,,
53,11,-7.5348,55.9410,,,
53,12,-7.4190,55.9410,,,
53,13,-7.3031,55.9410,,,
53,14,-7.1872,55.9410,,,
53,15,-7.0714,55.9410,,,
53,16,-6.9555,55.9410,,,
53,17,-6.8397,55.9410,,,
53,18,-6.7238,55.9410,,,
53,19,-6.6079,55.9410,,,
53,20,-6.4921,55.9410,,,
53,21,-6.3762,55.9410,,,
53,22,-6.2603,55.9410,,,
53,23,-6.1445,55.9410,,,
53,24,-6.0286,55.9410,,,
53,25,-5.9128,55.9410,Argyllshire,nan,nan
53,26,-5.7969,55.9410,,,
53,27,-5.6810,55.9410,,,
53,28,-5.5652,55.9410,Argyllshire,-2.65,5.2
53,29,-5.4493,55.9410,Argyllshire,-2.65,5.2
53,30,-5.3334,55.9410,,,
53,31,-5.2176,55.9410,Argyllshire,-2.88,3.0
53,32,-5.1017,55.9410,Argyllshire,-2.88,3.0
53,33,-4.9859,55.9410,Argyllshire,-2.88,3.0
53,34,-4.8700,55.9410,,,
53,35,-4.7541,55.9410,Renfrewshire,-2.51,6.6
53,36,-4.6383,55.9410,,,
53,37,-4.5224,55.9410,Dunbartonshire,-3.58,0.0
53,38,-4.4066,55.9410,Dunbartonshire,-2.51,6.6
53,39,-4.2907,55.9410,Stirlingshire,-3.02,1.6
53,40,-4.1748,55.9410,Stirlingshire,-3.02,1.6
53,41,-4.0590,55.9410,Dunbartonshire,-2.98,2.0
53,42,-3.9431,55.9410,Dunbartonshire,-2.98,2.0
53,43,-3.8272,55.9410,Stirlingshire,-3.02,1.6
53,44,-3.7114,55.9410,Stirlingshire,-3.16,0.2
53,45,-3.5955,55.9410,West Lothian,-2.19,9.8
53,46,-3.4797,55.9410,West Lothian,-2.09,10.8
53,47,-3.3638,55.9410,Midlothian,-2.09,10.8
53,48,-3.2479,55.9410,Midlothian,-2.37,8.0
53,49,-3.1321,55.9410,Midlothian,-2.37,8.0
53,50,-3.0162,55.9410,,,
53,51,-2.9003,55.9410,East Lothian,-2.47,7.0
53,52,-2.7845,55.9410,East Lothian,-2.37,8.0
53,53,-2.6686,55.9410,East Lothian,0.56,37.0
53,54,-2.5528,55.9410,East Lothian,-3.07,1.1
53,55,-2.4369,55.9410,East Lothian,0.56,37.0
53,56,-2.3210,55.9410,,,
53,57,-2.2052,55.9410,,,
53,58,-2.0893,55.9410,,,
53,59,-1.9734,55.9410,,,
53,60,-1.8576,55.9410,,,
53,61,-1.7417,55.9410,,,
53,62,-1.6259,55.9410,,,
53,63,-1.5100,55.9410,,,
53,64,-1.3941,55.9410,,,
53,65,-1.2783,55.9410,,,
53,66,-1.1624,55.9410,,,
53,67,-1.0466,55.9410,,,
53,68,-0.9307,55.9410,,,
53,69,-0.8148,55.9410,,,
53,70,-0.6990,55.9410,,,
53,71,-0.5831,55.9410,,,
53,72,-0.4672,55.9410,,,
53,73,-0.3514,55.9410,,,
53,74,-0.2355,55.9410,,,
53,75,-0.1197,55.9410,,,
53,76,-0.0038,55.9410,,,
53,77,0.1121,55.9410,,,
53,78,0.2279,55.9410,,,
53,79,0.3438,55.9410,,,
53,80,0.4597,55.9410,,,
53,81,0.5755,55.9410,,,
53,82,0.6914,55.9410,,,
53,83,0.8072,55.9410,,,
53,84,0.9231,55.9410,,,
53,85,1.0390,55.9410,,,
53,86,1.1548,55.9410,,,
53,87,1.2707,55.9410,,,
53,88,1.3865,55.9410,,,
53,89,1.5024,55.9410,,,
53,90,1.6183,55.9410,,,
53,91,1.7341,55.9410,,,
53,92,1.8500,55.9410,,,
53,93,1.9659,55.9410,,,
54,0,-8.8093,55.8740,,,
54,1,-8.6934,55.8740,,,
54,2,-8.5776,55.8740,,,
54,3,-8.4617,55.8740,,,
54,4,-8.3459,55.8740,,,
54,5,-8.2300,55.8740,,,
54,6,-8.1141,55.8740,,,
54,7,-7.9983,55.8740,,,
54,8,-7.8824,55.8740,,,
54,9,-7.7665,55.8740,,,
54,10,-7.6507,55.8740,,,
54,11,-7.5348,55.8740,,,
54,12,-7.4190,55.8740,,,
54,13,-7.3031,55.8740,,,
54,14,-7.1872,55.8740,,,
54,15,-7.0714,55.8740,,,
54,16,-6.9555,55.8740,,,
54,17,-6.8397,55.8740,,,
54,18,-6.7238,55.8740,,,
54,19,-6.6079,55.8740,,,
54,20,-6.4921,55.8740,,,
54,21,-6.3762,55.8740,,,
54,22,-6.2603,55.8740,,,
54,23,-6.1445,55.8740,Argyllshire,nan,nan
54,24,-6.0286,55.8740,Argyllshire,nan,nan
54,25,-5.9128,55.8740,Argyllshire,nan,nan
54,26,-5.7969,55.8740,,,
54,27,-5.6810,55.8740,,,
54,28,-5.5652,55.8740,Argyllshire,-2.65,5.2
54,29,-5.4493,55.8740,Argyllshire,-2.65,5.2
54,30,-5.3334,55.8740,,,
54,31,-5.2176,55.8740,Argyllshire,nan,nan
54,32,-5.1017,55.8740,Buteshire,-2.88,3.0
54,33,-4.9859,55.8740,Argyllshire,-2.88,3.0
54,34,-4.8700,55.8740,,,
54,35,-4.7541,55.8740,Renfrewshire,-1.35,18.1
54,36,-4.6383,55.8740,Renfrewshire,-2.51,6.6
54,37,-4.5224,55.8740,Renfrewshire,-2.65,5.2
54,38,-4.4066,55.8740,Renfrewshire,-3.58,0.0
54,39,-4.2907,55.8740,Lanarkshire,-2.51,6.6
54,40,-4.1748,55.8740,Lanarkshire,-2.98,2.0
54,41,-4.0590,55.8740,Lanarkshire,-2.98,2.0
54,42,-3.9431,55.8740,Lanarkshire,-2.98,2.0
54,43,-3.8272,55.8740,Lanarkshire,-1.72,14.4
54,44,-3.7114,55.8740,West Lothian,-3.16,0.2
54,45,-3.5955,55.8740,West Lothian,-2.09,10.8
54,46,-3.4797,55.8740,Midlothian,-2.09,10.8
54,47,-3.3638,55.8740,Midlothian,-2.09,10.8
54,48,-3.2479,55.8740,Midlothian,-2.37,8.0
54,49,-3.1321,55.8740,Midlothian,-2.37,8.0
54,50,-3.0162,55.8740,Midlothian,-0.42,27.3
54,51,-2.9003,55.8740,East Lothian,-0.51,26.4
54,52,-2.7845,55.8740,East Lothian,-0.28,28.7
54,53,-2.6686,55.8740,East Lothian,0.6,37.4
54,54,-2.5528,55.8740,East Lothian,0.6,37.4
54,55,-2.4369,55.8740,Berwickshire,0.74,38.8
54,56,-2.3210,55.8740,Berwickshire,-0.6,25.5
54,57,-2.2052,55.8740,Berwickshire,-0.6,25.5
54,58,-2.0893,55.8740,,,
54,59,-1.9734,55.8740,,,
54,60,-1.8576,55.8740,,,
54,61,-1.7417,55.8740,,,
54,62,-1.6259,55.8740,,,
54,63,-1.5100,55.8740,,,
54,64,-1.3941,55.8740,,,
54,65,-1.2783,55.8740,,,
54,66,-1.1624,55.8740,,,
54,67,-1.0466,55.8740,,,
54,68,-0.9307,55.8740,,,
54,69,-0.8148,55.8740,,,
54,70,-0.6990,55.8740,,,
54,71,-0.5831,55.8740,,,
54,72,-0.4672,55.8740,,,
54,73,-0.3514,55.8740,,,
54,74,-0.2355,55.8740,,,
54,75,-0.1197,55.8740,,,
54,76,-0.0038,55.8740,,,
54,77,0.1121,55.8740,,,
54,78,0.2279,55.8740,,,
54,79,0.3438,55.8740,,,
54,80,0.4597,55.8740,,,
54,81,0.5755,55.8740,,,
54,82,0.6914,55.8740,,,
54,83,0.8072,55.8740,,,
54,84,0.9231,55.8740,,,
54,85,1.0390,55.8740,,,
54,86,1.1548,55.8740,,,
54,87,1.2707,55.8740,,,
54,88,1.3865,55.8740,,,
54,89,1.5024,55.8740,,,
54,90,1.6183,55.8740,,,
54,91,1.7341,55.8740,,,
54,92,1.8500,55.8740,,,
54,93,1.9659,55.8740,,,
55,0,-8.8093,55.8069,,,
55,1,-8.6934,55.8069,,,
55,2,-8.5776,55.8069,,,
55,3,-8.4617,55.8069,,,
55,4,-8.3459,55.8069,,,
55,5,-8.2300,55.8069,,,
55,6,-8.1141,55.8069,,,
55,7,-7.9983,55.8069,,,
55,8,-7.8824,55.8069,,,
55,9,-7.7665,55.8069,,,
55,10,-7.6507,55.8069,,,
55,11,-7.5348,55.8069,,,
55,12,-7.4190,55.8069,,,
55,13,-7.3031,55.8069,,,
55,14,-7.1872,55.8069,,,
55,15,-7.0714,55.8069,,,
55,16,-6.9555,55.8069,,,
55,17,-6.8397,55.8069,,,
55,18,-6.7238,55.8069,,,
55,19,-6.6079,55.8069,,,
55,20,-6.4921,55.8069,,,
55,21,-6.3762,55.8069,Argyllshire,nan,nan
55,22,-6.2603,55.8069,Argyllshire,nan,nan
55,23,-6.1445,55.8069,Argyllshire,nan,nan
55,24,-6.0286,55.8069,Argyllshire,nan,nan
55,25,-5.9128,55.8069,,,
55,26,-5.7969,55.8069,,,
55,27,-5.6810,55.8069,,,
55,28,-5.5652,55.8069,Argyllshire,-2.65,5.2
55,29,-5.4493,55.8069,Argyllshire,-2.65,5.2
55,30,-5.3334,55.8069,Argyllshire,-2.65,5.2
55,31,-5.2176,55.8069,,,
55,32,-5.1017,55.8069,Buteshire,-2.88,3.0
55,33,-4.9859,55.8069,,,
55,34,-4.8700,55.8069,,,
55,35,-4.7541,55.8069,Ayrshire,-1.35,18.1
55,36,-4.6383,55.8069,Renfrewshire,-1.35,18.1
55,37,-4.5224,55.8069,Renfrewshire,-2.51,6.6
55,38,-4.4066,55.8069,Renfrewshire,-2.65,5.2
55,39,-4.2907,55.8069,Renfrewshire,-2.23,9.4
55,40,-4.1748,55.8069,Lanarkshire,-2.98,2.0
55,41,-4.0590,55.8069,Lanarkshire,-2.98,2.0
55,42,-3.9431,55.8069,Lanarkshire,-2.98,2.0
55,43,-3.8272,55.8069,Lanarkshire,-1.72,14.4
55,44,-3.7114,55.8069,Lanarkshire,-1.72,14.4
55,45,-3.5955,55.8069,Midlothian,-2.09,10.8
55,46,-3.4797,55.8069,Midlothian,-2.09,10.8
55,47,-3.3638,55.8069,Midlothian,-2.09,10.8
55,48,-3.2479,55.8069,Midlothian,-2.09,10.8
55,49,-3.1321,55.8069,Midlothian,-0.42,27.3
55,50,-3.0162,55.8069,Midlothian,-0.42,27.3
55,51,-2.9003,55.8069,Midlothian,-0.42,27.3
55,52,-2.7845,55.8069,Berwickshire,-0.33,28.2
55,53,-2.6686,55.8069,Berwickshire,0.6,37.4
55,54,-2.5528,55.8069,Berwickshire,0.6,37.4
55,55,-2.4369,55.8069,Berwickshire,0.6,37.4
55,56,-2.3210,55.8069,Berwickshire,-0.74,24.1
55,57,-2.2052,55.8069,Berwickshire,-0.6,25.5
55,58,-2.0893,55.8069,Berwickshire,-0.74,24.1
55,59,-1.9734,55.8069,,,
55,60,-1.8576,55.8069,,,
55,61,-1.7417,55.8069,,,
55,62,-1.6259,55.8069,,,
55,63,-1.5100,55.8069,,,
55,64,-1.3941,55.8069,,,
55,65,-1.2783,55.8069,,,
55,66,-1.1624,55.8069,,,
55,67,-1.0466,55.8069,,,
55,68,-0.9307,55.8069,,,
55,69,-0.8148,55.8069,,,
55,70,-0.6990,55.8069,,,
55,71,-0.5831,55.8069,,,
55,72,-0.4672,55.8069,,,
55,73,-0.3514,55.8069,,,
55,74,-0.2355,55.8069,,,
55,75,-0.1197,55.8069,,,
55,76,-0.0038,55.8069,,,
55,77,0.1121,55.8069,,,
55,78,0.2279,55.8069,,,
55,79,0.3438,55.8069,,,
55,80,0.4597,55.8069,,,
55,81,0.5755,55.8069,,,
55,82,0.6914,55.8069,,,
55,83,0.8072,55.8069,,,
55,84,0.9231,55.8069,,,
55,85,1.0390,55.8069,,,
55,86,1.1548,55.8069,,,
55,87,1.2707,55.8069,,,
55,88,1.3865,55.8069,,,
55,89,1.5024,55.8069,,,
55,90,1.6183,55.8069,,,
55,91,1.7341,55.8069,,,
55,92,1.8500,55.8069,,,
55,93,1.9659,55.8069,,,
56,0,-8.8093,55.7398,,,
56,1,-8.6934,55.7398,,,
56,2,-8.5776,55.7398,,,
56,3,-8.4617,55.7398,,,
56,4,-8.3459,55.7398,,,
56,5,-8.2300,55.7398,,,
56,6,-8.1141,55.7398,,,
56,7,-7.9983,55.7398,,,
56,8,-7.8824,55.7398,,,
56,9,-7.7665,55.7398,,,
56,10,-7.6507,55.7398,,,
56,11,-7.5348,55.7398,,,
56,12,-7.4190,55.7398,,,
56,13,-7.3031,55.7398,,,
56,14,-7.1872,55.7398,,,
56,15,-7.0714,55.7398,,,
56,16,-6.9555,55.7398,,,
56,17,-6.8397,55.7398,,,
56,18,-6.7238,55.7398,,,
56,19,-6.6079,55.7398,,,
56,20,-6.4921,55.7398,,,
56,21,-6.3762,55.7398,Argyllshire,nan,nan
56,22,-6.2603,55.7398,Argyllshire,nan,nan
56,23,-6.1445,55.7398,Argyllshire,nan,nan
56,24,-6.0286,55.7398,,,
56,25,-5.9128,55.7398,,,
56,26,-5.7969,55.7398,,,
56,27,-5.6810,55.7398,,,
56,28,-5.5652,55.7398,Argyllshire,-2.65,5.2
56,29,-5.4493,55.7398,Argyllshire,-2.65,5.2
56,30,-5.3334,55.7398,,,
56,31,-5.2176,55.7398,,,
56,32,-5.1017,55.7398,,,
56,33,-4.9859,55.7398,,,
56,34,-4.8700,55.7398,,,
56,35,-4.7541,55.7398,Ayrshire,-1.53,16.3
56,36,-4.6383,55.7398,Ayrshire,-1.35,18.1
56,37,-4.5224,55.7398,Ayrshire,-1.35,18.1
56,38,-4.4066,55.7398,Renfrewshire,-2.51,6.6
56,39,-4.2907,55.7398,Renfrewshire,-3.02,1.6
56,40,-4.1748,55.7398,Lanarkshire,-1.81,13.5
56,41,-4.0590,55.7398,Lanarkshire,-3.02,1.6
56,42,-3.9431,55.7398,Lanarkshire,-1.67,14.9
56,43,-3.8272,55.7398,Lanarkshire,-1.72,14.4
56,44,-3.7114,55.7398,Lanarkshire,-1.67,14.9
56,45,-3.5955,55.7398,Lanarkshire,-1.86,13.1
56,46,-3.4797,55.7398,Lanarkshire,-2.09,10.8
56,47,-3.3638,55.7398,Peeblesshire,-2.09,10.8
56,48,-3.2479,55.7398,Peeblesshire,-2.09,10.8
56,49,-3.1321,55.7398,Midlothian,-0.51,26.4
56,50,-3.0162,55.7398,Midlothian,-0.42,27.3
56,51,-2.9003,55.7398,Midlothian,-0.42,27.3
56,52,-2.7845,55.7398,Berwickshire,-0.28,28.7
56,53,-2.6686,55.7398,Berwickshire,0.6,37.4
56,54,-2.5528,55.7398,Berwickshire,0.6,37.4
56,55,-2.4369,55.7398,Berwickshire,0.6,37.4
56,56,-2.3210,55.7398,Berwickshire,1.81,49.4
56,57,-2.2052,55.7398,Berwickshire,1.77,49.0
56,58,-2.0893,55.7398,Northumberland,2.98,61.0
56,59,-1.9734,55.7398,Northumberland,3.12,62.3
56,60,-1.8576,55.7398,,,
56,61,-1.7417,55.7398,,,
56,62,-1.6259,55.7398,,,
56,63,-1.5100,55.7398,,,
56,64,-1.3941,55.7398,,,
56,65,-1.2783,55.7398,,,
56,66,-1.1624,55.7398,,,
56,67,-1.0466,55.7398,,,
56,68,-0.9307,55.7398,,,
56,69,-0.8148,55.7398,,,
56,70,-0.6990,55.7398,,,
56,71,-0.5831,55.7398,,,
56,72,-0.4672,55.7398,,,
56,73,-0.3514,55.7398,,,
56,74,-0.2355,55.7398,,,
56,75,-0.1197,55.7398,,,
56,76,-0.0038,55.7398,,,
56,77,0.1121,55.7398,,,
56,78,0.2279,55.7398,,,
56,79,0.3438,55.7398,,,
56,80,0.4597,55.7398,,,
56,81,0.5755,55.7398,,,
56,82,0.6914,55.7398,,,
56,83,0.8072,55.7398,,,
56,84,0.9231,55.7398,,,
56,85,1.0390,55.7398,,,
56,86,1.1548,55.7398,,,
56,87,1.2707,55.7398,,,
56,88,1.3865,55.7398,,,
56,89,1.5024,55.7398,,,
56,90,1.6183,55.7398,,,
56,91,1.7341,55.7398,,,
56,92,1.8500,55.7398,,,
56,93,1.9659,55.7398,,,
57,0,-8.8093,55.6728,,,
57,1,-8.6934,55.6728,,,
57,2,-8.5776,55.6728,,,
57,3,-8.4617,55.6728,,,
57,4,-8.3459,55.6728,,,
57,5,-8.2300,55.6728,,,
57,6,-8.1141,55.6728,,,
57,7,-7.9983,55.6728,,,
57,8,-7.8824,55.6728,,,
57,9,-7.7665,55.6728,,,
57,10,-7.6507,55.6728,,,
57,11,-7.5348,55.6728,,,
57,12,-7.4190,55.6728,,,
57,13,-7.3031,55.6728,,,
57,14,-7.1872,55.6728,,,
57,15,-7.0714,55.6728,,,
57,16,-6.9555,55.6728,,,
57,17,-6.8397,55.6728,,,
57,18,-6.7238,55.6728,,,
57,19,-6.6079,55.6728,,,
57,20,-6.4921,55.6728,,,
57,21,-6.3762,55.6728,,,
57,22,-6.2603,55.6728,Argyllshire,nan,nan
57,23,-6.1445,55.6728,Argyllshire,nan,nan
57,24,-6.0286,55.6728,,,
57,25,-5.9128,55.6728,,,
57,26,-5.7969,55.6728,,,
57,27,-5.6810,55.6728,,,
57,28,-5.5652,55.6728,Argyllshire,-2.65,5.2
57,29,-5.4493,55.6728,Argyllshire,nan,nan
57,30,-5.3334,55.6728,,,
57,31,-5.2176,55.6728,Buteshire,nan,nan
57,32,-5.1017,55.6728,,,
57,33,-4.9859,55.6728,,,
57,34,-4.8700,55.6728,,,
57,35,-4.7541,55.6728,Ayrshire,-1.53,16.3
57,36,-4.6383,55.6728,Ayrshire,-1.53,16.3
57,37,-4.5224,55.6728,Ayrshire,-1.35,18.1
57,38,-4.4066,55.6728,Ayrshire,-0.93,22.3
57,39,-4.2907,55.6728,Ayrshire,-1.81,13.5
57,40,-4.1748,55.6728,Lanarkshire,-1.72,14.4
57,41,-4.0590,55.6728,Lanarkshire,-1.72,14.4
57,42,-3.9431,55.6728,Lanarkshire,-1.72,14.4
57,43,-3.8272,55.6728,Lanarkshire,-1.72,14.4
57,44,-3.7114,55.6728,Lanarkshire,-1.72,14.4
57,45,-3.5955,55.6728,Lanarkshire,-1.72,14.4
57,46,-3.4797,55.6728,Lanarkshire,-2.09,10.8
57,47,-3.3638,55.6728,Peeblesshire,-2.09,10.8
57,48,-3.2479,55.6728,Peeblesshire,-2.09,10.8
57,49,-3.1321,55.6728,Peeblesshire,-0.33,28.2
57,50,-3.0162,55.6728,Peeblesshire,-0.42,27.3
57,51,-2.9003,55.6728,Midlothian,-0.33,28.2
57,52,-2.7845,55.6728,Roxburghshire,-0.28,28.7
57,53,-2.6686,55.6728,Berwickshire,-0.33,28.2
57,54,-2.5528,55.6728,Berwickshire,2.0,51.3
57,55,-2.4369,55.6728,Berwickshire,0.51,36.5
57,56,-2.3210,55.6728,Berwickshire,2.74,58.6
57,57,-2.2052,55.6728,Berwickshire,2.98,61.0
57,58,-2.0893,55.6728,Northumberland,3.02,61.4
57,59,-1.9734,55.6728,Northumberland,3.02,61.4
57,60,-1.8576,55.6728,,,
57,61,-1.7417,55.6728,,,
57,62,-1.6259,55.6728,,,
57,63,-1.5100,55.6728,,,
57,64,-1.3941,55.6728,,,
57,65,-1.2783,55.6728,,,
57,66,-1.1624,55.6728,,,
57,67,-1.0466,55.6728,,,
57,68,-0.9307,55.6728,,,
57,69,-0.8148,55.6728,,,
57,70,-0.6990,55.6728,,,
57,71,-0.5831,55.6728,,,
57,72,-0.4672,55.6728,,,
57,73,-0.3514,55.6728,,,
57,74,-0.2355,55.6728,,,
57,75,-0.1197,55.6728,,,
57,76,-0.0038,55.6728,,,
57,77,0.1121,55.6728,,,
57,78,0.2279,55.6728,,,
57,79,0.3438,55.6728,,,
57,80,0.4597,55.6728,,,
57,81,0.5755,55.6728,,,
57,82,0.6914,55.6728,,,
57,83,0.8072,55.6728,,,
57,84,0.9231,55.6728,,,
57,85,1.0390,55.6728,,,
57,86,1.1548,55.6728,,,
57,87,1.2707,55.6728,,,
57,88,1.3865,55.6728,,,
57,89,1.5024,55.6728,,,
57,90,1.6183,55.6728,,,
57,91,1.7341,55.6728,,,
57,92,1.8500,55.6728,,,
57,93,1.9659,55.6728,,,
58,0,-8.8093,55.6057,,,
58,1,-8.6934,55.6057,,,
58,2,-8.5776,55.6057,,,
58,3,-8.4617,55.6057,,,
58,4,-8.3459,55.6057,,,
58,5,-8.2300,55.6057,,,
58,6,-8.1141,55.6057,,,
58,7,-7.9983,55.6057,,,
58,8,-7.8824,55.6057,,,
58,9,-7.7665,55.6057,,,
58,10,-7.6507,55.6057,,,
58,11,-7.5348,55.6057,,,
58,12,-7.4190,55.6057,,,
58,13,-7.3031,55.6057,,,
58,14,-7.1872,55.6057,,,
58,15,-7.0714,55.6057,,,
58,16,-6.9555,55.6057,,,
58,17,-6.8397,55.6057,,,
58,18,-6.7238,55.6057,,,
58,19,-6.6079,55.6057,,,
58,20,-6.4921,55.6057,,,
58,21,-6.3762,55.6057,,,
58,22,-6.2603,55.6057,Argyllshire,nan,nan
58,23,-6.1445,55.6057,,,
58,24,-6.0286,55.6057,,,
58,25,-5.9128,55.6057,,,
58,26,-5.7969,55.6057,,,
58,27,-5.6810,55.6057,,,
58,28,-5.5652,55.6057,Argyllshire,-2.65,5.2
58,29,-5.4493,55.6057,,,
58,30,-5.3334,55.6057,Buteshire,nan,nan
58,31,-5.2176,55.6057,Buteshire,nan,nan
58,32,-5.1017,55.6057,,,
58,33,-4.9859,55.6057,,,
58,34,-4.8700,55.6057,,,
58,35,-4.7541,55.6057,,,
58,36,-4.6383,55.6057,Ayrshire,-1.53,16.3
58,37,-4.5224,55.6057,Ayrshire,-0.93,22.3
58,38,-4.4066,55.6057,Ayrshire,-1.16,20.0
58,39,-4.2907,55.6057,Ayrshire,-1.26,19.0
58,40,-4.1748,55.6057,Lanarkshire,-1.72,14.4
58,41,-4.0590,55.6057,Lanarkshire,-1.72,14.4
58,42,-3.9431,55.6057,Lanarkshire,-1.72,14.4
58,43,-3.8272,55.6057,Lanarkshire,-1.44,17.2
58,44,-3.7114,55.6057,Lanarkshire,-1.72,14.4
58,45,-3.5955,55.6057,Lanarkshire,-2.09,10.8
58,46,-3.4797,55.6057,Peeblesshire,-2.09,10.8
58,47,-3.3638,55.6057,Peeblesshire,-2.09,10.8
58,48,-3.2479,55.6057,Peeblesshire,-2.09,10.8
58,49,-3.1321,55.6057,Peeblesshire,0.93,40.7
58,50,-3.0162,55.6057,Peeblesshire,-0.51,26.4
58,51,-2.9003,55.6057,Selkirkshire,-0.42,27.3
58,52,-2.7845,55.6057,Roxburghshire,-0.23,29.2
58,53,-2.6686,55.6057,Roxburghshire,2.09,52.1
58,54,-2.5528,55.6057,Berwickshire,2.05,51.8
58,55,-2.4369,55.6057,Roxburghshire,2.05,51.8
58,56,-2.3210,55.6057,Roxburghshire,3.12,62.3
58,57,-2.2052,55.6057,Northumberland,3.02,61.4
58,58,-2.0893,55.6057,Northumberland,3.02,61.4
58,59,-1.9734,55.6057,Northumberland,3.4,65.1
58,60,-1.8576,55.6057,Northumberland,3.4,65.1
58,61,-1.7417,55.6057,Northumberland,3.49,66.0
58,62,-1.6259,55.6057,,,
58,63,-1.5100,55.6057,,,
58,64,-1.3941,55.6057,,,
58,65,-1.2783,55.6057,,,
58,66,-1.1624,55.6057,,,
58,67,-1.0466,55.6057,,,
58,68,-0.9307,55.6057,,,
58,69,-0.8148,55.6057,,,
58,70,-0.6990,55.6057,,,
58,71,-0.5831,55.6057,,,
58,72,-0.4672,55.6057,,,
58,73,-0.3514,55.6057,,,
58,74,-0.2355,55.6057,,,
58,75,-0.1197,55.6057,,,
58,76,-0.0038,55.6057,,,
58,77,0.1121,55.6057,,,
58,78,0.2279,55.6057,,,
58,79,0.3438,55.6057,,,
58,80,0.4597,55.6057,,,
58,81,0.5755,55.6057,,,
58,82,0.6914,55.6057,,,
58,83,0.8072,55.6057,,,
58,84,0.9231,55.6057,,,
58,85,1.0390,55.6057,,,
58,86,1.1548,55.6057,,,
58,87,1.2707,55.6057,,,
58,88,1.3865,55.6057,,,
58,89,1.5024,55.6057,,,
58,90,1.6183,55.6057,,,
58,91,1.7341,55.6057,,,
58,92,1.8500,55.6057,,,
58,93,1.9659,55.6057,,,
59,0,-8.8093,55.5386,,,
59,1,-8.6934,55.5386,,,
59,2,-8.5776,55.5386,,,
59,3,-8.4617,55.5386,,,
59,4,-8.3459,55.5386,,,
59,5,-8.2300,55.5386,,,
59,6,-8.1141,55.5386,,,
59,7,-7.9983,55.5386,,,
59,8,-7.8824,55.5386,,,
59,9,-7.7665,55.5386,,,
59,10,-7.6507,55.5386,,,
59,11,-7.5348,55.5386,,,
59,12,-7.4190,55.5386,,,
59,13,-7.3031,55.5386,,,
59,14,-7.1872,55.5386,,,
59,15,-7.0714,55.5386,,,
59,16,-6.9555,55.5386,,,
59,17,-6.8397,55.5386,,,
59,18,-6.7238,55.5386,,,
59,19,-6.6079,55.5386,,,
59,20,-6.4921,55.5386,,,
59,21,-6.3762,55.5386,,,
59,22,-6.2603,55.5386,,,
59,23,-6.1445,55.5386,,,
59,24,-6.0286,55.5386,,,
59,25,-5.9128,55.5386,,,
59,26,-5.7969,55.5386,,,
59,27,-5.6810,55.5386,Argyllshire,-2.65,5.2
59,28,-5.5652,55.5386,Argyllshire,-2.65,5.2
59,29,-5.4493,55.5386,,,
59,30,-5.3334,55.5386,,,
59,31,-5.2176,55.5386,Buteshire,nan,nan
59,32,-5.1017,55.5386,Buteshire,nan,nan
59,33,-4.9859,55.5386,,,
59,34,-4.8700,55.5386,,,
59,35,-4.7541,55.5386,,,
59,36,-4.6383,55.5386,,,
59,37,-4.5224,55.5386,Ayrshire,-1.26,19.0
59,38,-4.4066,55.5386,Ayrshire,-1.26,19.0
59,39,-4.2907,55.5386,Ayrshire,-1.26,19.0
59,40,-4.1748,55.5386,Ayrshire,-2.09,10.8
59,41,-4.0590,55.5386,Ayrshire,-1.72,14.4
59,42,-3.9431,55.5386,Lanarkshire,-1.72,14.4
59,43,-3.8272,55.5386,Lanarkshire,-1.72,14.4
59,44,-3.7114,55.5386,Lanarkshire,-1.35,18.1
59,45,-3.5955,55.5386,Lanarkshire,-2.09,10.8
59,46,-3.4797,55.5386,Lanarkshire,-2.09,10.8
59,47,-3.3638,55.5386,Peeblesshire,-2.09,10.8
59,48,-3.2479,55.5386,Peeblesshire,-2.09,10.8
59,49,-3.1321,55.5386,Selkirkshire,0.93,40.7
59,50,-3.0162,55.5386,Selkirkshire,-0.51,26.4
59,51,-2.9003,55.5386,Selkirkshire,-0.42,27.3
59,52,-2.7845,55.5386,Roxburghshire,4.09,71.9
59,53,-2.6686,55.5386,Roxburghshire,4.09,71.9
59,54,-2.5528,55.5386,Roxburghshire,4.05,71.5
59,55,-2.4369,55.5386,Roxburghshire,3.91,70.2
59,56,-2.3210,55.5386,Roxburghshire,3.16,62.7
59,57,-2.2052,55.5386,Northumberland,3.07,61.8
59,58,-2.0893,55.5386,Northumberland,4.0,71.1
59,59,-1.9734,55.5386,Northumberland,3.4,65.1
59,60,-1.8576,55.5386,Northumberland,3.35,64.6
59,61,-1.7417,55.5386,Northumberland,3.44,65.5
59,62,-1.6259,55.5386,Northumberland,nan,nan
59,63,-1.5100,55.5386,,,
59,64,-1.3941,55.5386,,,
59,65,-1.2783,55.5386,,,
59,66,-1.1624,55.5386,,,
59,67,-1.0466,55.5386,,,
59,68,-0.9307,55.5386,,,
59,69,-0.8148,55.5386,,,
59,70,-0.6990,55.5386,,,
59,71,-0.5831,55.5386,,,
59,72,-0.4672,55.5386,,,
59,73,-0.3514,55.5386,,,
59,74,-0.2355,55.5386,,,
59,75,-0.1197,55.5386,,,
59,76,-0.0038,55.5386,,,
59,77,0.1121,55.5386,,,
59,78,0.2279,55.5386,,,
59,79,0.3438,55.5386,,,
59,80,0.4597,55.5386,,,
59,81,0.5755,55.5386,,,
59,82,0.6914,55.5386,,,
59,83,0.8072,55.5386,,,
59,84,0.9231,55.5386,,,
59,85,1.0390,55.5386,,,
59,86,1.1548,55.5386,,,
59,87,1.2707,55.5386,,,
59,88,1.3865,55.5386,,,
59,89,1.5024,55.5386,,,
59,90,1.6183,55.5386,,,
59,91,1.7341,55.5386,,,
59,92,1.8500,55.5386,,,
59,93,1.9659,55.5386,,,
60,0,-8.8093,55.4716,,,
60,1,-8.6934,55.4716,,,
60,2,-8.5776,55.4716,,,
60,3,-8.4617,55.4716,,,
60,4,-8.3459,55.4716,,,
60,5,-8.2300,55.4716,,,
60,6,-8.1141,55.4716,,,
60,7,-7.9983,55.4716,,,
60,8,-7.8824,55.4716,,,
60,9,-7.7665,55.4716,,,
60,10,-7.6507,55.4716,,,
60,11,-7.5348,55.4716,,,
60,12,-7.4190,55.4716,,,
60,13,-7.3031,55.4716,,,
60,14,-7.1872,55.4716,,,
60,15,-7.0714,55.4716,,,
60,16,-6.9555,55.4716,,,
60,17,-6.8397,55.4716,,,
60,18,-6.7238,55.4716,,,
60,19,-6.6079,55.4716,,,
60,20,-6.4921,55.4716,,,
60,21,-6.3762,55.4716,,,
60,22,-6.2603,55.4716,,,
60,23,-6.1445,55.4716,,,
60,24,-6.0286,55.4716,,,
60,25,-5.9128,55.4716,,,
60,26,-5.7969,55.4716,,,
60,27,-5.6810,55.4716,Argyllshire,-2.65,5.2
60,28,-5.5652,55.4716,Argyllshire,-2.65,5.2
60,29,-5.4493,55.4716,,,
60,30,-5.3334,55.4716,,,
60,31,-5.2176,55.4716,Buteshire,nan,nan
60,32,-5.1017,55.4716,Buteshire,nan,nan
60,33,-4.9859,55.4716,,,
60,34,-4.8700,55.4716,,,
60,35,-4.7541,55.4716,,,
60,36,-4.6383,55.4716,,,
60,37,-4.5224,55.4716,Ayrshire,-1.26,19.0
60,38,-4.4066,55.4716,Ayrshire,-1.3,18.6
60,39,-4.2907,55.4716,Ayrshire,-1.16,20.0
60,40,-4.1748,55.4716,Ayrshire,-1.67,14.9
60,41,-4.0590,55.4716,Ayrshire,-1.49,16.7
60,42,-3.9431,55.4716,Lanarkshire,-1.72,14.4
60,43,-3.8272,55.4716,Lanarkshire,-1.72,14.4
60,44,-3.7114,55.4716,Lanarkshire,-1.53,16.3
60,45,-3.5955,55.4716,Lanarkshire,-1.67,14.9
60,46,-3.4797,55.4716,Peeblesshire,1.86,49.9
60,47,-3.3638,55.4716,Peeblesshire,1.86,49.9
60,48,-3.2479,55.4716,Peeblesshire,-1.86,13.1
60,49,-3.1321,55.4716,Selkirkshire,-1.86,13.1
60,50,-3.0162,55.4716,Selkirkshire,0.88,40.2
60,51,-2.9003,55.4716,Selkirkshire,-0.51,26.4
60,52,-2.7845,55.4716,Roxburghshire,4.19,72.9
60,53,-2.6686,55.4716,Roxburghshire,4.09,71.9
60,54,-2.5528,55.4716,Roxburghshire,4.09,71.9
60,55,-2.4369,55.4716,Roxburghshire,4.09,71.9
60,56,-2.3210,55.4716,Roxburghshire,3.16,62.7
60,57,-2.2052,55.4716,Roxburghshire,2.79,59.1
60,58,-2.0893,55.4716,Northumberland,3.4,65.1
60,59,-1.9734,55.4716,Northumberland,3.4,65.1
60,60,-1.8576,55.4716,Northumberland,3.4,65.1
60,61,-1.7417,55.4716,Northumberland,3.49,66.0
60,62,-1.6259,55.4716,Northumberland,3.3,64.1
60,63,-1.5100,55.4716,,,
60,64,-1.3941,55.4716,,,
60,65,-1.2783,55.4716,,,
60,66,-1.1624,55.4716,,,
60,67,-1.0466,55.4716,,,
60,68,-0.9307,55.4716,,,
60,69,-0.8148,55.4716,,,
60,70,-0.6990,55.4716,,,
60,71,-0.5831,55.4716,,,
60,72,-0.4672,55.4716,,,
60,73,-0.3514,55.4716,,,
60,74,-0.2355,55.4716,,,
60,75,-0.1197,55.4716,,,
60,76,-0.0038,55.4716,,,
60,77,0.1121,55.4716,,,
60,78,0.2279,55.4716,,,
60,79,0.3438,55.4716,,,
60,80,0.4597,55.4716,,,
60,81,0.5755,55.4716,,,
60,82,0.6914,55.4716,,,
60,83,0.8072,55.4716,,,
60,84,0.9231,55.4716,,,
60,85,1.0390,55.4716,,,
60,86,1.1548,55.4716,,,
60,87,1.2707,55.4716,,,
60,88,1.3865,55.4716,,,
60,89,1.5024,55.4716,,,
60,90,1.6183,55.4716,,,
60,91,1.7341,55.4716,,,
60,92,1.8500,55.4716,,,
60,93,1.9659,55.4716,,,
61,0,-8.8093,55.4045,,,
61,1,-8.6934,55.4045,,,
61,2,-8.5776,55.4045,,,
61,3,-8.4617,55.4045,,,
61,4,-8.3459,55.4045,,,
61,5,-8.2300,55.4045,,,
61,6,-8.1141,55.4045,,,
61,7,-7.9983,55.4045,,,
61,8,-7.8824,55.4045,,,
61,9,-7.7665,55.4045,,,
61,10,-7.6507,55.4045,,,
61,11,-7.5348,55.4045,,,
61,12,-7.4190,55.4045,,,
61,13,-7.3031,55.4045,,,
61,14,-7.1872,55.4045,,,
61,15,-7.0714,55.4045,,,
61,16,-6.9555,55.4045,,,
61,17,-6.8397,55.4045,,,
61,18,-6.7238,55.4045,,,
61,19,-6.6079,55.4045,,,
61,20,-6.4921,55.4045,,,
61,21,-6.3762,55.4045,,,
61,22,-6.2603,55.4045,,,
61,23,-6.1445,55.4045,,,
61,24,-6.0286,55.4045,,,
61,25,-5.9128,55.4045,,,
61,26,-5.7969,55.4045,,,
61,27,-5.6810,55.4045,Argyllshire,-2.65,5.2
61,28,-5.5652,55.4045,Argyllshire,-2.65,5.2
61,29,-5.4493,55.4045,,,
61,30,-5.3334,55.4045,,,
61,31,-5.2176,55.4045,,,
61,32,-5.1017,55.4045,,,
61,33,-4.9859,55.4045,,,
61,34,-4.8700,55.4045,,,
61,35,-4.7541,55.4045,,,
61,36,-4.6383,55.4045,Ayrshire,-1.26,19.0
61,37,-4.5224,55.4045,Ayrshire,-0.98,21.8
61,38,-4.4066,55.4045,Ayrshire,-0.93,22.3
61,39,-4.2907,55.4045,Ayrshire,-0.93,22.3
61,40,-4.1748,55.4045,Ayrshire,-1.49,16.7
61,41,-4.0590,55.4045,Ayrshire,-1.35,18.1
61,42,-3.9431,55.4045,Dumfriesshire,-1.72,14.4
61,43,-3.8272,55.4045,Dumfriesshire,-1.72,14.4
61,44,-3.7114,55.4045,Lanarkshire,-1.53,16.3
61,45,-3.5955,55.4045,Lanarkshire,1.86,49.9
61,46,-3.4797,55.4045,Peeblesshire,1.67,48.0
61,47,-3.3638,55.4045,Dumfriesshire,1.77,49.0
61,48,-3.2479,55.4045,Selkirkshire,1.81,49.4
61,49,-3.1321,55.4045,Selkirkshire,-1.86,13.1
61,50,-3.0162,55.4045,Selkirkshire,-1.86,13.1
61,51,-2.9003,55.4045,Roxburghshire,4.47,75.7
61,52,-2.7845,55.4045,Roxburghshire,4.47,75.7
61,53,-2.6686,55.4045,Roxburghshire,4.09,71.9
61,54,-2.5528,55.4045,Roxburghshire,4.09,71.9
61,55,-2.4369,55.4045,Roxburghshire,4.09,71.9
61,56,-2.3210,55.4045,Roxburghshire,3.3,64.1
61,57,-2.2052,55.4045,Northumberland,3.95,70.6
61,58,-2.0893,55.4045,Northumberland,3.95,70.6
61,59,-1.9734,55.4045,Northumberland,3.91,70.2
61,60,-1.8576,55.4045,Northumberland,4.23,73.3
61,61,-1.7417,55.4045,Northumberland,3.67,67.8
61,62,-1.6259,55.4045,Northumberland,3.3,64.1
61,63,-1.5100,55.4045,,,
61,64,-1.3941,55.4045,,,
61,65,-1.2783,55.4045,,,
61,66,-1.1624,55.4045,,,
61,67,-1.0466,55.4045,,,
61,68,-0.9307,55.4045,,,
61,69,-0.8148,55.4045,,,
61,70,-0.6990,55.4045,,,
61,71,-0.5831,55.4045,,,
61,72,-0.4672,55.4045,,,
61,73,-0.3514,55.4045,,,
61,74,-0.2355,55.4045,,,
61,75,-0.1197,55.4045,,,
61,76,-0.0038,55.4045,,,
61,77,0.1121,55.4045,,,
61,78,0.2279,55.4045,,,
61,79,0.3438,55.4045,,,
61,80,0.4597,55.4045,,,
61,81,0.5755,55.4045,,,
61,82,0.6914,55.4045,,,
61,83,0.8072,55.4045,,,
61,84,0.9231,55.4045,,,
61,85,1.0390,55.4045,,,
61,86,1.1548,55.4045,,,
61,87,1.2707,55.4045,,,
61,88,1.3865,55.4045,,,
61,89,1.5024,55.4045,,,
61,90,1.6183,55.4045,,,
61,91,1.7341,55.4045,,,
61,92,1.8500,55.4045,,,
61,93,1.9659,55.4045,,,
62,0,-8.8093,55.3374,,,
62,1,-8.6934,55.3374,,,
62,2,-8.5776,55.3374,,,
62,3,-8.4617,55.3374,,,
62,4,-8.3459,55.3374,,,
62,5,-8.2300,55.3374,,,
62,6,-8.1141,55.3374,,,
62,7,-7.9983,55.3374,,,
62,8,-7.8824,55.3374,,,
62,9,-7.7665,55.3374,,,
62,10,-7.6507,55.3374,,,
62,11,-7.5348,55.3374,,,
62,12,-7.4190,55.3374,,,
62,13,-7.3031,55.3374,,,
62,14,-7.1872,55.3374,,,
62,15,-7.0714,55.3374,,,
62,16,-6.9555,55.3374,,,
62,17,-6.8397,55.3374,,,
62,18,-6.7238,55.3374,,,
62,19,-6.6079,55.3374,,,
62,20,-6.4921,55.3374,,,
62,21,-6.3762,55.3374,,,
62,22,-6.2603,55.3374,,,
62,23,-6.1445,55.3374,,,
62,24,-6.0286,55.3374,,,
62,25,-5.9128,55.3374,,,
62,26,-5.7969,55.3374,,,
62,27,-5.6810,55.3374,Argyllshire,-2.65,5.2
62,28,-5.5652,55.3374,Argyllshire,-2.65,5.2
62,29,-5.4493,55.3374,,,
62,30,-5.3334,55.3374,,,
62,31,-5.2176,55.3374,,,
62,32,-5.1017,55.3374,,,
62,33,-4.9859,55.3374,,,
62,34,-4.8700,55.3374,,,
62,35,-4.7541,55.3374,Ayrshire,-1.26,19.0
62,36,-4.6383,55.3374,Ayrshire,-0.98,21.8
62,37,-4.5224,55.3374,Ayrshire,-0.93,22.3
62,38,-4.4066,55.3374,Ayrshire,-1.44,17.2
62,39,-4.2907,55.3374,Ayrshire,-1.44,17.2
62,40,-4.1748,55.3374,Ayrshire,-1.35,18.1
62,41,-4.0590,55.3374,Dumfriesshire,-1.72,14.4
62,42,-3.9431,55.3374,Dumfriesshire,-1.67,14.9
62,43,-3.8272,55.3374,Dumfriesshire,-1.72,14.4
62,44,-3.7114,55.3374,Dumfriesshire,-1.77,13.9
62,45,-3.5955,55.3374,Lanarkshire,-1.53,16.3
62,46,-3.4797,55.3374,Dumfriesshire,1.77,49.0
62,47,-3.3638,55.3374,Dumfriesshire,1.77,49.0
62,48,-3.2479,55.3374,Dumfriesshire,1.77,49.0
62,49,-3.1321,55.3374,Dumfriesshire,1.81,49.4
62,50,-3.0162,55.3374,Roxburghshire,4.47,75.7
62,51,-2.9003,55.3374,Roxburghshire,4.37,74.7
62,52,-2.7845,55.3374,Roxburghshire,4.09,71.9
62,53,-2.6686,55.3374,Roxburghshire,4.09,71.9
62,54,-2.5528,55.3374,Roxburghshire,4.09,71.9
62,55,-2.4369,55.3374,Northumberland,4.09,71.9
62,56,-2.3210,55.3374,Northumberland,3.26,63.7
62,57,-2.2052,55.3374,Northumberland,5.72,88.1
62,58,-2.0893,55.3374,Northumberland,4.23,73.3
62,59,-1.9734,55.3374,Northumberland,4.23,73.3
62,60,-1.8576,55.3374,Northumberland,3.58,66.9
62,61,-1.7417,55.3374,Northumberland,3.58,66.9
62,62,-1.6259,55.3374,Northumberland,4.47,75.7
62,63,-1.5100,55.3374,,,
62,64,-1.3941,55.3374,,,
62,65,-1.2783,55.3374,,,
62,66,-1.1624,55.3374,,,
62,67,-1.0466,55.3374,,,
62,68,-0.9307,55.3374,,,
62,69,-0.8148,55.3374,,,
62,70,-0.6990,55.3374,,,
62,71,-0.5831,55.3374,,,
62,72,-0.4672,55.3374,,,
62,73,-0.3514,55.3374,,,
62,74,-0.2355,55.3374,,,
62,75,-0.1197,55.3374,,,
62,76,-0.0038,55.3374,,,
62,77,0.1121,55.3374,,,
62,78,0.2279,55.3374,,,
62,79,0.3438,55.3374,,,
62,80,0.4597,55.3374,,,
62,81,0.5755,55.3374,,,
62,82,0.6914,55.3374,,,
62,83,0.8072,55.3374,,,
62,84,0.9231,55.3374,,,
62,85,1.0390,55.3374,,,
62,86,1.1548,55.3374,,,
62,87,1.2707,55.3374,,,
62,88,1.3865,55.3374,,,
62,89,1.5024,55.3374,,,
62,90,1.6183,55.3374,,,
62,91,1.7341,55.3374,,,
62,92,1.8500,55.3374,,,
62,93,1.9659,55.3374,,,
63,0,-8.8093,55.2704,,,
63,1,-8.6934,55.2704,,,
63,2,-8.5776,55.2704,,,
63,3,-8.4617,55.2704,,,
63,4,-8.3459,55.2704,,,
63,5,-8.2300,55.2704,,,
63,6,-8.1141,55.2704,,,
63,7,-7.9983,55.2704,,,
63,8,-7.8824,55.2704,,,
63,9,-7.7665,55.2704,,,
63,10,-7.6507,55.2704,,,
63,11,-7.5348,55.2704,,,
63,12,-7.4190,55.2704,,,
63,13,-7.3031,55.2704,,,
63,14,-7.1872,55.2704,,,
63,15,-7.0714,55.2704,,,
63,16,-6.9555,55.2704,,,
63,17,-6.8397,55.2704,,,
63,18,-6.7238,55.2704,,,
63,19,-6.6079,55.2704,,,
63,20,-6.4921,55.2704,,,
63,21,-6.3762,55.2704,,,
63,22,-6.2603,55.2704,,,
63,23,-6.1445,55.2704,,,
63,24,-6.0286,55.2704,,,
63,25,-5.9128,55.2704,,,
63,26,-5.7969,55.2704,,,
63,27,-5.6810,55.2704,,,
63,28,-5.5652,55.2704,,,
63,29,-5.4493,55.2704,,,
63,30,-5.3334,55.2704,,,
63,31,-5.2176,55.2704,,,
63,32,-5.1017,55.2704,,,
63,33,-4.9859,55.2704,,,
63,34,-4.8700,55.2704,,,
63,35,-4.7541,55.2704,Ayrshire,-0.98,21.8
63,36,-4.6383,55.2704,Ayrshire,-0.93,22.3
63,37,-4.5224,55.2704,Ayrshire,-1.26,19.0
63,38,-4.4066,55.2704,Ayrshire,-1.26,19.0
63,39,-4.2907,55.2704,Kirkcudbrightshire,-1.26,19.0
63,40,-4.1748,55.2704,Kirkcudbrightshire,-1.44,17.2
63,41,-4.0590,55.2704,Kirkcudbrightshire,-1.67,14.9
63,42,-3.9431,55.2704,Dumfriesshire,-2.19,9.8
63,43,-3.8272,55.2704,Dumfriesshire,-2.19,9.8
63,44,-3.7114,55.2704,Dumfriesshire,-1.26,19.0
63,45,-3.5955,55.2704,Dumfriesshire,-1.77,13.9
63,46,-3.4797,55.2704,Dumfriesshire,1.77,49.0
63,47,-3.3638,55.2704,Dumfriesshire,1.77,49.0
63,48,-3.2479,55.2704,Dumfriesshire,1.77,49.0
63,49,-3.1321,55.2704,Dumfriesshire,5.16,82.5
63,50,-3.0162,55.2704,Dumfriesshire,4.84,79.4
63,51,-2.9003,55.2704,Roxburghshire,4.47,75.7
63,52,-2.7845,55.2704,Roxburghshire,5.16,82.5
63,53,-2.6686,55.2704,Roxburghshire,5.12,82.1
63,54,-2.5528,55.2704,Northumberland,4.05,71.5
63,55,-2.4369,55.2704,Northumberland,4.0,71.1
63,56,-2.3210,55.2704,Northumberland,5.53,86.2
63,57,-2.2052,55.2704,Northumberland,5.53,86.2
63,58,-2.0893,55.2704,Northumberland,5.53,86.2
63,59,-1.9734,55.2704,Northumberland,4.23,73.3
63,60,-1.8576,55.2704,Northumberland,4.23,73.3
63,61,-1.7417,55.2704,Northumberland,3.58,66.9
63,62,-1.6259,55.2704,Northumberland,3.72,68.3
63,63,-1.5100,55.2704,,,
63,64,-1.3941,55.2704,,,
63,65,-1.2783,55.2704,,,
63,66,-1.1624,55.2704,,,
63,67,-1.0466,55.2704,,,
63,68,-0.9307,55.2704,,,
63,69,-0.8148,55.2704,,,
63,70,-0.6990,55.2704,,,
63,71,-0.5831,55.2704,,,
63,72,-0.4672,55.2704,,,
63,73,-0.3514,55.2704,,,
63,74,-0.2355,55.2704,,,
63,75,-0.1197,55.2704,,,
63,76,-0.0038,55.2704,,,
63,77,0.1121,55.2704,,,
63,78,0.2279,55.2704,,,
63,79,0.3438,55.2704,,,
63,80,0.4597,55.2704,,,
63,81,0.5755,55.2704,,,
63,82,0.6914,55.2704,,,
63,83,0.8072,55.2704,,,
63,84,0.9231,55.2704,,,
63,85,1.0390,55.2704,,,
63,86,1.1548,55.2704,,,
63,87,1.2707,55.2704,,,
63,88,1.3865,55.2704,,,
63,89,1.5024,55.2704,,,
63,90,1.6183,55.2704,,,
63,91,1.7341,55.2704,,,
63,92,1.8500,55.2704,,,
63,93,1.9659,55.2704,,,
64,0,-8.8093,55.2033,,,
64,1,-8.6934,55.2033,,,
64,2,-8.5776,55.2033,,,
64,3,-8.4617,55.2033,,,
64,4,-8.3459,55.2033,,,
64,5,-8.2300,55.2033,,,
64,6,-8.1141,55.2033,,,
64,7,-7.9983,55.2033,,,
64,8,-7.8824,55.2033,,,
64,9,-7.7665,55.2033,,,
64,10,-7.6507,55.2033,,,
64,11,-7.5348,55.2033,,,
64,12,-7.4190,55.2033,,,
64,13,-7.3031,55.2033,,,
64,14,-7.1872,55.2033,,,
64,15,-7.0714,55.2033,,,
64,16,-6.9555,55.2033,,,
64,17,-6.8397,55.2033,,,
64,18,-6.7238,55.2033,,,
64,19,-6.6079,55.2033,,,
64,20,-6.4921,55.2033,,,
64,21,-6.3762,55.2033,,,
64,22,-6.2603,55.2033,,,
64,23,-6.1445,55.2033,,,
64,24,-6.0286,55.2033,,,
64,25,-5.9128,55.2033,,,
64,26,-5.7969,55.2033,,,
64,27,-5.6810,55.2033,,,
64,28,-5.5652,55.2033,,,
64,29,-5.4493,55.2033,,,
64,30,-5.3334,55.2033,,,
64,31,-5.2176,55.2033,,,
64,32,-5.1017,55.2033,,,
64,33,-4.9859,55.2033,,,
64,34,-4.8700,55.2033,,,
64,35,-4.7541,55.2033,Ayrshire,-0.93,22.3
64,36,-4.6383,55.2033,Ayrshire,-1.26,19.0
64,37,-4.5224,55.2033,Ayrshire,-1.26,19.0
64,38,-4.4066,55.2033,Ayrshire,-1.26,19.0
64,39,-4.2907,55.2033,Kirkcudbrightshire,-1.26,19.0
64,40,-4.1748,55.2033,Kirkcudbrightshire,-1.26,19.0
64,41,-4.0590,55.2033,Kirkcudbrightshire,-2.19,9.8
64,42,-3.9431,55.2033,Dumfriesshire,-2.19,9.8
64,43,-3.8272,55.2033,Dumfriesshire,-2.19,9.8
64,44,-3.7114,55.2033,Dumfriesshire,-2.19,9.8
64,45,-3.5955,55.2033,Dumfriesshire,-1.26,19.0
64,46,-3.4797,55.2033,Dumfriesshire,-1.77,13.9
64,47,-3.3638,55.2033,Dumfriesshire,4.42,75.2
64,48,-3.2479,55.2033,Dumfriesshire,4.42,75.2
64,49,-3.1321,55.2033,Dumfriesshire,4.23,73.3
64,50,-3.0162,55.2033,Dumfriesshire,5.16,82.5
64,51,-2.9003,55.2033,Dumfriesshire,4.88,79.8
64,52,-2.7845,55.2033,Roxburghshire,5.16,82.5
64,53,-2.6686,55.2033,Roxburghshire,5.12,82.1
64,54,-2.5528,55.2033,Northumberland,5.77,88.6
64,55,-2.4369,55.2033,Northumberland,5.77,88.6
64,56,-2.3210,55.2033,Northumberland,5.53,86.2
64,57,-2.2052,55.2033,Northumberland,5.53,86.2
64,58,-2.0893,55.2033,Northumberland,4.19,72.9
64,59,-1.9734,55.2033,Northumberland,4.23,73.3
64,60,-1.8576,55.2033,Northumberland,3.53,66.4
64,61,-1.7417,55.2033,Northumberland,3.72,68.3
64,62,-1.6259,55.2033,Northumberland,3.77,68.8
64,63,-1.5100,55.2033,,,
64,64,-1.3941,55.2033,,,
64,65,-1.2783,55.2033,,,
64,66,-1.1624,55.2033,,,
64,67,-1.0466,55.2033,,,
64,68,-0.9307,55.2033,,,
64,69,-0.8148,55.2033,,,
64,70,-0.6990,55.2033,,,
64,71,-0.5831,55.2033,,,
64,72,-0.4672,55.2033,,,
64,73,-0.3514,55.2033,,,
64,74,-0.2355,55.2033,,,
64,75,-0.1197,55.2033,,,
64,76,-0.0038,55.2033,,,
64,77,0.1121,55.2033,,,
64,78,0.2279,55.2033,,,
64,79,0.3438,55.2033,,,
64,80,0.4597,55.2033,,,
64,81,0.5755,55.2033,,,
64,82,0.6914,55.2033,,,
64,83,0.8072,55.2033,,,
64,84,0.9231,55.2033,,,
64,85,1.0390,55.2033,,,
64,86,1.1548,55.2033,,,
64,87,1.2707,55.2033,,,
64,88,1.3865,55.2033,,,
64,89,1.5024,55.2033,,,
64,90,1.6183,55.2033,,,
64,91,1.7341,55.2033,,,
64,92,1.8500,55.2033,,,
64,93,1.9659,55.2033,,,
65,0,-8.8093,55.1362,,,
65,1,-8.6934,55.1362,,,
65,2,-8.5776,55.1362,,,
65,3,-8.4617,55.1362,,,
65,4,-8.3459,55.1362,,,
65,5,-8.2300,55.1362,,,
65,6,-8.1141,55.1362,,,
65,7,-7.9983,55.1362,,,
65,8,-7.8824,55.1362,,,
65,9,-7.7665,55.1362,,,
65,10,-7.6507,55.1362,,,
65,11,-7.5348,55.1362,,,
65,12,-7.4190,55.1362,,,
65,13,-7.3031,55.1362,,,
65,14,-7.1872,55.1362,,,
65,15,-7.0714,55.1362,,,
65,16,-6.9555,55.1362,,,
65,17,-6.8397,55.1362,,,
65,18,-6.7238,55.1362,,,
65,19,-6.6079,55.1362,,,
65,20,-6.4921,55.1362,,,
65,21,-6.3762,55.1362,,,
65,22,-6.2603,55.1362,,,
65,23,-6.1445,55.1362,,,
65,24,-6.0286,55.1362,,,
65,25,-5.9128,55.1362,,,
65,26,-5.7969,55.1362,,,
65,27,-5.6810,55.1362,,,
65,28,-5.5652,55.1362,,,
65,29,-5.4493,55.1362,,,
65,30,-5.3334,55.1362,,,
65,31,-5.2176,55.1362,,,
65,32,-5.1017,55.1362,,,
65,33,-4.9859,55.1362,,,
65,34,-4.8700,55.1362,Ayrshire,-0.93,22.3
65,35,-4.7541,55.1362,Ayrshire,-1.26,19.0
65,36,-4.6383,55.1362,Ayrshire,-1.26,19.0
65,37,-4.5224,55.1362,Kirkcudbrightshire,-1.26,19.0
65,38,-4.4066,55.1362,Kirkcudbrightshire,-1.26,19.0
65,39,-4.2907,55.1362,Kirkcudbrightshire,-1.26,19.0
65,40,-4.1748,55.1362,Kirkcudbrightshire,-1.26,19.0
65,41,-4.0590,55.1362,Kirkcudbrightshire,-1.26,19.0
65,42,-3.9431,55.1362,Dumfriesshire,-2.19,9.8
65,43,-3.8272,55.1362,Dumfriesshire,-2.19,9.8
65,44,-3.7114,55.1362,Dumfriesshire,-2.19,9.8
65,45,-3.5955,55.1362,Dumfriesshire,-2.19,9.8
65,46,-3.4797,55.1362,Dumfriesshire,-1.26,19.0
65,47,-3.3638,55.1362,Dumfriesshire,4.42,75.2
65,48,-3.2479,55.1362,Dumfriesshire,4.42,75.2
65,49,-3.1321,55.1362,Dumfriesshire,4.42,75.2
65,50,-3.0162,55.1362,Dumfriesshire,4.23,73.3
65,51,-2.9003,55.1362,Dumfriesshire,4.93,80.3
65,52,-2.7845,55.1362,Roxburghshire,5.12,82.1
65,53,-2.6686,55.1362,Cumberland,5.77,88.6
65,54,-2.5528,55.1362,Northumberland,5.77,88.6
65,55,-2.4369,55.1362,Northumberland,5.86,89.5
65,56,-2.3210,55.1362,Northumberland,5.53,86.2
65,57,-2.2052,55.1362,Northumberland,4.23,73.3
65,58,-2.0893,55.1362,Northumberland,4.23,73.3
65,59,-1.9734,55.1362,Northumberland,4.23,73.3
65,60,-1.8576,55.1362,Northumberland,3.53,66.4
65,61,-1.7417,55.1362,Northumberland,3.53,66.4
65,62,-1.6259,55.1362,Northumberland,3.77,68.8
65,63,-1.5100,55.1362,Northumberland,3.77,68.8
65,64,-1.3941,55.1362,,,
65,65,-1.2783,55.1362,,,
65,66,-1.1624,55.1362,,,
65,67,-1.0466,55.1362,,,
65,68,-0.9307,55.1362,,,
65,69,-0.8148,55.1362,,,
65,70,-0.6990,55.1362,,,
65,71,-0.5831,55.1362,,,
65,72,-0.4672,55.1362,,,
65,73,-0.3514,55.1362,,,
65,74,-0.2355,55.1362,,,
65,75,-0.1197,55.1362,,,
65,76,-0.0038,55.1362,,,
65,77,0.1121,55.1362,,,
65,78,0.2279,55.1362,,,
65,79,0.3438,55.1362,,,
65,80,0.4597,55.1362,,,
65,81,0.5755,55.1362,,,
65,82,0.6914,55.1362,,,
65,83,0.8072,55.1362,,,
65,84,0.9231,55.1362,,,
65,85,1.0390,55.1362,,,
65,86,1.1548,55.1362,,,
65,87,1.2707,55.1362,,,
65,88,1.3865,55.1362,,,
65,89,1.5024,55.1362,,,
65,90,1.6183,55.1362,,,
65,91,1.7341,55.1362,,,
65,92,1.8500,55.1362,,,
65,93,1.9659,55.1362,,,
66,0,-8.8093,55.0691,,,
66,1,-8.6934,55.0691,,,
66,2,-8.5776,55.0691,,,
66,3,-8.4617,55.0691,,,
66,4,-8.3459,55.0691,,,
66,5,-8.2300,55.0691,,,
66,6,-8.1141,55.0691,,,
66,7,-7.9983,55.0691,,,
66,8,-7.8824,55.0691,,,
66,9,-7.7665,55.0691,,,
66,10,-7.6507,55.0691,,,
66,11,-7.5348,55.0691,,,
66,12,-7.4190,55.0691,,,
66,13,-7.3031,55.0691,,,
66,14,-7.1872,55.0691,,,
66,15,-7.0714,55.0691,,,
66,16,-6.9555,55.0691,,,
66,17,-6.8397,55.0691,,,
66,18,-6.7238,55.0691,,,
66,19,-6.6079,55.0691,,,
66,20,-6.4921,55.0691,,,
66,21,-6.3762,55.0691,,,
66,22,-6.2603,55.0691,,,
66,23,-6.1445,55.0691,,,
66,24,-6.0286,55.0691,,,
66,25,-5.9128,55.0691,,,
66,26,-5.7969,55.0691,,,
66,27,-5.6810,55.0691,,,
66,28,-5.5652,55.0691,,,
66,29,-5.4493,55.0691,,,
66,30,-5.3334,55.0691,,,
66,31,-5.2176,55.0691,,,
66,32,-5.1017,55.0691,,,
66,33,-4.9859,55.0691,Ayrshire,-0.93,22.3
66,34,-4.8700,55.0691,Ayrshire,-1.26,19.0
66,35,-4.7541,55.0691,Ayrshire,-1.26,19.0
66,36,-4.6383,55.0691,Ayrshire,-1.26,19.0
66,37,-4.5224,55.0691,Kirkcudbrightshire,-1.26,19.0
66,38,-4.4066,55.0691,Kirkcudbrightshire,-1.26,19.0
66,39,-4.2907,55.0691,Kirkcudbrightshire,-1.26,19.0
66,40,-4.1748,55.0691,Kirkcudbrightshire,-1.26,19.0
66,41,-4.0590,55.0691,Kirkcudbrightshire,-1.26,19.0
66,42,-3.9431,55.0691,Kirkcudbrightshire,-1.26,19.0
66,43,-3.8272,55.0691,Kirkcudbrightshire,-2.19,9.8
66,44,-3.7114,55.0691,Kirkcudbrightshire,-2.19,9.8
66,45,-3.5955,55.0691,Dumfriesshire,-2.19,9.8
66,46,-3.4797,55.0691,Dumfriesshire,-2.19,9.8
66,47,-3.3638,55.0691,Dumfriesshire,4.42,75.2
66,48,-3.2479,55.0691,Dumfriesshire,4.42,75.2
66,49,-3.1321,55.0691,Dumfriesshire,4.42,75.2
66,50,-3.0162,55.0691,Dumfriesshire,4.42,75.2
66,51,-2.9003,55.0691,Cumberland,4.65,77.5
66,52,-2.7845,55.0691,Cumberland,4.65,77.5
66,53,-2.6686,55.0691,Cumberland,5.16,82.5
66,54,-2.5528,55.0691,Cumberland,5.77,88.6
66,55,-2.4369,55.0691,Northumberland,5.63,87.2
66,56,-2.3210,55.0691,Northumberland,5.63,87.2
66,57,-2.2052,55.0691,Northumberland,4.23,73.3
66,58,-2.0893,55.0691,Northumberland,4.23,73.3
66,59,-1.9734,55.0691,Northumberland,4.19,72.9
66,60,-1.8576,55.0691,Northumberland,3.53,66.4
66,61,-1.7417,55.0691,Northumberland,3.49,66.0
66,62,-1.6259,55.0691,Northumberland,3.35,64.6
66,63,-1.5100,55.0691,Northumberland,3.77,68.8
66,64,-1.3941,55.0691,,,
66,65,-1.2783,55.0691,,,
66,66,-1.1624,55.0691,,,
66,67,-1.0466,55.0691,,,
66,68,-0.9307,55.0691,,,
66,69,-0.8148,55.0691,,,
66,70,-0.6990,55.0691,,,
66,71,-0.5831,55.0691,,,
66,72,-0.4672,55.0691,,,
66,73,-0.3514,55.0691,,,
66,74,-0.2355,55.0691,,,
66,75,-0.1197,55.0691,,,
66,76,-0.0038,55.0691,,,
66,77,0.1121,55.0691,,,
66,78,0.2279,55.0691,,,
66,79,0.3438,55.0691,,,
66,80,0.4597,55.0691,,,
66,81,0.5755,55.0691,,,
66,82,0.6914,55.0691,,,
66,83,0.8072,55.0691,,,
66,84,0.9231,55.0691,,,
66,85,1.0390,55.0691,,,
66,86,1.1548,55.0691,,,
66,87,1.2707,55.0691,,,
66,88,1.3865,55.0691,,,
66,89,1.5024,55.0691,,,
66,90,1.6183,55.0691,,,
66,91,1.7341,55.0691,,,
66,92,1.8500,55.0691,,,
66,93,1.9659,55.0691,,,
67,0,-8.8093,55.0021,,,
67,1,-8.6934,55.0021,,,
67,2,-8.5776,55.0021,,,
67,3,-8.4617,55.0021,,,
67,4,-8.3459,55.0021,,,
67,5,-8.2300,55.0021,,,
67,6,-8.1141,55.0021,,,
67,7,-7.9983,55.0021,,,
67,8,-7.8824,55.0021,,,
67,9,-7.7665,55.0021,,,
67,10,-7.6507,55.0021,,,
67,11,-7.5348,55.0021,,,
67,12,-7.4190,55.0021,,,
67,13,-7.3031,55.0021,,,
67,14,-7.1872,55.0021,,,
67,15,-7.0714,55.0021,,,
67,16,-6.9555,55.0021,,,
67,17,-6.8397,55.0021,,,
67,18,-6.7238,55.0021,,,
67,19,-6.6079,55.0021,,,
67,20,-6.4921,55.0021,,,
67,21,-6.3762,55.0021,,,
67,22,-6.2603,55.0021,,,
67,23,-6.1445,55.0021,,,
67,24,-6.0286,55.0021,,,
67,25,-5.9128,55.0021,,,
67,26,-5.7969,55.0021,,,
67,27,-5.6810,55.0021,,,
67,28,-5.5652,55.0021,,,
67,29,-5.4493,55.0021,,,
67,30,-5.3334,55.0021,,,
67,31,-5.2176,55.0021,,,
67,32,-5.1017,55.0021,,,
67,33,-4.9859,55.0021,Ayrshire,-1.26,19.0
67,34,-4.8700,55.0021,Wigtownshire,-1.26,19.0
67,35,-4.7541,55.0021,Wigtownshire,-1.26,19.0
67,36,-4.6383,55.0021,Wigtownshire,-1.26,19.0
67,37,-4.5224,55.0021,Kirkcudbrightshire,-1.26,19.0
67,38,-4.4066,55.0021,Kirkcudbrightshire,-1.26,19.0
67,39,-4.2907,55.0021,Kirkcudbrightshire,-1.26,19.0
67,40,-4.1748,55.0021,Kirkcudbrightshire,-1.26,19.0
67,41,-4.0590,55.0021,Kirkcudbrightshire,-1.26,19.0
67,42,-3.9431,55.0021,Kirkcudbrightshire,-1.26,19.0
67,43,-3.8272,55.0021,Kirkcudbrightshire,-1.26,19.0
67,44,-3.7114,55.0021,Kirkcudbrightshire,-2.19,9.8
67,45,-3.5955,55.0021,Kirkcudbrightshire,-2.19,9.8
67,46,-3.4797,55.0021,Dumfriesshire,4.42,75.2
67,47,-3.3638,55.0021,Dumfriesshire,4.42,75.2
67,48,-3.2479,55.0021,Dumfriesshire,4.42,75.2
67,49,-3.1321,55.0021,Dumfriesshire,4.09,71.9
67,50,-3.0162,55.0021,Cumberland,4.47,75.7
67,51,-2.9003,55.0021,Cumberland,5.26,83.5
67,52,-2.7845,55.0021,Cumberland,5.26,83.5
67,53,-2.6686,55.0021,Cumberland,5.86,89.5
67,54,-2.5528,55.0021,Cumberland,4.88,79.8
67,55,-2.4369,55.0021,Northumberland,4.79,78.9
67,56,-2.3210,55.0021,Northumberland,4.88,79.8
67,57,-2.2052,55.0021,Northumberland,4.33,74.3
67,58,-2.0893,55.0021,Northumberland,4.23,73.3
67,59,-1.9734,55.0021,Northumberland,4.23,73.3
67,60,-1.8576,55.0021,Northumberland,3.49,66.0
67,61,-1.7417,55.0021,Northumberland,3.4,65.1
67,62,-1.6259,55.0021,Northumberland,3.35,64.6
67,63,-1.5100,55.0021,Northumberland,3.77,68.8
67,64,-1.3941,55.0021,,,
67,65,-1.2783,55.0021,,,
67,66,-1.1624,55.0021,,,
67,67,-1.0466,55.0021,,,
67,68,-0.9307,55.0021,,,
67,69,-0.8148,55.0021,,,
67,70,-0.6990,55.0021,,,
67,71,-0.5831,55.0021,,,
67,72,-0.4672,55.0021,,,
67,73,-0.3514,55.0021,,,
67,74,-0.2355,55.0021,,,
67,75,-0.1197,55.0021,,,
67,76,-0.0038,55.0021,,,
67,77,0.1121,55.0021,,,
67,78,0.2279,55.0021,,,
67,79,0.3438,55.0021,,,
67,80,0.4597,55.0021,,,
67,81,0.5755,55.0021,,,
67,82,0.6914,55.0021,,,
67,83,0.8072,55.0021,,,
67,84,0.9231,55.0021,,,
67,85,1.0390,55.0021,,,
67,86,1.1548,55.0021,,,
67,87,1.2707,55.0021,,,
67,88,1.3865,55.0021,,,
67,89,1.5024,55.0021,,,
67,90,1.6183,55.0021,,,
67,91,1.7341,55.0021,,,
67,92,1.8500,55.0021,,,
67,93,1.9659,55.0021,,,
68,0,-8.8093,54.9350,,,
68,1,-8.6934,54.9350,,,
68,2,-8.5776,54.9350,,,
68,3,-8.4617,54.9350,,,
68,4,-8.3459,54.9350,,,
68,5,-8.2300,54.9350,,,
68,6,-8.1141,54.9350,,,
68,7,-7.9983,54.9350,,,
68,8,-7.8824,54.9350,,,
68,9,-7.7665,54.9350,,,
68,10,-7.6507,54.9350,,,
68,11,-7.5348,54.9350,,,
68,12,-7.4190,54.9350,,,
68,13,-7.3031,54.9350,,,
68,14,-7.1872,54.9350,,,
68,15,-7.0714,54.9350,,,
68,16,-6.9555,54.9350,,,
68,17,-6.8397,54.9350,,,
68,18,-6.7238,54.9350,,,
68,19,-6.6079,54.9350,,,
68,20,-6.4921,54.9350,,,
68,21,-6.3762,54.9350,,,
68,22,-6.2603,54.9350,,,
68,23,-6.1445,54.9350,,,
68,24,-6.0286,54.9350,,,
68,25,-5.9128,54.9350,,,
68,26,-5.7969,54.9350,,,
68,27,-5.6810,54.9350,,,
68,28,-5.5652,54.9350,,,
68,29,-5.4493,54.9350,,,
68,30,-5.3334,54.9350,,,
68,31,-5.2176,54.9350,,,
68,32,-5.1017,54.9350,Wigtownshire,-1.26,19.0
68,33,-4.9859,54.9350,Wigtownshire,-1.26,19.0
68,34,-4.8700,54.9350,Wigtownshire,-1.26,19.0
68,35,-4.7541,54.9350,Wigtownshire,-1.26,19.0
68,36,-4.6383,54.9350,Wigtownshire,-1.26,19.0
68,37,-4.5224,54.9350,Wigtownshire,-1.26,19.0
68,38,-4.4066,54.9350,Kirkcudbrightshire,-1.26,19.0
68,39,-4.2907,54.9350,Kirkcudbrightshire,-1.26,19.0
68,40,-4.1748,54.9350,Kirkcudbrightshire,-1.26,19.0
68,41,-4.0590,54.9350,Kirkcudbrightshire,-1.26,19.0
68,42,-3.9431,54.9350,Kirkcudbrightshire,-1.26,19.0
68,43,-3.8272,54.9350,Kirkcudbrightshire,-1.26,19.0
68,44,-3.7114,54.9350,Kirkcudbrightshire,-1.26,19.0
68,45,-3.5955,54.9350,Kirkcudbrightshire,4.42,75.2
68,46,-3.4797,54.9350,,,
68,47,-3.3638,54.9350,,,
68,48,-3.2479,54.9350,Cumberland,5.16,82.5
68,49,-3.1321,54.9350,,,
68,50,-3.0162,54.9350,Cumberland,5.21,83.0
68,51,-2.9003,54.9350,Cumberland,5.3,83.9
68,52,-2.7845,54.9350,Cumberland,5.02,81.1
68,53,-2.6686,54.9350,Cumberland,4.93,80.3
68,54,-2.5528,54.9350,Northumberland,4.65,77.5
68,55,-2.4369,54.9350,Northumberland,4.74,78.4
68,56,-2.3210,54.9350,Northumberland,5.07,81.6
68,57,-2.2052,54.9350,Northumberland,3.44,65.5
68,58,-2.0893,54.9350,Northumberland,4.23,73.3
68,59,-1.9734,54.9350,Northumberland,4.33,74.3
68,60,-1.8576,54.9350,Northumberland,3.4,65.1
68,61,-1.7417,54.9350,Durham,3.4,65.1
68,62,-1.6259,54.9350,Durham,4.23,73.3
68,63,-1.5100,54.9350,Durham,4.23,73.3
68,64,-1.3941,54.9350,Durham,4.33,74.3
68,65,-1.2783,54.9350,,,
68,66,-1.1624,54.9350,,,
68,67,-1.0466,54.9350,,,
68,68,-0.9307,54.9350,,,
68,69,-0.8148,54.9350,,,
68,70,-0.6990,54.9350,,,
68,71,-0.5831,54.9350,,,
68,72,-0.4672,54.9350,,,
68,73,-0.3514,54.9350,,,
68,74,-0.2355,54.9350,,,
68,75,-0.1197,54.9350,,,
68,76,-0.0038,54.9350,,,
68,77,0.1121,54.9350,,,
68,78,0.2279,54.9350,,,
68,79,0.3438,54.9350,,,
68,80,0.4597,54.9350,,,
68,81,0.5755,54.9350,,,
68,82,0.6914,54.9350,,,
68,83,0.8072,54.9350,,,
68,84,0.9231,54.9350,,,
68,85,1.0390,54.9350,,,
68,86,1.1548,54.9350,,,
68,87,1.2707,54.9350,,,
68,88,1.3865,54.9350,,,
68,89,1.5024,54.9350,,,
68,90,1.6183,54.9350,,,
68,91,1.7341,54.9350,,,
68,92,1.8500,54.9350,,,
68,93,1.9659,54.9350,,,
69,0,-8.8093,54.8679,,,
69,1,-8.6934,54.8679,,,
69,2,-8.5776,54.8679,,,
69,3,-8.4617,54.8679,,,
69,4,-8.3459,54.8679,,,
69,5,-8.2300,54.8679,,,
69,6,-8.1141,54.8679,,,
69,7,-7.9983,54.8679,,,
69,8,-7.8824,54.8679,,,
69,9,-7.7665,54.8679,,,
69,10,-7.6507,54.8679,,,
69,11,-7.5348,54.8679,,,
69,12,-7.4190,54.8679,,,
69,13,-7.3031,54.8679,,,
69,14,-7.1872,54.8679,,,
69,15,-7.0714,54.8679,,,
69,16,-6.9555,54.8679,,,
69,17,-6.8397,54.8679,,,
69,18,-6.7238,54.8679,,,
69,19,-6.6079,54.8679,,,
69,20,-6.4921,54.8679,,,
69,21,-6.3762,54.8679,,,
69,22,-6.2603,54.8679,,,
69,23,-6.1445,54.8679,,,
69,24,-6.0286,54.8679,,,
69,25,-5.9128,54.8679,,,
69,26,-5.7969,54.8679,,,
69,27,-5.6810,54.8679,,,
69,28,-5.5652,54.8679,,,
69,29,-5.4493,54.8679,,,
69,30,-5.3334,54.8679,,,
69,31,-5.2176,54.8679,,,
69,32,-5.1017,54.8679,Wigtownshire,-1.26,19.0
69,33,-4.9859,54.8679,Wigtownshire,-1.26,19.0
69,34,-4.8700,54.8679,Wigtownshire,-1.26,19.0
69,35,-4.7541,54.8679,Wigtownshire,-1.26,19.0
69,36,-4.6383,54.8679,Wigtownshire,-1.26,19.0
69,37,-4.5224,54.8679,Wigtownshire,-1.26,19.0
69,38,-4.4066,54.8679,Wigtownshire,nan,nan
69,39,-4.2907,54.8679,Kirkcudbrightshire,-1.26,19.0
69,40,-4.1748,54.8679,Kirkcudbrightshire,-1.26,19.0
69,41,-4.0590,54.8679,Kirkcudbrightshire,-1.26,19.0
69,42,-3.9431,54.8679,Kirkcudbrightshire,-1.26,19.0
69,43,-3.8272,54.8679,Kirkcudbrightshire,-1.26,19.0
69,44,-3.7114,54.8679,Kirkcudbrightshire,nan,nan
69,45,-3.5955,54.8679,,,
69,46,-3.4797,54.8679,,,
69,47,-3.3638,54.8679,,,
69,48,-3.2479,54.8679,Cumberland,5.16,82.5
69,49,-3.1321,54.8679,Cumberland,5.21,83.0
69,50,-3.0162,54.8679,Cumberland,5.16,82.5
69,51,-2.9003,54.8679,Cumberland,4.88,79.8
69,52,-2.7845,54.8679,Cumberland,5.02,81.1
69,53,-2.6686,54.8679,Cumberland,4.93,80.3
69,54,-2.5528,54.8679,Northumberland,5.95,90.4
69,55,-2.4369,54.8679,Northumberland,4.74,78.4
69,56,-2.3210,54.8679,Northumberland,3.44,65.5
69,57,-2.2052,54.8679,Northumberland,3.44,65.5
69,58,-2.0893,54.8679,Northumberland,3.44,65.5
69,59,-1.9734,54.8679,Northumberland,3.72,68.3
69,60,-1.8576,54.8679,Northumberland,3.4,65.1
69,61,-1.7417,54.8679,Durham,4.0,71.1
69,62,-1.6259,54.8679,Durham,4.23,73.3
69,63,-1.5100,54.8679,Durham,4.23,73.3
69,64,-1.3941,54.8679,Durham,4.23,73.3
69,65,-1.2783,54.8679,,,
69,66,-1.1624,54.8679,,,
69,67,-1.0466,54.8679,,,
69,68,-0.9307,54.8679,,,
69,69,-0.8148,54.8679,,,
69,70,-0.6990,54.8679,,,
69,71,-0.5831,54.8679,,,
69,72,-0.4672,54.8679,,,
69,73,-0.3514,54.8679,,,
69,74,-0.2355,54.8679,,,
69,75,-0.1197,54.8679,,,
69,76,-0.0038,54.8679,,,
69,77,0.1121,54.8679,,,
69,78,0.2279,54.8679,,,
69,79,0.3438,54.8679,,,
69,80,0.4597,54.8679,,,
69,81,0.5755,54.8679,,,
69,82,0.6914,54.8679,,,
69,83,0.8072,54.8679,,,
69,84,0.9231,54.8679,,,
69,85,1.0390,54.8679,,,
69,86,1.1548,54.8679,,,
69,87,1.2707,54.8679,,,
69,88,1.3865,54.8679,,,
69,89,1.5024,54.8679,,,
69,90,1.6183,54.8679,,,
69,91,1.7341,54.8679,,,
69,92,1.8500,54.8679,,,
69,93,1.9659,54.8679,,,
70,0,-8.8093,54.8009,,,
70,1,-8.6934,54.8009,,,
70,2,-8.5776,54.8009,,,
70,3,-8.4617,54.8009,,,
70,4,-8.3459,54.8009,,,
70,5,-8.2300,54.8009,,,
70,6,-8.1141,54.8009,,,
70,7,-7.9983,54.8009,,,
70,8,-7.8824,54.8009,,,
70,9,-7.7665,54.8009,,,
70,10,-7.6507,54.8009,,,
70,11,-7.5348,54.8009,,,
70,12,-7.4190,54.8009,,,
70,13,-7.3031,54.8009,,,
70,14,-7.1872,54.8009,,,
70,15,-7.0714,54.8009,,,
70,16,-6.9555,54.8009,,,
70,17,-6.8397,54.8009,,,
70,18,-6.7238,54.8009,,,
70,19,-6.6079,54.8009,,,
70,20,-6.4921,54.8009,,,
70,21,-6.3762,54.8009,,,
70,22,-6.2603,54.8009,,,
70,23,-6.1445,54.8009,,,
70,24,-6.0286,54.8009,,,
70,25,-5.9128,54.8009,,,
70,26,-5.7969,54.8009,,,
70,27,-5.6810,54.8009,,,
70,28,-5.5652,54.8009,,,
70,29,-5.4493,54.8009,,,
70,30,-5.3334,54.8009,,,
70,31,-5.2176,54.8009,,,
70,32,-5.1017,54.8009,,,
70,33,-4.9859,54.8009,Wigtownshire,-1.26,19.0
70,34,-4.8700,54.8009,,,
70,35,-4.7541,54.8009,,,
70,36,-4.6383,54.8009,Wigtownshire,-1.26,19.0
70,37,-4.5224,54.8009,Wigtownshire,-1.26,19.0
70,38,-4.4066,54.8009,Wigtownshire,-1.26,19.0
70,39,-4.2907,54.8009,,,
70,40,-4.1748,54.8009,Kirkcudbrightshire,-1.26,19.0
70,41,-4.0590,54.8009,Kirkcudbrightshire,nan,nan
70,42,-3.9431,54.8009,Kirkcudbrightshire,-1.26,19.0
70,43,-3.8272,54.8009,,,
70,44,-3.7114,54.8009,,,
70,45,-3.5955,54.8009,,,
70,46,-3.4797,54.8009,,,
70,47,-3.3638,54.8009,Cumberland,5.16,82.5
70,48,-3.2479,54.8009,Cumberland,5.21,83.0
70,49,-3.1321,54.8009,Cumberland,5.16,82.5
70,50,-3.0162,54.8009,Cumberland,4.93,80.3
70,51,-2.9003,54.8009,Cumberland,4.79,78.9
70,52,-2.7845,54.8009,Cumberland,4.84,79.4
70,53,-2.6686,54.8009,Cumberland,4.93,80.3
70,54,-2.5528,54.8009,Cumberland,5.63,87.2
70,55,-2.4369,54.8009,Cumberland,4.84,79.4
70,56,-2.3210,54.8009,Northumberland,3.44,65.5
70,57,-2.2052,54.8009,Northumberland,3.44,65.5
70,58,-2.0893,54.8009,Durham,3.67,67.8
70,59,-1.9734,54.8009,Durham,3.67,67.8
70,60,-1.8576,54.8009,Durham,3.67,67.8
70,61,-1.7417,54.8009,Durham,3.4,65.1
70,62,-1.6259,54.8009,Durham,3.4,65.1
70,63,-1.5100,54.8009,Durham,3.49,66.0
70,64,-1.3941,54.8009,Durham,3.4,65.1
70,65,-1.2783,54.8009,,,
70,66,-1.1624,54.8009,,,
70,67,-1.0466,54.8009,,,
70,68,-0.9307,54.8009,,,
70,69,-0.8148,54.8009,,,
70,70,-0.6990,54.8009,,,
70,71,-0.5831,54.8009,,,
70,72,-0.4672,54.8009,,,
70,73,-0.3514,54.8009,,,
70,74,-0.2355,54.8009,,,
70,75,-0.1197,54.8009,,,
70,76,-0.0038,54.8009,,,
70,77,0.1121,54.8009,,,
70,78,0.2279,54.8009,,,
70,79,0.3438,54.8009,,,
70,80,0.4597,54.8009,,,
70,81,0.5755,54.8009,,,
70,82,0.6914,54.8009,,,
70,83,0.8072,54.8009,,,
70,84,0.9231,54.8009,,,
70,85,1.0390,54.8009,,,
70,86,1.1548,54.8009,,,
70,87,1.2707,54.8009,,,
70,88,1.3865,54.8009,,,
70,89,1.5024,54.8009,,,
70,90,1.6183,54.8009,,,
70,91,1.7341,54.8009,,,
70,92,1.8500,54.8009,,,
70,93,1.9659,54.8009,,,
71,0,-8.8093,54.7338,,,
71,1,-8.6934,54.7338,,,
71,2,-8.5776,54.7338,,,
71,3,-8.4617,54.7338,,,
71,4,-8.3459,54.7338,,,
71,5,-8.2300,54.7338,,,
71,6,-8.1141,54.7338,,,
71,7,-7.9983,54.7338,,,
71,8,-7.8824,54.7338,,,
71,9,-7.7665,54.7338,,,
71,10,-7.6507,54.7338,,,
71,11,-7.5348,54.7338,,,
71,12,-7.4190,54.7338,,,
71,13,-7.3031,54.7338,,,
71,14,-7.1872,54.7338,,,
71,15,-7.0714,54.7338,,,
71,16,-6.9555,54.7338,,,
71,17,-6.8397,54.7338,,,
71,18,-6.7238,54.7338,,,
71,19,-6.6079,54.7338,,,
71,20,-6.4921,54.7338,,,
71,21,-6.3762,54.7338,,,
71,22,-6.2603,54.7338,,,
71,23,-6.1445,54.7338,,,
71,24,-6.0286,54.7338,,,
71,25,-5.9128,54.7338,,,
71,26,-5.7969,54.7338,,,
71,27,-5.6810,54.7338,,,
71,28,-5.5652,54.7338,,,
71,29,-5.4493,54.7338,,,
71,30,-5.3334,54.7338,,,
71,31,-5.2176,54.7338,,,
71,32,-5.1017,54.7338,,,
71,33,-4.9859,54.7338,,,
71,34,-4.8700,54.7338,,,
71,35,-4.7541,54.7338,,,
71,36,-4.6383,54.7338,,,
71,37,-4.5224,54.7338,Wigtownshire,-1.26,19.0
71,38,-4.4066,54.7338,Wigtownshire,-1.26,19.0
71,39,-4.2907,54.7338,,,
71,40,-4.1748,54.7338,,,
71,41,-4.0590,54.7338,,,
71,42,-3.9431,54.7338,,,
71,43,-3.8272,54.7338,,,
71,44,-3.7114,54.7338,,,
71,45,-3.5955,54.7338,,,
71,46,-3.4797,54.7338,,,
71,47,-3.3638,54.7338,Cumberland,5.21,83.0
71,48,-3.2479,54.7338,Cumberland,5.16,82.5
71,49,-3.1321,54.7338,Cumberland,4.93,80.3
71,50,-3.0162,54.7338,Cumberland,4.79,78.9
71,51,-2.9003,54.7338,Cumberland,4.98,80.7
71,52,-2.7845,54.7338,Cumberland,4.79,78.9
71,53,-2.6686,54.7338,Cumberland,4.93,80.3
71,54,-2.5528,54.7338,Cumberland,5.58,86.7
71,55,-2.4369,54.7338,Cumberland,5.21,83.0
71,56,-2.3210,54.7338,Cumberland,3.49,66.0
71,57,-2.2052,54.7338,Durham,3.4,65.1
71,58,-2.0893,54.7338,Durham,4.37,74.7
71,59,-1.9734,54.7338,Durham,3.67,67.8
71,60,-1.8576,54.7338,Durham,3.67,67.8
71,61,-1.7417,54.7338,Durham,3.35,64.6
71,62,-1.6259,54.7338,Durham,3.4,65.1
71,63,-1.5100,54.7338,Durham,3.4,65.1
71,64,-1.3941,54.7338,Durham,3.4,65.1
71,65,-1.2783,54.7338,Durham,3.4,65.1
71,66,-1.1624,54.7338,,,
71,67,-1.0466,54.7338,,,
71,68,-0.9307,54.7338,,,
71,69,-0.8148,54.7338,,,
71,70,-0.6990,54.7338,,,
71,71,-0.5831,54.7338,,,
71,72,-0.4672,54.7338,,,
71,73,-0.3514,54.7338,,,
71,74,-0.2355,54.7338,,,
71,75,-0.1197,54.7338,,,
71,76,-0.0038,54.7338,,,
71,77,0.1121,54.7338,,,
71,78,0.2279,54.7338,,,
71,79,0.3438,54.7338,,,
71,80,0.4597,54.7338,,,
71,81,0.5755,54.7338,,,
71,82,0.6914,54.7338,,,
71,83,0.8072,54.7338,,,
71,84,0.9231,54.7338,,,
71,85,1.0390,54.7338,,,
71,86,1.1548,54.7338,,,
71,87,1.2707,54.7338,,,
71,88,1.3865,54.7338,,,
71,89,1.5024,54.7338,,,
71,90,1.6183,54.7338,,,
71,91,1.7341,54.7338,,,
71,92,1.8500,54.7338,,,
71,93,1.9659,54.7338,,,
72,0,-8.8093,54.6667,,,
72,1,-8.6934,54.6667,,,
72,2,-8.5776,54.6667,,,
72,3,-8.4617,54.6667,,,
72,4,-8.3459,54.6667,,,
72,5,-8.2300,54.6667,,,
72,6,-8.1141,54.6667,,,
72,7,-7.9983,54.6667,,,
72,8,-7.8824,54.6667,,,
72,9,-7.7665,54.6667,,,
72,10,-7.6507,54.6667,,,
72,11,-7.5348,54.6667,,,
72,12,-7.4190,54.6667,,,
72,13,-7.3031,54.6667,,,
72,14,-7.1872,54.6667,,,
72,15,-7.0714,54.6667,,,
72,16,-6.9555,54.6667,,,
72,17,-6.8397,54.6667,,,
72,18,-6.7238,54.6667,,,
72,19,-6.6079,54.6667,,,
72,20,-6.4921,54.6667,,,
72,21,-6.3762,54.6667,,,
72,22,-6.2603,54.6667,,,
72,23,-6.1445,54.6667,,,
72,24,-6.0286,54.6667,,,
72,25,-5.9128,54.6667,,,
72,26,-5.7969,54.6667,,,
72,27,-5.6810,54.6667,,,
72,28,-5.5652,54.6667,,,
72,29,-5.4493,54.6667,,,
72,30,-5.3334,54.6667,,,
72,31,-5.2176,54.6667,,,
72,32,-5.1017,54.6667,,,
72,33,-4.9859,54.6667,,,
72,34,-4.8700,54.6667,,,
72,35,-4.7541,54.6667,,,
72,36,-4.6383,54.6667,,,
72,37,-4.5224,54.6667,,,
72,38,-4.4066,54.6667,,,
72,39,-4.2907,54.6667,,,
72,40,-4.1748,54.6667,,,
72,41,-4.0590,54.6667,,,
72,42,-3.9431,54.6667,,,
72,43,-3.8272,54.6667,,,
72,44,-3.7114,54.6667,,,
72,45,-3.5955,54.6667,,,
72,46,-3.4797,54.6667,Cumberland,5.21,83.0
72,47,-3.3638,54.6667,Cumberland,5.16,82.5
72,48,-3.2479,54.6667,Cumberland,4.93,80.3
72,49,-3.1321,54.6667,Cumberland,4.79,78.9
72,50,-3.0162,54.6667,Cumberland,4.98,80.7
72,51,-2.9003,54.6667,Cumberland,4.88,79.8
72,52,-2.7845,54.6667,Cumberland,4.79,78.9
72,53,-2.6686,54.6667,Cumberland,5.63,87.2
72,54,-2.5528,54.6667,Cumberland,5.35,84.4
72,55,-2.4369,54.6667,Westmorland,5.26,83.5
72,56,-2.3210,54.6667,Westmorland,4.56,76.6
72,57,-2.2052,54.6667,Durham,4.37,74.7
72,58,-2.0893,54.6667,Durham,4.37,74.7
72,59,-1.9734,54.6667,Durham,4.37,74.7
72,60,-1.8576,54.6667,Durham,4.37,74.7
72,61,-1.7417,54.6667,Durham,5.91,90.0
72,62,-1.6259,54.6667,Durham,5.91,90.0
72,63,-1.5100,54.6667,Durham,3.4,65.1
72,64,-1.3941,54.6667,Durham,3.4,65.1
72,65,-1.2783,54.6667,Durham,3.72,68.3
72,66,-1.1624,54.6667,,,
72,67,-1.0466,54.6667,,,
72,68,-0.9307,54.6667,,,
72,69,-0.8148,54.6667,,,
72,70,-0.6990,54.6667,,,
72,71,-0.5831,54.6667,,,
72,72,-0.4672,54.6667,,,
72,73,-0.3514,54.6667,,,
72,74,-0.2355,54.6667,,,
72,75,-0.1197,54.6667,,,
72,76,-0.0038,54.6667,,,
72,77,0.1121,54.6667,,,
72,78,0.2279,54.6667,,,
72,79,0.3438,54.6667,,,
72,80,0.4597,54.6667,,,
72,81,0.5755,54.6667,,,
72,82,0.6914,54.6667,,,
72,83,0.8072,54.6667,,,
72,84,0.9231,54.6667,,,
72,85,1.0390,54.6667,,,
72,86,1.1548,54.6667,,,
72,87,1.2707,54.6667,,,
72,88,1.3865,54.6667,,,
72,89,1.5024,54.6667,,,
72,90,1.6183,54.6667,,,
72,91,1.7341,54.6667,,,
72,92,1.8500,54.6667,,,
72,93,1.9659,54.6667,,,
73,0,-8.8093,54.5997,,,
73,1,-8.6934,54.5997,,,
73,2,-8.5776,54.5997,,,
73,3,-8.4617,54.5997,,,
73,4,-8.3459,54.5997,,,
73,5,-8.2300,54.5997,,,
73,6,-8.1141,54.5997,,,
73,7,-7.9983,54.5997,,,
73,8,-7.8824,54.5997,,,
73,9,-7.7665,54.5997,,,
73,10,-7.6507,54.5997,,,
73,11,-7.5348,54.5997,,,
73,12,-7.4190,54.5997,,,
73,13,-7.3031,54.5997,,,
73,14,-7.1872,54.5997,,,
73,15,-7.0714,54.5997,,,
73,16,-6.9555,54.5997,,,
73,17,-6.8397,54.5997,,,
73,18,-6.7238,54.5997,,,
73,19,-6.6079,54.5997,,,
73,20,-6.4921,54.5997,,,
73,21,-6.3762,54.5997,,,
73,22,-6.2603,54.5997,,,
73,23,-6.1445,54.5997,,,
73,24,-6.0286,54.5997,,,
73,25,-5.9128,54.5997,,,
73,26,-5.7969,54.5997,,,
73,27,-5.6810,54.5997,,,
73,28,-5.5652,54.5997,,,
73,29,-5.4493,54.5997,,,
73,30,-5.3334,54.5997,,,
73,31,-5.2176,54.5997,,,
73,32,-5.1017,54.5997,,,
73,33,-4.9859,54.5997,,,
73,34,-4.8700,54.5997,,,
73,35,-4.7541,54.5997,,,
73,36,-4.6383,54.5997,,,
73,37,-4.5224,54.5997,,,
73,38,-4.4066,54.5997,,,
73,39,-4.2907,54.5997,,,
73,40,-4.1748,54.5997,,,
73,41,-4.0590,54.5997,,,
73,42,-3.9431,54.5997,,,
73,43,-3.8272,54.5997,,,
73,44,-3.7114,54.5997,,,
73,45,-3.5955,54.5997,,,
73,46,-3.4797,54.5997,Cumberland,5.16,82.5
73,47,-3.3638,54.5997,Cumberland,4.93,80.3
73,48,-3.2479,54.5997,Cumberland,4.79,78.9
73,49,-3.1321,54.5997,Cumberland,4.98,80.7
73,50,-3.0162,54.5997,Cumberland,4.88,79.8
73,51,-2.9003,54.5997,Cumberland,4.37,74.7
73,52,-2.7845,54.5997,Westmorland,4.33,74.3
73,53,-2.6686,54.5997,Westmorland,5.58,86.7
73,54,-2.5528,54.5997,Westmorland,5.35,84.4
73,55,-2.4369,54.5997,Westmorland,5.35,84.4
73,56,-2.3210,54.5997,Westmorland,5.12,82.1
73,57,-2.2052,54.5997,Yorkshire,4.37,74.7
73,58,-2.0893,54.5997,Yorkshire,4.42,75.2
73,59,-1.9734,54.5997,Durham,4.37,74.7
73,60,-1.8576,54.5997,Durham,5.4,84.9
73,61,-1.7417,54.5997,Durham,5.95,90.4
73,62,-1.6259,54.5997,Durham,5.91,90.0
73,63,-1.5100,54.5997,Durham,6.09,91.7
73,64,-1.3941,54.5997,Durham,4.0,71.1
73,65,-1.2783,54.5997,Durham,3.72,68.3
73,66,-1.1624,54.5997,Durham,3.72,68.3
73,67,-1.0466,54.5997,Yorkshire,3.72,68.3
73,68,-0.9307,54.5997,,,
73,69,-0.8148,54.5997,,,
73,70,-0.6990,54.5997,,,
73,71,-0.5831,54.5997,,,
73,72,-0.4672,54.5997,,,
73,73,-0.3514,54.5997,,,
73,74,-0.2355,54.5997,,,
73,75,-0.1197,54.5997,,,
73,76,-0.0038,54.5997,,,
73,77,0.1121,54.5997,,,
73,78,0.2279,54.5997,,,
73,79,0.3438,54.5997,,,
73,80,0.4597,54.5997,,,
73,81,0.5755,54.5997,,,
73,82,0.6914,54.5997,,,
73,83,0.8072,54.5997,,,
73,84,0.9231,54.5997,,,
73,85,1.0390,54.5997,,,
73,86,1.1548,54.5997,,,
73,87,1.2707,54.5997,,,
73,88,1.3865,54.5997,,,
73,89,1.5024,54.5997,,,
73,90,1.6183,54.5997,,,
73,91,1.7341,54.5997,,,
73,92,1.8500,54.5997,,,
73,93,1.9659,54.5997,,,
74,0,-8.8093,54.5326,,,
74,1,-8.6934,54.5326,,,
74,2,-8.5776,54.5326,,,
74,3,-8.4617,54.5326,,,
74,4,-8.3459,54.5326,,,
74,5,-8.2300,54.5326,,,
74,6,-8.1141,54.5326,,,
74,7,-7.9983,54.5326,,,
74,8,-7.8824,54.5326,,,
74,9,-7.7665,54.5326,,,
74,10,-7.6507,54.5326,,,
74,11,-7.5348,54.5326,,,
74,12,-7.4190,54.5326,,,
74,13,-7.3031,54.5326,,,
74,14,-7.1872,54.5326,,,
74,15,-7.0714,54.5326,,,
74,16,-6.9555,54.5326,,,
74,17,-6.8397,54.5326,,,
74,18,-6.7238,54.5326,,,
74,19,-6.6079,54.5326,,,
74,20,-6.4921,54.5326,,,
74,21,-6.3762,54.5326,,,
74,22,-6.2603,54.5326,,,
74,23,-6.1445,54.5326,,,
74,24,-6.0286,54.5326,,,
74,25,-5.9128,54.5326,,,
74,26,-5.7969,54.5326,,,
74,27,-5.6810,54.5326,,,
74,28,-5.5652,54.5326,,,
74,29,-5.4493,54.5326,,,
74,30,-5.3334,54.5326,,,
74,31,-5.2176,54.5326,,,
74,32,-5.1017,54.5326,,,
74,33,-4.9859,54.5326,,,
74,34,-4.8700,54.5326,,,
74,35,-4.7541,54.5326,,,
74,36,-4.6383,54.5326,,,
74,37,-4.5224,54.5326,,,
74,38,-4.4066,54.5326,,,
74,39,-4.2907,54.5326,,,
74,40,-4.1748,54.5326,,,
74,41,-4.0590,54.5326,,,
74,42,-3.9431,54.5326,,,
74,43,-3.8272,54.5326,,,
74,44,-3.7114,54.5326,,,
74,45,-3.5955,54.5326,,,
74,46,-3.4797,54.5326,Cumberland,4.93,80.3
74,47,-3.3638,54.5326,Cumberland,4.79,78.9
74,48,-3.2479,54.5326,Cumberland,4.98,80.7
74,49,-3.1321,54.5326,Cumberland,4.88,79.8
74,50,-3.0162,54.5326,Cumberland,4.37,74.7
74,51,-2.9003,54.5326,Westmorland,4.37,74.7
74,52,-2.7845,54.5326,Westmorland,4.37,74.7
74,53,-2.6686,54.5326,Westmorland,4.23,73.3
74,54,-2.5528,54.5326,Westmorland,5.26,83.5
74,55,-2.4369,54.5326,Westmorland,5.58,86.7
74,56,-2.3210,54.5326,Westmorland,4.33,74.3
74,57,-2.2052,54.5326,Westmorland,5.35,84.4
74,58,-2.0893,54.5326,Yorkshire,5.35,84.4
74,59,-1.9734,54.5326,Yorkshire,5.35,84.4
74,60,-1.8576,54.5326,Durham,5.35,84.4
74,61,-1.7417,54.5326,Durham,5.35,84.4
74,62,-1.6259,54.5326,Durham,5.95,90.4
74,63,-1.5100,54.5326,Durham,5.91,90.0
74,64,-1.3941,54.5326,Durham,4.0,71.1
74,65,-1.2783,54.5326,Yorkshire,4.05,71.5
74,66,-1.1624,54.5326,Yorkshire,3.72,68.3
74,67,-1.0466,54.5326,Yorkshire,3.72,68.3
74,68,-0.9307,54.5326,Yorkshire,3.58,66.9
74,69,-0.8148,54.5326,Yorkshire,4.0,71.1
74,70,-0.6990,54.5326,,,
74,71,-0.5831,54.5326,,,
74,72,-0.4672,54.5326,,,
74,73,-0.3514,54.5326,,,
74,74,-0.2355,54.5326,,,
74,75,-0.1197,54.5326,,,
74,76,-0.0038,54.5326,,,
74,77,0.1121,54.5326,,,
74,78,0.2279,54.5326,,,
74,79,0.3438,54.5326,,,
74,80,0.4597,54.5326,,,
74,81,0.5755,54.5326,,,
74,82,0.6914,54.5326,,,
74,83,0.8072,54.5326,,,
74,84,0.9231,54.5326,,,
74,85,1.0390,54.5326,,,
74,86,1.1548,54.5326,,,
74,87,1.2707,54.5326,,,
74,88,1.3865,54.5326,,,
74,89,1.5024,54.5326,,,
74,90,1.6183,54.5326,,,
74,91,1.7341,54.5326,,,
74,92,1.8500,54.5326,,,
74,93,1.9659,54.5326,,,
75,0,-8.8093,54.4655,,,
75,1,-8.6934,54.4655,,,
75,2,-8.5776,54.4655,,,
75,3,-8.4617,54.4655,,,
75,4,-8.3459,54.4655,,,
75,5,-8.2300,54.4655,,,
75,6,-8.1141,54.4655,,,
75,7,-7.9983,54.4655,,,
75,8,-7.8824,54.4655,,,
75,9,-7.7665,54.4655,,,
75,10,-7.6507,54.4655,,,
75,11,-7.5348,54.4655,,,
75,12,-7.4190,54.4655,,,
75,13,-7.3031,54.4655,,,
75,14,-7.1872,54.4655,,,
75,15,-7.0714,54.4655,,,
75,16,-6.9555,54.4655,,,
75,17,-6.8397,54.4655,,,
75,18,-6.7238,54.4655,,,
75,19,-6.6079,54.4655,,,
75,20,-6.4921,54.4655,,,
75,21,-6.3762,54.4655,,,
75,22,-6.2603,54.4655,,,
75,23,-6.1445,54.4655,,,
75,24,-6.0286,54.4655,,,
75,25,-5.9128,54.4655,,,
75,26,-5.7969,54.4655,,,
75,27,-5.6810,54.4655,,,
75,28,-5.5652,54.4655,,,
75,29,-5.4493,54.4655,,,
75,30,-5.3334,54.4655,,,
75,31,-5.2176,54.4655,,,
75,32,-5.1017,54.4655,,,
75,33,-4.9859,54.4655,,,
75,34,-4.8700,54.4655,,,
75,35,-4.7541,54.4655,,,
75,36,-4.6383,54.4655,,,
75,37,-4.5224,54.4655,,,
75,38,-4.4066,54.4655,,,
75,39,-4.2907,54.4655,,,
75,40,-4.1748,54.4655,,,
75,41,-4.0590,54.4655,,,
75,42,-3.9431,54.4655,,,
75,43,-3.8272,54.4655,,,
75,44,-3.7114,54.4655,,,
75,45,-3.5955,54.4655,,,
75,46,-3.4797,54.4655,Cumberland,4.79,78.9
75,47,-3.3638,54.4655,Cumberland,4.98,80.7
75,48,-3.2479,54.4655,Cumberland,4.88,79.8
75,49,-3.1321,54.4655,Cumberland,4.37,74.7
75,50,-3.0162,54.4655,Westmorland,4.37,74.7
75,51,-2.9003,54.4655,Westmorland,4.37,74.7
75,52,-2.7845,54.4655,Westmorland,4.37,74.7
75,53,-2.6686,54.4655,Westmorland,4.37,74.7
75,54,-2.5528,54.4655,Westmorland,5.26,83.5
75,55,-2.4369,54.4655,Westmorland,5.26,83.5
75,56,-2.3210,54.4655,Westmorland,5.35,84.4
75,57,-2.2052,54.4655,Westmorland,5.35,84.4
75,58,-2.0893,54.4655,Yorkshire,5.35,84.4
75,59,-1.9734,54.4655,Yorkshire,5.4,84.9
75,60,-1.8576,54.4655,Yorkshire,5.35,84.4
75,61,-1.7417,54.4655,Yorkshire,5.91,90.0
75,62,-1.6259,54.4655,Yorkshire,5.91,90.0
75,63,-1.5100,54.4655,Yorkshire,5.91,90.0
75,64,-1.3941,54.4655,Yorkshire,4.05,71.5
75,65,-1.2783,54.4655,Yorkshire,4.0,71.1
75,66,-1.1624,54.4655,Yorkshire,4.0,71.1
75,67,-1.0466,54.4655,Yorkshire,4.0,71.1
75,68,-0.9307,54.4655,Yorkshire,3.26,63.7
75,69,-0.8148,54.4655,Yorkshire,3.91,70.2
75,70,-0.6990,54.4655,Yorkshire,4.0,71.1
75,71,-0.5831,54.4655,Yorkshire,4.0,71.1
75,72,-0.4672,54.4655,,,
75,73,-0.3514,54.4655,,,
75,74,-0.2355,54.4655,,,
75,75,-0.1197,54.4655,,,
75,76,-0.0038,54.4655,,,
75,77,0.1121,54.4655,,,
75,78,0.2279,54.4655,,,
75,79,0.3438,54.4655,,,
75,80,0.4597,54.4655,,,
75,81,0.5755,54.4655,,,
75,82,0.6914,54.4655,,,
75,83,0.8072,54.4655,,,
75,84,0.9231,54.4655,,,
75,85,1.0390,54.4655,,,
75,86,1.1548,54.4655,,,
75,87,1.2707,54.4655,,,
75,88,1.3865,54.4655,,,
75,89,1.5024,54.4655,,,
75,90,1.6183,54.4655,,,
75,91,1.7341,54.4655,,,
75,92,1.8500,54.4655,,,
75,93,1.9659,54.4655,,,
76,0,-8.8093,54.3985,,,
76,1,-8.6934,54.3985,,,
76,2,-8.5776,54.3985,,,
76,3,-8.4617,54.3985,,,
76,4,-8.3459,54.3985,,,
76,5,-8.2300,54.3985,,,
76,6,-8.1141,54.3985,,,
76,7,-7.9983,54.3985,,,
76,8,-7.8824,54.3985,,,
76,9,-7.7665,54.3985,,,
76,10,-7.6507,54.3985,,,
76,11,-7.5348,54.3985,,,
76,12,-7.4190,54.3985,,,
76,13,-7.3031,54.3985,,,
76,14,-7.1872,54.3985,,,
76,15,-7.0714,54.3985,,,
76,16,-6.9555,54.3985,,,
76,17,-6.8397,54.3985,,,
76,18,-6.7238,54.3985,,,
76,19,-6.6079,54.3985,,,
76,20,-6.4921,54.3985,,,
76,21,-6.3762,54.3985,,,
76,22,-6.2603,54.3985,,,
76,23,-6.1445,54.3985,,,
76,24,-6.0286,54.3985,,,
76,25,-5.9128,54.3985,,,
76,26,-5.7969,54.3985,,,
76,27,-5.6810,54.3985,,,
76,28,-5.5652,54.3985,,,
76,29,-5.4493,54.3985,,,
76,30,-5.3334,54.3985,,,
76,31,-5.2176,54.3985,,,
76,32,-5.1017,54.3985,,,
76,33,-4.9859,54.3985,,,
76,34,-4.8700,54.3985,,,
76,35,-4.7541,54.3985,,,
76,36,-4.6383,54.3985,,,
76,37,-4.5224,54.3985,,,
76,38,-4.4066,54.3985,,,
76,39,-4.2907,54.3985,,,
76,40,-4.1748,54.3985,,,
76,41,-4.0590,54.3985,,,
76,42,-3.9431,54.3985,,,
76,43,-3.8272,54.3985,,,
76,44,-3.7114,54.3985,,,
76,45,-3.5955,54.3985,,,
76,46,-3.4797,54.3985,Cumberland,4.98,80.7
76,47,-3.3638,54.3985,Cumberland,4.88,79.8
76,48,-3.2479,54.3985,Cumberland,4.37,74.7
76,49,-3.1321,54.3985,Cumberland,4.37,74.7
76,50,-3.0162,54.3985,Lancashire,4.37,74.7
76,51,-2.9003,54.3985,Westmorland,5.63,87.2
76,52,-2.7845,54.3985,Westmorland,5.21,83.0
76,53,-2.6686,54.3985,Westmorland,6.42,95.0
76,54,-2.5528,54.3985,Westmorland,5.44,85.3
76,55,-2.4369,54.3985,Westmorland,5.35,84.4
76,56,-2.3210,54.3985,Westmorland,5.35,84.4
76,57,-2.2052,54.3985,Yorkshire,5.4,84.9
76,58,-2.0893,54.3985,Yorkshire,6.42,95.0
76,59,-1.9734,54.3985,Yorkshire,5.95,90.4
76,60,-1.8576,54.3985,Yorkshire,5.95,90.4
76,61,-1.7417,54.3985,Yorkshire,5.91,90.0
76,62,-1.6259,54.3985,Yorkshire,5.91,90.0
76,63,-1.5100,54.3985,Yorkshire,5.91,90.0
76,64,-1.3941,54.3985,Yorkshire,6.05,91.3
76,65,-1.2783,54.3985,Yorkshire,4.0,71.1
76,66,-1.1624,54.3985,Yorkshire,4.0,71.1
76,67,-1.0466,54.3985,Yorkshire,3.12,62.3
76,68,-0.9307,54.3985,Yorkshire,2.93,60.5
76,69,-0.8148,54.3985,Yorkshire,4.09,71.9
76,70,-0.6990,54.3985,Yorkshire,4.37,74.7
76,71,-0.5831,54.3985,Yorkshire,4.56,76.6
76,72,-0.4672,54.3985,,,
76,73,-0.3514,54.3985,,,
76,74,-0.2355,54.3985,,,
76,75,-0.1197,54.3985,,,
76,76,-0.0038,54.3985,,,
76,77,0.1121,54.3985,,,
76,78,0.2279,54.3985,,,
76,79,0.3438,54.3985,,,
76,80,0.4597,54.3985,,,
76,81,0.5755,54.3985,,,
76,82,0.6914,54.3985,,,
76,83,0.8072,54.3985,,,
76,84,0.9231,54.3985,,,
76,85,1.0390,54.3985,,,
76,86,1.1548,54.3985,,,
76,87,1.2707,54.3985,,,
76,88,1.3865,54.3985,,,
76,89,1.5024,54.3985,,,
76,90,1.6183,54.3985,,,
76,91,1.7341,54.3985,,,
76,92,1.8500,54.3985,,,
76,93,1.9659,54.3985,,,
77,0,-8.8093,54.3314,,,
77,1,-8.6934,54.3314,,,
77,2,-8.5776,54.3314,,,
77,3,-8.4617,54.3314,,,
77,4,-8.3459,54.3314,,,
77,5,-8.2300,54.3314,,,
77,6,-8.1141,54.3314,,,
77,7,-7.9983,54.3314,,,
77,8,-7.8824,54.3314,,,
77,9,-7.7665,54.3314,,,
77,10,-7.6507,54.3314,,,
77,11,-7.5348,54.3314,,,
77,12,-7.4190,54.3314,,,
77,13,-7.3031,54.3314,,,
77,14,-7.1872,54.3314,,,
77,15,-7.0714,54.3314,,,
77,16,-6.9555,54.3314,,,
77,17,-6.8397,54.3314,,,
77,18,-6.7238,54.3314,,,
77,19,-6.6079,54.3314,,,
77,20,-6.4921,54.3314,,,
77,21,-6.3762,54.3314,,,
77,22,-6.2603,54.3314,,,
77,23,-6.1445,54.3314,,,
77,24,-6.0286,54.3314,,,
77,25,-5.9128,54.3314,,,
77,26,-5.7969,54.3314,,,
77,27,-5.6810,54.3314,,,
77,28,-5.5652,54.3314,,,
77,29,-5.4493,54.3314,,,
77,30,-5.3334,54.3314,,,
77,31,-5.2176,54.3314,,,
77,32,-5.1017,54.3314,,,
77,33,-4.9859,54.3314,,,
77,34,-4.8700,54.3314,,,
77,35,-4.7541,54.3314,,,
77,36,-4.6383,54.3314,,,
77,37,-4.5224,54.3314,,,
77,38,-4.4066,54.3314,,,
77,39,-4.2907,54.3314,,,
77,40,-4.1748,54.3314,,,
77,41,-4.0590,54.3314,,,
77,42,-3.9431,54.3314,,,
77,43,-3.8272,54.3314,,,
77,44,-3.7114,54.3314,,,
77,45,-3.5955,54.3314,,,
77,46,-3.4797,54.3314,,,
77,47,-3.3638,54.3314,Cumberland,4.37,74.7
77,48,-3.2479,54.3314,Cumberland,4.37,74.7
77,49,-3.1321,54.3314,Lancashire,4.37,74.7
77,50,-3.0162,54.3314,Lancashire,4.74,78.4
77,51,-2.9003,54.3314,Westmorland,4.6,77.0
77,52,-2.7845,54.3314,Westmorland,5.63,87.2
77,53,-2.6686,54.3314,Westmorland,5.21,83.0
77,54,-2.5528,54.3314,Westmorland,6.42,95.0
77,55,-2.4369,54.3314,Yorkshire,6.28,93.6
77,56,-2.3210,54.3314,Yorkshire,6.28,93.6
77,57,-2.2052,54.3314,Yorkshire,6.37,94.5
77,58,-2.0893,54.3314,Yorkshire,6.42,95.0
77,59,-1.9734,54.3314,Yorkshire,6.42,95.0
77,60,-1.8576,54.3314,Yorkshire,6.42,95.0
77,61,-1.7417,54.3314,Yorkshire,5.95,90.4
77,62,-1.6259,54.3314,Yorkshire,5.95,90.4
77,63,-1.5100,54.3314,Yorkshire,6.14,92.2
77,64,-1.3941,54.3314,Yorkshire,6.05,91.3
77,65,-1.2783,54.3314,Yorkshire,4.88,79.8
77,66,-1.1624,54.3314,Yorkshire,3.91,70.2
77,67,-1.0466,54.3314,Yorkshire,4.09,71.9
77,68,-0.9307,54.3314,Yorkshire,3.86,69.7
77,69,-0.8148,54.3314,Yorkshire,4.09,71.9
77,70,-0.6990,54.3314,Yorkshire,4.09,71.9
77,71,-0.5831,54.3314,Yorkshire,5.02,81.1
77,72,-0.4672,54.3314,Yorkshire,5.3,83.9
77,73,-0.3514,54.3314,,,
77,74,-0.2355,54.3314,,,
77,75,-0.1197,54.3314,,,
77,76,-0.0038,54.3314,,,
77,77,0.1121,54.3314,,,
77,78,0.2279,54.3314,,,
77,79,0.3438,54.3314,,,
77,80,0.4597,54.3314,,,
77,81,0.5755,54.3314,,,
77,82,0.6914,54.3314,,,
77,83,0.8072,54.3314,,,
77,84,0.9231,54.3314,,,
77,85,1.0390,54.3314,,,
77,86,1.1548,54.3314,,,
77,87,1.2707,54.3314,,,
77,88,1.3865,54.3314,,,
77,89,1.5024,54.3314,,,
77,90,1.6183,54.3314,,,
77,91,1.7341,54.3314,,,
77,92,1.8500,54.3314,,,
77,93,1.9659,54.3314,,,
78,0,-8.8093,54.2643,,,
78,1,-8.6934,54.2643,,,
78,2,-8.5776,54.2643,,,
78,3,-8.4617,54.2643,,,
78,4,-8.3459,54.2643,,,
78,5,-8.2300,54.2643,,,
78,6,-8.1141,54.2643,,,
78,7,-7.9983,54.2643,,,
78,8,-7.8824,54.2643,,,
78,9,-7.7665,54.2643,,,
78,10,-7.6507,54.2643,,,
78,11,-7.5348,54.2643,,,
78,12,-7.4190,54.2643,,,
78,13,-7.3031,54.2643,,,
78,14,-7.1872,54.2643,,,
78,15,-7.0714,54.2643,,,
78,16,-6.9555,54.2643,,,
78,17,-6.8397,54.2643,,,
78,18,-6.7238,54.2643,,,
78,19,-6.6079,54.2643,,,
78,20,-6.4921,54.2643,,,
78,21,-6.3762,54.2643,,,
78,22,-6.2603,54.2643,,,
78,23,-6.1445,54.2643,,,
78,24,-6.0286,54.2643,,,
78,25,-5.9128,54.2643,,,
78,26,-5.7969,54.2643,,,
78,27,-5.6810,54.2643,,,
78,28,-5.5652,54.2643,,,
78,29,-5.4493,54.2643,,,
78,30,-5.3334,54.2643,,,
78,31,-5.2176,54.2643,,,
78,32,-5.1017,54.2643,,,
78,33,-4.9859,54.2643,,,
78,34,-4.8700,54.2643,,,
78,35,-4.7541,54.2643,,,
78,36,-4.6383,54.2643,,,
78,37,-4.5224,54.2643,,,
78,38,-4.4066,54.2643,,,
78,39,-4.2907,54.2643,,,
78,40,-4.1748,54.2643,,,
78,41,-4.0590,54.2643,,,
78,42,-3.9431,54.2643,,,
78,43,-3.8272,54.2643,,,
78,44,-3.7114,54.2643,,,
78,45,-3.5955,54.2643,,,
78,46,-3.4797,54.2643,,,
78,47,-3.3638,54.2643,Cumberland,4.37,74.7
78,48,-3.2479,54.2643,Cumberland,4.37,74.7
78,49,-3.1321,54.2643,Lancashire,4.74,78.4
78,50,-3.0162,54.2643,Lancashire,4.74,78.4
78,51,-2.9003,54.2643,Lancashire,4.74,78.4
78,52,-2.7845,54.2643,Westmorland,4.6,77.0
78,53,-2.6686,54.2643,Westmorland,5.63,87.2
78,54,-2.5528,54.2643,Westmorland,6.28,93.6
78,55,-2.4369,54.2643,Yorkshire,6.28,93.6
78,56,-2.3210,54.2643,Yorkshire,6.28,93.6
78,57,-2.2052,54.2643,Yorkshire,6.28,93.6
78,58,-2.0893,54.2643,Yorkshire,6.42,95.0
78,59,-1.9734,54.2643,Yorkshire,6.42,95.0
78,60,-1.8576,54.2643,Yorkshire,6.0,90.8
78,61,-1.7417,54.2643,Yorkshire,6.28,93.6
78,62,-1.6259,54.2643,Yorkshire,6.05,91.3
78,63,-1.5100,54.2643,Yorkshire,6.05,91.3
78,64,-1.3941,54.2643,Yorkshire,6.14,92.2
78,65,-1.2783,54.2643,Yorkshire,4.84,79.4
78,66,-1.1624,54.2643,Yorkshire,4.51,76.1
78,67,-1.0466,54.2643,Yorkshire,4.51,76.1
78,68,-0.9307,54.2643,Yorkshire,4.51,76.1
78,69,-0.8148,54.2643,Yorkshire,5.12,82.1
78,70,-0.6990,54.2643,Yorkshire,4.65,77.5
78,71,-0.5831,54.2643,Yorkshire,4.93,80.3
78,72,-0.4672,54.2643,Yorkshire,5.4,84.9
78,73,-0.3514,54.2643,,,
78,74,-0.2355,54.2643,,,
78,75,-0.1197,54.2643,,,
78,76,-0.0038,54.2643,,,
78,77,0.1121,54.2643,,,
78,78,0.2279,54.2643,,,
78,79,0.3438,54.2643,,,
78,80,0.4597,54.2643,,,
78,81,0.5755,54.2643,,,
78,82,0.6914,54.2643,,,
78,83,0.8072,54.2643,,,
78,84,0.9231,54.2643,,,
78,85,1.0390,54.2643,,,
78,86,1.1548,54.2643,,,
78,87,1.2707,54.2643,,,
78,88,1.3865,54.2643,,,
78,89,1.5024,54.2643,,,
78,90,1.6183,54.2643,,,
78,91,1.7341,54.2643,,,
78,92,1.8500,54.2643,,,
78,93,1.9659,54.2643,,,
79,0,-8.8093,54.1973,,,
79,1,-8.6934,54.1973,,,
79,2,-8.5776,54.1973,,,
79,3,-8.4617,54.1973,,,
79,4,-8.3459,54.1973,,,
79,5,-8.2300,54.1973,,,
79,6,-8.1141,54.1973,,,
79,7,-7.9983,54.1973,,,
79,8,-7.8824,54.1973,,,
79,9,-7.7665,54.1973,,,
79,10,-7.6507,54.1973,,,
79,11,-7.5348,54.1973,,,
79,12,-7.4190,54.1973,,,
79,13,-7.3031,54.1973,,,
79,14,-7.1872,54.1973,,,
79,15,-7.0714,54.1973,,,
79,16,-6.9555,54.1973,,,
79,17,-6.8397,54.1973,,,
79,18,-6.7238,54.1973,,,
79,19,-6.6079,54.1973,,,
79,20,-6.4921,54.1973,,,
79,21,-6.3762,54.1973,,,
79,22,-6.2603,54.1973,,,
79,23,-6.1445,54.1973,,,
79,24,-6.0286,54.1973,,,
79,25,-5.9128,54.1973,,,
79,26,-5.7969,54.1973,,,
79,27,-5.6810,54.1973,,,
79,28,-5.5652,54.1973,,,
79,29,-5.4493,54.1973,,,
79,30,-5.3334,54.1973,,,
79,31,-5.2176,54.1973,,,
79,32,-5.1017,54.1973,,,
79,33,-4.9859,54.1973,,,
79,34,-4.8700,54.1973,,,
79,35,-4.7541,54.1973,,,
79,36,-4.6383,54.1973,,,
79,37,-4.5224,54.1973,,,
79,38,-4.4066,54.1973,,,
79,39,-4.2907,54.1973,,,
79,40,-4.1748,54.1973,,,
79,41,-4.0590,54.1973,,,
79,42,-3.9431,54.1973,,,
79,43,-3.8272,54.1973,,,
79,44,-3.7114,54.1973,,,
79,45,-3.5955,54.1973,,,
79,46,-3.4797,54.1973,,,
79,47,-3.3638,54.1973,,,
79,48,-3.2479,54.1973,,,
79,49,-3.1321,54.1973,Lancashire,4.74,78.4
79,50,-3.0162,54.1973,Lancashire,4.74,78.4
79,51,-2.9003,54.1973,Lancashire,4.74,78.4
79,52,-2.7845,54.1973,Westmorland,4.74,78.4
79,53,-2.6686,54.1973,Westmorland,4.65,77.5
79,54,-2.5528,54.1973,Westmorland,6.09,91.7
79,55,-2.4369,54.1973,Yorkshire,6.09,91.7
79,56,-2.3210,54.1973,Yorkshire,5.91,90.0
79,57,-2.2052,54.1973,Yorkshire,6.28,93.6
79,58,-2.0893,54.1973,Yorkshire,6.42,95.0
79,59,-1.9734,54.1973,Yorkshire,6.05,91.3
79,60,-1.8576,54.1973,Yorkshire,5.95,90.4
79,61,-1.7417,54.1973,Yorkshire,6.28,93.6
79,62,-1.6259,54.1973,Yorkshire,6.42,95.0
79,63,-1.5100,54.1973,Yorkshire,5.95,90.4
79,64,-1.3941,54.1973,Yorkshire,5.16,82.5
79,65,-1.2783,54.1973,Yorkshire,4.6,77.0
79,66,-1.1624,54.1973,Yorkshire,4.56,76.6
79,67,-1.0466,54.1973,Yorkshire,5.02,81.1
79,68,-0.9307,54.1973,Yorkshire,5.02,81.1
79,69,-0.8148,54.1973,Yorkshire,4.98,80.7
79,70,-0.6990,54.1973,Yorkshire,4.93,80.3
79,71,-0.5831,54.1973,Yorkshire,4.84,79.4
79,72,-0.4672,54.1973,Yorkshire,5.16,82.5
79,73,-0.3514,54.1973,Yorkshire,5.16,82.5
79,74,-0.2355,54.1973,,,
79,75,-0.1197,54.1973,,,
79,76,-0.0038,54.1973,,,
79,77,0.1121,54.1973,,,
79,78,0.2279,54.1973,,,
79,79,0.3438,54.1973,,,
79,80,0.4597,54.1973,,,
79,81,0.5755,54.1973,,,
79,82,0.6914,54.1973,,,
79,83,0.8072,54.1973,,,
79,84,0.9231,54.1973,,,
79,85,1.0390,54.1973,,,
79,86,1.1548,54.1973,,,
79,87,1.2707,54.1973,,,
79,88,1.3865,54.1973,,,
79,89,1.5024,54.1973,,,
79,90,1.6183,54.1973,,,
79,91,1.7341,54.1973,,,
79,92,1.8500,54.1973,,,
79,93,1.9659,54.1973,,,
80,0,-8.8093,54.1302,,,
80,1,-8.6934,54.1302,,,
80,2,-8.5776,54.1302,,,
80,3,-8.4617,54.1302,,,
80,4,-8.3459,54.1302,,,
80,5,-8.2300,54.1302,,,
80,6,-8.1141,54.1302,,,
80,7,-7.9983,54.1302,,,
80,8,-7.8824,54.1302,,,
80,9,-7.7665,54.1302,,,
80,10,-7.6507,54.1302,,,
80,11,-7.5348,54.1302,,,
80,12,-7.4190,54.1302,,,
80,13,-7.3031,54.1302,,,
80,14,-7.1872,54.1302,,,
80,15,-7.0714,54.1302,,,
80,16,-6.9555,54.1302,,,
80,17,-6.8397,54.1302,,,
80,18,-6.7238,54.1302,,,
80,19,-6.6079,54.1302,,,
80,20,-6.4921,54.1302,,,
80,21,-6.3762,54.1302,,,
80,22,-6.2603,54.1302,,,
80,23,-6.1445,54.1302,,,
80,24,-6.0286,54.1302,,,
80,25,-5.9128,54.1302,,,
80,26,-5.7969,54.1302,,,
80,27,-5.6810,54.1302,,,
80,28,-5.5652,54.1302,,,
80,29,-5.4493,54.1302,,,
80,30,-5.3334,54.1302,,,
80,31,-5.2176,54.1302,,,
80,32,-5.1017,54.1302,,,
80,33,-4.9859,54.1302,,,
80,34,-4.8700,54.1302,,,
80,35,-4.7541,54.1302,,,
80,36,-4.6383,54.1302,,,
80,37,-4.5224,54.1302,,,
80,38,-4.4066,54.1302,,,
80,39,-4.2907,54.1302,,,
80,40,-4.1748,54.1302,,,
80,41,-4.0590,54.1302,,,
80,42,-3.9431,54.1302,,,
80,43,-3.8272,54.1302,,,
80,44,-3.7114,54.1302,,,
80,45,-3.5955,54.1302,,,
80,46,-3.4797,54.1302,,,
80,47,-3.3638,54.1302,,,
80,48,-3.2479,54.1302,,,
80,49,-3.1321,54.1302,Lancashire,4.74,78.4
80,50,-3.0162,54.1302,,,
80,51,-2.9003,54.1302,,,
80,52,-2.7845,54.1302,Lancashire,4.88,79.8
80,53,-2.6686,54.1302,Lancashire,5.58,86.7
80,54,-2.5528,54.1302,Lancashire,6.09,91.7
80,55,-2.4369,54.1302,Yorkshire,5.16,82.5
80,56,-2.3210,54.1302,Yorkshire,5.86,89.5
80,57,-2.2052,54.1302,Yorkshire,5.91,90.0
80,58,-2.0893,54.1302,Yorkshire,5.95,90.4
80,59,-1.9734,54.1302,Yorkshire,6.28,93.6
80,60,-1.8576,54.1302,Yorkshire,6.28,93.6
80,61,-1.7417,54.1302,Yorkshire,6.28,93.6
80,62,-1.6259,54.1302,Yorkshire,6.28,93.6
80,63,-1.5100,54.1302,Yorkshire,6.05,91.3
80,64,-1.3941,54.1302,Yorkshire,5.26,83.5
80,65,-1.2783,54.1302,Yorkshire,4.74,78.4
80,66,-1.1624,54.1302,Yorkshire,5.07,81.6
80,67,-1.0466,54.1302,Yorkshire,5.44,85.3
80,68,-0.9307,54.1302,Yorkshire,6.05,91.3
80,69,-0.8148,54.1302,Yorkshire,6.14,92.2
80,70,-0.6990,54.1302,Yorkshire,5.91,90.0
80,71,-0.5831,54.1302,Yorkshire,5.91,90.0
80,72,-0.4672,54.1302,Yorkshire,5.95,90.4
80,73,-0.3514,54.1302,Yorkshire,5.16,82.5
80,74,-0.2355,54.1302,Yorkshire,5.16,82.5
80,75,-0.1197,54.1302,,,
80,76,-0.0038,54.1302,,,
80,77,0.1121,54.1302,,,
80,78,0.2279,54.1302,,,
80,79,0.3438,54.1302,,,
80,80,0.4597,54.1302,,,
80,81,0.5755,54.1302,,,
80,82,0.6914,54.1302,,,
80,83,0.8072,54.1302,,,
80,84,0.9231,54.1302,,,
80,85,1.0390,54.1302,,,
80,86,1.1548,54.1302,,,
80,87,1.2707,54.1302,,,
80,88,1.3865,54.1302,,,
80,89,1.5024,54.1302,,,
80,90,1.6183,54.1302,,,
80,91,1.7341,54.1302,,,
80,92,1.8500,54.1302,,,
80,93,1.9659,54.1302,,,
81,0,-8.8093,54.0631,,,
81,1,-8.6934,54.0631,,,
81,2,-8.5776,54.0631,,,
81,3,-8.4617,54.0631,,,
81,4,-8.3459,54.0631,,,
81,5,-8.2300,54.0631,,,
81,6,-8.1141,54.0631,,,
81,7,-7.9983,54.0631,,,
81,8,-7.8824,54.0631,,,
81,9,-7.7665,54.0631,,,
81,10,-7.6507,54.0631,,,
81,11,-7.5348,54.0631,,,
81,12,-7.4190,54.0631,,,
81,13,-7.3031,54.0631,,,
81,14,-7.1872,54.0631,,,
81,15,-7.0714,54.0631,,,
81,16,-6.9555,54.0631,,,
81,17,-6.8397,54.0631,,,
81,18,-6.7238,54.0631,,,
81,19,-6.6079,54.0631,,,
81,20,-6.4921,54.0631,,,
81,21,-6.3762,54.0631,,,
81,22,-6.2603,54.0631,,,
81,23,-6.1445,54.0631,,,
81,24,-6.0286,54.0631,,,
81,25,-5.9128,54.0631,,,
81,26,-5.7969,54.0631,,,
81,27,-5.6810,54.0631,,,
81,28,-5.5652,54.0631,,,
81,29,-5.4493,54.0631,,,
81,30,-5.3334,54.0631,,,
81,31,-5.2176,54.0631,,,
81,32,-5.1017,54.0631,,,
81,33,-4.9859,54.0631,,,
81,34,-4.8700,54.0631,,,
81,35,-4.7541,54.0631,,,
81,36,-4.6383,54.0631,,,
81,37,-4.5224,54.0631,,,
81,38,-4.4066,54.0631,,,
81,39,-4.2907,54.0631,,,
81,40,-4.1748,54.0631,,,
81,41,-4.0590,54.0631,,,
81,42,-3.9431,54.0631,,,
81,43,-3.8272,54.0631,,,
81,44,-3.7114,54.0631,,,
81,45,-3.5955,54.0631,,,
81,46,-3.4797,54.0631,,,
81,47,-3.3638,54.0631,,,
81,48,-3.2479,54.0631,,,
81,49,-3.1321,54.0631,,,
81,50,-3.0162,54.0631,,,
81,51,-2.9003,54.0631,,,
81,52,-2.7845,54.0631,Lancashire,5.72,88.1
81,53,-2.6686,54.0631,Lancashire,5.67,87.6
81,54,-2.5528,54.0631,Lancashire,6.09,91.7
81,55,-2.4369,54.0631,Yorkshire,5.67,87.6
81,56,-2.3210,54.0631,Yorkshire,6.47,95.5
81,57,-2.2052,54.0631,Yorkshire,6.56,96.4
81,58,-2.0893,54.0631,Yorkshire,5.86,89.5
81,59,-1.9734,54.0631,Yorkshire,6.47,95.5
81,60,-1.8576,54.0631,Yorkshire,6.56,96.4
81,61,-1.7417,54.0631,Yorkshire,6.28,93.6
81,62,-1.6259,54.0631,Yorkshire,6.37,94.5
81,63,-1.5100,54.0631,Yorkshire,6.23,93.1
81,64,-1.3941,54.0631,Yorkshire,5.86,89.5
81,65,-1.2783,54.0631,Yorkshire,5.35,84.4
81,66,-1.1624,54.0631,Yorkshire,6.79,98.7
81,67,-1.0466,54.0631,Yorkshire,6.65,97.3
81,68,-0.9307,54.0631,Yorkshire,6.23,93.1
81,69,-0.8148,54.0631,Yorkshire,6.19,92.7
81,70,-0.6990,54.0631,Yorkshire,5.91,90.0
81,71,-0.5831,54.0631,Yorkshire,5.86,89.5
81,72,-0.4672,54.0631,Yorkshire,5.77,88.6
81,73,-0.3514,54.0631,Yorkshire,5.21,83.0
81,74,-0.2355,54.0631,Yorkshire,5.21,83.0
81,75,-0.1197,54.0631,,,
81,76,-0.0038,54.0631,,,
81,77,0.1121,54.0631,,,
81,78,0.2279,54.0631,,,
81,79,0.3438,54.0631,,,
81,80,0.4597,54.0631,,,
81,81,0.5755,54.0631,,,
81,82,0.6914,54.0631,,,
81,83,0.8072,54.0631,,,
81,84,0.9231,54.0631,,,
81,85,1.0390,54.0631,,,
81,86,1.1548,54.0631,,,
81,87,1.2707,54.0631,,,
81,88,1.3865,54.0631,,,
81,89,1.5024,54.0631,,,
81,90,1.6183,54.0631,,,
81,91,1.7341,54.0631,,,
81,92,1.8500,54.0631,,,
81,93,1.9659,54.0631,,,
82,0,-8.8093,53.9961,,,
82,1,-8.6934,53.9961,,,
82,2,-8.5776,53.9961,,,
82,3,-8.4617,53.9961,,,
82,4,-8.3459,53.9961,,,
82,5,-8.2300,53.9961,,,
82,6,-8.1141,53.9961,,,
82,7,-7.9983,53.9961,,,
82,8,-7.8824,53.9961,,,
82,9,-7.7665,53.9961,,,
82,10,-7.6507,53.9961,,,
82,11,-7.5348,53.9961,,,
82,12,-7.4190,53.9961,,,
82,13,-7.3031,53.9961,,,
82,14,-7.1872,53.9961,,,
82,15,-7.0714,53.9961,,,
82,16,-6.9555,53.9961,,,
82,17,-6.8397,53.9961,,,
82,18,-6.7238,53.9961,,,
82,19,-6.6079,53.9961,,,
82,20,-6.4921,53.9961,,,
82,21,-6.3762,53.9961,,,
82,22,-6.2603,53.9961,,,
82,23,-6.1445,53.9961,,,
82,24,-6.0286,53.9961,,,
82,25,-5.9128,53.9961,,,
82,26,-5.7969,53.9961,,,
82,27,-5.6810,53.9961,,,
82,28,-5.5652,53.9961,,,
82,29,-5.4493,53.9961,,,
82,30,-5.3334,53.9961,,,
82,31,-5.2176,53.9961,,,
82,32,-5.1017,53.9961,,,
82,33,-4.9859,53.9961,,,
82,34,-4.8700,53.9961,,,
82,35,-4.7541,53.9961,,,
82,36,-4.6383,53.9961,,,
82,37,-4.5224,53.9961,,,
82,38,-4.4066,53.9961,,,
82,39,-4.2907,53.9961,,,
82,40,-4.1748,53.9961,,,
82,41,-4.0590,53.9961,,,
82,42,-3.9431,53.9961,,,
82,43,-3.8272,53.9961,,,
82,44,-3.7114,53.9961,,,
82,45,-3.5955,53.9961,,,
82,46,-3.4797,53.9961,,,
82,47,-3.3638,53.9961,,,
82,48,-3.2479,53.9961,,,
82,49,-3.1321,53.9961,,,
82,50,-3.0162,53.9961,,,
82,51,-2.9003,53.9961,,,
82,52,-2.7845,53.9961,Lancashire,5.58,86.7
82,53,-2.6686,53.9961,Lancashire,5.53,86.2
82,54,-2.5528,53.9961,Lancashire,5.95,90.4
82,55,-2.4369,53.9961,Yorkshire,6.28,93.6
82,56,-2.3210,53.9961,Yorkshire,6.42,95.0
82,57,-2.2052,53.9961,Yorkshire,6.6,96.8
82,58,-2.0893,53.9961,Yorkshire,6.65,97.3
82,59,-1.9734,53.9961,Yorkshire,6.65,97.3
82,60,-1.8576,53.9961,Yorkshire,6.6,96.8
82,61,-1.7417,53.9961,Yorkshire,6.56,96.4
82,62,-1.6259,53.9961,Yorkshire,6.28,93.6
82,63,-1.5100,53.9961,Yorkshire,6.05,91.3
82,64,-1.3941,53.9961,Yorkshire,5.63,87.2
82,65,-1.2783,53.9961,Yorkshire,6.56,96.4
82,66,-1.1624,53.9961,Yorkshire,6.28,93.6
82,67,-1.0466,53.9961,Yorkshire,6.79,98.7
82,68,-0.9307,53.9961,Yorkshire,6.51,95.9
82,69,-0.8148,53.9961,Yorkshire,5.95,90.4
82,70,-0.6990,53.9961,Yorkshire,5.77,88.6
82,71,-0.5831,53.9961,Yorkshire,5.77,88.6
82,72,-0.4672,53.9961,Yorkshire,5.77,88.6
82,73,-0.3514,53.9961,Yorkshire,5.77,88.6
82,74,-0.2355,53.9961,Yorkshire,5.53,86.2
82,75,-0.1197,53.9961,,,
82,76,-0.0038,53.9961,,,
82,77,0.1121,53.9961,,,
82,78,0.2279,53.9961,,,
82,79,0.3438,53.9961,,,
82,80,0.4597,53.9961,,,
82,81,0.5755,53.9961,,,
82,82,0.6914,53.9961,,,
82,83,0.8072,53.9961,,,
82,84,0.9231,53.9961,,,
82,85,1.0390,53.9961,,,
82,86,1.1548,53.9961,,,
82,87,1.2707,53.9961,,,
82,88,1.3865,53.9961,,,
82,89,1.5024,53.9961,,,
82,90,1.6183,53.9961,,,
82,91,1.7341,53.9961,,,
82,92,1.8500,53.9961,,,
82,93,1.9659,53.9961,,,
83,0,-8.8093,53.9290,,,
83,1,-8.6934,53.9290,,,
83,2,-8.5776,53.9290,,,
83,3,-8.4617,53.9290,,,
83,4,-8.3459,53.9290,,,
83,5,-8.2300,53.9290,,,
83,6,-8.1141,53.9290,,,
83,7,-7.9983,53.9290,,,
83,8,-7.8824,53.9290,,,
83,9,-7.7665,53.9290,,,
83,10,-7.6507,53.9290,,,
83,11,-7.5348,53.9290,,,
83,12,-7.4190,53.9290,,,
83,13,-7.3031,53.9290,,,
83,14,-7.1872,53.9290,,,
83,15,-7.0714,53.9290,,,
83,16,-6.9555,53.9290,,,
83,17,-6.8397,53.9290,,,
83,18,-6.7238,53.9290,,,
83,19,-6.6079,53.9290,,,
83,20,-6.4921,53.9290,,,
83,21,-6.3762,53.9290,,,
83,22,-6.2603,53.9290,,,
83,23,-6.1445,53.9290,,,
83,24,-6.0286,53.9290,,,
83,25,-5.9128,53.9290,,,
83,26,-5.7969,53.9290,,,
83,27,-5.6810,53.9290,,,
83,28,-5.5652,53.9290,,,
83,29,-5.4493,53.9290,,,
83,30,-5.3334,53.9290,,,
83,31,-5.2176,53.9290,,,
83,32,-5.1017,53.9290,,,
83,33,-4.9859,53.9290,,,
83,34,-4.8700,53.9290,,,
83,35,-4.7541,53.9290,,,
83,36,-4.6383,53.9290,,,
83,37,-4.5224,53.9290,,,
83,38,-4.4066,53.9290,,,
83,39,-4.2907,53.9290,,,
83,40,-4.1748,53.9290,,,
83,41,-4.0590,53.9290,,,
83,42,-3.9431,53.9290,,,
83,43,-3.8272,53.9290,,,
83,44,-3.7114,53.9290,,,
83,45,-3.5955,53.9290,,,
83,46,-3.4797,53.9290,,,
83,47,-3.3638,53.9290,,,
83,48,-3.2479,53.9290,,,
83,49,-3.1321,53.9290,,,
83,50,-3.0162,53.9290,,,
83,51,-2.9003,53.9290,Lancashire,4.65,77.5
83,52,-2.7845,53.9290,Lancashire,4.84,79.4
83,53,-2.6686,53.9290,Lancashire,5.44,85.3
83,54,-2.5528,53.9290,Yorkshire,5.77,88.6
83,55,-2.4369,53.9290,Yorkshire,6.09,91.7
83,56,-2.3210,53.9290,Yorkshire,6.51,95.9
83,57,-2.2052,53.9290,Yorkshire,6.42,95.0
83,58,-2.0893,53.9290,Yorkshire,6.47,95.5
83,59,-1.9734,53.9290,Yorkshire,6.37,94.5
83,60,-1.8576,53.9290,Yorkshire,6.23,93.1
83,61,-1.7417,53.9290,Yorkshire,6.56,96.4
83,62,-1.6259,53.9290,Yorkshire,6.51,95.9
83,63,-1.5100,53.9290,Yorkshire,6.14,92.2
83,64,-1.3941,53.9290,Yorkshire,6.6,96.8
83,65,-1.2783,53.9290,Yorkshire,6.56,96.4
83,66,-1.1624,53.9290,Yorkshire,6.42,95.0
83,67,-1.0466,53.9290,Yorkshire,6.74,98.2
83,68,-0.9307,53.9290,Yorkshire,6.6,96.8
83,69,-0.8148,53.9290,Yorkshire,6.23,93.1
83,70,-0.6990,53.9290,Yorkshire,5.77,88.6
83,71,-0.5831,53.9290,Yorkshire,5.12,82.1
83,72,-0.4672,53.9290,Yorkshire,5.53,86.2
83,73,-0.3514,53.9290,Yorkshire,5.49,85.8
83,74,-0.2355,53.9290,Yorkshire,5.53,86.2
83,75,-0.1197,53.9290,,,
83,76,-0.0038,53.9290,,,
83,77,0.1121,53.9290,,,
83,78,0.2279,53.9290,,,
83,79,0.3438,53.9290,,,
83,80,0.4597,53.9290,,,
83,81,0.5755,53.9290,,,
83,82,0.6914,53.9290,,,
83,83,0.8072,53.9290,,,
83,84,0.9231,53.9290,,,
83,85,1.0390,53.9290,,,
83,86,1.1548,53.9290,,,
83,87,1.2707,53.9290,,,
83,88,1.3865,53.9290,,,
83,89,1.5024,53.9290,,,
83,90,1.6183,53.9290,,,
83,91,1.7341,53.9290,,,
83,92,1.8500,53.9290,,,
83,93,1.9659,53.9290,,,
84,0,-8.8093,53.8619,,,
84,1,-8.6934,53.8619,,,
84,2,-8.5776,53.8619,,,
84,3,-8.4617,53.8619,,,
84,4,-8.3459,53.8619,,,
84,5,-8.2300,53.8619,,,
84,6,-8.1141,53.8619,,,
84,7,-7.9983,53.8619,,,
84,8,-7.8824,53.8619,,,
84,9,-7.7665,53.8619,,,
84,10,-7.6507,53.8619,,,
84,11,-7.5348,53.8619,,,
84,12,-7.4190,53.8619,,,
84,13,-7.3031,53.8619,,,
84,14,-7.1872,53.8619,,,
84,15,-7.0714,53.8619,,,
84,16,-6.9555,53.8619,,,
84,17,-6.8397,53.8619,,,
84,18,-6.7238,53.8619,,,
84,19,-6.6079,53.8619,,,
84,20,-6.4921,53.8619,,,
84,21,-6.3762,53.8619,,,
84,22,-6.2603,53.8619,,,
84,23,-6.1445,53.8619,,,
84,24,-6.0286,53.8619,,,
84,25,-5.9128,53.8619,,,
84,26,-5.7969,53.8619,,,
84,27,-5.6810,53.8619,,,
84,28,-5.5652,53.8619,,,
84,29,-5.4493,53.8619,,,
84,30,-5.3334,53.8619,,,
84,31,-5.2176,53.8619,,,
84,32,-5.1017,53.8619,,,
84,33,-4.9859,53.8619,,,
84,34,-4.8700,53.8619,,,
84,35,-4.7541,53.8619,,,
84,36,-4.6383,53.8619,,,
84,37,-4.5224,53.8619,,,
84,38,-4.4066,53.8619,,,
84,39,-4.2907,53.8619,,,
84,40,-4.1748,53.8619,,,
84,41,-4.0590,53.8619,,,
84,42,-3.9431,53.8619,,,
84,43,-3.8272,53.8619,,,
84,44,-3.7114,53.8619,,,
84,45,-3.5955,53.8619,,,
84,46,-3.4797,53.8619,,,
84,47,-3.3638,53.8619,,,
84,48,-3.2479,53.8619,,,
84,49,-3.1321,53.8619,,,
84,50,-3.0162,53.8619,Lancashire,4.65,77.5
84,51,-2.9003,53.8619,Lancashire,4.65,77.5
84,52,-2.7845,53.8619,Lancashire,4.51,76.1
84,53,-2.6686,53.8619,Lancashire,5.44,85.3
84,54,-2.5528,53.8619,Lancashire,6.28,93.6
84,55,-2.4369,53.8619,Yorkshire,6.14,92.2
84,56,-2.3210,53.8619,Lancashire,6.19,92.7
84,57,-2.2052,53.8619,Lancashire,6.05,91.3
84,58,-2.0893,53.8619,Lancashire,6.37,94.5
84,59,-1.9734,53.8619,Yorkshire,6.23,93.1
84,60,-1.8576,53.8619,Yorkshire,5.58,86.7
84,61,-1.7417,53.8619,Yorkshire,6.42,95.0
84,62,-1.6259,53.8619,Yorkshire,6.37,94.5
84,63,-1.5100,53.8619,Yorkshire,6.28,93.6
84,64,-1.3941,53.8619,Yorkshire,6.51,95.9
84,65,-1.2783,53.8619,Yorkshire,6.79,98.7
84,66,-1.1624,53.8619,Yorkshire,6.79,98.7
84,67,-1.0466,53.8619,Yorkshire,6.79,98.7
84,68,-0.9307,53.8619,Yorkshire,6.19,92.7
84,69,-0.8148,53.8619,Yorkshire,6.05,91.3
84,70,-0.6990,53.8619,Yorkshire,5.16,82.5
84,71,-0.5831,53.8619,Yorkshire,4.98,80.7
84,72,-0.4672,53.8619,Yorkshire,5.53,86.2
84,73,-0.3514,53.8619,Yorkshire,5.49,85.8
84,74,-0.2355,53.8619,Yorkshire,5.53,86.2
84,75,-0.1197,53.8619,Yorkshire,5.91,90.0
84,76,-0.0038,53.8619,,,
84,77,0.1121,53.8619,,,
84,78,0.2279,53.8619,,,
84,79,0.3438,53.8619,,,
84,80,0.4597,53.8619,,,
84,81,0.5755,53.8619,,,
84,82,0.6914,53.8619,,,
84,83,0.8072,53.8619,,,
84,84,0.9231,53.8619,,,
84,85,1.0390,53.8619,,,
84,86,1.1548,53.8619,,,
84,87,1.2707,53.8619,,,
84,88,1.3865,53.8619,,,
84,89,1.5024,53.8619,,,
84,90,1.6183,53.8619,,,
84,91,1.7341,53.8619,,,
84,92,1.8500,53.8619,,,
84,93,1.9659,53.8619,,,
85,0,-8.8093,53.7949,,,
85,1,-8.6934,53.7949,,,
85,2,-8.5776,53.7949,,,
85,3,-8.4617,53.7949,,,
85,4,-8.3459,53.7949,,,
85,5,-8.2300,53.7949,,,
85,6,-8.1141,53.7949,,,
85,7,-7.9983,53.7949,,,
85,8,-7.8824,53.7949,,,
85,9,-7.7665,53.7949,,,
85,10,-7.6507,53.7949,,,
85,11,-7.5348,53.7949,,,
85,12,-7.4190,53.7949,,,
85,13,-7.3031,53.7949,,,
85,14,-7.1872,53.7949,,,
85,15,-7.0714,53.7949,,,
85,16,-6.9555,53.7949,,,
85,17,-6.8397,53.7949,,,
85,18,-6.7238,53.7949,,,
85,19,-6.6079,53.7949,,,
85,20,-6.4921,53.7949,,,
85,21,-6.3762,53.7949,,,
85,22,-6.2603,53.7949,,,
85,23,-6.1445,53.7949,,,
85,24,-6.0286,53.7949,,,
85,25,-5.9128,53.7949,,,
85,26,-5.7969,53.7949,,,
85,27,-5.6810,53.7949,,,
85,28,-5.5652,53.7949,,,
85,29,-5.4493,53.7949,,,
85,30,-5.3334,53.7949,,,
85,31,-5.2176,53.7949,,,
85,32,-5.1017,53.7949,,,
85,33,-4.9859,53.7949,,,
85,34,-4.8700,53.7949,,,
85,35,-4.7541,53.7949,,,
85,36,-4.6383,53.7949,,,
85,37,-4.5224,53.7949,,,
85,38,-4.4066,53.7949,,,
85,39,-4.2907,53.7949,,,
85,40,-4.1748,53.7949,,,
85,41,-4.0590,53.7949,,,
85,42,-3.9431,53.7949,,,
85,43,-3.8272,53.7949,,,
85,44,-3.7114,53.7949,,,
85,45,-3.5955,53.7949,,,
85,46,-3.4797,53.7949,,,
85,47,-3.3638,53.7949,,,
85,48,-3.2479,53.7949,,,
85,49,-3.1321,53.7949,,,
85,50,-3.0162,53.7949,Lancashire,5.49,85.8
85,51,-2.9003,53.7949,Lancashire,4.88,79.8
85,52,-2.7845,53.7949,Lancashire,5.02,81.1
85,53,-2.6686,53.7949,Lancashire,5.21,83.0
85,54,-2.5528,53.7949,Lancashire,6.37,94.5
85,55,-2.4369,53.7949,Lancashire,6.23,93.1
85,56,-2.3210,53.7949,Lancashire,6.42,95.0
85,57,-2.2052,53.7949,Lancashire,6.6,96.8
85,58,-2.0893,53.7949,Lancashire,6.23,93.1
85,59,-1.9734,53.7949,Yorkshire,5.58,86.7
85,60,-1.8576,53.7949,Yorkshire,5.35,84.4
85,61,-1.7417,53.7949,Yorkshire,5.86,89.5
85,62,-1.6259,53.7949,Yorkshire,6.51,95.9
85,63,-1.5100,53.7949,Yorkshire,6.6,96.8
85,64,-1.3941,53.7949,Yorkshire,6.42,95.0
85,65,-1.2783,53.7949,Yorkshire,6.0,90.8
85,66,-1.1624,53.7949,Yorkshire,6.7,97.8
85,67,-1.0466,53.7949,Yorkshire,6.23,93.1
85,68,-0.9307,53.7949,Yorkshire,6.14,92.2
85,69,-0.8148,53.7949,Yorkshire,4.47,75.7
85,70,-0.6990,53.7949,Yorkshire,4.79,78.9
85,71,-0.5831,53.7949,Yorkshire,5.58,86.7
85,72,-0.4672,53.7949,Yorkshire,5.63,87.2
85,73,-0.3514,53.7949,Yorkshire,5.53,86.2
85,74,-0.2355,53.7949,Yorkshire,5.91,90.0
85,75,-0.1197,53.7949,Yorkshire,5.86,89.5
85,76,-0.0038,53.7949,,,
85,77,0.1121,53.7949,,,
85,78,0.2279,53.7949,,,
85,79,0.3438,53.7949,,,
85,80,0.4597,53.7949,,,
85,81,0.5755,53.7949,,,
85,82,0.6914,53.7949,,,
85,83,0.8072,53.7949,,,
85,84,0.9231,53.7949,,,
85,85,1.0390,53.7949,,,
85,86,1.1548,53.7949,,,
85,87,1.2707,53.7949,,,
85,88,1.3865,53.7949,,,
85,89,1.5024,53.7949,,,
85,90,1.6183,53.7949,,,
85,91,1.7341,53.7949,,,
85,92,1.8500,53.7949,,,
85,93,1.9659,53.7949,,,
86,0,-8.8093,53.7278,,,
86,1,-8.6934,53.7278,,,
86,2,-8.5776,53.7278,,,
86,3,-8.4617,53.7278,,,
86,4,-8.3459,53.7278,,,
86,5,-8.2300,53.7278,,,
86,6,-8.1141,53.7278,,,
86,7,-7.9983,53.7278,,,
86,8,-7.8824,53.7278,,,
86,9,-7.7665,53.7278,,,
86,10,-7.6507,53.7278,,,
86,11,-7.5348,53.7278,,,
86,12,-7.4190,53.7278,,,
86,13,-7.3031,53.7278,,,
86,14,-7.1872,53.7278,,,
86,15,-7.0714,53.7278,,,
86,16,-6.9555,53.7278,,,
86,17,-6.8397,53.7278,,,
86,18,-6.7238,53.7278,,,
86,19,-6.6079,53.7278,,,
86,20,-6.4921,53.7278,,,
86,21,-6.3762,53.7278,,,
86,22,-6.2603,53.7278,,,
86,23,-6.1445,53.7278,,,
86,24,-6.0286,53.7278,,,
86,25,-5.9128,53.7278,,,
86,26,-5.7969,53.7278,,,
86,27,-5.6810,53.7278,,,
86,28,-5.5652,53.7278,,,
86,29,-5.4493,53.7278,,,
86,30,-5.3334,53.7278,,,
86,31,-5.2176,53.7278,,,
86,32,-5.1017,53.7278,,,
86,33,-4.9859,53.7278,,,
86,34,-4.8700,53.7278,,,
86,35,-4.7541,53.7278,,,
86,36,-4.6383,53.7278,,,
86,37,-4.5224,53.7278,,,
86,38,-4.4066,53.7278,,,
86,39,-4.2907,53.7278,,,
86,40,-4.1748,53.7278,,,
86,41,-4.0590,53.7278,,,
86,42,-3.9431,53.7278,,,
86,43,-3.8272,53.7278,,,
86,44,-3.7114,53.7278,,,
86,45,-3.5955,53.7278,,,
86,46,-3.4797,53.7278,,,
86,47,-3.3638,53.7278,,,
86,48,-3.2479,53.7278,,,
86,49,-3.1321,53.7278,,,
86,50,-3.0162,53.7278,,,
86,51,-2.9003,53.7278,Lancashire,5.49,85.8
86,52,-2.7845,53.7278,Lancashire,4.33,74.3
86,53,-2.6686,53.7278,Lancashire,5.67,87.6
86,54,-2.5528,53.7278,Lancashire,6.47,95.5
86,55,-2.4369,53.7278,Lancashire,6.6,96.8
86,56,-2.3210,53.7278,Lancashire,6.79,98.7
86,57,-2.2052,53.7278,Lancashire,6.37,94.5
86,58,-2.0893,53.7278,Yorkshire,6.37,94.5
86,59,-1.9734,53.7278,Yorkshire,5.35,84.4
86,60,-1.8576,53.7278,Yorkshire,5.72,88.1
86,61,-1.7417,53.7278,Yorkshire,6.51,95.9
86,62,-1.6259,53.7278,Yorkshire,6.51,95.9
86,63,-1.5100,53.7278,Yorkshire,5.4,84.9
86,64,-1.3941,53.7278,Yorkshire,5.21,83.0
86,65,-1.2783,53.7278,Yorkshire,6.05,91.3
86,66,-1.1624,53.7278,Yorkshire,5.95,90.4
86,67,-1.0466,53.7278,Yorkshire,6.05,91.3
86,68,-0.9307,53.7278,Yorkshire,6.28,93.6
86,69,-0.8148,53.7278,Yorkshire,5.72,88.1
86,70,-0.6990,53.7278,Yorkshire,5.72,88.1
86,71,-0.5831,53.7278,Yorkshire,5.49,85.8
86,72,-0.4672,53.7278,Yorkshire,5.16,82.5
86,73,-0.3514,53.7278,Yorkshire,nan,nan
86,74,-0.2355,53.7278,Yorkshire,nan,nan
86,75,-0.1197,53.7278,Yorkshire,5.86,89.5
86,76,-0.0038,53.7278,Yorkshire,5.77,88.6
86,77,0.1121,53.7278,,,
86,78,0.2279,53.7278,,,
86,79,0.3438,53.7278,,,
86,80,0.4597,53.7278,,,
86,81,0.5755,53.7278,,,
86,82,0.6914,53.7278,,,
86,83,0.8072,53.7278,,,
86,84,0.9231,53.7278,,,
86,85,1.0390,53.7278,,,
86,86,1.1548,53.7278,,,
86,87,1.2707,53.7278,,,
86,88,1.3865,53.7278,,,
86,89,1.5024,53.7278,,,
86,90,1.6183,53.7278,,,
86,91,1.7341,53.7278,,,
86,92,1.8500,53.7278,,,
86,93,1.9659,53.7278,,,
87,0,-8.8093,53.6607,,,
87,1,-8.6934,53.6607,,,
87,2,-8.5776,53.6607,,,
87,3,-8.4617,53.6607,,,
87,4,-8.3459,53.6607,,,
87,5,-8.2300,53.6607,,,
87,6,-8.1141,53.6607,,,
87,7,-7.9983,53.6607,,,
87,8,-7.8824,53.6607,,,
87,9,-7.7665,53.6607,,,
87,10,-7.6507,53.6607,,,
87,11,-7.5348,53.6607,,,
87,12,-7.4190,53.6607,,,
87,13,-7.3031,53.6607,,,
87,14,-7.1872,53.6607,,,
87,15,-7.0714,53.6607,,,
87,16,-6.9555,53.6607,,,
87,17,-6.8397,53.6607,,,
87,18,-6.7238,53.6607,,,
87,19,-6.6079,53.6607,,,
87,20,-6.4921,53.6607,,,
87,21,-6.3762,53.6607,,,
87,22,-6.2603,53.6607,,,
87,23,-6.1445,53.6607,,,
87,24,-6.0286,53.6607,,,
87,25,-5.9128,53.6607,,,
87,26,-5.7969,53.6607,,,
87,27,-5.6810,53.6607,,,
87,28,-5.5652,53.6607,,,
87,29,-5.4493,53.6607,,,
87,30,-5.3334,53.6607,,,
87,31,-5.2176,53.6607,,,
87,32,-5.1017,53.6607,,,
87,33,-4.9859,53.6607,,,
87,34,-4.8700,53.6607,,,
87,35,-4.7541,53.6607,,,
87,36,-4.6383,53.6607,,,
87,37,-4.5224,53.6607,,,
87,38,-4.4066,53.6607,,,
87,39,-4.2907,53.6607,,,
87,40,-4.1748,53.6607,,,
87,41,-4.0590,53.6607,,,
87,42,-3.9431,53.6607,,,
87,43,-3.8272,53.6607,,,
87,44,-3.7114,53.6607,,,
87,45,-3.5955,53.6607,,,
87,46,-3.4797,53.6607,,,
87,47,-3.3638,53.6607,,,
87,48,-3.2479,53.6607,,,
87,49,-3.1321,53.6607,,,
87,50,-3.0162,53.6607,,,
87,51,-2.9003,53.6607,Lancashire,5.02,81.1
87,52,-2.7845,53.6607,Lancashire,5.07,81.6
87,53,-2.6686,53.6607,Lancashire,5.16,82.5
87,54,-2.5528,53.6607,Lancashire,6.19,92.7
87,55,-2.4369,53.6607,Lancashire,6.56,96.4
87,56,-2.3210,53.6607,Lancashire,6.42,95.0
87,57,-2.2052,53.6607,Lancashire,5.95,90.4
87,58,-2.0893,53.6607,Lancashire,5.44,85.3
87,59,-1.9734,53.6607,Yorkshire,5.49,85.8
87,60,-1.8576,53.6607,Yorkshire,6.09,91.7
87,61,-1.7417,53.6607,Yorkshire,6.05,91.3
87,62,-1.6259,53.6607,Yorkshire,5.4,84.9
87,63,-1.5100,53.6607,Yorkshire,5.35,84.4
87,64,-1.3941,53.6607,Yorkshire,5.3,83.9
87,65,-1.2783,53.6607,Yorkshire,5.35,84.4
87,66,-1.1624,53.6607,Yorkshire,5.02,81.1
87,67,-1.0466,53.6607,Yorkshire,5.91,90.0
87,68,-0.9307,53.6607,Yorkshire,6.19,92.7
87,69,-0.8148,53.6607,Yorkshire,5.72,88.1
87,70,-0.6990,53.6607,Lincolnshire,5.67,87.6
87,71,-0.5831,53.6607,Lincolnshire,5.67,87.6
87,72,-0.4672,53.6607,Lincolnshire,5.16,82.5
87,73,-0.3514,53.6607,Lincolnshire,5.26,83.5
87,74,-0.2355,53.6607,Lincolnshire,4.7,78.0
87,75,-0.1197,53.6607,Yorkshire,4.7,78.0
87,76,-0.0038,53.6607,Yorkshire,4.7,78.0
87,77,0.1121,53.6607,,,
87,78,0.2279,53.6607,,,
87,79,0.3438,53.6607,,,
87,80,0.4597,53.6607,,,
87,81,0.5755,53.6607,,,
87,82,0.6914,53.6607,,,
87,83,0.8072,53.6607,,,
87,84,0.9231,53.6607,,,
87,85,1.0390,53.6607,,,
87,86,1.1548,53.6607,,,
87,87,1.2707,53.6607,,,
87,88,1.3865,53.6607,,,
87,89,1.5024,53.6607,,,
87,90,1.6183,53.6607,,,
87,91,1.7341,53.6607,,,
87,92,1.8500,53.6607,,,
87,93,1.9659,53.6607,,,
88,0,-8.8093,53.5937,,,
88,1,-8.6934,53.5937,,,
88,2,-8.5776,53.5937,,,
88,3,-8.4617,53.5937,,,
88,4,-8.3459,53.5937,,,
88,5,-8.2300,53.5937,,,
88,6,-8.1141,53.5937,,,
88,7,-7.9983,53.5937,,,
88,8,-7.8824,53.5937,,,
88,9,-7.7665,53.5937,,,
88,10,-7.6507,53.5937,,,
88,11,-7.5348,53.5937,,,
88,12,-7.4190,53.5937,,,
88,13,-7.3031,53.5937,,,
88,14,-7.1872,53.5937,,,
88,15,-7.0714,53.5937,,,
88,16,-6.9555,53.5937,,,
88,17,-6.8397,53.5937,,,
88,18,-6.7238,53.5937,,,
88,19,-6.6079,53.5937,,,
88,20,-6.4921,53.5937,,,
88,21,-6.3762,53.5937,,,
88,22,-6.2603,53.5937,,,
88,23,-6.1445,53.5937,,,
88,24,-6.0286,53.5937,,,
88,25,-5.9128,53.5937,,,
88,26,-5.7969,53.5937,,,
88,27,-5.6810,53.5937,,,
88,28,-5.5652,53.5937,,,
88,29,-5.4493,53.5937,,,
88,30,-5.3334,53.5937,,,
88,31,-5.2176,53.5937,,,
88,32,-5.1017,53.5937,,,
88,33,-4.9859,53.5937,,,
88,34,-4.8700,53.5937,,,
88,35,-4.7541,53.5937,,,
88,36,-4.6383,53.5937,,,
88,37,-4.5224,53.5937,,,
88,38,-4.4066,53.5937,,,
88,39,-4.2907,53.5937,,,
88,40,-4.1748,53.5937,,,
88,41,-4.0590,53.5937,,,
88,42,-3.9431,53.5937,,,
88,43,-3.8272,53.5937,,,
88,44,-3.7114,53.5937,,,
88,45,-3.5955,53.5937,,,
88,46,-3.4797,53.5937,,,
88,47,-3.3638,53.5937,,,
88,48,-3.2479,53.5937,,,
88,49,-3.1321,53.5937,,,
88,50,-3.0162,53.5937,Lancashire,4.93,80.3
88,51,-2.9003,53.5937,Lancashire,5.49,85.8
88,52,-2.7845,53.5937,Lancashire,5.35,84.4
88,53,-2.6686,53.5937,Lancashire,6.14,92.2
88,54,-2.5528,53.5937,Lancashire,6.6,96.8
88,55,-2.4369,53.5937,Lancashire,6.42,95.0
88,56,-2.3210,53.5937,Lancashire,6.05,91.3
88,57,-2.2052,53.5937,Lancashire,5.72,88.1
88,58,-2.0893,53.5937,Lancashire,5.95,90.4
88,59,-1.9734,53.5937,Yorkshire,5.35,84.4
88,60,-1.8576,53.5937,Yorkshire,5.63,87.2
88,61,-1.7417,53.5937,Yorkshire,5.67,87.6
88,62,-1.6259,53.5937,Yorkshire,5.4,84.9
88,63,-1.5100,53.5937,Yorkshire,5.44,85.3
88,64,-1.3941,53.5937,Yorkshire,4.51,76.1
88,65,-1.2783,53.5937,Yorkshire,4.33,74.3
88,66,-1.1624,53.5937,Yorkshire,5.26,83.5
88,67,-1.0466,53.5937,Yorkshire,5.86,89.5
88,68,-0.9307,53.5937,Yorkshire,6.56,96.4
88,69,-0.8148,53.5937,Lincolnshire,6.23,93.1
88,70,-0.6990,53.5937,Lincolnshire,5.63,87.2
88,71,-0.5831,53.5937,Lincolnshire,5.77,88.6
88,72,-0.4672,53.5937,Lincolnshire,5.26,83.5
88,73,-0.3514,53.5937,Lincolnshire,5.21,83.0
88,74,-0.2355,53.5937,Lincolnshire,4.7,78.0
88,75,-0.1197,53.5937,Lincolnshire,4.65,77.5
88,76,-0.0038,53.5937,,,
88,77,0.1121,53.5937,,,
88,78,0.2279,53.5937,,,
88,79,0.3438,53.5937,,,
88,80,0.4597,53.5937,,,
88,81,0.5755,53.5937,,,
88,82,0.6914,53.5937,,,
88,83,0.8072,53.5937,,,
88,84,0.9231,53.5937,,,
88,85,1.0390,53.5937,,,
88,86,1.1548,53.5937,,,
88,87,1.2707,53.5937,,,
88,88,1.3865,53.5937,,,
88,89,1.5024,53.5937,,,
88,90,1.6183,53.5937,,,
88,91,1.7341,53.5937,,,
88,92,1.8500,53.5937,,,
88,93,1.9659,53.5937,,,
89,0,-8.8093,53.5266,,,
89,1,-8.6934,53.5266,,,
89,2,-8.5776,53.5266,,,
89,3,-8.4617,53.5266,,,
89,4,-8.3459,53.5266,,,
89,5,-8.2300,53.5266,,,
89,6,-8.1141,53.5266,,,
89,7,-7.9983,53.5266,,,
89,8,-7.8824,53.5266,,,
89,9,-7.7665,53.5266,,,
89,10,-7.6507,53.5266,,,
89,11,-7.5348,53.5266,,,
89,12,-7.4190,53.5266,,,
89,13,-7.3031,53.5266,,,
89,14,-7.1872,53.5266,,,
89,15,-7.0714,53.5266,,,
89,16,-6.9555,53.5266,,,
89,17,-6.8397,53.5266,,,
89,18,-6.7238,53.5266,,,
89,19,-6.6079,53.5266,,,
89,20,-6.4921,53.5266,,,
89,21,-6.3762,53.5266,,,
89,22,-6.2603,53.5266,,,
89,23,-6.1445,53.5266,,,
89,24,-6.0286,53.5266,,,
89,25,-5.9128,53.5266,,,
89,26,-5.7969,53.5266,,,
89,27,-5.6810,53.5266,,,
89,28,-5.5652,53.5266,,,
89,29,-5.4493,53.5266,,,
89,30,-5.3334,53.5266,,,
89,31,-5.2176,53.5266,,,
89,32,-5.1017,53.5266,,,
89,33,-4.9859,53.5266,,,
89,34,-4.8700,53.5266,,,
89,35,-4.7541,53.5266,,,
89,36,-4.6383,53.5266,,,
89,37,-4.5224,53.5266,,,
89,38,-4.4066,53.5266,,,
89,39,-4.2907,53.5266,,,
89,40,-4.1748,53.5266,,,
89,41,-4.0590,53.5266,,,
89,42,-3.9431,53.5266,,,
89,43,-3.8272,53.5266,,,
89,44,-3.7114,53.5266,,,
89,45,-3.5955,53.5266,,,
89,46,-3.4797,53.5266,,,
89,47,-3.3638,53.5266,,,
89,48,-3.2479,53.5266,,,
89,49,-3.1321,53.5266,,,
89,50,-3.0162,53.5266,Lancashire,5.35,84.4
89,51,-2.9003,53.5266,Lancashire,5.44,85.3
89,52,-2.7845,53.5266,Lancashire,5.63,87.2
89,53,-2.6686,53.5266,Lancashire,6.23,93.1
89,54,-2.5528,53.5266,Lancashire,6.37,94.5
89,55,-2.4369,53.5266,Lancashire,6.28,93.6
89,56,-2.3210,53.5266,Lancashire,6.05,91.3
89,57,-2.2052,53.5266,Lancashire,5.72,88.1
89,58,-2.0893,53.5266,Lancashire,5.35,84.4
89,59,-1.9734,53.5266,Yorkshire,5.35,84.4
89,60,-1.8576,53.5266,Yorkshire,5.26,83.5
89,61,-1.7417,53.5266,Yorkshire,5.58,86.7
89,62,-1.6259,53.5266,Yorkshire,5.58,86.7
89,63,-1.5100,53.5266,Yorkshire,4.79,78.9
89,64,-1.3941,53.5266,Yorkshire,4.88,79.8
89,65,-1.2783,53.5266,Yorkshire,5.26,83.5
89,66,-1.1624,53.5266,Yorkshire,5.44,85.3
89,67,-1.0466,53.5266,Yorkshire,6.37,94.5
89,68,-0.9307,53.5266,Yorkshire,6.79,98.7
89,69,-0.8148,53.5266,Lincolnshire,6.42,95.0
89,70,-0.6990,53.5266,Lincolnshire,5.67,87.6
89,71,-0.5831,53.5266,Lincolnshire,5.63,87.2
89,72,-0.4672,53.5266,Lincolnshire,4.33,74.3
89,73,-0.3514,53.5266,Lincolnshire,4.33,74.3
89,74,-0.2355,53.5266,Lincolnshire,3.53,66.4
89,75,-0.1197,53.5266,Lincolnshire,3.26,63.7
89,76,-0.0038,53.5266,Lincolnshire,4.7,78.0
89,77,0.1121,53.5266,,,
89,78,0.2279,53.5266,,,
89,79,0.3438,53.5266,,,
89,80,0.4597,53.5266,,,
89,81,0.5755,53.5266,,,
89,82,0.6914,53.5266,,,
89,83,0.8072,53.5266,,,
89,84,0.9231,53.5266,,,
89,85,1.0390,53.5266,,,
89,86,1.1548,53.5266,,,
89,87,1.2707,53.5266,,,
89,88,1.3865,53.5266,,,
89,89,1.5024,53.5266,,,
89,90,1.6183,53.5266,,,
89,91,1.7341,53.5266,,,
89,92,1.8500,53.5266,,,
89,93,1.9659,53.5266,,,
90,0,-8.8093,53.4595,,,
90,1,-8.6934,53.4595,,,
90,2,-8.5776,53.4595,,,
90,3,-8.4617,53.4595,,,
90,4,-8.3459,53.4595,,,
90,5,-8.2300,53.4595,,,
90,6,-8.1141,53.4595,,,
90,7,-7.9983,53.4595,,,
90,8,-7.8824,53.4595,,,
90,9,-7.7665,53.4595,,,
90,10,-7.6507,53.4595,,,
90,11,-7.5348,53.4595,,,
90,12,-7.4190,53.4595,,,
90,13,-7.3031,53.4595,,,
90,14,-7.1872,53.4595,,,
90,15,-7.0714,53.4595,,,
90,16,-6.9555,53.4595,,,
90,17,-6.8397,53.4595,,,
90,18,-6.7238,53.4595,,,
90,19,-6.6079,53.4595,,,
90,20,-6.4921,53.4595,,,
90,21,-6.3762,53.4595,,,
90,22,-6.2603,53.4595,,,
90,23,-6.1445,53.4595,,,
90,24,-6.0286,53.4595,,,
90,25,-5.9128,53.4595,,,
90,26,-5.7969,53.4595,,,
90,27,-5.6810,53.4595,,,
90,28,-5.5652,53.4595,,,
90,29,-5.4493,53.4595,,,
90,30,-5.3334,53.4595,,,
90,31,-5.2176,53.4595,,,
90,32,-5.1017,53.4595,,,
90,33,-4.9859,53.4595,,,
90,34,-4.8700,53.4595,,,
90,35,-4.7541,53.4595,,,
90,36,-4.6383,53.4595,,,
90,37,-4.5224,53.4595,,,
90,38,-4.4066,53.4595,,,
90,39,-4.2907,53.4595,,,
90,40,-4.1748,53.4595,,,
90,41,-4.0590,53.4595,,,
90,42,-3.9431,53.4595,,,
90,43,-3.8272,53.4595,,,
90,44,-3.7114,53.4595,,,
90,45,-3.5955,53.4595,,,
90,46,-3.4797,53.4595,,,
90,47,-3.3638,53.4595,,,
90,48,-3.2479,53.4595,,,
90,49,-3.1321,53.4595,,,
90,50,-3.0162,53.4595,,,
90,51,-2.9003,53.4595,Lancashire,5.44,85.3
90,52,-2.7845,53.4595,Lancashire,5.63,87.2
90,53,-2.6686,53.4595,Lancashire,5.58,86.7
90,54,-2.5528,53.4595,Lancashire,6.14,92.2
90,55,-2.4369,53.4595,Lancashire,6.09,91.7
90,56,-2.3210,53.4595,Lancashire,5.72,88.1
90,57,-2.2052,53.4595,Lancashire,5.44,85.3
90,58,-2.0893,53.4595,Lancashire,5.26,83.5
90,59,-1.9734,53.4595,Cheshire,5.21,83.0
90,60,-1.8576,53.4595,Derbyshire,5.4,84.9
90,61,-1.7417,53.4595,Yorkshire,5.58,86.7
90,62,-1.6259,53.4595,Yorkshire,5.58,86.7
90,63,-1.5100,53.4595,Yorkshire,5.16,82.5
90,64,-1.3941,53.4595,Yorkshire,4.6,77.0
90,65,-1.2783,53.4595,Yorkshire,4.7,78.0
90,66,-1.1624,53.4595,Yorkshire,6.6,96.8
90,67,-1.0466,53.4595,Yorkshire,6.74,98.2
90,68,-0.9307,53.4595,Nottinghamshire,6.37,94.5
90,69,-0.8148,53.4595,Lincolnshire,5.58,86.7
90,70,-0.6990,53.4595,Lincolnshire,5.63,87.2
90,71,-0.5831,53.4595,Lincolnshire,5.63,87.2
90,72,-0.4672,53.4595,Lincolnshire,4.33,74.3
90,73,-0.3514,53.4595,Lincolnshire,4.37,74.7
90,74,-0.2355,53.4595,Lincolnshire,3.3,64.1
90,75,-0.1197,53.4595,Lincolnshire,4.65,77.5
90,76,-0.0038,53.4595,Lincolnshire,4.7,78.0
90,77,0.1121,53.4595,Lincolnshire,3.67,67.8
90,78,0.2279,53.4595,,,
90,79,0.3438,53.4595,,,
90,80,0.4597,53.4595,,,
90,81,0.5755,53.4595,,,
90,82,0.6914,53.4595,,,
90,83,0.8072,53.4595,,,
90,84,0.9231,53.4595,,,
90,85,1.0390,53.4595,,,
90,86,1.1548,53.4595,,,
90,87,1.2707,53.4595,,,
90,88,1.3865,53.4595,,,
90,89,1.5024,53.4595,,,
90,90,1.6183,53.4595,,,
90,91,1.7341,53.4595,,,
90,92,1.8500,53.4595,,,
90,93,1.9659,53.4595,,,
91,0,-8.8093,53.3925,,,
91,1,-8.6934,53.3925,,,
91,2,-8.5776,53.3925,,,
91,3,-8.4617,53.3925,,,
91,4,-8.3459,53.3925,,,
91,5,-8.2300,53.3925,,,
91,6,-8.1141,53.3925,,,
91,7,-7.9983,53.3925,,,
91,8,-7.8824,53.3925,,,
91,9,-7.7665,53.3925,,,
91,10,-7.6507,53.3925,,,
91,11,-7.5348,53.3925,,,
91,12,-7.4190,53.3925,,,
91,13,-7.3031,53.3925,,,
91,14,-7.1872,53.3925,,,
91,15,-7.0714,53.3925,,,
91,16,-6.9555,53.3925,,,
91,17,-6.8397,53.3925,,,
91,18,-6.7238,53.3925,,,
91,19,-6.6079,53.3925,,,
91,20,-6.4921,53.3925,,,
91,21,-6.3762,53.3925,,,
91,22,-6.2603,53.3925,,,
91,23,-6.1445,53.3925,,,
91,24,-6.0286,53.3925,,,
91,25,-5.9128,53.3925,,,
91,26,-5.7969,53.3925,,,
91,27,-5.6810,53.3925,,,
91,28,-5.5652,53.3925,,,
91,29,-5.4493,53.3925,,,
91,30,-5.3334,53.3925,,,
91,31,-5.2176,53.3925,,,
91,32,-5.1017,53.3925,,,
91,33,-4.9859,53.3925,,,
91,34,-4.8700,53.3925,,,
91,35,-4.7541,53.3925,,,
91,36,-4.6383,53.3925,,,
91,37,-4.5224,53.3925,,,
91,38,-4.4066,53.3925,Anglesey,-1.3,18.6
91,39,-4.2907,53.3925,Anglesey,-0.74,24.1
91,40,-4.1748,53.3925,,,
91,41,-4.0590,53.3925,,,
91,42,-3.9431,53.3925,,,
91,43,-3.8272,53.3925,,,
91,44,-3.7114,53.3925,,,
91,45,-3.5955,53.3925,,,
91,46,-3.4797,53.3925,,,
91,47,-3.3638,53.3925,,,
91,48,-3.2479,53.3925,,,
91,49,-3.1321,53.3925,Cheshire,4.51,76.1
91,50,-3.0162,53.3925,Cheshire,4.42,75.2
91,51,-2.9003,53.3925,Lancashire,5.16,82.5
91,52,-2.7845,53.3925,Lancashire,4.98,80.7
91,53,-2.6686,53.3925,Lancashire,5.58,86.7
91,54,-2.5528,53.3925,Lancashire,6.09,91.7
91,55,-2.4369,53.3925,Cheshire,6.14,92.2
91,56,-2.3210,53.3925,Cheshire,5.72,88.1
91,57,-2.2052,53.3925,Cheshire,5.72,88.1
91,58,-2.0893,53.3925,Cheshire,5.35,84.4
91,59,-1.9734,53.3925,Derbyshire,5.4,84.9
91,60,-1.8576,53.3925,Derbyshire,5.63,87.2
91,61,-1.7417,53.3925,Derbyshire,5.58,86.7
91,62,-1.6259,53.3925,Yorkshire,5.63,87.2
91,63,-1.5100,53.3925,Yorkshire,5.16,82.5
91,64,-1.3941,53.3925,Yorkshire,6.14,92.2
91,65,-1.2783,53.3925,Yorkshire,6.37,94.5
91,66,-1.1624,53.3925,Yorkshire,6.74,98.2
91,67,-1.0466,53.3925,Nottinghamshire,6.14,92.2
91,68,-0.9307,53.3925,Nottinghamshire,5.53,86.2
91,69,-0.8148,53.3925,Nottinghamshire,5.67,87.6
91,70,-0.6990,53.3925,Lincolnshire,3.58,66.9
91,71,-0.5831,53.3925,Lincolnshire,3.72,68.3
91,72,-0.4672,53.3925,Lincolnshire,4.0,71.1
91,73,-0.3514,53.3925,Lincolnshire,3.91,70.2
91,74,-0.2355,53.3925,Lincolnshire,2.79,59.1
91,75,-0.1197,53.3925,Lincolnshire,3.49,66.0
91,76,-0.0038,53.3925,Lincolnshire,3.12,62.3
91,77,0.1121,53.3925,Lincolnshire,3.67,67.8
91,78,0.2279,53.3925,Lincolnshire,2.98,61.0
91,79,0.3438,53.3925,,,
91,80,0.4597,53.3925,,,
91,81,0.5755,53.3925,,,
91,82,0.6914,53.3925,,,
91,83,0.8072,53.3925,,,
91,84,0.9231,53.3925,,,
91,85,1.0390,53.3925,,,
91,86,1.1548,53.3925,,,
91,87,1.2707,53.3925,,,
91,88,1.3865,53.3925,,,
91,89,1.5024,53.3925,,,
91,90,1.6183,53.3925,,,
91,91,1.7341,53.3925,,,
91,92,1.8500,53.3925,,,
91,93,1.9659,53.3925,,,
92,0,-8.8093,53.3254,,,
92,1,-8.6934,53.3254,,,
92,2,-8.5776,53.3254,,,
92,3,-8.4617,53.3254,,,
92,4,-8.3459,53.3254,,,
92,5,-8.2300,53.3254,,,
92,6,-8.1141,53.3254,,,
92,7,-7.9983,53.3254,,,
92,8,-7.8824,53.3254,,,
92,9,-7.7665,53.3254,,,
92,10,-7.6507,53.3254,,,
92,11,-7.5348,53.3254,,,
92,12,-7.4190,53.3254,,,
92,13,-7.3031,53.3254,,,
92,14,-7.1872,53.3254,,,
92,15,-7.0714,53.3254,,,
92,16,-6.9555,53.3254,,,
92,17,-6.8397,53.3254,,,
92,18,-6.7238,53.3254,,,
92,19,-6.6079,53.3254,,,
92,20,-6.4921,53.3254,,,
92,21,-6.3762,53.3254,,,
92,22,-6.2603,53.3254,,,
92,23,-6.1445,53.3254,,,
92,24,-6.0286,53.3254,,,
92,25,-5.9128,53.3254,,,
92,26,-5.7969,53.3254,,,
92,27,-5.6810,53.3254,,,
92,28,-5.5652,53.3254,,,
92,29,-5.4493,53.3254,,,
92,30,-5.3334,53.3254,,,
92,31,-5.2176,53.3254,,,
92,32,-5.1017,53.3254,,,
92,33,-4.9859,53.3254,,,
92,34,-4.8700,53.3254,,,
92,35,-4.7541,53.3254,,,
92,36,-4.6383,53.3254,,,
92,37,-4.5224,53.3254,Anglesey,-0.98,21.8
92,38,-4.4066,53.3254,Anglesey,-0.93,22.3
92,39,-4.2907,53.3254,Anglesey,-1.3,18.6
92,40,-4.1748,53.3254,,,
92,41,-4.0590,53.3254,,,
92,42,-3.9431,53.3254,,,
92,43,-3.8272,53.3254,,,
92,44,-3.7114,53.3254,,,
92,45,-3.5955,53.3254,,,
92,46,-3.4797,53.3254,,,
92,47,-3.3638,53.3254,Flintshire,3.53,66.4
92,48,-3.2479,53.3254,,,
92,49,-3.1321,53.3254,,,
92,50,-3.0162,53.3254,Cheshire,4.05,71.5
92,51,-2.9003,53.3254,Lancashire,4.19,72.9
92,52,-2.7845,53.3254,Lancashire,4.05,71.5
92,53,-2.6686,53.3254,Cheshire,5.58,86.7
92,54,-2.5528,53.3254,Cheshire,6.19,92.7
92,55,-2.4369,53.3254,Cheshire,5.67,87.6
92,56,-2.3210,53.3254,Cheshire,5.67,87.6
92,57,-2.2052,53.3254,Cheshire,5.72,88.1
92,58,-2.0893,53.3254,Cheshire,5.72,88.1
92,59,-1.9734,53.3254,Cheshire,5.63,87.2
92,60,-1.8576,53.3254,Derbyshire,5.63,87.2
92,61,-1.7417,53.3254,Derbyshire,5.63,87.2
92,62,-1.6259,53.3254,Derbyshire,5.58,86.7
92,63,-1.5100,53.3254,Derbyshire,4.98,80.7
92,64,-1.3941,53.3254,Derbyshire,6.05,91.3
92,65,-1.2783,53.3254,Yorkshire,6.19,92.7
92,66,-1.1624,53.3254,Yorkshire,5.86,89.5
92,67,-1.0466,53.3254,Nottinghamshire,5.53,86.2
92,68,-0.9307,53.3254,Nottinghamshire,5.72,88.1
92,69,-0.8148,53.3254,Nottinghamshire,5.77,88.6
92,70,-0.6990,53.3254,Lincolnshire,3.58,66.9
92,71,-0.5831,53.3254,Lincolnshire,3.72,68.3
92,72,-0.4672,53.3254,Lincolnshire,3.58,66.9
92,73,-0.3514,53.3254,Lincolnshire,3.67,67.8
92,74,-0.2355,53.3254,Lincolnshire,2.84,59.6
92,75,-0.1197,53.3254,Lincolnshire,2.84,59.6
92,76,-0.0038,53.3254,Lincolnshire,2.98,61.0
92,77,0.1121,53.3254,Lincolnshire,1.53,46.6
92,78,0.2279,53.3254,Lincolnshire,2.98,61.0
92,79,0.3438,53.3254,,,
92,80,0.4597,53.3254,,,
92,81,0.5755,53.3254,,,
92,82,0.6914,53.3254,,,
92,83,0.8072,53.3254,,,
92,84,0.9231,53.3254,,,
92,85,1.0390,53.3254,,,
92,86,1.1548,53.3254,,,
92,87,1.2707,53.3254,,,
92,88,1.3865,53.3254,,,
92,89,1.5024,53.3254,,,
92,90,1.6183,53.3254,,,
92,91,1.7341,53.3254,,,
92,92,1.8500,53.3254,,,
92,93,1.9659,53.3254,,,
93,0,-8.8093,53.2583,,,
93,1,-8.6934,53.2583,,,
93,2,-8.5776,53.2583,,,
93,3,-8.4617,53.2583,,,
93,4,-8.3459,53.2583,,,
93,5,-8.2300,53.2583,,,
93,6,-8.1141,53.2583,,,
93,7,-7.9983,53.2583,,,
93,8,-7.8824,53.2583,,,
93,9,-7.7665,53.2583,,,
93,10,-7.6507,53.2583,,,
93,11,-7.5348,53.2583,,,
93,12,-7.4190,53.2583,,,
93,13,-7.3031,53.2583,,,
93,14,-7.1872,53.2583,,,
93,15,-7.0714,53.2583,,,
93,16,-6.9555,53.2583,,,
93,17,-6.8397,53.2583,,,
93,18,-6.7238,53.2583,,,
93,19,-6.6079,53.2583,,,
93,20,-6.4921,53.2583,,,
93,21,-6.3762,53.2583,,,
93,22,-6.2603,53.2583,,,
93,23,-6.1445,53.2583,,,
93,24,-6.0286,53.2583,,,
93,25,-5.9128,53.2583,,,
93,26,-5.7969,53.2583,,,
93,27,-5.6810,53.2583,,,
93,28,-5.5652,53.2583,,,
93,29,-5.4493,53.2583,,,
93,30,-5.3334,53.2583,,,
93,31,-5.2176,53.2583,,,
93,32,-5.1017,53.2583,,,
93,33,-4.9859,53.2583,,,
93,34,-4.8700,53.2583,,,
93,35,-4.7541,53.2583,,,
93,36,-4.6383,53.2583,,,
93,37,-4.5224,53.2583,Anglesey,-2.23,9.4
93,38,-4.4066,53.2583,Anglesey,-0.98,21.8
93,39,-4.2907,53.2583,Anglesey,-0.93,22.3
93,40,-4.1748,53.2583,Anglesey,-1.16,20.0
93,41,-4.0590,53.2583,,,
93,42,-3.9431,53.2583,,,
93,43,-3.8272,53.2583,Caernarfonshire,-0.7,24.5
93,44,-3.7114,53.2583,Denbighshire,-0.74,24.1
93,45,-3.5955,53.2583,Denbighshire,2.19,53.1
93,46,-3.4797,53.2583,Denbighshire,2.19,53.1
93,47,-3.3638,53.2583,Flintshire,2.19,53.1
93,48,-3.2479,53.2583,Flintshire,2.05,51.8
93,49,-3.1321,53.2583,,,
93,50,-3.0162,53.2583,Cheshire,3.3,64.1
93,51,-2.9003,53.2583,Cheshire,3.77,68.8
93,52,-2.7845,53.2583,Cheshire,4.51,76.1
93,53,-2.6686,53.2583,Cheshire,4.33,74.3
93,54,-2.5528,53.2583,Cheshire,5.72,88.1
93,55,-2.4369,53.2583,Cheshire,5.67,87.6
93,56,-2.3210,53.2583,Cheshire,5.44,85.3
93,57,-2.2052,53.2583,Cheshire,5.72,88.1
93,58,-2.0893,53.2583,Cheshire,4.98,80.7
93,59,-1.9734,53.2583,Cheshire,4.98,80.7
93,60,-1.8576,53.2583,Derbyshire,5.95,90.4
93,61,-1.7417,53.2583,Derbyshire,5.95,90.4
93,62,-1.6259,53.2583,Derbyshire,6.05,91.3
93,63,-1.5100,53.2583,Derbyshire,6.05,91.3
93,64,-1.3941,53.2583,Derbyshire,5.95,90.4
93,65,-1.2783,53.2583,Derbyshire,6.19,92.7
93,66,-1.1624,53.2583,Nottinghamshire,5.07,81.6
93,67,-1.0466,53.2583,Nottinghamshire,5.12,82.1
93,68,-0.9307,53.2583,Nottinghamshire,4.47,75.7
93,69,-0.8148,53.2583,Nottinghamshire,4.51,76.1
93,70,-0.6990,53.2583,Lincolnshire,3.63,67.4
93,71,-0.5831,53.2583,Lincolnshire,3.53,66.4
93,72,-0.4672,53.2583,Lincolnshire,3.58,66.9
93,73,-0.3514,53.2583,Lincolnshire,3.58,66.9
93,74,-0.2355,53.2583,Lincolnshire,2.84,59.6
93,75,-0.1197,53.2583,Lincolnshire,2.84,59.6
93,76,-0.0038,53.2583,Lincolnshire,2.79,59.1
93,77,0.1121,53.2583,Lincolnshire,1.49,46.2
93,78,0.2279,53.2583,Lincolnshire,1.53,46.6
93,79,0.3438,53.2583,,,
93,80,0.4597,53.2583,,,
93,81,0.5755,53.2583,,,
93,82,0.6914,53.2583,,,
93,83,0.8072,53.2583,,,
93,84,0.9231,53.2583,,,
93,85,1.0390,53.2583,,,
93,86,1.1548,53.2583,,,
93,87,1.2707,53.2583,,,
93,88,1.3865,53.2583,,,
93,89,1.5024,53.2583,,,
93,90,1.6183,53.2583,,,
93,91,1.7341,53.2583,,,
93,92,1.8500,53.2583,,,
93,93,1.9659,53.2583,,,
94,0,-8.8093,53.1913,,,
94,1,-8.6934,53.1913,,,
94,2,-8.5776,53.1913,,,
94,3,-8.4617,53.1913,,,
94,4,-8.3459,53.1913,,,
94,5,-8.2300,53.1913,,,
94,6,-8.1141,53.1913,,,
94,7,-7.9983,53.1913,,,
94,8,-7.8824,53.1913,,,
94,9,-7.7665,53.1913,,,
94,10,-7.6507,53.1913,,,
94,11,-7.5348,53.1913,,,
94,12,-7.4190,53.1913,,,
94,13,-7.3031,53.1913,,,
94,14,-7.1872,53.1913,,,
94,15,-7.0714,53.1913,,,
94,16,-6.9555,53.1913,,,
94,17,-6.8397,53.1913,,,
94,18,-6.7238,53.1913,,,
94,19,-6.6079,53.1913,,,
94,20,-6.4921,53.1913,,,
94,21,-6.3762,53.1913,,,
94,22,-6.2603,53.1913,,,
94,23,-6.1445,53.1913,,,
94,24,-6.0286,53.1913,,,
94,25,-5.9128,53.1913,,,
94,26,-5.7969,53.1913,,,
94,27,-5.6810,53.1913,,,
94,28,-5.5652,53.1913,,,
94,29,-5.4493,53.1913,,,
94,30,-5.3334,53.1913,,,
94,31,-5.2176,53.1913,,,
94,32,-5.1017,53.1913,,,
94,33,-4.9859,53.1913,,,
94,34,-4.8700,53.1913,,,
94,35,-4.7541,53.1913,,,
94,36,-4.6383,53.1913,,,
94,37,-4.5224,53.1913,,,
94,38,-4.4066,53.1913,Anglesey,-2.37,8.0
94,39,-4.2907,53.1913,Anglesey,-1.86,13.1
94,40,-4.1748,53.1913,Caernarfonshire,-2.19,9.8
94,41,-4.0590,53.1913,Caernarfonshire,-0.98,21.8
94,42,-3.9431,53.1913,Caernarfonshire,-0.74,24.1
94,43,-3.8272,53.1913,Caernarfonshire,-0.65,25.0
94,44,-3.7114,53.1913,Denbighshire,0.19,33.3
94,45,-3.5955,53.1913,Denbighshire,0.19,33.3
94,46,-3.4797,53.1913,Denbighshire,2.19,53.1
94,47,-3.3638,53.1913,Denbighshire,2.19,53.1
94,48,-3.2479,53.1913,Flintshire,2.19,53.1
94,49,-3.1321,53.1913,Flintshire,2.84,59.6
94,50,-3.0162,53.1913,Flintshire,3.3,64.1
94,51,-2.9003,53.1913,Cheshire,3.77,68.8
94,52,-2.7845,53.1913,Cheshire,3.72,68.3
94,53,-2.6686,53.1913,Cheshire,2.7,58.2
94,54,-2.5528,53.1913,Cheshire,2.88,60.0
94,55,-2.4369,53.1913,Cheshire,5.77,88.6
94,56,-2.3210,53.1913,Cheshire,5.72,88.1
94,57,-2.2052,53.1913,Cheshire,5.49,85.8
94,58,-2.0893,53.1913,Cheshire,5.4,84.9
94,59,-1.9734,53.1913,Staffordshire,5.86,89.5
94,60,-1.8576,53.1913,Derbyshire,5.91,90.0
94,61,-1.7417,53.1913,Derbyshire,6.14,92.2
94,62,-1.6259,53.1913,Derbyshire,6.05,91.3
94,63,-1.5100,53.1913,Derbyshire,6.05,91.3
94,64,-1.3941,53.1913,Derbyshire,5.77,88.6
94,65,-1.2783,53.1913,Derbyshire,5.53,86.2
94,66,-1.1624,53.1913,Nottinghamshire,5.12,82.1
94,67,-1.0466,53.1913,Nottinghamshire,5.21,83.0
94,68,-0.9307,53.1913,Nottinghamshire,4.23,73.3
94,69,-0.8148,53.1913,Nottinghamshire,4.42,75.2
94,70,-0.6990,53.1913,Lincolnshire,3.72,68.3
94,71,-0.5831,53.1913,Lincolnshire,3.72,68.3
94,72,-0.4672,53.1913,Lincolnshire,1.86,49.9
94,73,-0.3514,53.1913,Lincolnshire,2.0,51.3
94,74,-0.2355,53.1913,Lincolnshire,2.0,51.3
94,75,-0.1197,53.1913,Lincolnshire,2.79,59.1
94,76,-0.0038,53.1913,Lincolnshire,2.88,60.0
94,77,0.1121,53.1913,Lincolnshire,1.49,46.2
94,78,0.2279,53.1913,Lincolnshire,1.49,46.2
94,79,0.3438,53.1913,Lincolnshire,1.49,46.2
94,80,0.4597,53.1913,,,
94,81,0.5755,53.1913,,,
94,82,0.6914,53.1913,,,
94,83,0.8072,53.1913,,,
94,84,0.9231,53.1913,,,
94,85,1.0390,53.1913,,,
94,86,1.1548,53.1913,,,
94,87,1.2707,53.1913,,,
94,88,1.3865,53.1913,,,
94,89,1.5024,53.1913,,,
94,90,1.6183,53.1913,,,
94,91,1.7341,53.1913,,,
94,92,1.8500,53.1913,,,
94,93,1.9659,53.1913,,,
95,0,-8.8093,53.1242,,,
95,1,-8.6934,53.1242,,,
95,2,-8.5776,53.1242,,,
95,3,-8.4617,53.1242,,,
95,4,-8.3459,53.1242,,,
95,5,-8.2300,53.1242,,,
95,6,-8.1141,53.1242,,,
95,7,-7.9983,53.1242,,,
95,8,-7.8824,53.1242,,,
95,9,-7.7665,53.1242,,,
95,10,-7.6507,53.1242,,,
95,11,-7.5348,53.1242,,,
95,12,-7.4190,53.1242,,,
95,13,-7.3031,53.1242,,,
95,14,-7.1872,53.1242,,,
95,15,-7.0714,53.1242,,,
95,16,-6.9555,53.1242,,,
95,17,-6.8397,53.1242,,,
95,18,-6.7238,53.1242,,,
95,19,-6.6079,53.1242,,,
95,20,-6.4921,53.1242,,,
95,21,-6.3762,53.1242,,,
95,22,-6.2603,53.1242,,,
95,23,-6.1445,53.1242,,,
95,24,-6.0286,53.1242,,,
95,25,-5.9128,53.1242,,,
95,26,-5.7969,53.1242,,,
95,27,-5.6810,53.1242,,,
95,28,-5.5652,53.1242,,,
95,29,-5.4493,53.1242,,,
95,30,-5.3334,53.1242,,,
95,31,-5.2176,53.1242,,,
95,32,-5.1017,53.1242,,,
95,33,-4.9859,53.1242,,,
95,34,-4.8700,53.1242,,,
95,35,-4.7541,53.1242,,,
95,36,-4.6383,53.1242,,,
95,37,-4.5224,53.1242,,,
95,38,-4.4066,53.1242,,,
95,39,-4.2907,53.1242,,,
95,40,-4.1748,53.1242,Caernarfonshire,-1.26,19.0
95,41,-4.0590,53.1242,Caernarfonshire,-1.49,16.7
95,42,-3.9431,53.1242,Caernarfonshire,-0.74,24.1
95,43,-3.8272,53.1242,Caernarfonshire,-0.79,23.6
95,44,-3.7114,53.1242,Denbighshire,0.19,33.3
95,45,-3.5955,53.1242,Denbighshire,0.19,33.3
95,46,-3.4797,53.1242,Denbighshire,0.19,33.3
95,47,-3.3638,53.1242,Denbighshire,2.23,53.5
95,48,-3.2479,53.1242,Denbighshire,2.84,59.6
95,49,-3.1321,53.1242,Flintshire,2.79,59.1
95,50,-3.0162,53.1242,Flintshire,1.07,42.1
95,51,-2.9003,53.1242,Cheshire,1.02,41.6
95,52,-2.7845,53.1242,Cheshire,2.56,56.8
95,53,-2.6686,53.1242,Cheshire,2.6,57.2
95,54,-2.5528,53.1242,Cheshire,2.6,57.2
95,55,-2.4369,53.1242,Cheshire,3.3,64.1
95,56,-2.3210,53.1242,Cheshire,3.3,64.1
95,57,-2.2052,53.1242,Cheshire,5.49,85.8
95,58,-2.0893,53.1242,Staffordshire,5.02,81.1
95,59,-1.9734,53.1242,Staffordshire,5.07,81.6
95,60,-1.8576,53.1242,Staffordshire,5.91,90.0
95,61,-1.7417,53.1242,Derbyshire,6.05,91.3
95,62,-1.6259,53.1242,Derbyshire,6.05,91.3
95,63,-1.5100,53.1242,Derbyshire,6.05,91.3
95,64,-1.3941,53.1242,Derbyshire,4.98,80.7
95,65,-1.2783,53.1242,Nottinghamshire,5.02,81.1
95,66,-1.1624,53.1242,Nottinghamshire,4.84,79.4
95,67,-1.0466,53.1242,Nottinghamshire,4.0,71.1
95,68,-0.9307,53.1242,Nottinghamshire,4.37,74.7
95,69,-0.8148,53.1242,Nottinghamshire,4.09,71.9
95,70,-0.6990,53.1242,Lincolnshire,4.09,71.9
95,71,-0.5831,53.1242,Lincolnshire,1.86,49.9
95,72,-0.4672,53.1242,Lincolnshire,1.86,49.9
95,73,-0.3514,53.1242,Lincolnshire,1.86,49.9
95,74,-0.2355,53.1242,Lincolnshire,2.0,51.3
95,75,-0.1197,53.1242,Lincolnshire,2.0,51.3
95,76,-0.0038,53.1242,Lincolnshire,0.98,41.2
95,77,0.1121,53.1242,Lincolnshire,0.7,38.4
95,78,0.2279,53.1242,Lincolnshire,1.49,46.2
95,79,0.3438,53.1242,Lincolnshire,nan,nan
95,80,0.4597,53.1242,,,
95,81,0.5755,53.1242,,,
95,82,0.6914,53.1242,,,
95,83,0.8072,53.1242,,,
95,84,0.9231,53.1242,,,
95,85,1.0390,53.1242,,,
95,86,1.1548,53.1242,,,
95,87,1.2707,53.1242,,,
95,88,1.3865,53.1242,,,
95,89,1.5024,53.1242,,,
95,90,1.6183,53.1242,,,
95,91,1.7341,53.1242,,,
95,92,1.8500,53.1242,,,
95,93,1.9659,53.1242,,,
96,0,-8.8093,53.0571,,,
96,1,-8.6934,53.0571,,,
96,2,-8.5776,53.0571,,,
96,3,-8.4617,53.0571,,,
96,4,-8.3459,53.0571,,,
96,5,-8.2300,53.0571,,,
96,6,-8.1141,53.0571,,,
96,7,-7.9983,53.0571,,,
96,8,-7.8824,53.0571,,,
96,9,-7.7665,53.0571,,,
96,10,-7.6507,53.0571,,,
96,11,-7.5348,53.0571,,,
96,12,-7.4190,53.0571,,,
96,13,-7.3031,53.0571,,,
96,14,-7.1872,53.0571,,,
96,15,-7.0714,53.0571,,,
96,16,-6.9555,53.0571,,,
96,17,-6.8397,53.0571,,,
96,18,-6.7238,53.0571,,,
96,19,-6.6079,53.0571,,,
96,20,-6.4921,53.0571,,,
96,21,-6.3762,53.0571,,,
96,22,-6.2603,53.0571,,,
96,23,-6.1445,53.0571,,,
96,24,-6.0286,53.0571,,,
96,25,-5.9128,53.0571,,,
96,26,-5.7969,53.0571,,,
96,27,-5.6810,53.0571,,,
96,28,-5.5652,53.0571,,,
96,29,-5.4493,53.0571,,,
96,30,-5.3334,53.0571,,,
96,31,-5.2176,53.0571,,,
96,32,-5.1017,53.0571,,,
96,33,-4.9859,53.0571,,,
96,34,-4.8700,53.0571,,,
96,35,-4.7541,53.0571,,,
96,36,-4.6383,53.0571,,,
96,37,-4.5224,53.0571,,,
96,38,-4.4066,53.0571,,,
96,39,-4.2907,53.0571,Caernarfonshire,-2.19,9.8
96,40,-4.1748,53.0571,Caernarfonshire,-2.19,9.8
96,41,-4.0590,53.0571,Caernarfonshire,-2.19,9.8
96,42,-3.9431,53.0571,Caernarfonshire,-2.23,9.4
96,43,-3.8272,53.0571,Caernarfonshire,-2.09,10.8
96,44,-3.7114,53.0571,Denbighshire,0.28,34.2
96,45,-3.5955,53.0571,Denbighshire,0.23,33.7
96,46,-3.4797,53.0571,Denbighshire,1.21,43.4
96,47,-3.3638,53.0571,Denbighshire,1.21,43.4
96,48,-3.2479,53.0571,Denbighshire,1.07,42.1
96,49,-3.1321,53.0571,Denbighshire,1.21,43.4
96,50,-3.0162,53.0571,Denbighshire,0.88,40.2
96,51,-2.9003,53.0571,Denbighshire,0.98,41.2
96,52,-2.7845,53.0571,Cheshire,1.21,43.4
96,53,-2.6686,53.0571,Cheshire,0.14,32.8
96,54,-2.5528,53.0571,Cheshire,3.3,64.1
96,55,-2.4369,53.0571,Cheshire,3.3,64.1
96,56,-2.3210,53.0571,Cheshire,3.26,63.7
96,57,-2.2052,53.0571,Staffordshire,4.47,75.7
96,58,-2.0893,53.0571,Staffordshire,5.44,85.3
96,59,-1.9734,53.0571,Staffordshire,4.33,74.3
96,60,-1.8576,53.0571,Staffordshire,5.77,88.6
96,61,-1.7417,53.0571,Derbyshire,6.09,91.7
96,62,-1.6259,53.0571,Derbyshire,5.26,83.5
96,63,-1.5100,53.0571,Derbyshire,6.05,91.3
96,64,-1.3941,53.0571,Derbyshire,5.12,82.1
96,65,-1.2783,53.0571,Nottinghamshire,5.3,83.9
96,66,-1.1624,53.0571,Nottinghamshire,4.74,78.4
96,67,-1.0466,53.0571,Nottinghamshire,4.74,78.4
96,68,-0.9307,53.0571,Nottinghamshire,4.19,72.9
96,69,-0.8148,53.0571,Nottinghamshire,4.09,71.9
96,70,-0.6990,53.0571,Lincolnshire,4.09,71.9
96,71,-0.5831,53.0571,Lincolnshire,1.86,49.9
96,72,-0.4672,53.0571,Lincolnshire,1.91,50.4
96,73,-0.3514,53.0571,Lincolnshire,2.0,51.3
96,74,-0.2355,53.0571,Lincolnshire,2.0,51.3
96,75,-0.1197,53.0571,Lincolnshire,2.09,52.1
96,76,-0.0038,53.0571,Lincolnshire,0.98,41.2
96,77,0.1121,53.0571,Lincolnshire,1.02,41.6
96,78,0.2279,53.0571,Lincolnshire,1.63,47.6
96,79,0.3438,53.0571,,,
96,80,0.4597,53.0571,,,
96,81,0.5755,53.0571,,,
96,82,0.6914,53.0571,,,
96,83,0.8072,53.0571,,,
96,84,0.9231,53.0571,,,
96,85,1.0390,53.0571,,,
96,86,1.1548,53.0571,,,
96,87,1.2707,53.0571,,,
96,88,1.3865,53.0571,,,
96,89,1.5024,53.0571,,,
96,90,1.6183,53.0571,,,
96,91,1.7341,53.0571,,,
96,92,1.8500,53.0571,,,
96,93,1.9659,53.0571,,,
97,0,-8.8093,52.9901,,,
97,1,-8.6934,52.9901,,,
97,2,-8.5776,52.9901,,,
97,3,-8.4617,52.9901,,,
97,4,-8.3459,52.9901,,,
97,5,-8.2300,52.9901,,,
97,6,-8.1141,52.9901,,,
97,7,-7.9983,52.9901,,,
97,8,-7.8824,52.9901,,,
97,9,-7.7665,52.9901,,,
97,10,-7.6507,52.9901,,,
97,11,-7.5348,52.9901,,,
97,12,-7.4190,52.9901,,,
97,13,-7.3031,52.9901,,,
97,14,-7.1872,52.9901,,,
97,15,-7.0714,52.9901,,,
97,16,-6.9555,52.9901,,,
97,17,-6.8397,52.9901,,,
97,18,-6.7238,52.9901,,,
97,19,-6.6079,52.9901,,,
97,20,-6.4921,52.9901,,,
97,21,-6.3762,52.9901,,,
97,22,-6.2603,52.9901,,,
97,23,-6.1445,52.9901,,,
97,24,-6.0286,52.9901,,,
97,25,-5.9128,52.9901,,,
97,26,-5.7969,52.9901,,,
97,27,-5.6810,52.9901,,,
97,28,-5.5652,52.9901,,,
97,29,-5.4493,52.9901,,,
97,30,-5.3334,52.9901,,,
97,31,-5.2176,52.9901,,,
97,32,-5.1017,52.9901,,,
97,33,-4.9859,52.9901,,,
97,34,-4.8700,52.9901,,,
97,35,-4.7541,52.9901,,,
97,36,-4.6383,52.9901,,,
97,37,-4.5224,52.9901,,,
97,38,-4.4066,52.9901,,,
97,39,-4.2907,52.9901,Caernarfonshire,-2.19,9.8
97,40,-4.1748,52.9901,Caernarfonshire,-1.81,13.5
97,41,-4.0590,52.9901,Merionethshire,-1.67,14.9
97,42,-3.9431,52.9901,Merionethshire,-2.09,10.8
97,43,-3.8272,52.9901,Caernarfonshire,-2.09,10.8
97,44,-3.7114,52.9901,Denbighshire,-1.86,13.1
97,45,-3.5955,52.9901,Denbighshire,1.26,43.9
97,46,-3.4797,52.9901,Denbighshire,1.26,43.9
97,47,-3.3638,52.9901,Merionethshire,1.16,42.9
97,48,-3.2479,52.9901,Denbighshire,1.16,42.9
97,49,-3.1321,52.9901,Denbighshire,1.26,43.9
97,50,-3.0162,52.9901,Denbighshire,1.16,42.9
97,51,-2.9003,52.9901,Flintshire,0.23,33.7
97,52,-2.7845,52.9901,Cheshire,0.28,34.2
97,53,-2.6686,52.9901,Cheshire,0.23,33.7
97,54,-2.5528,52.9901,Cheshire,0.14,32.8
97,55,-2.4369,52.9901,Cheshire,1.49,46.2
97,56,-2.3210,52.9901,Staffordshire,2.56,56.8
97,57,-2.2052,52.9901,Staffordshire,4.51,76.1
97,58,-2.0893,52.9901,Staffordshire,4.09,71.9
97,59,-1.9734,52.9901,Staffordshire,4.33,74.3
97,60,-1.8576,52.9901,Staffordshire,5.02,81.1
97,61,-1.7417,52.9901,Derbyshire,4.74,78.4
97,62,-1.6259,52.9901,Derbyshire,4.74,78.4
97,63,-1.5100,52.9901,Derbyshire,5.4,84.9
97,64,-1.3941,52.9901,Derbyshire,4.6,77.0
97,65,-1.2783,52.9901,Nottinghamshire,4.79,78.9
97,66,-1.1624,52.9901,Nottinghamshire,4.65,77.5
97,67,-1.0466,52.9901,Nottinghamshire,4.65,77.5
97,68,-0.9307,52.9901,Nottinghamshire,2.6,57.2
97,69,-0.8148,52.9901,Nottinghamshire,2.51,56.3
97,70,-0.6990,52.9901,Lincolnshire,1.86,49.9
97,71,-0.5831,52.9901,Lincolnshire,2.23,53.5
97,72,-0.4672,52.9901,Lincolnshire,2.23,53.5
97,73,-0.3514,52.9901,Lincolnshire,2.0,51.3
97,74,-0.2355,52.9901,Lincolnshire,2.0,51.3
97,75,-0.1197,52.9901,Lincolnshire,0.19,33.3
97,76,-0.0038,52.9901,Lincolnshire,0.98,41.2
97,77,0.1121,52.9901,Lincolnshire,-1.12,20.4
97,78,0.2279,52.9901,,,
97,79,0.3438,52.9901,,,
97,80,0.4597,52.9901,,,
97,81,0.5755,52.9901,,,
97,82,0.6914,52.9901,,,
97,83,0.8072,52.9901,,,
97,84,0.9231,52.9901,,,
97,85,1.0390,52.9901,,,
97,86,1.1548,52.9901,,,
97,87,1.2707,52.9901,,,
97,88,1.3865,52.9901,,,
97,89,1.5024,52.9901,,,
97,90,1.6183,52.9901,,,
97,91,1.7341,52.9901,,,
97,92,1.8500,52.9901,,,
97,93,1.9659,52.9901,,,
98,0,-8.8093,52.9230,,,
98,1,-8.6934,52.9230,,,
98,2,-8.5776,52.9230,,,
98,3,-8.4617,52.9230,,,
98,4,-8.3459,52.9230,,,
98,5,-8.2300,52.9230,,,
98,6,-8.1141,52.9230,,,
98,7,-7.9983,52.9230,,,
98,8,-7.8824,52.9230,,,
98,9,-7.7665,52.9230,,,
98,10,-7.6507,52.9230,,,
98,11,-7.5348,52.9230,,,
98,12,-7.4190,52.9230,,,
98,13,-7.3031,52.9230,,,
98,14,-7.1872,52.9230,,,
98,15,-7.0714,52.9230,,,
98,16,-6.9555,52.9230,,,
98,17,-6.8397,52.9230,,,
98,18,-6.7238,52.9230,,,
98,19,-6.6079,52.9230,,,
98,20,-6.4921,52.9230,,,
98,21,-6.3762,52.9230,,,
98,22,-6.2603,52.9230,,,
98,23,-6.1445,52.9230,,,
98,24,-6.0286,52.9230,,,
98,25,-5.9128,52.9230,,,
98,26,-5.7969,52.9230,,,
98,27,-5.6810,52.9230,,,
98,28,-5.5652,52.9230,,,
98,29,-5.4493,52.9230,,,
98,30,-5.3334,52.9230,,,
98,31,-5.2176,52.9230,,,
98,32,-5.1017,52.9230,,,
98,33,-4.9859,52.9230,,,
98,34,-4.8700,52.9230,,,
98,35,-4.7541,52.9230,,,
98,36,-4.6383,52.9230,,,
98,37,-4.5224,52.9230,Caernarfonshire,-2.19,9.8
98,38,-4.4066,52.9230,Caernarfonshire,-2.19,9.8
98,39,-4.2907,52.9230,Caernarfonshire,-1.81,13.5
98,40,-4.1748,52.9230,Caernarfonshire,-2.05,11.2
98,41,-4.0590,52.9230,Merionethshire,nan,nan
98,42,-3.9431,52.9230,Merionethshire,-2.19,9.8
98,43,-3.8272,52.9230,Merionethshire,-2.09,10.8
98,44,-3.7114,52.9230,Merionethshire,-2.37,8.0
98,45,-3.5955,52.9230,Merionethshire,-1.35,18.1
98,46,-3.4797,52.9230,Merionethshire,-1.44,17.2
98,47,-3.3638,52.9230,Merionethshire,0.6,37.4
98,48,-3.2479,52.9230,Denbighshire,0.56,37.0
98,49,-3.1321,52.9230,Denbighshire,0.51,36.5
98,50,-3.0162,52.9230,Shropshire,-1.16,20.0
98,51,-2.9003,52.9230,Shropshire,0.23,33.7
98,52,-2.7845,52.9230,Flintshire,0.28,34.2
98,53,-2.6686,52.9230,Shropshire,0.23,33.7
98,54,-2.5528,52.9230,Shropshire,0.56,37.0
98,55,-2.4369,52.9230,Shropshire,1.49,46.2
98,56,-2.3210,52.9230,Staffordshire,1.49,46.2
98,57,-2.2052,52.9230,Staffordshire,4.42,75.2
98,58,-2.0893,52.9230,Staffordshire,5.16,82.5
98,59,-1.9734,52.9230,Staffordshire,4.98,80.7
98,60,-1.8576,52.9230,Staffordshire,5.02,81.1
98,61,-1.7417,52.9230,Derbyshire,4.74,78.4
98,62,-1.6259,52.9230,Derbyshire,3.86,69.7
98,63,-1.5100,52.9230,Derbyshire,4.19,72.9
98,64,-1.3941,52.9230,Derbyshire,4.98,80.7
98,65,-1.2783,52.9230,Derbyshire,2.74,58.6
98,66,-1.1624,52.9230,Nottinghamshire,2.88,60.0
98,67,-1.0466,52.9230,Nottinghamshire,2.84,59.6
98,68,-0.9307,52.9230,Nottinghamshire,2.51,56.3
98,69,-0.8148,52.9230,Leicestershire,2.42,55.4
98,70,-0.6990,52.9230,Lincolnshire,2.51,56.3
98,71,-0.5831,52.9230,Lincolnshire,2.23,53.5
98,72,-0.4672,52.9230,Lincolnshire,2.23,53.5
98,73,-0.3514,52.9230,Lincolnshire,1.02,41.6
98,74,-0.2355,52.9230,Lincolnshire,1.02,41.6
98,75,-0.1197,52.9230,Lincolnshire,0.19,33.3
98,76,-0.0038,52.9230,Lincolnshire,-1.12,20.4
98,77,0.1121,52.9230,,,
98,78,0.2279,52.9230,,,
98,79,0.3438,52.9230,,,
98,80,0.4597,52.9230,,,
98,81,0.5755,52.9230,Norfolk,-1.67,14.9
98,82,0.6914,52.9230,Norfolk,-1.72,14.4
98,83,0.8072,52.9230,Norfolk,-1.72,14.4
98,84,0.9231,52.9230,Norfolk,-2.37,8.0
98,85,1.0390,52.9230,Norfolk,-2.37,8.0
98,86,1.1548,52.9230,Norfolk,-2.42,7.5
98,87,1.2707,52.9230,Norfolk,-2.88,3.0
98,88,1.3865,52.9230,,,
98,89,1.5024,52.9230,,,
98,90,1.6183,52.9230,,,
98,91,1.7341,52.9230,,,
98,92,1.8500,52.9230,,,
98,93,1.9659,52.9230,,,
99,0,-8.8093,52.8559,,,
99,1,-8.6934,52.8559,,,
99,2,-8.5776,52.8559,,,
99,3,-8.4617,52.8559,,,
99,4,-8.3459,52.8559,,,
99,5,-8.2300,52.8559,,,
99,6,-8.1141,52.8559,,,
99,7,-7.9983,52.8559,,,
99,8,-7.8824,52.8559,,,
99,9,-7.7665,52.8559,,,
99,10,-7.6507,52.8559,,,
99,11,-7.5348,52.8559,,,
99,12,-7.4190,52.8559,,,
99,13,-7.3031,52.8559,,,
99,14,-7.1872,52.8559,,,
99,15,-7.0714,52.8559,,,
99,16,-6.9555,52.8559,,,
99,17,-6.8397,52.8559,,,
99,18,-6.7238,52.8559,,,
99,19,-6.6079,52.8559,,,
99,20,-6.4921,52.8559,,,
99,21,-6.3762,52.8559,,,
99,22,-6.2603,52.8559,,,
99,23,-6.1445,52.8559,,,
99,24,-6.0286,52.8559,,,
99,25,-5.9128,52.8559,,,
99,26,-5.7969,52.8559,,,
99,27,-5.6810,52.8559,,,
99,28,-5.5652,52.8559,,,
99,29,-5.4493,52.8559,,,
99,30,-5.3334,52.8559,,,
99,31,-5.2176,52.8559,,,
99,32,-5.1017,52.8559,,,
99,33,-4.9859,52.8559,,,
99,34,-4.8700,52.8559,,,
99,35,-4.7541,52.8559,,,
99,36,-4.6383,52.8559,Caernarfonshire,-2.19,9.8
99,37,-4.5224,52.8559,Caernarfonshire,-2.19,9.8
99,38,-4.4066,52.8559,,,
99,39,-4.2907,52.8559,,,
99,40,-4.1748,52.8559,,,
99,41,-4.0590,52.8559,Merionethshire,-2.37,8.0
99,42,-3.9431,52.8559,Merionethshire,-2.51,6.6
99,43,-3.8272,52.8559,Merionethshire,-2.37,8.0
99,44,-3.7114,52.8559,Merionethshire,-2.47,7.0
99,45,-3.5955,52.8559,Merionethshire,-1.35,18.1
99,46,-3.4797,52.8559,Merionethshire,-1.35,18.1
99,47,-3.3638,52.8559,Montgomeryshire,0.56,37.0
99,48,-3.2479,52.8559,Denbighshire,-1.35,18.1
99,49,-3.1321,52.8559,Denbighshire,-1.44,17.2
99,50,-3.0162,52.8559,Shropshire,-1.3,18.6
99,51,-2.9003,52.8559,Shropshire,-1.16,20.0
99,52,-2.7845,52.8559,Shropshire,-0.56,25.9
99,53,-2.6686,52.8559,Shropshire,0.28,34.2
99,54,-2.5528,52.8559,Shropshire,-0.23,29.2
99,55,-2.4369,52.8559,Shropshire,0.28,34.2
99,56,-2.3210,52.8559,Staffordshire,0.47,36.1
99,57,-2.2052,52.8559,Staffordshire,3.53,66.4
99,58,-2.0893,52.8559,Staffordshire,3.4,65.1
99,59,-1.9734,52.8559,Staffordshire,4.56,76.6
99,60,-1.8576,52.8559,Staffordshire,5.02,81.1
99,61,-1.7417,52.8559,Staffordshire,4.84,79.4
99,62,-1.6259,52.8559,Derbyshire,4.09,71.9
99,63,-1.5100,52.8559,Derbyshire,4.09,71.9
99,64,-1.3941,52.8559,Derbyshire,4.33,74.3
99,65,-1.2783,52.8559,Leicestershire,2.74,58.6
99,66,-1.1624,52.8559,Nottinghamshire,2.79,59.1
99,67,-1.0466,52.8559,Nottinghamshire,2.74,58.6
99,68,-0.9307,52.8559,Nottinghamshire,2.42,55.4
99,69,-0.8148,52.8559,Leicestershire,2.42,55.4
99,70,-0.6990,52.8559,Lincolnshire,2.51,56.3
99,71,-0.5831,52.8559,Lincolnshire,1.63,47.6
99,72,-0.4672,52.8559,Lincolnshire,2.51,56.3
99,73,-0.3514,52.8559,Lincolnshire,1.02,41.6
99,74,-0.2355,52.8559,Lincolnshire,1.02,41.6
99,75,-0.1197,52.8559,Lincolnshire,0.28,34.2
99,76,-0.0038,52.8559,Lincolnshire,-1.12,20.4
99,77,0.1121,52.8559,Lincolnshire,-1.12,20.4
99,78,0.2279,52.8559,,,
99,79,0.3438,52.8559,,,
99,80,0.4597,52.8559,Norfolk,-2.51,6.6
99,81,0.5755,52.8559,Norfolk,-1.35,18.1
99,82,0.6914,52.8559,Norfolk,-1.81,13.5
99,83,0.8072,52.8559,Norfolk,-2.88,3.0
99,84,0.9231,52.8559,Norfolk,-2.37,8.0
99,85,1.0390,52.8559,Norfolk,-2.51,6.6
99,86,1.1548,52.8559,Norfolk,-1.86,13.1
99,87,1.2707,52.8559,Norfolk,-2.23,9.4
99,88,1.3865,52.8559,Norfolk,-2.19,9.8
99,89,1.5024,52.8559,,,
99,90,1.6183,52.8559,,,
99,91,1.7341,52.8559,,,
99,92,1.8500,52.8559,,,
99,93,1.9659,52.8559,,,
100,0,-8.8093,52.7889,,,
100,1,-8.6934,52.7889,,,
100,2,-8.5776,52.7889,,,
100,3,-8.4617,52.7889,,,
100,4,-8.3459,52.7889,,,
100,5,-8.2300,52.7889,,,
100,6,-8.1141,52.7889,,,
100,7,-7.9983,52.7889,,,
100,8,-7.8824,52.7889,,,
100,9,-7.7665,52.7889,,,
100,10,-7.6507,52.7889,,,
100,11,-7.5348,52.7889,,,
100,12,-7.4190,52.7889,,,
100,13,-7.3031,52.7889,,,
100,14,-7.1872,52.7889,,,
100,15,-7.0714,52.7889,,,
100,16,-6.9555,52.7889,,,
100,17,-6.8397,52.7889,,,
100,18,-6.7238,52.7889,,,
100,19,-6.6079,52.7889,,,
100,20,-6.4921,52.7889,,,
100,21,-6.3762,52.7889,,,
100,22,-6.2603,52.7889,,,
100,23,-6.1445,52.7889,,,
100,24,-6.0286,52.7889,,,
100,25,-5.9128,52.7889,,,
100,26,-5.7969,52.7889,,,
100,27,-5.6810,52.7889,,,
100,28,-5.5652,52.7889,,,
100,29,-5.4493,52.7889,,,
100,30,-5.3334,52.7889,,,
100,31,-5.2176,52.7889,,,
100,32,-5.1017,52.7889,,,
100,33,-4.9859,52.7889,,,
100,34,-4.8700,52.7889,,,
100,35,-4.7541,52.7889,,,
100,36,-4.6383,52.7889,,,
100,37,-4.5224,52.7889,,,
100,38,-4.4066,52.7889,,,
100,39,-4.2907,52.7889,,,
100,40,-4.1748,52.7889,,,
100,41,-4.0590,52.7889,Merionethshire,-2.37,8.0
100,42,-3.9431,52.7889,Merionethshire,-2.37,8.0
100,43,-3.8272,52.7889,Merionethshire,-2.37,8.0
100,44,-3.7114,52.7889,Merionethshire,-1.35,18.1
100,45,-3.5955,52.7889,Merionethshire,-1.3,18.6
100,46,-3.4797,52.7889,Montgomeryshire,-1.35,18.1
100,47,-3.3638,52.7889,Montgomeryshire,-1.35,18.1
100,48,-3.2479,52.7889,Denbighshire,-1.35,18.1
100,49,-3.1321,52.7889,Montgomeryshire,-1.35,18.1
100,50,-3.0162,52.7889,Shropshire,-1.16,20.0
100,51,-2.9003,52.7889,Shropshire,-1.16,20.0
100,52,-2.7845,52.7889,Shropshire,-1.16,20.0
100,53,-2.6686,52.7889,Shropshire,0.74,38.8
100,54,-2.5528,52.7889,Shropshire,0.84,39.8
100,55,-2.4369,52.7889,Shropshire,0.51,36.5
100,56,-2.3210,52.7889,Staffordshire,1.12,42.5
100,57,-2.2052,52.7889,Staffordshire,1.63,47.6
100,58,-2.0893,52.7889,Staffordshire,3.4,65.1
100,59,-1.9734,52.7889,Staffordshire,4.47,75.7
100,60,-1.8576,52.7889,Staffordshire,2.37,54.9
100,61,-1.7417,52.7889,Staffordshire,2.98,61.0
100,62,-1.6259,52.7889,Staffordshire,3.02,61.4
100,63,-1.5100,52.7889,Derbyshire,4.09,71.9
100,64,-1.3941,52.7889,Leicestershire,4.37,74.7
100,65,-1.2783,52.7889,Leicestershire,4.42,75.2
100,66,-1.1624,52.7889,Leicestershire,3.12,62.3
100,67,-1.0466,52.7889,Leicestershire,3.12,62.3
100,68,-0.9307,52.7889,Leicestershire,2.7,58.2
100,69,-0.8148,52.7889,Leicestershire,2.33,54.5
100,70,-0.6990,52.7889,Leicestershire,1.4,45.3
100,71,-0.5831,52.7889,Lincolnshire,1.44,45.7
100,72,-0.4672,52.7889,Lincolnshire,0.14,32.8
100,73,-0.3514,52.7889,Lincolnshire,0.09,32.4
100,74,-0.2355,52.7889,Lincolnshire,-1.12,20.4
100,75,-0.1197,52.7889,Lincolnshire,-1.3,18.6
100,76,-0.0038,52.7889,Lincolnshire,-1.12,20.4
100,77,0.1121,52.7889,Lincolnshire,-1.86,13.1
100,78,0.2279,52.7889,Lincolnshire,-2.19,9.8
100,79,0.3438,52.7889,Norfolk,-2.19,9.8
100,80,0.4597,52.7889,Norfolk,-2.42,7.5
100,81,0.5755,52.7889,Norfolk,-2.51,6.6
100,82,0.6914,52.7889,Norfolk,-2.51,6.6
100,83,0.8072,52.7889,Norfolk,-2.65,5.2
100,84,0.9231,52.7889,Norfolk,-2.65,5.2
100,85,1.0390,52.7889,Norfolk,-2.23,9.4
100,86,1.1548,52.7889,Norfolk,-1.86,13.1
100,87,1.2707,52.7889,Norfolk,-1.49,16.7
100,88,1.3865,52.7889,Norfolk,-1.63,15.3
100,89,1.5024,52.7889,Norfolk,-1.72,14.4
100,90,1.6183,52.7889,,,
100,91,1.7341,52.7889,,,
100,92,1.8500,52.7889,,,
100,93,1.9659,52.7889,,,
101,0,-8.8093,52.7218,,,
101,1,-8.6934,52.7218,,,
101,2,-8.5776,52.7218,,,
101,3,-8.4617,52.7218,,,
101,4,-8.3459,52.7218,,,
101,5,-8.2300,52.7218,,,
101,6,-8.1141,52.7218,,,
101,7,-7.9983,52.7218,,,
101,8,-7.8824,52.7218,,,
101,9,-7.7665,52.7218,,,
101,10,-7.6507,52.7218,,,
101,11,-7.5348,52.7218,,,
101,12,-7.4190,52.7218,,,
101,13,-7.3031,52.7218,,,
101,14,-7.1872,52.7218,,,
101,15,-7.0714,52.7218,,,
101,16,-6.9555,52.7218,,,
101,17,-6.8397,52.7218,,,
101,18,-6.7238,52.7218,,,
101,19,-6.6079,52.7218,,,
101,20,-6.4921,52.7218,,,
101,21,-6.3762,52.7218,,,
101,22,-6.2603,52.7218,,,
101,23,-6.1445,52.7218,,,
101,24,-6.0286,52.7218,,,
101,25,-5.9128,52.7218,,,
101,26,-5.7969,52.7218,,,
101,27,-5.6810,52.7218,,,
101,28,-5.5652,52.7218,,,
101,29,-5.4493,52.7218,,,
101,30,-5.3334,52.7218,,,
101,31,-5.2176,52.7218,,,
101,32,-5.1017,52.7218,,,
101,33,-4.9859,52.7218,,,
101,34,-4.8700,52.7218,,,
101,35,-4.7541,52.7218,,,
101,36,-4.6383,52.7218,,,
101,37,-4.5224,52.7218,,,
101,38,-4.4066,52.7218,,,
101,39,-4.2907,52.7218,,,
101,40,-4.1748,52.7218,,,
101,41,-4.0590,52.7218,,,
101,42,-3.9431,52.7218,Merionethshire,-2.37,8.0
101,43,-3.8272,52.7218,Merionethshire,-2.51,6.6
101,44,-3.7114,52.7218,Merionethshire,-1.35,18.1
101,45,-3.5955,52.7218,Merionethshire,-1.63,15.3
101,46,-3.4797,52.7218,Montgomeryshire,-2.65,5.2
101,47,-3.3638,52.7218,Montgomeryshire,-2.23,9.4
101,48,-3.2479,52.7218,Montgomeryshire,-1.12,20.4
101,49,-3.1321,52.7218,Montgomeryshire,-0.93,22.3
101,50,-3.0162,52.7218,Montgomeryshire,-1.16,20.0
101,51,-2.9003,52.7218,Shropshire,-0.42,27.3
101,52,-2.7845,52.7218,Shropshire,-0.37,27.8
101,53,-2.6686,52.7218,Shropshire,-1.63,15.3
101,54,-2.5528,52.7218,Shropshire,-0.65,25.0
101,55,-2.4369,52.7218,Shropshire,0.47,36.1
101,56,-2.3210,52.7218,Staffordshire,0.79,39.3
101,57,-2.2052,52.7218,Staffordshire,0.84,39.8
101,58,-2.0893,52.7218,Staffordshire,4.6,77.0
101,59,-1.9734,52.7218,Staffordshire,2.79,59.1
101,60,-1.8576,52.7218,Staffordshire,2.51,56.3
101,61,-1.7417,52.7218,Staffordshire,1.81,49.4
101,62,-1.6259,52.7218,Derbyshire,1.77,49.0
101,63,-1.5100,52.7218,Leicestershire,4.33,74.3
101,64,-1.3941,52.7218,Leicestershire,4.23,73.3
101,65,-1.2783,52.7218,Leicestershire,3.81,69.2
101,66,-1.1624,52.7218,Leicestershire,3.67,67.8
101,67,-1.0466,52.7218,Leicestershire,3.35,64.6
101,68,-0.9307,52.7218,Leicestershire,3.26,63.7
101,69,-0.8148,52.7218,Leicestershire,1.16,42.9
101,70,-0.6990,52.7218,Rutland,1.49,46.2
101,71,-0.5831,52.7218,Rutland,0.09,32.4
101,72,-0.4672,52.7218,Lincolnshire,0.14,32.8
101,73,-0.3514,52.7218,Lincolnshire,0.14,32.8
101,74,-0.2355,52.7218,Lincolnshire,-1.3,18.6
101,75,-0.1197,52.7218,Lincolnshire,-1.07,20.9
101,76,-0.0038,52.7218,Lincolnshire,-1.86,13.1
101,77,0.1121,52.7218,Cambridgeshire,-2.19,9.8
101,78,0.2279,52.7218,Norfolk,-2.47,7.0
101,79,0.3438,52.7218,Norfolk,-2.98,2.0
101,80,0.4597,52.7218,Norfolk,-3.4,0.0
101,81,0.5755,52.7218,Norfolk,-3.3,0.0
101,82,0.6914,52.7218,Norfolk,-2.51,6.6
101,83,0.8072,52.7218,Norfolk,-2.88,3.0
101,84,0.9231,52.7218,Norfolk,-2.88,3.0
101,85,1.0390,52.7218,Norfolk,-2.37,8.0
101,86,1.1548,52.7218,Norfolk,-2.0,11.7
101,87,1.2707,52.7218,Norfolk,-1.63,15.3
101,88,1.3865,52.7218,Norfolk,-1.63,15.3
101,89,1.5024,52.7218,Norfolk,-2.51,6.6
101,90,1.6183,52.7218,Norfolk,-2.88,3.0
101,91,1.7341,52.7218,,,
101,92,1.8500,52.7218,,,
101,93,1.9659,52.7218,,,
102,0,-8.8093,52.6547,,,
102,1,-8.6934,52.6547,,,
102,2,-8.5776,52.6547,,,
102,3,-8.4617,52.6547,,,
102,4,-8.3459,52.6547,,,
102,5,-8.2300,52.6547,,,
102,6,-8.1141,52.6547,,,
102,7,-7.9983,52.6547,,,
102,8,-7.8824,52.6547,,,
102,9,-7.7665,52.6547,,,
102,10,-7.6507,52.6547,,,
102,11,-7.5348,52.6547,,,
102,12,-7.4190,52.6547,,,
102,13,-7.3031,52.6547,,,
102,14,-7.1872,52.6547,,,
102,15,-7.0714,52.6547,,,
102,16,-6.9555,52.6547,,,
102,17,-6.8397,52.6547,,,
102,18,-6.7238,52.6547,,,
102,19,-6.6079,52.6547,,,
102,20,-6.4921,52.6547,,,
102,21,-6.3762,52.6547,,,
102,22,-6.2603,52.6547,,,
102,23,-6.1445,52.6547,,,
102,24,-6.0286,52.6547,,,
102,25,-5.9128,52.6547,,,
102,26,-5.7969,52.6547,,,
102,27,-5.6810,52.6547,,,
102,28,-5.5652,52.6547,,,
102,29,-5.4493,52.6547,,,
102,30,-5.3334,52.6547,,,
102,31,-5.2176,52.6547,,,
102,32,-5.1017,52.6547,,,
102,33,-4.9859,52.6547,,,
102,34,-4.8700,52.6547,,,
102,35,-4.7541,52.6547,,,
102,36,-4.6383,52.6547,,,
102,37,-4.5224,52.6547,,,
102,38,-4.4066,52.6547,,,
102,39,-4.2907,52.6547,,,
102,40,-4.1748,52.6547,,,
102,41,-4.0590,52.6547,Merionethshire,-2.42,7.5
102,42,-3.9431,52.6547,Merionethshire,-2.42,7.5
102,43,-3.8272,52.6547,Merionethshire,-1.35,18.1
102,44,-3.7114,52.6547,Montgomeryshire,-1.63,15.3
102,45,-3.5955,52.6547,Montgomeryshire,-1.63,15.3
102,46,-3.4797,52.6547,Montgomeryshire,-2.65,5.2
102,47,-3.3638,52.6547,Montgomeryshire,-2.23,9.4
102,48,-3.2479,52.6547,Montgomeryshire,-0.79,23.6
102,49,-3.1321,52.6547,Montgomeryshire,-0.93,22.3
102,50,-3.0162,52.6547,Shropshire,-0.98,21.8
102,51,-2.9003,52.6547,Shropshire,-0.42,27.3
102,52,-2.7845,52.6547,Shropshire,-0.42,27.3
102,53,-2.6686,52.6547,Shropshire,0.14,32.8
102,54,-2.5528,52.6547,Shropshire,-0.37,27.8
102,55,-2.4369,52.6547,Shropshire,0.09,32.4
102,56,-2.3210,52.6547,Shropshire,0.6,37.4
102,57,-2.2052,52.6547,Staffordshire,1.35,44.8
102,58,-2.0893,52.6547,Staffordshire,4.09,71.9
102,59,-1.9734,52.6547,Staffordshire,2.09,52.1
102,60,-1.8576,52.6547,Staffordshire,1.63,47.6
102,61,-1.7417,52.6547,Staffordshire,1.91,50.4
102,62,-1.6259,52.6547,Staffordshire,3.21,63.2
102,63,-1.5100,52.6547,Leicestershire,4.19,72.9
102,64,-1.3941,52.6547,Leicestershire,3.72,68.3
102,65,-1.2783,52.6547,Leicestershire,3.81,69.2
102,66,-1.1624,52.6547,Leicestershire,2.56,56.8
102,67,-1.0466,52.6547,Leicestershire,2.79,59.1
102,68,-0.9307,52.6547,Leicestershire,3.35,64.6
102,69,-0.8148,52.6547,Leicestershire,1.63,47.6
102,70,-0.6990,52.6547,Rutland,1.4,45.3
102,71,-0.5831,52.6547,Rutland,1.44,45.7
102,72,-0.4672,52.6547,Rutland,-1.86,13.1
102,73,-0.3514,52.6547,Lincolnshire,-1.3,18.6
102,74,-0.2355,52.6547,Lincolnshire,-1.77,13.9
102,75,-0.1197,52.6547,Lincolnshire,-0.93,22.3
102,76,-0.0038,52.6547,Cambridgeshire,-1.86,13.1
102,77,0.1121,52.6547,Cambridgeshire,-2.65,5.2
102,78,0.2279,52.6547,Norfolk,-2.79,3.8
102,79,0.3438,52.6547,Norfolk,-3.58,0.0
102,80,0.4597,52.6547,Norfolk,-3.53,0.0
102,81,0.5755,52.6547,Norfolk,-3.16,0.2
102,82,0.6914,52.6547,Norfolk,-2.65,5.2
102,83,0.8072,52.6547,Norfolk,-2.47,7.0
102,84,0.9231,52.6547,Norfolk,-2.98,2.0
102,85,1.0390,52.6547,Norfolk,-2.42,7.5
102,86,1.1548,52.6547,Norfolk,-2.51,6.6
102,87,1.2707,52.6547,Norfolk,-2.19,9.8
102,88,1.3865,52.6547,Norfolk,-1.16,20.0
102,89,1.5024,52.6547,Norfolk,-2.79,3.8
102,90,1.6183,52.6547,Norfolk,-3.02,1.6
102,91,1.7341,52.6547,Norfolk,nan,nan
102,92,1.8500,52.6547,,,
102,93,1.9659,52.6547,,,
103,0,-8.8093,52.5877,,,
103,1,-8.6934,52.5877,,,
103,2,-8.5776,52.5877,,,
103,3,-8.4617,52.5877,,,
103,4,-8.3459,52.5877,,,
103,5,-8.2300,52.5877,,,
103,6,-8.1141,52.5877,,,
103,7,-7.9983,52.5877,,,
103,8,-7.8824,52.5877,,,
103,9,-7.7665,52.5877,,,
103,10,-7.6507,52.5877,,,
103,11,-7.5348,52.5877,,,
103,12,-7.4190,52.5877,,,
103,13,-7.3031,52.5877,,,
103,14,-7.1872,52.5877,,,
103,15,-7.0714,52.5877,,,
103,16,-6.9555,52.5877,,,
103,17,-6.8397,52.5877,,,
103,18,-6.7238,52.5877,,,
103,19,-6.6079,52.5877,,,
103,20,-6.4921,52.5877,,,
103,21,-6.3762,52.5877,,,
103,22,-6.2603,52.5877,,,
103,23,-6.1445,52.5877,,,
103,24,-6.0286,52.5877,,,
103,25,-5.9128,52.5877,,,
103,26,-5.7969,52.5877,,,
103,27,-5.6810,52.5877,,,
103,28,-5.5652,52.5877,,,
103,29,-5.4493,52.5877,,,
103,30,-5.3334,52.5877,,,
103,31,-5.2176,52.5877,,,
103,32,-5.1017,52.5877,,,
103,33,-4.9859,52.5877,,,
103,34,-4.8700,52.5877,,,
103,35,-4.7541,52.5877,,,
103,36,-4.6383,52.5877,,,
103,37,-4.5224,52.5877,,,
103,38,-4.4066,52.5877,,,
103,39,-4.2907,52.5877,,,
103,40,-4.1748,52.5877,,,
103,41,-4.0590,52.5877,Merionethshire,-2.05,11.2
103,42,-3.9431,52.5877,Merionethshire,-2.28,8.9
103,43,-3.8272,52.5877,Montgomeryshire,-2.79,3.8
103,44,-3.7114,52.5877,Montgomeryshire,-2.79,3.8
103,45,-3.5955,52.5877,Montgomeryshire,-1.67,14.9
103,46,-3.4797,52.5877,Montgomeryshire,-2.65,5.2
103,47,-3.3638,52.5877,Montgomeryshire,-2.65,5.2
103,48,-3.2479,52.5877,Montgomeryshire,-2.37,8.0
103,49,-3.1321,52.5877,Montgomeryshire,-0.98,21.8
103,50,-3.0162,52.5877,Shropshire,-2.09,10.8
103,51,-2.9003,52.5877,Shropshire,-2.19,9.8
103,52,-2.7845,52.5877,Shropshire,-2.19,9.8
103,53,-2.6686,52.5877,Shropshire,-0.28,28.7
103,54,-2.5528,52.5877,Shropshire,-0.23,29.2
103,55,-2.4369,52.5877,Shropshire,0.09,32.4
103,56,-2.3210,52.5877,Shropshire,1.35,44.8
103,57,-2.2052,52.5877,Staffordshire,1.63,47.6
103,58,-2.0893,52.5877,Staffordshire,2.09,52.1
103,59,-1.9734,52.5877,Staffordshire,1.63,47.6
103,60,-1.8576,52.5877,Staffordshire,2.33,54.5
103,61,-1.7417,52.5877,Staffordshire,1.81,49.4
103,62,-1.6259,52.5877,Warwickshire,2.88,60.0
103,63,-1.5100,52.5877,Leicestershire,2.93,60.5
103,64,-1.3941,52.5877,Leicestershire,3.26,63.7
103,65,-1.2783,52.5877,Leicestershire,3.86,69.7
103,66,-1.1624,52.5877,Leicestershire,3.3,64.1
103,67,-1.0466,52.5877,Leicestershire,3.07,61.8
103,68,-0.9307,52.5877,Leicestershire,0.28,34.2
103,69,-0.8148,52.5877,Leicestershire,0.28,34.2
103,70,-0.6990,52.5877,Rutland,-0.6,25.5
103,71,-0.5831,52.5877,Rutland,-0.6,25.5
103,72,-0.4672,52.5877,Northamptonshire,-1.77,13.9
103,73,-0.3514,52.5877,Northamptonshire,-1.86,13.1
103,74,-0.2355,52.5877,Northamptonshire,-1.86,13.1
103,75,-0.1197,52.5877,Cambridgeshire,-1.86,13.1
103,76,-0.0038,52.5877,Cambridgeshire,-3.4,0.0
103,77,0.1121,52.5877,Cambridgeshire,-3.02,1.6
103,78,0.2279,52.5877,Cambridgeshire,-2.79,3.8
103,79,0.3438,52.5877,Norfolk,-3.49,0.0
103,80,0.4597,52.5877,Norfolk,-3.53,0.0
103,81,0.5755,52.5877,Norfolk,-3.4,0.0
103,82,0.6914,52.5877,Norfolk,-3.02,1.6
103,83,0.8072,52.5877,Norfolk,-2.98,2.0
103,84,0.9231,52.5877,Norfolk,-3.02,1.6
103,85,1.0390,52.5877,Norfolk,-2.47,7.0
103,86,1.1548,52.5877,Norfolk,-2.74,4.3
103,87,1.2707,52.5877,Norfolk,-2.84,3.4
103,88,1.3865,52.5877,Norfolk,-2.84,3.4
103,89,1.5024,52.5877,Norfolk,-2.74,4.3
103,90,1.6183,52.5877,Norfolk,-2.79,3.8
103,91,1.7341,52.5877,Norfolk,-2.79,3.8
103,92,1.8500,52.5877,,,
103,93,1.9659,52.5877,,,
104,0,-8.8093,52.5206,,,
104,1,-8.6934,52.5206,,,
104,2,-8.5776,52.5206,,,
104,3,-8.4617,52.5206,,,
104,4,-8.3459,52.5206,,,
104,5,-8.2300,52.5206,,,
104,6,-8.1141,52.5206,,,
104,7,-7.9983,52.5206,,,
104,8,-7.8824,52.5206,,,
104,9,-7.7665,52.5206,,,
104,10,-7.6507,52.5206,,,
104,11,-7.5348,52.5206,,,
104,12,-7.4190,52.5206,,,
104,13,-7.3031,52.5206,,,
104,14,-7.1872,52.5206,,,
104,15,-7.0714,52.5206,,,
104,16,-6.9555,52.5206,,,
104,17,-6.8397,52.5206,,,
104,18,-6.7238,52.5206,,,
104,19,-6.6079,52.5206,,,
104,20,-6.4921,52.5206,,,
104,21,-6.3762,52.5206,,,
104,22,-6.2603,52.5206,,,
104,23,-6.1445,52.5206,,,
104,24,-6.0286,52.5206,,,
104,25,-5.9128,52.5206,,,
104,26,-5.7969,52.5206,,,
104,27,-5.6810,52.5206,,,
104,28,-5.5652,52.5206,,,
104,29,-5.4493,52.5206,,,
104,30,-5.3334,52.5206,,,
104,31,-5.2176,52.5206,,,
104,32,-5.1017,52.5206,,,
104,33,-4.9859,52.5206,,,
104,34,-4.8700,52.5206,,,
104,35,-4.7541,52.5206,,,
104,36,-4.6383,52.5206,,,
104,37,-4.5224,52.5206,,,
104,38,-4.4066,52.5206,,,
104,39,-4.2907,52.5206,,,
104,40,-4.1748,52.5206,,,
104,41,-4.0590,52.5206,,,
104,42,-3.9431,52.5206,Cardiganshire,-2.23,9.4
104,43,-3.8272,52.5206,Cardiganshire,-3.58,0.0
104,44,-3.7114,52.5206,Montgomeryshire,-2.79,3.8
104,45,-3.5955,52.5206,Montgomeryshire,-2.79,3.8
104,46,-3.4797,52.5206,Montgomeryshire,-2.09,10.8
104,47,-3.3638,52.5206,Montgomeryshire,-3.02,1.6
104,48,-3.2479,52.5206,Montgomeryshire,-1.86,13.1
104,49,-3.1321,52.5206,Montgomeryshire,-2.09,10.8
104,50,-3.0162,52.5206,Montgomeryshire,-2.09,10.8
104,51,-2.9003,52.5206,Shropshire,-2.09,10.8
104,52,-2.7845,52.5206,Shropshire,-1.86,13.1
104,53,-2.6686,52.5206,Shropshire,-0.42,27.3
104,54,-2.5528,52.5206,Shropshire,0.84,39.8
104,55,-2.4369,52.5206,Shropshire,0.79,39.3
104,56,-2.3210,52.5206,Shropshire,1.63,47.6
104,57,-2.2052,52.5206,Staffordshire,2.51,56.3
104,58,-2.0893,52.5206,Staffordshire,1.44,45.7
104,59,-1.9734,52.5206,Staffordshire,0.84,39.8
104,60,-1.8576,52.5206,Warwickshire,1.02,41.6
104,61,-1.7417,52.5206,Warwickshire,2.42,55.4
104,62,-1.6259,52.5206,Warwickshire,2.37,54.9
104,63,-1.5100,52.5206,Warwickshire,2.7,58.2
104,64,-1.3941,52.5206,Warwickshire,0.23,33.7
104,65,-1.2783,52.5206,Leicestershire,3.26,63.7
104,66,-1.1624,52.5206,Leicestershire,3.26,63.7
104,67,-1.0466,52.5206,Leicestershire,0.28,34.2
104,68,-0.9307,52.5206,Leicestershire,0.28,34.2
104,69,-0.8148,52.5206,Leicestershire,0.28,34.2
104,70,-0.6990,52.5206,Northamptonshire,-2.74,4.3
104,71,-0.5831,52.5206,Northamptonshire,-1.77,13.9
104,72,-0.4672,52.5206,Northamptonshire,-1.77,13.9
104,73,-0.3514,52.5206,Huntingdonshire,-2.09,10.8
104,74,-0.2355,52.5206,Huntingdonshire,-2.37,8.0
104,75,-0.1197,52.5206,Cambridgeshire,-2.6,5.7
104,76,-0.0038,52.5206,Cambridgeshire,-3.02,1.6
104,77,0.1121,52.5206,Cambridgeshire,-3.02,1.6
104,78,0.2279,52.5206,Cambridgeshire,-3.58,0.0
104,79,0.3438,52.5206,Norfolk,-3.58,0.0
104,80,0.4597,52.5206,Norfolk,-3.02,1.6
104,81,0.5755,52.5206,Norfolk,-3.02,1.6
104,82,0.6914,52.5206,Norfolk,-3.02,1.6
104,83,0.8072,52.5206,Norfolk,-3.07,1.1
104,84,0.9231,52.5206,Norfolk,-2.84,3.4
104,85,1.0390,52.5206,Norfolk,-2.84,3.4
104,86,1.1548,52.5206,Norfolk,-3.21,0.0
104,87,1.2707,52.5206,Norfolk,-2.79,3.8
104,88,1.3865,52.5206,Norfolk,-2.47,7.0
104,89,1.5024,52.5206,Norfolk,-2.74,4.3
104,90,1.6183,52.5206,Norfolk,-2.84,3.4
104,91,1.7341,52.5206,Suffolk,-2.88,3.0
104,92,1.8500,52.5206,,,
104,93,1.9659,52.5206,,,
105,0,-8.8093,52.4535,,,
105,1,-8.6934,52.4535,,,
105,2,-8.5776,52.4535,,,
105,3,-8.4617,52.4535,,,
105,4,-8.3459,52.4535,,,
105,5,-8.2300,52.4535,,,
105,6,-8.1141,52.4535,,,
105,7,-7.9983,52.4535,,,
105,8,-7.8824,52.4535,,,
105,9,-7.7665,52.4535,,,
105,10,-7.6507,52.4535,,,
105,11,-7.5348,52.4535,,,
105,12,-7.4190,52.4535,,,
105,13,-7.3031,52.4535,,,
105,14,-7.1872,52.4535,,,
105,15,-7.0714,52.4535,,,
105,16,-6.9555,52.4535,,,
105,17,-6.8397,52.4535,,,
105,18,-6.7238,52.4535,,,
105,19,-6.6079,52.4535,,,
105,20,-6.4921,52.4535,,,
105,21,-6.3762,52.4535,,,
105,22,-6.2603,52.4535,,,
105,23,-6.1445,52.4535,,,
105,24,-6.0286,52.4535,,,
105,25,-5.9128,52.4535,,,
105,26,-5.7969,52.4535,,,
105,27,-5.6810,52.4535,,,
105,28,-5.5652,52.4535,,,
105,29,-5.4493,52.4535,,,
105,30,-5.3334,52.4535,,,
105,31,-5.2176,52.4535,,,
105,32,-5.1017,52.4535,,,
105,33,-4.9859,52.4535,,,
105,34,-4.8700,52.4535,,,
105,35,-4.7541,52.4535,,,
105,36,-4.6383,52.4535,,,
105,37,-4.5224,52.4535,,,
105,38,-4.4066,52.4535,,,
105,39,-4.2907,52.4535,,,
105,40,-4.1748,52.4535,,,
105,41,-4.0590,52.4535,,,
105,42,-3.9431,52.4535,Cardiganshire,-2.28,8.9
105,43,-3.8272,52.4535,Cardiganshire,-2.37,8.0
105,44,-3.7114,52.4535,Montgomeryshire,-2.19,9.8
105,45,-3.5955,52.4535,Montgomeryshire,-1.86,13.1
105,46,-3.4797,52.4535,Montgomeryshire,-2.74,4.3
105,47,-3.3638,52.4535,Montgomeryshire,-2.37,8.0
105,48,-3.2479,52.4535,Montgomeryshire,-2.79,3.8
105,49,-3.1321,52.4535,Shropshire,-1.86,13.1
105,50,-3.0162,52.4535,Shropshire,-2.09,10.8
105,51,-2.9003,52.4535,Shropshire,-1.86,13.1
105,52,-2.7845,52.4535,Shropshire,-1.86,13.1
105,53,-2.6686,52.4535,Shropshire,-0.42,27.3
105,54,-2.5528,52.4535,Shropshire,-0.42,27.3
105,55,-2.4369,52.4535,Shropshire,0.84,39.8
105,56,-2.3210,52.4535,Shropshire,2.0,51.3
105,57,-2.2052,52.4535,Staffordshire,1.53,46.6
105,58,-2.0893,52.4535,Staffordshire,1.77,49.0
105,59,-1.9734,52.4535,Worcestershire,-0.09,30.6
105,60,-1.8576,52.4535,Warwickshire,0.28,34.2
105,61,-1.7417,52.4535,Warwickshire,2.37,54.9
105,62,-1.6259,52.4535,Warwickshire,1.91,50.4
105,63,-1.5100,52.4535,Warwickshire,1.91,50.4
105,64,-1.3941,52.4535,Warwickshire,0.23,33.7
105,65,-1.2783,52.4535,Warwickshire,3.3,64.1
105,66,-1.1624,52.4535,Leicestershire,-2.0,11.7
105,67,-1.0466,52.4535,Leicestershire,0.28,34.2
105,68,-0.9307,52.4535,Northamptonshire,-2.42,7.5
105,69,-0.8148,52.4535,Northamptonshire,-2.42,7.5
105,70,-0.6990,52.4535,Northamptonshire,-2.09,10.8
105,71,-0.5831,52.4535,Northamptonshire,-2.42,7.5
105,72,-0.4672,52.4535,Northamptonshire,-1.81,13.5
105,73,-0.3514,52.4535,Huntingdonshire,-2.47,7.0
105,74,-0.2355,52.4535,Huntingdonshire,-2.6,5.7
105,75,-0.1197,52.4535,Huntingdonshire,-3.02,1.6
105,76,-0.0038,52.4535,Huntingdonshire,-3.02,1.6
105,77,0.1121,52.4535,Cambridgeshire,-3.58,0.0
105,78,0.2279,52.4535,Cambridgeshire,-3.58,0.0
105,79,0.3438,52.4535,Cambridgeshire,-3.77,0.0
105,80,0.4597,52.4535,Norfolk,-3.16,0.2
105,81,0.5755,52.4535,Norfolk,-3.4,0.0
105,82,0.6914,52.4535,Norfolk,-3.35,0.0
105,83,0.8072,52.4535,Norfolk,-3.49,0.0
105,84,0.9231,52.4535,Norfolk,-3.07,1.1
105,85,1.0390,52.4535,Norfolk,-3.35,0.0
105,86,1.1548,52.4535,Norfolk,-2.23,9.4
105,87,1.2707,52.4535,Norfolk,-3.02,1.6
105,88,1.3865,52.4535,Norfolk,-3.07,1.1
105,89,1.5024,52.4535,Norfolk,-3.02,1.6
105,90,1.6183,52.4535,Suffolk,-3.02,1.6
105,91,1.7341,52.4535,Suffolk,-2.84,3.4
105,92,1.8500,52.4535,,,
105,93,1.9659,52.4535,,,
106,0,-8.8093,52.3864,,,
106,1,-8.6934,52.3864,,,
106,2,-8.5776,52.3864,,,
106,3,-8.4617,52.3864,,,
106,4,-8.3459,52.3864,,,
106,5,-8.2300,52.3864,,,
106,6,-8.1141,52.3864,,,
106,7,-7.9983,52.3864,,,
106,8,-7.8824,52.3864,,,
106,9,-7.7665,52.3864,,,
106,10,-7.6507,52.3864,,,
106,11,-7.5348,52.3864,,,
106,12,-7.4190,52.3864,,,
106,13,-7.3031,52.3864,,,
106,14,-7.1872,52.3864,,,
106,15,-7.0714,52.3864,,,
106,16,-6.9555,52.3864,,,
106,17,-6.8397,52.3864,,,
106,18,-6.7238,52.3864,,,
106,19,-6.6079,52.3864,,,
106,20,-6.4921,52.3864,,,
106,21,-6.3762,52.3864,,,
106,22,-6.2603,52.3864,,,
106,23,-6.1445,52.3864,,,
106,24,-6.0286,52.3864,,,
106,25,-5.9128,52.3864,,,
106,26,-5.7969,52.3864,,,
106,27,-5.6810,52.3864,,,
106,28,-5.5652,52.3864,,,
106,29,-5.4493,52.3864,,,
106,30,-5.3334,52.3864,,,
106,31,-5.2176,52.3864,,,
106,32,-5.1017,52.3864,,,
106,33,-4.9859,52.3864,,,
106,34,-4.8700,52.3864,,,
106,35,-4.7541,52.3864,,,
106,36,-4.6383,52.3864,,,
106,37,-4.5224,52.3864,,,
106,38,-4.4066,52.3864,,,
106,39,-4.2907,52.3864,,,
106,40,-4.1748,52.3864,,,
106,41,-4.0590,52.3864,Cardiganshire,-2.28,8.9
106,42,-3.9431,52.3864,Cardiganshire,-2.28,8.9
106,43,-3.8272,52.3864,Cardiganshire,-2.19,9.8
106,44,-3.7114,52.3864,Cardiganshire,-2.19,9.8
106,45,-3.5955,52.3864,Montgomeryshire,-2.19,9.8
106,46,-3.4797,52.3864,Radnorshire,-2.09,10.8
106,47,-3.3638,52.3864,Radnorshire,-2.98,2.0
106,48,-3.2479,52.3864,Radnorshire,-2.79,3.8
106,49,-3.1321,52.3864,Shropshire,-2.42,7.5
106,50,-3.0162,52.3864,Shropshire,-3.02,1.6
106,51,-2.9003,52.3864,Shropshire,-1.86,13.1
106,52,-2.7845,52.3864,Shropshire,-0.37,27.8
106,53,-2.6686,52.3864,Shropshire,-0.56,25.9
106,54,-2.5528,52.3864,Shropshire,-1.44,17.2
106,55,-2.4369,52.3864,Shropshire,0.09,32.4
106,56,-2.3210,52.3864,Worcestershire,-0.14,30.1
106,57,-2.2052,52.3864,Worcestershire,0.84,39.8
106,58,-2.0893,52.3864,Worcestershire,0.28,34.2
106,59,-1.9734,52.3864,Worcestershire,-0.23,29.2
106,60,-1.8576,52.3864,Worcestershire,-0.19,29.6
106,61,-1.7417,52.3864,Warwickshire,-1.49,16.7
106,62,-1.6259,52.3864,Warwickshire,1.12,42.5
106,63,-1.5100,52.3864,Warwickshire,0.23,33.7
106,64,-1.3941,52.3864,Warwickshire,0.09,32.4
106,65,-1.2783,52.3864,Warwickshire,-2.42,7.5
106,66,-1.1624,52.3864,Leicestershire,-2.0,11.7
106,67,-1.0466,52.3864,Northamptonshire,-2.0,11.7
106,68,-0.9307,52.3864,Northamptonshire,-1.86,13.1
106,69,-0.8148,52.3864,Northamptonshire,-2.42,7.5
106,70,-0.6990,52.3864,Northamptonshire,-2.09,10.8
106,71,-0.5831,52.3864,Northamptonshire,-2.19,9.8
106,72,-0.4672,52.3864,Northamptonshire,-2.23,9.4
106,73,-0.3514,52.3864,Huntingdonshire,-2.74,4.3
106,74,-0.2355,52.3864,Huntingdonshire,-2.74,4.3
106,75,-0.1197,52.3864,Huntingdonshire,-2.74,4.3
106,76,-0.0038,52.3864,Huntingdonshire,-3.02,1.6
106,77,0.1121,52.3864,Cambridgeshire,-3.58,0.0
106,78,0.2279,52.3864,Cambridgeshire,-3.77,0.0
106,79,0.3438,52.3864,Cambridgeshire,-3.77,0.0
106,80,0.4597,52.3864,Suffolk,-3.72,0.0
106,81,0.5755,52.3864,Suffolk,-3.21,0.0
106,82,0.6914,52.3864,Suffolk,-3.07,1.1
106,83,0.8072,52.3864,Norfolk,-3.07,1.1
106,84,0.9231,52.3864,Norfolk,-3.72,0.0
106,85,1.0390,52.3864,Norfolk,-3.67,0.0
106,86,1.1548,52.3864,Norfolk,-3.58,0.0
106,87,1.2707,52.3864,Norfolk,-3.02,1.6
106,88,1.3865,52.3864,Suffolk,-2.47,7.0
106,89,1.5024,52.3864,Suffolk,-3.02,1.6
106,90,1.6183,52.3864,Suffolk,-3.02,1.6
106,91,1.7341,52.3864,,,
106,92,1.8500,52.3864,,,
106,93,1.9659,52.3864,,,
107,0,-8.8093,52.3194,,,
107,1,-8.6934,52.3194,,,
107,2,-8.5776,52.3194,,,
107,3,-8.4617,52.3194,,,
107,4,-8.3459,52.3194,,,
107,5,-8.2300,52.3194,,,
107,6,-8.1141,52.3194,,,
107,7,-7.9983,52.3194,,,
107,8,-7.8824,52.3194,,,
107,9,-7.7665,52.3194,,,
107,10,-7.6507,52.3194,,,
107,11,-7.5348,52.3194,,,
107,12,-7.4190,52.3194,,,
107,13,-7.3031,52.3194,,,
107,14,-7.1872,52.3194,,,
107,15,-7.0714,52.3194,,,
107,16,-6.9555,52.3194,,,
107,17,-6.8397,52.3194,,,
107,18,-6.7238,52.3194,,,
107,19,-6.6079,52.3194,,,
107,20,-6.4921,52.3194,,,
107,21,-6.3762,52.3194,,,
107,22,-6.2603,52.3194,,,
107,23,-6.1445,52.3194,,,
107,24,-6.0286,52.3194,,,
107,25,-5.9128,52.3194,,,
107,26,-5.7969,52.3194,,,
107,27,-5.6810,52.3194,,,
107,28,-5.5652,52.3194,,,
107,29,-5.4493,52.3194,,,
107,30,-5.3334,52.3194,,,
107,31,-5.2176,52.3194,,,
107,32,-5.1017,52.3194,,,
107,33,-4.9859,52.3194,,,
107,34,-4.8700,52.3194,,,
107,35,-4.7541,52.3194,,,
107,36,-4.6383,52.3194,,,
107,37,-4.5224,52.3194,,,
107,38,-4.4066,52.3194,,,
107,39,-4.2907,52.3194,,,
107,40,-4.1748,52.3194,,,
107,41,-4.0590,52.3194,Cardiganshire,-2.28,8.9
107,42,-3.9431,52.3194,Cardiganshire,-2.28,8.9
107,43,-3.8272,52.3194,Cardiganshire,-1.86,13.1
107,44,-3.7114,52.3194,Cardiganshire,-1.86,13.1
107,45,-3.5955,52.3194,Radnorshire,-2.09,10.8
107,46,-3.4797,52.3194,Radnorshire,-2.09,10.8
107,47,-3.3638,52.3194,Radnorshire,-2.19,9.8
107,48,-3.2479,52.3194,Radnorshire,-2.05,11.2
107,49,-3.1321,52.3194,Radnorshire,-2.74,4.3
107,50,-3.0162,52.3194,Radnorshire,-2.47,7.0
107,51,-2.9003,52.3194,Herefordshire,-2.47,7.0
107,52,-2.7845,52.3194,Herefordshire,-0.51,26.4
107,53,-2.6686,52.3194,Shropshire,-0.51,26.4
107,54,-2.5528,52.3194,Shropshire,-1.44,17.2
107,55,-2.4369,52.3194,Worcestershire,-1.63,15.3
107,56,-2.3210,52.3194,Worcestershire,-0.14,30.1
107,57,-2.2052,52.3194,Worcestershire,0.7,38.4
107,58,-2.0893,52.3194,Worcestershire,0.28,34.2
107,59,-1.9734,52.3194,Worcestershire,-0.74,24.1
107,60,-1.8576,52.3194,Warwickshire,-1.35,18.1
107,61,-1.7417,52.3194,Warwickshire,-1.16,20.0
107,62,-1.6259,52.3194,Warwickshire,-0.23,29.2
107,63,-1.5100,52.3194,Warwickshire,0.23,33.7
107,64,-1.3941,52.3194,Warwickshire,0.23,33.7
107,65,-1.2783,52.3194,Warwickshire,-1.81,13.5
107,66,-1.1624,52.3194,Northamptonshire,-2.0,11.7
107,67,-1.0466,52.3194,Northamptonshire,-1.86,13.1
107,68,-0.9307,52.3194,Northamptonshire,-2.42,7.5
107,69,-0.8148,52.3194,Northamptonshire,-2.65,5.2
107,70,-0.6990,52.3194,Northamptonshire,-2.98,2.0
107,71,-0.5831,52.3194,Northamptonshire,-3.3,0.0
107,72,-0.4672,52.3194,Bedfordshire,-3.4,0.0
107,73,-0.3514,52.3194,Huntingdonshire,-2.74,4.3
107,74,-0.2355,52.3194,Huntingdonshire,-3.02,1.6
107,75,-0.1197,52.3194,Huntingdonshire,-4.05,0.0
107,76,-0.0038,52.3194,Huntingdonshire,-3.4,0.0
107,77,0.1121,52.3194,Cambridgeshire,-3.58,0.0
107,78,0.2279,52.3194,Cambridgeshire,-3.77,0.0
107,79,0.3438,52.3194,Cambridgeshire,-3.77,0.0
107,80,0.4597,52.3194,Suffolk,-3.91,0.0
107,81,0.5755,52.3194,Suffolk,-3.95,0.0
107,82,0.6914,52.3194,Suffolk,-3.16,0.2
107,83,0.8072,52.3194,Suffolk,-3.72,0.0
107,84,0.9231,52.3194,Suffolk,-3.67,0.0
107,85,1.0390,52.3194,Suffolk,-3.67,0.0
107,86,1.1548,52.3194,Suffolk,-3.53,0.0
107,87,1.2707,52.3194,Suffolk,-3.4,0.0
107,88,1.3865,52.3194,Suffolk,-3.53,0.0
107,89,1.5024,52.3194,Suffolk,-3.4,0.0
107,90,1.6183,52.3194,Suffolk,-2.47,7.0
107,91,1.7341,52.3194,,,
107,92,1.8500,52.3194,,,
107,93,1.9659,52.3194,,,
108,0,-8.8093,52.2523,,,
108,1,-8.6934,52.2523,,,
108,2,-8.5776,52.2523,,,
108,3,-8.4617,52.2523,,,
108,4,-8.3459,52.2523,,,
108,5,-8.2300,52.2523,,,
108,6,-8.1141,52.2523,,,
108,7,-7.9983,52.2523,,,
108,8,-7.8824,52.2523,,,
108,9,-7.7665,52.2523,,,
108,10,-7.6507,52.2523,,,
108,11,-7.5348,52.2523,,,
108,12,-7.4190,52.2523,,,
108,13,-7.3031,52.2523,,,
108,14,-7.1872,52.2523,,,
108,15,-7.0714,52.2523,,,
108,16,-6.9555,52.2523,,,
108,17,-6.8397,52.2523,,,
108,18,-6.7238,52.2523,,,
108,19,-6.6079,52.2523,,,
108,20,-6.4921,52.2523,,,
108,21,-6.3762,52.2523,,,
108,22,-6.2603,52.2523,,,
108,23,-6.1445,52.2523,,,
108,24,-6.0286,52.2523,,,
108,25,-5.9128,52.2523,,,
108,26,-5.7969,52.2523,,,
108,27,-5.6810,52.2523,,,
108,28,-5.5652,52.2523,,,
108,29,-5.4493,52.2523,,,
108,30,-5.3334,52.2523,,,
108,31,-5.2176,52.2523,,,
108,32,-5.1017,52.2523,,,
108,33,-4.9859,52.2523,,,
108,34,-4.8700,52.2523,,,
108,35,-4.7541,52.2523,,,
108,36,-4.6383,52.2523,,,
108,37,-4.5224,52.2523,,,
108,38,-4.4066,52.2523,,,
108,39,-4.2907,52.2523,,,
108,40,-4.1748,52.2523,Cardiganshire,-2.42,7.5
108,41,-4.0590,52.2523,Cardiganshire,-2.28,8.9
108,42,-3.9431,52.2523,Cardiganshire,-2.19,9.8
108,43,-3.8272,52.2523,Cardiganshire,-2.37,8.0
108,44,-3.7114,52.2523,Brecknockshire,-2.47,7.0
108,45,-3.5955,52.2523,Radnorshire,-2.42,7.5
108,46,-3.4797,52.2523,Brecknockshire,-2.09,10.8
108,47,-3.3638,52.2523,Radnorshire,-3.58,0.0
108,48,-3.2479,52.2523,Radnorshire,-3.16,0.2
108,49,-3.1321,52.2523,Radnorshire,-2.23,9.4
108,50,-3.0162,52.2523,Radnorshire,-2.47,7.0
108,51,-2.9003,52.2523,Herefordshire,-2.47,7.0
108,52,-2.7845,52.2523,Herefordshire,-1.53,16.3
108,53,-2.6686,52.2523,Herefordshire,-1.49,16.7
108,54,-2.5528,52.2523,Worcestershire,-1.53,16.3
108,55,-2.4369,52.2523,Worcestershire,-1.49,16.7
108,56,-2.3210,52.2523,Worcestershire,-0.09,30.6
108,57,-2.2052,52.2523,Worcestershire,-1.53,16.3
108,58,-2.0893,52.2523,Worcestershire,-1.67,14.9
108,59,-1.9734,52.2523,Worcestershire,-1.72,14.4
108,60,-1.8576,52.2523,Warwickshire,-2.37,8.0
108,61,-1.7417,52.2523,Warwickshire,-1.49,16.7
108,62,-1.6259,52.2523,Warwickshire,-0.28,28.7
108,63,-1.5100,52.2523,Warwickshire,-0.33,28.2
108,64,-1.3941,52.2523,Warwickshire,-1.81,13.5
108,65,-1.2783,52.2523,Warwickshire,-1.81,13.5
108,66,-1.1624,52.2523,Northamptonshire,-1.53,16.3
108,67,-1.0466,52.2523,Northamptonshire,-2.23,9.4
108,68,-0.9307,52.2523,Northamptonshire,-1.53,16.3
108,69,-0.8148,52.2523,Northamptonshire,-3.53,0.0
108,70,-0.6990,52.2523,Northamptonshire,-3.49,0.0
108,71,-0.5831,52.2523,Bedfordshire,-2.79,3.8
108,72,-0.4672,52.2523,Bedfordshire,-3.58,0.0
108,73,-0.3514,52.2523,Huntingdonshire,-4.23,0.0
108,74,-0.2355,52.2523,Huntingdonshire,-2.88,3.0
108,75,-0.1197,52.2523,Cambridgeshire,-3.16,0.2
108,76,-0.0038,52.2523,Cambridgeshire,-3.53,0.0
108,77,0.1121,52.2523,Cambridgeshire,-3.4,0.0
108,78,0.2279,52.2523,Cambridgeshire,-3.91,0.0
108,79,0.3438,52.2523,Cambridgeshire,-3.63,0.0
108,80,0.4597,52.2523,Cambridgeshire,-3.91,0.0
108,81,0.5755,52.2523,Suffolk,-3.91,0.0
108,82,0.6914,52.2523,Suffolk,-3.67,0.0
108,83,0.8072,52.2523,Suffolk,-3.67,0.0
108,84,0.9231,52.2523,Suffolk,-4.09,0.0
108,85,1.0390,52.2523,Suffolk,-3.21,0.0
108,86,1.1548,52.2523,Suffolk,-2.65,5.2
108,87,1.2707,52.2523,Suffolk,-3.72,0.0
108,88,1.3865,52.2523,Suffolk,-3.16,0.2
108,89,1.5024,52.2523,Suffolk,-4.05,0.0
108,90,1.6183,52.2523,Suffolk,-3.3,0.0
108,91,1.7341,52.2523,,,
108,92,1.8500,52.2523,,,
108,93,1.9659,52.2523,,,
109,0,-8.8093,52.1852,,,
109,1,-8.6934,52.1852,,,
109,2,-8.5776,52.1852,,,
109,3,-8.4617,52.1852,,,
109,4,-8.3459,52.1852,,,
109,5,-8.2300,52.1852,,,
109,6,-8.1141,52.1852,,,
109,7,-7.9983,52.1852,,,
109,8,-7.8824,52.1852,,,
109,9,-7.7665,52.1852,,,
109,10,-7.6507,52.1852,,,
109,11,-7.5348,52.1852,,,
109,12,-7.4190,52.1852,,,
109,13,-7.3031,52.1852,,,
109,14,-7.1872,52.1852,,,
109,15,-7.0714,52.1852,,,
109,16,-6.9555,52.1852,,,
109,17,-6.8397,52.1852,,,
109,18,-6.7238,52.1852,,,
109,19,-6.6079,52.1852,,,
109,20,-6.4921,52.1852,,,
109,21,-6.3762,52.1852,,,
109,22,-6.2603,52.1852,,,
109,23,-6.1445,52.1852,,,
109,24,-6.0286,52.1852,,,
109,25,-5.9128,52.1852,,,
109,26,-5.7969,52.1852,,,
109,27,-5.6810,52.1852,,,
109,28,-5.5652,52.1852,,,
109,29,-5.4493,52.1852,,,
109,30,-5.3334,52.1852,,,
109,31,-5.2176,52.1852,,,
109,32,-5.1017,52.1852,,,
109,33,-4.9859,52.1852,,,
109,34,-4.8700,52.1852,,,
109,35,-4.7541,52.1852,,,
109,36,-4.6383,52.1852,,,
109,37,-4.5224,52.1852,,,
109,38,-4.4066,52.1852,,,
109,39,-4.2907,52.1852,Cardiganshire,-2.0,11.7
109,40,-4.1748,52.1852,Cardiganshire,-1.07,20.9
109,41,-4.0590,52.1852,Cardiganshire,-1.16,20.0
109,42,-3.9431,52.1852,Cardiganshire,-2.19,9.8
109,43,-3.8272,52.1852,Cardiganshire,-2.28,8.9
109,44,-3.7114,52.1852,Brecknockshire,-2.47,7.0
109,45,-3.5955,52.1852,Brecknockshire,-2.47,7.0
109,46,-3.4797,52.1852,Brecknockshire,-2.65,5.2
109,47,-3.3638,52.1852,Radnorshire,-3.49,0.0
109,48,-3.2479,52.1852,Radnorshire,-2.79,3.8
109,49,-3.1321,52.1852,Radnorshire,-3.3,0.0
109,50,-3.0162,52.1852,Herefordshire,-3.3,0.0
109,51,-2.9003,52.1852,Herefordshire,-3.3,0.0
109,52,-2.7845,52.1852,Herefordshire,-1.35,18.1
109,53,-2.6686,52.1852,Herefordshire,-1.49,16.7
109,54,-2.5528,52.1852,Herefordshire,-1.53,16.3
109,55,-2.4369,52.1852,Herefordshire,-1.81,13.5
109,56,-2.3210,52.1852,Worcestershire,-2.47,7.0
109,57,-2.2052,52.1852,Worcestershire,-2.47,7.0
109,58,-2.0893,52.1852,Worcestershire,-1.72,14.4
109,59,-1.9734,52.1852,Worcestershire,-2.42,7.5
109,60,-1.8576,52.1852,Warwickshire,-2.42,7.5
109,61,-1.7417,52.1852,Warwickshire,-1.44,17.2
109,62,-1.6259,52.1852,Warwickshire,-1.49,16.7
109,63,-1.5100,52.1852,Warwickshire,-0.33,28.2
109,64,-1.3941,52.1852,Warwickshire,-1.72,14.4
109,65,-1.2783,52.1852,Northamptonshire,-1.67,14.9
109,66,-1.1624,52.1852,Northamptonshire,-1.53,16.3
109,67,-1.0466,52.1852,Northamptonshire,-1.53,16.3
109,68,-0.9307,52.1852,Northamptonshire,-1.63,15.3
109,69,-0.8148,52.1852,Northamptonshire,-3.35,0.0
109,70,-0.6990,52.1852,Northamptonshire,-3.91,0.0
109,71,-0.5831,52.1852,Bedfordshire,-3.72,0.0
109,72,-0.4672,52.1852,Bedfordshire,-3.3,0.0
109,73,-0.3514,52.1852,Bedfordshire,-3.53,0.0
109,74,-0.2355,52.1852,Huntingdonshire,-3.16,0.2
109,75,-0.1197,52.1852,Cambridgeshire,-3.53,0.0
109,76,-0.0038,52.1852,Cambridgeshire,-2.23,9.4
109,77,0.1121,52.1852,Cambridgeshire,-2.51,6.6
109,78,0.2279,52.1852,Cambridgeshire,-3.16,0.2
109,79,0.3438,52.1852,Cambridgeshire,-3.91,0.0
109,80,0.4597,52.1852,Cambridgeshire,-3.63,0.0
109,81,0.5755,52.1852,Suffolk,-3.91,0.0
109,82,0.6914,52.1852,Suffolk,-3.63,0.0
109,83,0.8072,52.1852,Suffolk,-3.77,0.0
109,84,0.9231,52.1852,Suffolk,-4.05,0.0
109,85,1.0390,52.1852,Suffolk,-4.05,0.0
109,86,1.1548,52.1852,Suffolk,-3.72,0.0
109,87,1.2707,52.1852,Suffolk,-3.72,0.0
109,88,1.3865,52.1852,Suffolk,-3.53,0.0
109,89,1.5024,52.1852,Suffolk,-3.16,0.2
109,90,1.6183,52.1852,Suffolk,-4.23,0.0
109,91,1.7341,52.1852,,,
109,92,1.8500,52.1852,,,
109,93,1.9659,52.1852,,,
110,0,-8.8093,52.1182,,,
110,1,-8.6934,52.1182,,,
110,2,-8.5776,52.1182,,,
110,3,-8.4617,52.1182,,,
110,4,-8.3459,52.1182,,,
110,5,-8.2300,52.1182,,,
110,6,-8.1141,52.1182,,,
110,7,-7.9983,52.1182,,,
110,8,-7.8824,52.1182,,,
110,9,-7.7665,52.1182,,,
110,10,-7.6507,52.1182,,,
110,11,-7.5348,52.1182,,,
110,12,-7.4190,52.1182,,,
110,13,-7.3031,52.1182,,,
110,14,-7.1872,52.1182,,,
110,15,-7.0714,52.1182,,,
110,16,-6.9555,52.1182,,,
110,17,-6.8397,52.1182,,,
110,18,-6.7238,52.1182,,,
110,19,-6.6079,52.1182,,,
110,20,-6.4921,52.1182,,,
110,21,-6.3762,52.1182,,,
110,22,-6.2603,52.1182,,,
110,23,-6.1445,52.1182,,,
110,24,-6.0286,52.1182,,,
110,25,-5.9128,52.1182,,,
110,26,-5.7969,52.1182,,,
110,27,-5.6810,52.1182,,,
110,28,-5.5652,52.1182,,,
110,29,-5.4493,52.1182,,,
110,30,-5.3334,52.1182,,,
110,31,-5.2176,52.1182,,,
110,32,-5.1017,52.1182,,,
110,33,-4.9859,52.1182,,,
110,34,-4.8700,52.1182,,,
110,35,-4.7541,52.1182,,,
110,36,-4.6383,52.1182,Cardiganshire,-1.72,14.4
110,37,-4.5224,52.1182,Cardiganshire,-1.67,14.9
110,38,-4.4066,52.1182,Cardiganshire,-1.35,18.1
110,39,-4.2907,52.1182,Cardiganshire,-1.07,20.9
110,40,-4.1748,52.1182,Cardiganshire,-0.98,21.8
110,41,-4.0590,52.1182,Cardiganshire,-1.07,20.9
110,42,-3.9431,52.1182,Cardiganshire,-1.16,20.0
110,43,-3.8272,52.1182,Cardiganshire,-2.19,9.8
110,44,-3.7114,52.1182,Brecknockshire,-1.86,13.1
110,45,-3.5955,52.1182,Brecknockshire,-2.37,8.0
110,46,-3.4797,52.1182,Brecknockshire,-2.51,6.6
110,47,-3.3638,52.1182,Brecknockshire,-2.51,6.6
110,48,-3.2479,52.1182,Radnorshire,-3.58,0.0
110,49,-3.1321,52.1182,Radnorshire,-3.21,0.0
110,50,-3.0162,52.1182,Herefordshire,-2.98,2.0
110,51,-2.9003,52.1182,Herefordshire,-3.3,0.0
110,52,-2.7845,52.1182,Herefordshire,-2.37,8.0
110,53,-2.6686,52.1182,Herefordshire,-2.6,5.7
110,54,-2.5528,52.1182,Herefordshire,-1.63,15.3
110,55,-2.4369,52.1182,Herefordshire,-2.98,2.0
110,56,-2.3210,52.1182,Worcestershire,-3.02,1.6
110,57,-2.2052,52.1182,Worcestershire,-2.74,4.3
110,58,-2.0893,52.1182,Worcestershire,-1.72,14.4
110,59,-1.9734,52.1182,Worcestershire,-2.28,8.9
110,60,-1.8576,52.1182,Worcestershire,-2.74,4.3
110,61,-1.7417,52.1182,Gloucestershire,-1.49,16.7
110,62,-1.6259,52.1182,Warwickshire,-1.16,20.0
110,63,-1.5100,52.1182,Warwickshire,-1.86,13.1
110,64,-1.3941,52.1182,Warwickshire,-2.42,7.5
110,65,-1.2783,52.1182,Oxfordshire,-3.58,0.0
110,66,-1.1624,52.1182,Northamptonshire,-3.16,0.2
110,67,-1.0466,52.1182,Northamptonshire,-3.16,0.2
110,68,-0.9307,52.1182,Northamptonshire,-3.72,0.0
110,69,-0.8148,52.1182,Buckinghamshire,-3.4,0.0
110,70,-0.6990,52.1182,Buckinghamshire,-3.3,0.0
110,71,-0.5831,52.1182,Bedfordshire,-2.79,3.8
110,72,-0.4672,52.1182,Bedfordshire,-3.3,0.0
110,73,-0.3514,52.1182,Bedfordshire,-3.67,0.0
110,74,-0.2355,52.1182,Bedfordshire,-3.91,0.0
110,75,-0.1197,52.1182,Cambridgeshire,-3.16,0.2
110,76,-0.0038,52.1182,Cambridgeshire,-3.58,0.0
110,77,0.1121,52.1182,Cambridgeshire,-3.16,0.2
110,78,0.2279,52.1182,Cambridgeshire,-3.16,0.2
110,79,0.3438,52.1182,Cambridgeshire,-3.91,0.0
110,80,0.4597,52.1182,Suffolk,-4.51,0.0
110,81,0.5755,52.1182,Suffolk,-3.3,0.0
110,82,0.6914,52.1182,Suffolk,-3.63,0.0
110,83,0.8072,52.1182,Suffolk,-4.51,0.0
110,84,0.9231,52.1182,Suffolk,-4.05,0.0
110,85,1.0390,52.1182,Suffolk,-4.23,0.0
110,86,1.1548,52.1182,Suffolk,-4.05,0.0
110,87,1.2707,52.1182,Suffolk,-3.72,0.0
110,88,1.3865,52.1182,Suffolk,-3.67,0.0
110,89,1.5024,52.1182,Suffolk,-3.16,0.2
110,90,1.6183,52.1182,,,
110,91,1.7341,52.1182,,,
110,92,1.8500,52.1182,,,
110,93,1.9659,52.1182,,,
111,0,-8.8093,52.0511,,,
111,1,-8.6934,52.0511,,,
111,2,-8.5776,52.0511,,,
111,3,-8.4617,52.0511,,,
111,4,-8.3459,52.0511,,,
111,5,-8.2300,52.0511,,,
111,6,-8.1141,52.0511,,,
111,7,-7.9983,52.0511,,,
111,8,-7.8824,52.0511,,,
111,9,-7.7665,52.0511,,,
111,10,-7.6507,52.0511,,,
111,11,-7.5348,52.0511,,,
111,12,-7.4190,52.0511,,,
111,13,-7.3031,52.0511,,,
111,14,-7.1872,52.0511,,,
111,15,-7.0714,52.0511,,,
111,16,-6.9555,52.0511,,,
111,17,-6.8397,52.0511,,,
111,18,-6.7238,52.0511,,,
111,19,-6.6079,52.0511,,,
111,20,-6.4921,52.0511,,,
111,21,-6.3762,52.0511,,,
111,22,-6.2603,52.0511,,,
111,23,-6.1445,52.0511,,,
111,24,-6.0286,52.0511,,,
111,25,-5.9128,52.0511,,,
111,26,-5.7969,52.0511,,,
111,27,-5.6810,52.0511,,,
111,28,-5.5652,52.0511,,,
111,29,-5.4493,52.0511,,,
111,30,-5.3334,52.0511,,,
111,31,-5.2176,52.0511,,,
111,32,-5.1017,52.0511,,,
111,33,-4.9859,52.0511,,,
111,34,-4.8700,52.0511,,,
111,35,-4.7541,52.0511,Pembrokeshire,-1.81,13.5
111,36,-4.6383,52.0511,Pembrokeshire,-1.63,15.3
111,37,-4.5224,52.0511,Cardiganshire,-1.81,13.5
111,38,-4.4066,52.0511,Cardiganshire,-2.09,10.8
111,39,-4.2907,52.0511,Cardiganshire,-1.12,20.4
111,40,-4.1748,52.0511,Carmarthenshire,-1.12,20.4
111,41,-4.0590,52.0511,Carmarthenshire,-1.16,20.0
111,42,-3.9431,52.0511,Carmarthenshire,-1.16,20.0
111,43,-3.8272,52.0511,Carmarthenshire,-2.19,9.8
111,44,-3.7114,52.0511,Carmarthenshire,-2.19,9.8
111,45,-3.5955,52.0511,Brecknockshire,-2.19,9.8
111,46,-3.4797,52.0511,Brecknockshire,-2.19,9.8
111,47,-3.3638,52.0511,Brecknockshire,-3.02,1.6
111,48,-3.2479,52.0511,Radnorshire,-4.23,0.0
111,49,-3.1321,52.0511,Brecknockshire,-3.21,0.0
111,50,-3.0162,52.0511,Herefordshire,-2.98,2.0
111,51,-2.9003,52.0511,Herefordshire,-3.53,0.0
111,52,-2.7845,52.0511,Herefordshire,-3.53,0.0
111,53,-2.6686,52.0511,Herefordshire,-2.47,7.0
111,54,-2.5528,52.0511,Herefordshire,-1.67,14.9
111,55,-2.4369,52.0511,Herefordshire,-2.98,2.0
111,56,-2.3210,52.0511,Herefordshire,-3.16,0.2
111,57,-2.2052,52.0511,Worcestershire,-1.67,14.9
111,58,-2.0893,52.0511,Worcestershire,-1.67,14.9
111,59,-1.9734,52.0511,Gloucestershire,-2.98,2.0
111,60,-1.8576,52.0511,Gloucestershire,-3.07,1.1
111,61,-1.7417,52.0511,Gloucestershire,-2.47,7.0
111,62,-1.6259,52.0511,Warwickshire,-2.6,5.7
111,63,-1.5100,52.0511,Warwickshire,-1.86,13.1
111,64,-1.3941,52.0511,Oxfordshire,-2.19,9.8
111,65,-1.2783,52.0511,Northamptonshire,-3.02,1.6
111,66,-1.1624,52.0511,Northamptonshire,-4.05,0.0
111,67,-1.0466,52.0511,Buckinghamshire,-3.53,0.0
111,68,-0.9307,52.0511,Northamptonshire,-3.07,1.1
111,69,-0.8148,52.0511,Buckinghamshire,-4.09,0.0
111,70,-0.6990,52.0511,Buckinghamshire,-3.77,0.0
111,71,-0.5831,52.0511,Bedfordshire,-3.53,0.0
111,72,-0.4672,52.0511,Bedfordshire,-3.4,0.0
111,73,-0.3514,52.0511,Bedfordshire,-3.77,0.0
111,74,-0.2355,52.0511,Bedfordshire,-3.77,0.0
111,75,-0.1197,52.0511,Cambridgeshire,-3.91,0.0
111,76,-0.0038,52.0511,Cambridgeshire,-3.4,0.0
111,77,0.1121,52.0511,Cambridgeshire,-3.53,0.0
111,78,0.2279,52.0511,Essex,-4.05,0.0
111,79,0.3438,52.0511,Essex,-3.53,0.0
111,80,0.4597,52.0511,Essex,-3.67,0.0
111,81,0.5755,52.0511,Essex,-3.53,0.0
111,82,0.6914,52.0511,Essex,-4.23,0.0
111,83,0.8072,52.0511,Suffolk,-3.77,0.0
111,84,0.9231,52.0511,Suffolk,-3.53,0.0
111,85,1.0390,52.0511,Suffolk,-3.3,0.0
111,86,1.1548,52.0511,Suffolk,-3.91,0.0
111,87,1.2707,52.0511,Suffolk,-4.09,0.0
111,88,1.3865,52.0511,Suffolk,-4.51,0.0
111,89,1.5024,52.0511,Suffolk,nan,nan
111,90,1.6183,52.0511,,,
111,91,1.7341,52.0511,,,
111,92,1.8500,52.0511,,,
111,93,1.9659,52.0511,,,
112,0,-8.8093,51.9840,,,
112,1,-8.6934,51.9840,,,
112,2,-8.5776,51.9840,,,
112,3,-8.4617,51.9840,,,
112,4,-8.3459,51.9840,,,
112,5,-8.2300,51.9840,,,
112,6,-8.1141,51.9840,,,
112,7,-7.9983,51.9840,,,
112,8,-7.8824,51.9840,,,
112,9,-7.7665,51.9840,,,
112,10,-7.6507,51.9840,,,
112,11,-7.5348,51.9840,,,
112,12,-7.4190,51.9840,,,
112,13,-7.3031,51.9840,,,
112,14,-7.1872,51.9840,,,
112,15,-7.0714,51.9840,,,
112,16,-6.9555,51.9840,,,
112,17,-6.8397,51.9840,,,
112,18,-6.7238,51.9840,,,
112,19,-6.6079,51.9840,,,
112,20,-6.4921,51.9840,,,
112,21,-6.3762,51.9840,,,
112,22,-6.2603,51.9840,,,
112,23,-6.1445,51.9840,,,
112,24,-6.0286,51.9840,,,
112,25,-5.9128,51.9840,,,
112,26,-5.7969,51.9840,,,
112,27,-5.6810,51.9840,,,
112,28,-5.5652,51.9840,,,
112,29,-5.4493,51.9840,,,
112,30,-5.3334,51.9840,,,
112,31,-5.2176,51.9840,,,
112,32,-5.1017,51.9840,,,
112,33,-4.9859,51.9840,Pembrokeshire,-1.63,15.3
112,34,-4.8700,51.9840,Pembrokeshire,-2.0,11.7
112,35,-4.7541,51.9840,Pembrokeshire,-1.77,13.9
112,36,-4.6383,51.9840,Pembrokeshire,-1.81,13.5
112,37,-4.5224,51.9840,Pembrokeshire,-1.86,13.1
112,38,-4.4066,51.9840,Carmarthenshire,-2.19,9.8
112,39,-4.2907,51.9840,Carmarthenshire,-1.12,20.4
112,40,-4.1748,51.9840,Carmarthenshire,-1.12,20.4
112,41,-4.0590,51.9840,Carmarthenshire,-1.16,20.0
112,42,-3.9431,51.9840,Carmarthenshire,-2.19,9.8
112,43,-3.8272,51.9840,Carmarthenshire,-2.19,9.8
112,44,-3.7114,51.9840,Carmarthenshire,-2.19,9.8
112,45,-3.5955,51.9840,Brecknockshire,-2.19,9.8
112,46,-3.4797,51.9840,Brecknockshire,-2.19,9.8
112,47,-3.3638,51.9840,Brecknockshire,-2.79,3.8
112,48,-3.2479,51.9840,Brecknockshire,-3.21,0.0
112,49,-3.1321,51.9840,Brecknockshire,-3.35,0.0
112,50,-3.0162,51.9840,Herefordshire,-2.98,2.0
112,51,-2.9003,51.9840,Herefordshire,-3.4,0.0
112,52,-2.7845,51.9840,Herefordshire,-3.3,0.0
112,53,-2.6686,51.9840,Herefordshire,-3.67,0.0
112,54,-2.5528,51.9840,Herefordshire,-2.84,3.4
112,55,-2.4369,51.9840,Gloucestershire,-2.79,3.8
112,56,-2.3210,51.9840,Worcestershire,-3.21,0.0
112,57,-2.2052,51.9840,Worcestershire,-4.28,0.0
112,58,-2.0893,51.9840,Gloucestershire,-2.74,4.3
112,59,-1.9734,51.9840,Gloucestershire,-2.47,7.0
112,60,-1.8576,51.9840,Gloucestershire,-2.47,7.0
112,61,-1.7417,51.9840,Gloucestershire,-2.6,5.7
112,62,-1.6259,51.9840,Warwickshire,-2.6,5.7
112,63,-1.5100,51.9840,Oxfordshire,-2.19,9.8
112,64,-1.3941,51.9840,Oxfordshire,-3.35,0.0
112,65,-1.2783,51.9840,Oxfordshire,-3.72,0.0
112,66,-1.1624,51.9840,Northamptonshire,-3.58,0.0
112,67,-1.0466,51.9840,Buckinghamshire,-2.79,3.8
112,68,-0.9307,51.9840,Buckinghamshire,-3.02,1.6
112,69,-0.8148,51.9840,Buckinghamshire,-1.81,13.5
112,70,-0.6990,51.9840,Buckinghamshire,-3.95,0.0
112,71,-0.5831,51.9840,Bedfordshire,-3.16,0.2
112,72,-0.4672,51.9840,Bedfordshire,-2.65,5.2
112,73,-0.3514,51.9840,Bedfordshire,-3.67,0.0
112,74,-0.2355,51.9840,Bedfordshire,-3.77,0.0
112,75,-0.1197,51.9840,Hertfordshire,-3.77,0.0
112,76,-0.0038,51.9840,Hertfordshire,-3.4,0.0
112,77,0.1121,51.9840,Essex,-3.4,0.0
112,78,0.2279,51.9840,Essex,-3.67,0.0
112,79,0.3438,51.9840,Essex,-3.95,0.0
112,80,0.4597,51.9840,Essex,-3.67,0.0
112,81,0.5755,51.9840,Essex,-3.67,0.0
112,82,0.6914,51.9840,Essex,-3.67,0.0
112,83,0.8072,51.9840,Suffolk,-3.67,0.0
112,84,0.9231,51.9840,Suffolk,-3.3,0.0
112,85,1.0390,51.9840,Suffolk,-3.02,1.6
112,86,1.1548,51.9840,Suffolk,-3.63,0.0
112,87,1.2707,51.9840,Suffolk,-3.77,0.0
112,88,1.3865,51.9840,Suffolk,-3.77,0.0
112,89,1.5024,51.9840,,,
112,90,1.6183,51.9840,,,
112,91,1.7341,51.9840,,,
112,92,1.8500,51.9840,,,
112,93,1.9659,51.9840,,,
113,0,-8.8093,51.9170,,,
113,1,-8.6934,51.9170,,,
113,2,-8.5776,51.9170,,,
113,3,-8.4617,51.9170,,,
113,4,-8.3459,51.9170,,,
113,5,-8.2300,51.9170,,,
113,6,-8.1141,51.9170,,,
113,7,-7.9983,51.9170,,,
113,8,-7.8824,51.9170,,,
113,9,-7.7665,51.9170,,,
113,10,-7.6507,51.9170,,,
113,11,-7.5348,51.9170,,,
113,12,-7.4190,51.9170,,,
113,13,-7.3031,51.9170,,,
113,14,-7.1872,51.9170,,,
113,15,-7.0714,51.9170,,,
113,16,-6.9555,51.9170,,,
113,17,-6.8397,51.9170,,,
113,18,-6.7238,51.9170,,,
113,19,-6.6079,51.9170,,,
113,20,-6.4921,51.9170,,,
113,21,-6.3762,51.9170,,,
113,22,-6.2603,51.9170,,,
113,23,-6.1445,51.9170,,,
113,24,-6.0286,51.9170,,,
113,25,-5.9128,51.9170,,,
113,26,-5.7969,51.9170,,,
113,27,-5.6810,51.9170,,,
113,28,-5.5652,51.9170,,,
113,29,-5.4493,51.9170,,,
113,30,-5.3334,51.9170,,,
113,31,-5.2176,51.9170,Pembrokeshire,-1.77,13.9
113,32,-5.1017,51.9170,Pembrokeshire,-1.77,13.9
113,33,-4.9859,51.9170,Pembrokeshire,-1.63,15.3
113,34,-4.8700,51.9170,Pembrokeshire,-2.19,9.8
113,35,-4.7541,51.9170,Pembrokeshire,-1.77,13.9
113,36,-4.6383,51.9170,Carmarthenshire,-1.67,14.9
113,37,-4.5224,51.9170,Carmarthenshire,-1.86,13.1
113,38,-4.4066,51.9170,Carmarthenshire,-2.0,11.7
113,39,-4.2907,51.9170,Carmarthenshire,-1.12,20.4
113,40,-4.1748,51.9170,Carmarthenshire,-1.12,20.4
113,41,-4.0590,51.9170,Carmarthenshire,-1.12,20.4
113,42,-3.9431,51.9170,Carmarthenshire,-2.19,9.8
113,43,-3.8272,51.9170,Carmarthenshire,-2.19,9.8
113,44,-3.7114,51.9170,Carmarthenshire,-2.19,9.8
113,45,-3.5955,51.9170,Brecknockshire,-2.19,9.8
113,46,-3.4797,51.9170,Brecknockshire,-2.79,3.8
113,47,-3.3638,51.9170,Brecknockshire,-3.21,0.0
113,48,-3.2479,51.9170,Brecknockshire,-3.95,0.0
113,49,-3.1321,51.9170,Brecknockshire,-2.79,3.8
113,50,-3.0162,51.9170,Monmouthshire,-2.98,2.0
113,51,-2.9003,51.9170,Herefordshire,-3.4,0.0
113,52,-2.7845,51.9170,Herefordshire,-3.67,0.0
113,53,-2.6686,51.9170,Herefordshire,-3.67,0.0
113,54,-2.5528,51.9170,Herefordshire,-2.88,3.0
113,55,-2.4369,51.9170,Gloucestershire,-2.84,3.4
113,56,-2.3210,51.9170,Gloucestershire,-2.84,3.4
113,57,-2.2052,51.9170,Gloucestershire,-3.77,0.0
113,58,-2.0893,51.9170,Gloucestershire,-3.77,0.0
113,59,-1.9734,51.9170,Gloucestershire,-2.51,6.6
113,60,-1.8576,51.9170,Gloucestershire,-3.02,1.6
113,61,-1.7417,51.9170,Gloucestershire,-3.58,0.0
113,62,-1.6259,51.9170,Gloucestershire,-3.53,0.0
113,63,-1.5100,51.9170,Oxfordshire,-1.67,14.9
113,64,-1.3941,51.9170,Oxfordshire,-2.23,9.4
113,65,-1.2783,51.9170,Oxfordshire,-3.58,0.0
113,66,-1.1624,51.9170,Oxfordshire,-3.58,0.0
113,67,-1.0466,51.9170,Buckinghamshire,-1.77,13.9
113,68,-0.9307,51.9170,Buckinghamshire,-1.67,14.9
113,69,-0.8148,51.9170,Buckinghamshire,-1.86,13.1
113,70,-0.6990,51.9170,Buckinghamshire,-3.63,0.0
113,71,-0.5831,51.9170,Bedfordshire,-3.4,0.0
113,72,-0.4672,51.9170,Bedfordshire,-3.58,0.0
113,73,-0.3514,51.9170,Hertfordshire,-3.77,0.0
113,74,-0.2355,51.9170,Hertfordshire,-3.16,0.2
113,75,-0.1197,51.9170,Hertfordshire,-4.09,0.0
113,76,-0.0038,51.9170,Hertfordshire,-3.21,0.0
113,77,0.1121,51.9170,Hertfordshire,-3.53,0.0
113,78,0.2279,51.9170,Essex,-3.4,0.0
113,79,0.3438,51.9170,Essex,-3.4,0.0
113,80,0.4597,51.9170,Essex,-3.4,0.0
113,81,0.5755,51.9170,Essex,-3.67,0.0
113,82,0.6914,51.9170,Essex,-3.16,0.2
113,83,0.8072,51.9170,Essex,-3.95,0.0
113,84,0.9231,51.9170,Essex,-3.58,0.0
113,85,1.0390,51.9170,Essex,-2.23,9.4
113,86,1.1548,51.9170,Essex,-3.4,0.0
113,87,1.2707,51.9170,,,
113,88,1.3865,51.9170,,,
113,89,1.5024,51.9170,,,
113,90,1.6183,51.9170,,,
113,91,1.7341,51.9170,,,
113,92,1.8500,51.9170,,,
113,93,1.9659,51.9170,,,
114,0,-8.8093,51.8499,,,
114,1,-8.6934,51.8499,,,
114,2,-8.5776,51.8499,,,
114,3,-8.4617,51.8499,,,
114,4,-8.3459,51.8499,,,
114,5,-8.2300,51.8499,,,
114,6,-8.1141,51.8499,,,
114,7,-7.9983,51.8499,,,
114,8,-7.8824,51.8499,,,
114,9,-7.7665,51.8499,,,
114,10,-7.6507,51.8499,,,
114,11,-7.5348,51.8499,,,
114,12,-7.4190,51.8499,,,
114,13,-7.3031,51.8499,,,
114,14,-7.1872,51.8499,,,
114,15,-7.0714,51.8499,,,
114,16,-6.9555,51.8499,,,
114,17,-6.8397,51.8499,,,
114,18,-6.7238,51.8499,,,
114,19,-6.6079,51.8499,,,
114,20,-6.4921,51.8499,,,
114,21,-6.3762,51.8499,,,
114,22,-6.2603,51.8499,,,
114,23,-6.1445,51.8499,,,
114,24,-6.0286,51.8499,,,
114,25,-5.9128,51.8499,,,
114,26,-5.7969,51.8499,,,
114,27,-5.6810,51.8499,,,
114,28,-5.5652,51.8499,,,
114,29,-5.4493,51.8499,,,
114,30,-5.3334,51.8499,,,
114,31,-5.2176,51.8499,,,
114,32,-5.1017,51.8499,Pembrokeshire,-1.77,13.9
114,33,-4.9859,51.8499,Pembrokeshire,-1.72,14.4
114,34,-4.8700,51.8499,Pembrokeshire,-1.77,13.9
114,35,-4.7541,51.8499,Pembrokeshire,-1.77,13.9
114,36,-4.6383,51.8499,Carmarthenshire,-1.67,14.9
114,37,-4.5224,51.8499,Carmarthenshire,-2.09,10.8
114,38,-4.4066,51.8499,Carmarthenshire,-1.77,13.9
114,39,-4.2907,51.8499,Carmarthenshire,-1.67,14.9
114,40,-4.1748,51.8499,Carmarthenshire,-2.19,9.8
114,41,-4.0590,51.8499,Carmarthenshire,-2.09,10.8
114,42,-3.9431,51.8499,Carmarthenshire,-2.6,5.7
114,43,-3.8272,51.8499,Carmarthenshire,-2.0,11.7
114,44,-3.7114,51.8499,Brecknockshire,-3.02,1.6
114,45,-3.5955,51.8499,Brecknockshire,-3.02,1.6
114,46,-3.4797,51.8499,Brecknockshire,-2.79,3.8
114,47,-3.3638,51.8499,Brecknockshire,-3.3,0.0
114,48,-3.2479,51.8499,Brecknockshire,-3.16,0.2
114,49,-3.1321,51.8499,Brecknockshire,-3.3,0.0
114,50,-3.0162,51.8499,Monmouthshire,-3.95,0.0
114,51,-2.9003,51.8499,Monmouthshire,-4.23,0.0
114,52,-2.7845,51.8499,Monmouthshire,-3.77,0.0
114,53,-2.6686,51.8499,Herefordshire,-3.53,0.0
114,54,-2.5528,51.8499,Gloucestershire,-3.4,0.0
114,55,-2.4369,51.8499,Gloucestershire,-2.23,9.4
114,56,-2.3210,51.8499,Gloucestershire,-3.72,0.0
114,57,-2.2052,51.8499,Gloucestershire,-3.77,0.0
114,58,-2.0893,51.8499,Gloucestershire,-3.77,0.0
114,59,-1.9734,51.8499,Gloucestershire,-3.67,0.0
114,60,-1.8576,51.8499,Gloucestershire,-3.21,0.0
114,61,-1.7417,51.8499,Gloucestershire,-3.21,0.0
114,62,-1.6259,51.8499,Oxfordshire,-2.23,9.4
114,63,-1.5100,51.8499,Oxfordshire,-1.35,18.1
114,64,-1.3941,51.8499,Oxfordshire,-1.77,13.9
114,65,-1.2783,51.8499,Oxfordshire,-3.16,0.2
114,66,-1.1624,51.8499,Oxfordshire,-3.58,0.0
114,67,-1.0466,51.8499,Buckinghamshire,-3.35,0.0
114,68,-0.9307,51.8499,Buckinghamshire,-3.91,0.0
114,69,-0.8148,51.8499,Buckinghamshire,-3.72,0.0
114,70,-0.6990,51.8499,Buckinghamshire,-2.37,8.0
114,71,-0.5831,51.8499,Buckinghamshire,-3.02,1.6
114,72,-0.4672,51.8499,Hertfordshire,-3.4,0.0
114,73,-0.3514,51.8499,Bedfordshire,-3.3,0.0
114,74,-0.2355,51.8499,Hertfordshire,-4.47,0.0
114,75,-0.1197,51.8499,Hertfordshire,-3.67,0.0
114,76,-0.0038,51.8499,Hertfordshire,-2.88,3.0
114,77,0.1121,51.8499,Hertfordshire,-3.07,1.1
114,78,0.2279,51.8499,Essex,-3.35,0.0
114,79,0.3438,51.8499,Essex,-3.16,0.2
114,80,0.4597,51.8499,Essex,-3.58,0.0
114,81,0.5755,51.8499,Essex,-2.88,3.0
114,82,0.6914,51.8499,Essex,-3.16,0.2
114,83,0.8072,51.8499,Essex,-3.3,0.0
114,84,0.9231,51.8499,Essex,-3.16,0.2
114,85,1.0390,51.8499,Essex,-3.16,0.2
114,86,1.1548,51.8499,Essex,-3.3,0.0
114,87,1.2707,51.8499,Essex,-3.3,0.0
114,88,1.3865,51.8499,,,
114,89,1.5024,51.8499,,,
114,90,1.6183,51.8499,,,
114,91,1.7341,51.8499,,,
114,92,1.8500,51.8499,,,
114,93,1.9659,51.8499,,,
115,0,-8.8093,51.7828,,,
115,1,-8.6934,51.7828,,,
115,2,-8.5776,51.7828,,,
115,3,-8.4617,51.7828,,,
115,4,-8.3459,51.7828,,,
115,5,-8.2300,51.7828,,,
115,6,-8.1141,51.7828,,,
115,7,-7.9983,51.7828,,,
115,8,-7.8824,51.7828,,,
115,9,-7.7665,51.7828,,,
115,10,-7.6507,51.7828,,,
115,11,-7.5348,51.7828,,,
115,12,-7.4190,51.7828,,,
115,13,-7.3031,51.7828,,,
115,14,-7.1872,51.7828,,,
115,15,-7.0714,51.7828,,,
115,16,-6.9555,51.7828,,,
115,17,-6.8397,51.7828,,,
115,18,-6.7238,51.7828,,,
115,19,-6.6079,51.7828,,,
115,20,-6.4921,51.7828,,,
115,21,-6.3762,51.7828,,,
115,22,-6.2603,51.7828,,,
115,23,-6.1445,51.7828,,,
115,24,-6.0286,51.7828,,,
115,25,-5.9128,51.7828,,,
115,26,-5.7969,51.7828,,,
115,27,-5.6810,51.7828,,,
115,28,-5.5652,51.7828,,,
115,29,-5.4493,51.7828,,,
115,30,-5.3334,51.7828,,,
115,31,-5.2176,51.7828,,,
115,32,-5.1017,51.7828,Pembrokeshire,-1.77,13.9
115,33,-4.9859,51.7828,Pembrokeshire,-1.81,13.5
115,34,-4.8700,51.7828,Pembrokeshire,-2.42,7.5
115,35,-4.7541,51.7828,Pembrokeshire,-1.86,13.1
115,36,-4.6383,51.7828,Pembrokeshire,-1.86,13.1
115,37,-4.5224,51.7828,Carmarthenshire,-2.09,10.8
115,38,-4.4066,51.7828,Carmarthenshire,-1.67,14.9
115,39,-4.2907,51.7828,Carmarthenshire,-1.67,14.9
115,40,-4.1748,51.7828,Carmarthenshire,-2.09,10.8
115,41,-4.0590,51.7828,Carmarthenshire,-1.67,14.9
115,42,-3.9431,51.7828,Carmarthenshire,-2.42,7.5
115,43,-3.8272,51.7828,Glamorgan,-3.07,1.1
115,44,-3.7114,51.7828,Brecknockshire,-3.02,1.6
115,45,-3.5955,51.7828,Brecknockshire,-3.02,1.6
115,46,-3.4797,51.7828,Brecknockshire,-3.58,0.0
115,47,-3.3638,51.7828,Brecknockshire,-3.16,0.2
115,48,-3.2479,51.7828,Brecknockshire,-3.4,0.0
115,49,-3.1321,51.7828,Brecknockshire,-3.21,0.0
115,50,-3.0162,51.7828,Monmouthshire,-3.53,0.0
115,51,-2.9003,51.7828,Monmouthshire,-3.16,0.2
115,52,-2.7845,51.7828,Monmouthshire,-4.23,0.0
115,53,-2.6686,51.7828,Monmouthshire,-3.3,0.0
115,54,-2.5528,51.7828,Gloucestershire,-3.02,1.6
115,55,-2.4369,51.7828,Gloucestershire,-2.65,5.2
115,56,-2.3210,51.7828,Gloucestershire,-3.53,0.0
115,57,-2.2052,51.7828,Gloucestershire,-3.77,0.0
115,58,-2.0893,51.7828,Gloucestershire,-3.77,0.0
115,59,-1.9734,51.7828,Gloucestershire,-3.77,0.0
115,60,-1.8576,51.7828,Gloucestershire,-2.23,9.4
115,61,-1.7417,51.7828,Gloucestershire,-2.42,7.5
115,62,-1.6259,51.7828,Oxfordshire,-2.98,2.0
115,63,-1.5100,51.7828,Oxfordshire,-1.86,13.1
115,64,-1.3941,51.7828,Oxfordshire,-1.67,14.9
115,65,-1.2783,51.7828,Oxfordshire,-2.65,5.2
115,66,-1.1624,51.7828,Oxfordshire,-1.86,13.1
115,67,-1.0466,51.7828,Buckinghamshire,-2.37,8.0
115,68,-0.9307,51.7828,Buckinghamshire,-3.35,0.0
115,69,-0.8148,51.7828,Buckinghamshire,-3.02,1.6
115,70,-0.6990,51.7828,Buckinghamshire,-3.02,1.6
115,71,-0.5831,51.7828,Hertfordshire,-2.79,3.8
115,72,-0.4672,51.7828,Hertfordshire,-3.16,0.2
115,73,-0.3514,51.7828,Hertfordshire,-3.16,0.2
115,74,-0.2355,51.7828,Hertfordshire,-3.16,0.2
115,75,-0.1197,51.7828,Hertfordshire,-3.07,1.1
115,76,-0.0038,51.7828,Hertfordshire,-3.02,1.6
115,77,0.1121,51.7828,Hertfordshire,-3.07,1.1
115,78,0.2279,51.7828,Essex,-3.3,0.0
115,79,0.3438,51.7828,Essex,-3.21,0.0
115,80,0.4597,51.7828,Essex,-2.65,5.2
115,81,0.5755,51.7828,Essex,-3.21,0.0
115,82,0.6914,51.7828,Essex,-2.51,6.6
115,83,0.8072,51.7828,Essex,-3.21,0.0
115,84,0.9231,51.7828,Essex,-3.49,0.0
115,85,1.0390,51.7828,Essex,-3.53,0.0
115,86,1.1548,51.7828,Essex,nan,nan
115,87,1.2707,51.7828,,,
115,88,1.3865,51.7828,,,
115,89,1.5024,51.7828,,,
115,90,1.6183,51.7828,,,
115,91,1.7341,51.7828,,,
115,92,1.8500,51.7828,,,
115,93,1.9659,51.7828,,,
116,0,-8.8093,51.7158,,,
116,1,-8.6934,51.7158,,,
116,2,-8.5776,51.7158,,,
116,3,-8.4617,51.7158,,,
116,4,-8.3459,51.7158,,,
116,5,-8.2300,51.7158,,,
116,6,-8.1141,51.7158,,,
116,7,-7.9983,51.7158,,,
116,8,-7.8824,51.7158,,,
116,9,-7.7665,51.7158,,,
116,10,-7.6507,51.7158,,,
116,11,-7.5348,51.7158,,,
116,12,-7.4190,51.7158,,,
116,13,-7.3031,51.7158,,,
116,14,-7.1872,51.7158,,,
116,15,-7.0714,51.7158,,,
116,16,-6.9555,51.7158,,,
116,17,-6.8397,51.7158,,,
116,18,-6.7238,51.7158,,,
116,19,-6.6079,51.7158,,,
116,20,-6.4921,51.7158,,,
116,21,-6.3762,51.7158,,,
116,22,-6.2603,51.7158,,,
116,23,-6.1445,51.7158,,,
116,24,-6.0286,51.7158,,,
116,25,-5.9128,51.7158,,,
116,26,-5.7969,51.7158,,,
116,27,-5.6810,51.7158,,,
116,28,-5.5652,51.7158,,,
116,29,-5.4493,51.7158,,,
116,30,-5.3334,51.7158,,,
116,31,-5.2176,51.7158,,,
116,32,-5.1017,51.7158,Pembrokeshire,nan,nan
116,33,-4.9859,51.7158,Pembrokeshire,-1.67,14.9
116,34,-4.8700,51.7158,Pembrokeshire,-2.42,7.5
116,35,-4.7541,51.7158,Pembrokeshire,-1.86,13.1
116,36,-4.6383,51.7158,,,
116,37,-4.5224,51.7158,,,
116,38,-4.4066,51.7158,,,
116,39,-4.2907,51.7158,Carmarthenshire,-1.35,18.1
116,40,-4.1748,51.7158,Carmarthenshire,-1.81,13.5
116,41,-4.0590,51.7158,Carmarthenshire,-2.19,9.8
116,42,-3.9431,51.7158,Glamorgan,-2.47,7.0
116,43,-3.8272,51.7158,Glamorgan,-2.74,4.3
116,44,-3.7114,51.7158,Glamorgan,-3.3,0.0
116,45,-3.5955,51.7158,Glamorgan,-2.88,3.0
116,46,-3.4797,51.7158,Glamorgan,-2.51,6.6
116,47,-3.3638,51.7158,Glamorgan,-2.42,7.5
116,48,-3.2479,51.7158,Glamorgan,-3.16,0.2
116,49,-3.1321,51.7158,Monmouthshire,-3.53,0.0
116,50,-3.0162,51.7158,Monmouthshire,-3.58,0.0
116,51,-2.9003,51.7158,Monmouthshire,-3.4,0.0
116,52,-2.7845,51.7158,Monmouthshire,-3.16,0.2
116,53,-2.6686,51.7158,Monmouthshire,-3.16,0.2
116,54,-2.5528,51.7158,Gloucestershire,-2.98,2.0
116,55,-2.4369,51.7158,Gloucestershire,-3.02,1.6
116,56,-2.3210,51.7158,Gloucestershire,-3.67,0.0
116,57,-2.2052,51.7158,Gloucestershire,-3.63,0.0
116,58,-2.0893,51.7158,Gloucestershire,-3.95,0.0
116,59,-1.9734,51.7158,Gloucestershire,-3.21,0.0
116,60,-1.8576,51.7158,Gloucestershire,-2.09,10.8
116,61,-1.7417,51.7158,Gloucestershire,-2.05,11.2
116,62,-1.6259,51.7158,Oxfordshire,-2.28,8.9
116,63,-1.5100,51.7158,Oxfordshire,-2.37,8.0
116,64,-1.3941,51.7158,Oxfordshire,-3.07,1.1
116,65,-1.2783,51.7158,Berkshire,-2.98,2.0
116,66,-1.1624,51.7158,Oxfordshire,-3.02,1.6
116,67,-1.0466,51.7158,Oxfordshire,-2.23,9.4
116,68,-0.9307,51.7158,Oxfordshire,-3.91,0.0
116,69,-0.8148,51.7158,Buckinghamshire,-2.51,6.6
116,70,-0.6990,51.7158,Buckinghamshire,-3.02,1.6
116,71,-0.5831,51.7158,Buckinghamshire,-3.02,1.6
116,72,-0.4672,51.7158,Hertfordshire,-2.65,5.2
116,73,-0.3514,51.7158,Hertfordshire,-3.3,0.0
116,74,-0.2355,51.7158,Hertfordshire,-3.16,0.2
116,75,-0.1197,51.7158,Hertfordshire,-2.88,3.0
116,76,-0.0038,51.7158,Hertfordshire,-2.88,3.0
116,77,0.1121,51.7158,Essex,-3.58,0.0
116,78,0.2279,51.7158,Essex,-3.53,0.0
116,79,0.3438,51.7158,Essex,-3.58,0.0
116,80,0.4597,51.7158,Essex,-2.88,3.0
116,81,0.5755,51.7158,Essex,-2.98,2.0
116,82,0.6914,51.7158,Essex,-2.84,3.4
116,83,0.8072,51.7158,Essex,-3.16,0.2
116,84,0.9231,51.7158,Essex,-3.21,0.0
116,85,1.0390,51.7158,,,
116,86,1.1548,51.7158,,,
116,87,1.2707,51.7158,,,
116,88,1.3865,51.7158,,,
116,89,1.5024,51.7158,,,
116,90,1.6183,51.7158,,,
116,91,1.7341,51.7158,,,
116,92,1.8500,51.7158,,,
116,93,1.9659,51.7158,,,
117,0,-8.8093,51.6487,,,
117,1,-8.6934,51.6487,,,
117,2,-8.5776,51.6487,,,
117,3,-8.4617,51.6487,,,
117,4,-8.3459,51.6487,,,
117,5,-8.2300,51.6487,,,
117,6,-8.1141,51.6487,,,
117,7,-7.9983,51.6487,,,
117,8,-7.8824,51.6487,,,
117,9,-7.7665,51.6487,,,
117,10,-7.6507,51.6487,,,
117,11,-7.5348,51.6487,,,
117,12,-7.4190,51.6487,,,
117,13,-7.3031,51.6487,,,
117,14,-7.1872,51.6487,,,
117,15,-7.0714,51.6487,,,
117,16,-6.9555,51.6487,,,
117,17,-6.8397,51.6487,,,
117,18,-6.7238,51.6487,,,
117,19,-6.6079,51.6487,,,
117,20,-6.4921,51.6487,,,
117,21,-6.3762,51.6487,,,
117,22,-6.2603,51.6487,,,
117,23,-6.1445,51.6487,,,
117,24,-6.0286,51.6487,,,
117,25,-5.9128,51.6487,,,
117,26,-5.7969,51.6487,,,
117,27,-5.6810,51.6487,,,
117,28,-5.5652,51.6487,,,
117,29,-5.4493,51.6487,,,
117,30,-5.3334,51.6487,,,
117,31,-5.2176,51.6487,,,
117,32,-5.1017,51.6487,,,
117,33,-4.9859,51.6487,Pembrokeshire,-1.67,14.9
117,34,-4.8700,51.6487,Pembrokeshire,-1.86,13.1
117,35,-4.7541,51.6487,Pembrokeshire,nan,nan
117,36,-4.6383,51.6487,,,
117,37,-4.5224,51.6487,,,
117,38,-4.4066,51.6487,,,
117,39,-4.2907,51.6487,,,
117,40,-4.1748,51.6487,Glamorgan,-2.37,8.0
117,41,-4.0590,51.6487,Glamorgan,-2.23,9.4
117,42,-3.9431,51.6487,Glamorgan,-2.37,8.0
117,43,-3.8272,51.6487,Glamorgan,-2.88,3.0
117,44,-3.7114,51.6487,Glamorgan,-2.65,5.2
117,45,-3.5955,51.6487,Glamorgan,-2.47,7.0
117,46,-3.4797,51.6487,Glamorgan,-2.28,8.9
117,47,-3.3638,51.6487,Glamorgan,-2.84,3.4
117,48,-3.2479,51.6487,Glamorgan,-3.16,0.2
117,49,-3.1321,51.6487,Monmouthshire,-3.67,0.0
117,50,-3.0162,51.6487,Monmouthshire,-3.16,0.2
117,51,-2.9003,51.6487,Monmouthshire,-3.4,0.0
117,52,-2.7845,51.6487,Monmouthshire,-3.21,0.0
117,53,-2.6686,51.6487,Monmouthshire,-3.58,0.0
117,54,-2.5528,51.6487,Gloucestershire,-2.23,9.4
117,55,-2.4369,51.6487,Gloucestershire,-2.79,3.8
117,56,-2.3210,51.6487,Gloucestershire,-3.91,0.0
117,57,-2.2052,51.6487,Gloucestershire,-4.23,0.0
117,58,-2.0893,51.6487,Gloucestershire,-3.53,0.0
117,59,-1.9734,51.6487,Wiltshire,-3.63,0.0
117,60,-1.8576,51.6487,Wiltshire,-3.3,0.0
117,61,-1.7417,51.6487,Wiltshire,-2.05,11.2
117,62,-1.6259,51.6487,Berkshire,-2.84,3.4
117,63,-1.5100,51.6487,Berkshire,-2.37,8.0
117,64,-1.3941,51.6487,Berkshire,-3.35,0.0
117,65,-1.2783,51.6487,Berkshire,-2.79,3.8
117,66,-1.1624,51.6487,Oxfordshire,-2.65,5.2
117,67,-1.0466,51.6487,Oxfordshire,-3.02,1.6
117,68,-0.9307,51.6487,Oxfordshire,-3.58,0.0
117,69,-0.8148,51.6487,Buckinghamshire,-2.79,3.8
117,70,-0.6990,51.6487,Buckinghamshire,-3.02,1.6
117,71,-0.5831,51.6487,Buckinghamshire,-2.65,5.2
117,72,-0.4672,51.6487,Hertfordshire,-3.91,0.0
117,73,-0.3514,51.6487,Hertfordshire,-3.21,0.0
117,74,-0.2355,51.6487,Hertfordshire,-2.79,3.8
117,75,-0.1197,51.6487,Middlesex,-2.88,3.0
117,76,-0.0038,51.6487,Essex,-2.74,4.3
117,77,0.1121,51.6487,Essex,-3.4,0.0
117,78,0.2279,51.6487,Essex,-3.53,0.0
117,79,0.3438,51.6487,Essex,-3.58,0.0
117,80,0.4597,51.6487,Essex,-4.23,0.0
117,81,0.5755,51.6487,Essex,-3.53,0.0
117,82,0.6914,51.6487,Essex,-2.65,5.2
117,83,0.8072,51.6487,Essex,-2.51,6.6
117,84,0.9231,51.6487,Essex,-3.49,0.0
117,85,1.0390,51.6487,,,
117,86,1.1548,51.6487,,,
117,87,1.2707,51.6487,,,
117,88,1.3865,51.6487,,,
117,89,1.5024,51.6487,,,
117,90,1.6183,51.6487,,,
117,91,1.7341,51.6487,,,
117,92,1.8500,51.6487,,,
117,93,1.9659,51.6487,,,
118,0,-8.8093,51.5816,,,
118,1,-8.6934,51.5816,,,
118,2,-8.5776,51.5816,,,
118,3,-8.4617,51.5816,,,
118,4,-8.3459,51.5816,,,
118,5,-8.2300,51.5816,,,
118,6,-8.1141,51.5816,,,
118,7,-7.9983,51.5816,,,
118,8,-7.8824,51.5816,,,
118,9,-7.7665,51.5816,,,
118,10,-7.6507,51.5816,,,
118,11,-7.5348,51.5816,,,
118,12,-7.4190,51.5816,,,
118,13,-7.3031,51.5816,,,
118,14,-7.1872,51.5816,,,
118,15,-7.0714,51.5816,,,
118,16,-6.9555,51.5816,,,
118,17,-6.8397,51.5816,,,
118,18,-6.7238,51.5816,,,
118,19,-6.6079,51.5816,,,
118,20,-6.4921,51.5816,,,
118,21,-6.3762,51.5816,,,
118,22,-6.2603,51.5816,,,
118,23,-6.1445,51.5816,,,
118,24,-6.0286,51.5816,,,
118,25,-5.9128,51.5816,,,
118,26,-5.7969,51.5816,,,
118,27,-5.6810,51.5816,,,
118,28,-5.5652,51.5816,,,
118,29,-5.4493,51.5816,,,
118,30,-5.3334,51.5816,,,
118,31,-5.2176,51.5816,,,
118,32,-5.1017,51.5816,,,
118,33,-4.9859,51.5816,,,
118,34,-4.8700,51.5816,,,
118,35,-4.7541,51.5816,,,
118,36,-4.6383,51.5816,,,
118,37,-4.5224,51.5816,,,
118,38,-4.4066,51.5816,,,
118,39,-4.2907,51.5816,,,
118,40,-4.1748,51.5816,Glamorgan,-2.74,4.3
118,41,-4.0590,51.5816,Glamorgan,-2.28,8.9
118,42,-3.9431,51.5816,,,
118,43,-3.8272,51.5816,,,
118,44,-3.7114,51.5816,Glamorgan,-2.84,3.4
118,45,-3.5955,51.5816,Glamorgan,-2.47,7.0
118,46,-3.4797,51.5816,Glamorgan,-2.79,3.8
118,47,-3.3638,51.5816,Glamorgan,-2.74,4.3
118,48,-3.2479,51.5816,Glamorgan,-3.3,0.0
118,49,-3.1321,51.5816,Monmouthshire,-3.67,0.0
118,50,-3.0162,51.5816,Monmouthshire,-3.35,0.0
118,51,-2.9003,51.5816,Monmouthshire,-3.4,0.0
118,52,-2.7845,51.5816,Monmouthshire,-3.16,0.2
118,53,-2.6686,51.5816,Monmouthshire,-3.72,0.0
118,54,-2.5528,51.5816,Gloucestershire,-3.53,0.0
118,55,-2.4369,51.5816,Gloucestershire,-3.53,0.0
118,56,-2.3210,51.5816,Gloucestershire,-4.51,0.0
118,57,-2.2052,51.5816,Wiltshire,-3.35,0.0
118,58,-2.0893,51.5816,Wiltshire,-3.91,0.0
118,59,-1.9734,51.5816,Wiltshire,-3.3,0.0
118,60,-1.8576,51.5816,Wiltshire,-3.3,0.0
118,61,-1.7417,51.5816,Wiltshire,-2.98,2.0
118,62,-1.6259,51.5816,Berkshire,-2.88,3.0
118,63,-1.5100,51.5816,Berkshire,-2.23,9.4
118,64,-1.3941,51.5816,Berkshire,-2.47,7.0
118,65,-1.2783,51.5816,Berkshire,-2.51,6.6
118,66,-1.1624,51.5816,Berkshire,-2.88,3.0
118,67,-1.0466,51.5816,Oxfordshire,-3.49,0.0
118,68,-0.9307,51.5816,Oxfordshire,-2.47,7.0
118,69,-0.8148,51.5816,Buckinghamshire,-3.58,0.0
118,70,-0.6990,51.5816,Buckinghamshire,-2.98,2.0
118,71,-0.5831,51.5816,Buckinghamshire,-3.35,0.0
118,72,-0.4672,51.5816,Middlesex,-3.67,0.0
118,73,-0.3514,51.5816,Middlesex,-2.47,7.0
118,74,-0.2355,51.5816,Middlesex,-3.02,1.6
118,75,-0.1197,51.5816,Middlesex,-3.4,0.0
118,76,-0.0038,51.5816,Essex,-3.3,0.0
118,77,0.1121,51.5816,Essex,-3.49,0.0
118,78,0.2279,51.5816,Essex,-3.4,0.0
118,79,0.3438,51.5816,Essex,-3.4,0.0
118,80,0.4597,51.5816,Essex,-4.23,0.0
118,81,0.5755,51.5816,Essex,-3.67,0.0
118,82,0.6914,51.5816,Essex,-3.35,0.0
118,83,0.8072,51.5816,Essex,-2.65,5.2
118,84,0.9231,51.5816,Essex,nan,nan
118,85,1.0390,51.5816,,,
118,86,1.1548,51.5816,,,
118,87,1.2707,51.5816,,,
118,88,1.3865,51.5816,,,
118,89,1.5024,51.5816,,,
118,90,1.6183,51.5816,,,
118,91,1.7341,51.5816,,,
118,92,1.8500,51.5816,,,
118,93,1.9659,51.5816,,,
119,0,-8.8093,51.5146,,,
119,1,-8.6934,51.5146,,,
119,2,-8.5776,51.5146,,,
119,3,-8.4617,51.5146,,,
119,4,-8.3459,51.5146,,,
119,5,-8.2300,51.5146,,,
119,6,-8.1141,51.5146,,,
119,7,-7.9983,51.5146,,,
119,8,-7.8824,51.5146,,,
119,9,-7.7665,51.5146,,,
119,10,-7.6507,51.5146,,,
119,11,-7.5348,51.5146,,,
119,12,-7.4190,51.5146,,,
119,13,-7.3031,51.5146,,,
119,14,-7.1872,51.5146,,,
119,15,-7.0714,51.5146,,,
119,16,-6.9555,51.5146,,,
119,17,-6.8397,51.5146,,,
119,18,-6.7238,51.5146,,,
119,19,-6.6079,51.5146,,,
119,20,-6.4921,51.5146,,,
119,21,-6.3762,51.5146,,,
119,22,-6.2603,51.5146,,,
119,23,-6.1445,51.5146,,,
119,24,-6.0286,51.5146,,,
119,25,-5.9128,51.5146,,,
119,26,-5.7969,51.5146,,,
119,27,-5.6810,51.5146,,,
119,28,-5.5652,51.5146,,,
119,29,-5.4493,51.5146,,,
119,30,-5.3334,51.5146,,,
119,31,-5.2176,51.5146,,,
119,32,-5.1017,51.5146,,,
119,33,-4.9859,51.5146,,,
119,34,-4.8700,51.5146,,,
119,35,-4.7541,51.5146,,,
119,36,-4.6383,51.5146,,,
119,37,-4.5224,51.5146,,,
119,38,-4.4066,51.5146,,,
119,39,-4.2907,51.5146,,,
119,40,-4.1748,51.5146,,,
119,41,-4.0590,51.5146,,,
119,42,-3.9431,51.5146,,,
119,43,-3.8272,51.5146,,,
119,44,-3.7114,51.5146,Glamorgan,-2.51,6.6
119,45,-3.5955,51.5146,Glamorgan,-3.58,0.0
119,46,-3.4797,51.5146,Glamorgan,-2.88,3.0
119,47,-3.3638,51.5146,Glamorgan,-3.02,1.6
119,48,-3.2479,51.5146,Glamorgan,-3.67,0.0
119,49,-3.1321,51.5146,Glamorgan,-3.63,0.0
119,50,-3.0162,51.5146,,,
119,51,-2.9003,51.5146,,,
119,52,-2.7845,51.5146,,,
119,53,-2.6686,51.5146,Gloucestershire,-3.16,0.2
119,54,-2.5528,51.5146,Gloucestershire,-3.53,0.0
119,55,-2.4369,51.5146,Gloucestershire,-3.53,0.0
119,56,-2.3210,51.5146,Gloucestershire,-3.58,0.0
119,57,-2.2052,51.5146,Wiltshire,-3.02,1.6
119,58,-2.0893,51.5146,Wiltshire,-3.02,1.6
119,59,-1.9734,51.5146,Wiltshire,-3.3,0.0
119,60,-1.8576,51.5146,Wiltshire,-3.53,0.0
119,61,-1.7417,51.5146,Wiltshire,-3.3,0.0
119,62,-1.6259,51.5146,Wiltshire,-2.65,5.2
119,63,-1.5100,51.5146,Berkshire,-3.49,0.0
119,64,-1.3941,51.5146,Berkshire,-3.02,1.6
119,65,-1.2783,51.5146,Berkshire,-3.4,0.0
119,66,-1.1624,51.5146,Berkshire,-3.02,1.6
119,67,-1.0466,51.5146,Oxfordshire,-2.47,7.0
119,68,-0.9307,51.5146,Oxfordshire,-3.16,0.2
119,69,-0.8148,51.5146,Berkshire,-3.3,0.0
119,70,-0.6990,51.5146,Berkshire,-2.47,7.0
119,71,-0.5831,51.5146,Buckinghamshire,-3.95,0.0
119,72,-0.4672,51.5146,Buckinghamshire,-3.3,0.0
119,73,-0.3514,51.5146,Middlesex,-3.53,0.0
119,74,-0.2355,51.5146,Middlesex,-4.09,0.0
119,75,-0.1197,51.5146,Middlesex,-3.49,0.0
119,76,-0.0038,51.5146,Middlesex,-3.53,0.0
119,77,0.1121,51.5146,Essex,-3.72,0.0
119,78,0.2279,51.5146,Essex,-3.53,0.0
119,79,0.3438,51.5146,Essex,-3.4,0.0
119,80,0.4597,51.5146,Essex,-3.4,0.0
119,81,0.5755,51.5146,Essex,-3.67,0.0
119,82,0.6914,51.5146,Essex,nan,nan
119,83,0.8072,51.5146,,,
119,84,0.9231,51.5146,,,
119,85,1.0390,51.5146,,,
119,86,1.1548,51.5146,,,
119,87,1.2707,51.5146,,,
119,88,1.3865,51.5146,,,
119,89,1.5024,51.5146,,,
119,90,1.6183,51.5146,,,
119,91,1.7341,51.5146,,,
119,92,1.8500,51.5146,,,
119,93,1.9659,51.5146,,,
120,0,-8.8093,51.4475,,,
120,1,-8.6934,51.4475,,,
120,2,-8.5776,51.4475,,,
120,3,-8.4617,51.4475,,,
120,4,-8.3459,51.4475,,,
120,5,-8.2300,51.4475,,,
120,6,-8.1141,51.4475,,,
120,7,-7.9983,51.4475,,,
120,8,-7.8824,51.4475,,,
120,9,-7.7665,51.4475,,,
120,10,-7.6507,51.4475,,,
120,11,-7.5348,51.4475,,,
120,12,-7.4190,51.4475,,,
120,13,-7.3031,51.4475,,,
120,14,-7.1872,51.4475,,,
120,15,-7.0714,51.4475,,,
120,16,-6.9555,51.4475,,,
120,17,-6.8397,51.4475,,,
120,18,-6.7238,51.4475,,,
120,19,-6.6079,51.4475,,,
120,20,-6.4921,51.4475,,,
120,21,-6.3762,51.4475,,,
120,22,-6.2603,51.4475,,,
120,23,-6.1445,51.4475,,,
120,24,-6.0286,51.4475,,,
120,25,-5.9128,51.4475,,,
120,26,-5.7969,51.4475,,,
120,27,-5.6810,51.4475,,,
120,28,-5.5652,51.4475,,,
120,29,-5.4493,51.4475,,,
120,30,-5.3334,51.4475,,,
120,31,-5.2176,51.4475,,,
120,32,-5.1017,51.4475,,,
120,33,-4.9859,51.4475,,,
120,34,-4.8700,51.4475,,,
120,35,-4.7541,51.4475,,,
120,36,-4.6383,51.4475,,,
120,37,-4.5224,51.4475,,,
120,38,-4.4066,51.4475,,,
120,39,-4.2907,51.4475,,,
120,40,-4.1748,51.4475,,,
120,41,-4.0590,51.4475,,,
120,42,-3.9431,51.4475,,,
120,43,-3.8272,51.4475,,,
120,44,-3.7114,51.4475,,,
120,45,-3.5955,51.4475,Glamorgan,-2.47,7.0
120,46,-3.4797,51.4475,Glamorgan,-2.84,3.4
120,47,-3.3638,51.4475,Glamorgan,-2.37,8.0
120,48,-3.2479,51.4475,Glamorgan,-3.16,0.2
120,49,-3.1321,51.4475,,,
120,50,-3.0162,51.4475,,,
120,51,-2.9003,51.4475,,,
120,52,-2.7845,51.4475,Somerset,-3.67,0.0
120,53,-2.6686,51.4475,Somerset,-3.3,0.0
120,54,-2.5528,51.4475,Gloucestershire,-3.67,0.0
120,55,-2.4369,51.4475,Gloucestershire,-3.3,0.0
120,56,-2.3210,51.4475,Gloucestershire,-3.58,0.0
120,57,-2.2052,51.4475,Wiltshire,-2.28,8.9
120,58,-2.0893,51.4475,Wiltshire,-2.88,3.0
120,59,-1.9734,51.4475,Wiltshire,-2.47,7.0
120,60,-1.8576,51.4475,Wiltshire,-3.3,0.0
120,61,-1.7417,51.4475,Wiltshire,-3.3,0.0
120,62,-1.6259,51.4475,Wiltshire,-3.4,0.0
120,63,-1.5100,51.4475,Berkshire,-3.21,0.0
120,64,-1.3941,51.4475,Berkshire,-3.16,0.2
120,65,-1.2783,51.4475,Berkshire,-3.3,0.0
120,66,-1.1624,51.4475,Berkshire,-3.16,0.2
120,67,-1.0466,51.4475,Berkshire,-2.88,3.0
120,68,-0.9307,51.4475,Berkshire,-2.65,5.2
120,69,-0.8148,51.4475,Berkshire,-2.47,7.0
120,70,-0.6990,51.4475,Berkshire,-3.49,0.0
120,71,-0.5831,51.4475,Berkshire,-2.65,5.2
120,72,-0.4672,51.4475,Middlesex,-2.6,5.7
120,73,-0.3514,51.4475,Middlesex,-3.02,1.6
120,74,-0.2355,51.4475,Surrey,-4.05,0.0
120,75,-0.1197,51.4475,Surrey,-2.65,5.2
120,76,-0.0038,51.4475,Kent,-3.16,0.2
120,77,0.1121,51.4475,Kent,-3.53,0.0
120,78,0.2279,51.4475,Kent,-3.53,0.0
120,79,0.3438,51.4475,Kent,-3.4,0.0
120,80,0.4597,51.4475,Kent,-3.53,0.0
120,81,0.5755,51.4475,Kent,-3.91,0.0
120,82,0.6914,51.4475,Kent,-3.67,0.0
120,83,0.8072,51.4475,,,
120,84,0.9231,51.4475,,,
120,85,1.0390,51.4475,,,
120,86,1.1548,51.4475,,,
120,87,1.2707,51.4475,,,
120,88,1.3865,51.4475,,,
120,89,1.5024,51.4475,,,
120,90,1.6183,51.4475,,,
120,91,1.7341,51.4475,,,
120,92,1.8500,51.4475,,,
120,93,1.9659,51.4475,,,
121,0,-8.8093,51.3804,,,
121,1,-8.6934,51.3804,,,
121,2,-8.5776,51.3804,,,
121,3,-8.4617,51.3804,,,
121,4,-8.3459,51.3804,,,
121,5,-8.2300,51.3804,,,
121,6,-8.1141,51.3804,,,
121,7,-7.9983,51.3804,,,
121,8,-7.8824,51.3804,,,
121,9,-7.7665,51.3804,,,
121,10,-7.6507,51.3804,,,
121,11,-7.5348,51.3804,,,
121,12,-7.4190,51.3804,,,
121,13,-7.3031,51.3804,,,
121,14,-7.1872,51.3804,,,
121,15,-7.0714,51.3804,,,
121,16,-6.9555,51.3804,,,
121,17,-6.8397,51.3804,,,
121,18,-6.7238,51.3804,,,
121,19,-6.6079,51.3804,,,
121,20,-6.4921,51.3804,,,
121,21,-6.3762,51.3804,,,
121,22,-6.2603,51.3804,,,
121,23,-6.1445,51.3804,,,
121,24,-6.0286,51.3804,,,
121,25,-5.9128,51.3804,,,
121,26,-5.7969,51.3804,,,
121,27,-5.6810,51.3804,,,
121,28,-5.5652,51.3804,,,
121,29,-5.4493,51.3804,,,
121,30,-5.3334,51.3804,,,
121,31,-5.2176,51.3804,,,
121,32,-5.1017,51.3804,,,
121,33,-4.9859,51.3804,,,
121,34,-4.8700,51.3804,,,
121,35,-4.7541,51.3804,,,
121,36,-4.6383,51.3804,,,
121,37,-4.5224,51.3804,,,
121,38,-4.4066,51.3804,,,
121,39,-4.2907,51.3804,,,
121,40,-4.1748,51.3804,,,
121,41,-4.0590,51.3804,,,
121,42,-3.9431,51.3804,,,
121,43,-3.8272,51.3804,,,
121,44,-3.7114,51.3804,,,
121,45,-3.5955,51.3804,,,
121,46,-3.4797,51.3804,,,
121,47,-3.3638,51.3804,,,
121,48,-3.2479,51.3804,,,
121,49,-3.1321,51.3804,,,
121,50,-3.0162,51.3804,,,
121,51,-2.9003,51.3804,Somerset,-3.53,0.0
121,52,-2.7845,51.3804,Somerset,-3.72,0.0
121,53,-2.6686,51.3804,Somerset,-3.3,0.0
121,54,-2.5528,51.3804,Somerset,-3.67,0.0
121,55,-2.4369,51.3804,Somerset,-3.3,0.0
121,56,-2.3210,51.3804,Somerset,-2.65,5.2
121,57,-2.2052,51.3804,Wiltshire,-2.88,3.0
121,58,-2.0893,51.3804,Wiltshire,-3.16,0.2
121,59,-1.9734,51.3804,Wiltshire,-3.53,0.0
121,60,-1.8576,51.3804,Wiltshire,-3.4,0.0
121,61,-1.7417,51.3804,Wiltshire,-2.28,8.9
121,62,-1.6259,51.3804,Wiltshire,-2.42,7.5
121,63,-1.5100,51.3804,Berkshire,-3.53,0.0
121,64,-1.3941,51.3804,Berkshire,-3.49,0.0
121,65,-1.2783,51.3804,Berkshire,-3.3,0.0
121,66,-1.1624,51.3804,Berkshire,-3.4,0.0
121,67,-1.0466,51.3804,Berkshire,-3.53,0.0
121,68,-0.9307,51.3804,Berkshire,-2.51,6.6
121,69,-0.8148,51.3804,Berkshire,-1.86,13.1
121,70,-0.6990,51.3804,Berkshire,-2.74,4.3
121,71,-0.5831,51.3804,Surrey,-3.16,0.2
121,72,-0.4672,51.3804,Surrey,-2.23,9.4
121,73,-0.3514,51.3804,Surrey,-2.42,7.5
121,74,-0.2355,51.3804,Surrey,-3.3,0.0
121,75,-0.1197,51.3804,Surrey,-3.3,0.0
121,76,-0.0038,51.3804,Kent,-3.3,0.0
121,77,0.1121,51.3804,Kent,-3.16,0.2
121,78,0.2279,51.3804,Kent,-4.05,0.0
121,79,0.3438,51.3804,Kent,-2.65,5.2
121,80,0.4597,51.3804,Kent,-3.58,0.0
121,81,0.5755,51.3804,Kent,-4.23,0.0
121,82,0.6914,51.3804,Kent,-3.95,0.0
121,83,0.8072,51.3804,Kent,-3.67,0.0
121,84,0.9231,51.3804,Kent,-3.67,0.0
121,85,1.0390,51.3804,,,
121,86,1.1548,51.3804,,,
121,87,1.2707,51.3804,,,
121,88,1.3865,51.3804,,,
121,89,1.5024,51.3804,,,
121,90,1.6183,51.3804,,,
121,91,1.7341,51.3804,,,
121,92,1.8500,51.3804,,,
121,93,1.9659,51.3804,,,
122,0,-8.8093,51.3134,,,
122,1,-8.6934,51.3134,,,
122,2,-8.5776,51.3134,,,
122,3,-8.4617,51.3134,,,
122,4,-8.3459,51.3134,,,
122,5,-8.2300,51.3134,,,
122,6,-8.1141,51.3134,,,
122,7,-7.9983,51.3134,,,
122,8,-7.8824,51.3134,,,
122,9,-7.7665,51.3134,,,
122,10,-7.6507,51.3134,,,
122,11,-7.5348,51.3134,,,
122,12,-7.4190,51.3134,,,
122,13,-7.3031,51.3134,,,
122,14,-7.1872,51.3134,,,
122,15,-7.0714,51.3134,,,
122,16,-6.9555,51.3134,,,
122,17,-6.8397,51.3134,,,
122,18,-6.7238,51.3134,,,
122,19,-6.6079,51.3134,,,
122,20,-6.4921,51.3134,,,
122,21,-6.3762,51.3134,,,
122,22,-6.2603,51.3134,,,
122,23,-6.1445,51.3134,,,
122,24,-6.0286,51.3134,,,
122,25,-5.9128,51.3134,,,
122,26,-5.7969,51.3134,,,
122,27,-5.6810,51.3134,,,
122,28,-5.5652,51.3134,,,
122,29,-5.4493,51.3134,,,
122,30,-5.3334,51.3134,,,
122,31,-5.2176,51.3134,,,
122,32,-5.1017,51.3134,,,
122,33,-4.9859,51.3134,,,
122,34,-4.8700,51.3134,,,
122,35,-4.7541,51.3134,,,
122,36,-4.6383,51.3134,,,
122,37,-4.5224,51.3134,,,
122,38,-4.4066,51.3134,,,
122,39,-4.2907,51.3134,,,
122,40,-4.1748,51.3134,,,
122,41,-4.0590,51.3134,,,
122,42,-3.9431,51.3134,,,
122,43,-3.8272,51.3134,,,
122,44,-3.7114,51.3134,,,
122,45,-3.5955,51.3134,,,
122,46,-3.4797,51.3134,,,
122,47,-3.3638,51.3134,,,
122,48,-3.2479,51.3134,,,
122,49,-3.1321,51.3134,,,
122,50,-3.0162,51.3134,,,
122,51,-2.9003,51.3134,Somerset,-3.4,0.0
122,52,-2.7845,51.3134,Somerset,-3.72,0.0
122,53,-2.6686,51.3134,Somerset,-3.72,0.0
122,54,-2.5528,51.3134,Somerset,-3.53,0.0
122,55,-2.4369,51.3134,Somerset,-3.16,0.2
122,56,-2.3210,51.3134,Somerset,-3.3,0.0
122,57,-2.2052,51.3134,Wiltshire,-3.4,0.0
122,58,-2.0893,51.3134,Wiltshire,-3.4,0.0
122,59,-1.9734,51.3134,Wiltshire,-3.3,0.0
122,60,-1.8576,51.3134,Wiltshire,-3.4,0.0
122,61,-1.7417,51.3134,Wiltshire,-2.28,8.9
122,62,-1.6259,51.3134,Wiltshire,-3.16,0.2
122,63,-1.5100,51.3134,Hampshire,-3.72,0.0
122,64,-1.3941,51.3134,Hampshire,-3.58,0.0
122,65,-1.2783,51.3134,Hampshire,-3.4,0.0
122,66,-1.1624,51.3134,Hampshire,-3.16,0.2
122,67,-1.0466,51.3134,Hampshire,-3.4,0.0
122,68,-0.9307,51.3134,Hampshire,-3.02,1.6
122,69,-0.8148,51.3134,Hampshire,-3.3,0.0
122,70,-0.6990,51.3134,Surrey,-2.23,9.4
122,71,-0.5831,51.3134,Surrey,-3.91,0.0
122,72,-0.4672,51.3134,Surrey,-2.37,8.0
122,73,-0.3514,51.3134,Surrey,-2.47,7.0
122,74,-0.2355,51.3134,Surrey,-2.88,3.0
122,75,-0.1197,51.3134,Surrey,-3.16,0.2
122,76,-0.0038,51.3134,Surrey,-3.16,0.2
122,77,0.1121,51.3134,Kent,-3.4,0.0
122,78,0.2279,51.3134,Kent,-3.72,0.0
122,79,0.3438,51.3134,Kent,-3.58,0.0
122,80,0.4597,51.3134,Kent,-3.53,0.0
122,81,0.5755,51.3134,Kent,-3.4,0.0
122,82,0.6914,51.3134,Kent,-4.23,0.0
122,83,0.8072,51.3134,Kent,-3.95,0.0
122,84,0.9231,51.3134,Kent,-3.67,0.0
122,85,1.0390,51.3134,Kent,-2.98,2.0
122,86,1.1548,51.3134,Kent,-2.23,9.4
122,87,1.2707,51.3134,Kent,-2.19,9.8
122,88,1.3865,51.3134,Kent,nan,nan
122,89,1.5024,51.3134,,,
122,90,1.6183,51.3134,,,
122,91,1.7341,51.3134,,,
122,92,1.8500,51.3134,,,
122,93,1.9659,51.3134,,,
123,0,-8.8093,51.2463,,,
123,1,-8.6934,51.2463,,,
123,2,-8.5776,51.2463,,,
123,3,-8.4617,51.2463,,,
123,4,-8.3459,51.2463,,,
123,5,-8.2300,51.2463,,,
123,6,-8.1141,51.2463,,,
123,7,-7.9983,51.2463,,,
123,8,-7.8824,51.2463,,,
123,9,-7.7665,51.2463,,,
123,10,-7.6507,51.2463,,,
123,11,-7.5348,51.2463,,,
123,12,-7.4190,51.2463,,,
123,13,-7.3031,51.2463,,,
123,14,-7.1872,51.2463,,,
123,15,-7.0714,51.2463,,,
123,16,-6.9555,51.2463,,,
123,17,-6.8397,51.2463,,,
123,18,-6.7238,51.2463,,,
123,19,-6.6079,51.2463,,,
123,20,-6.4921,51.2463,,,
123,21,-6.3762,51.2463,,,
123,22,-6.2603,51.2463,,,
123,23,-6.1445,51.2463,,,
123,24,-6.0286,51.2463,,,
123,25,-5.9128,51.2463,,,
123,26,-5.7969,51.2463,,,
123,27,-5.6810,51.2463,,,
123,28,-5.5652,51.2463,,,
123,29,-5.4493,51.2463,,,
123,30,-5.3334,51.2463,,,
123,31,-5.2176,51.2463,,,
123,32,-5.1017,51.2463,,,
123,33,-4.9859,51.2463,,,
123,34,-4.8700,51.2463,,,
123,35,-4.7541,51.2463,,,
123,36,-4.6383,51.2463,,,
123,37,-4.5224,51.2463,,,
123,38,-4.4066,51.2463,,,
123,39,-4.2907,51.2463,,,
123,40,-4.1748,51.2463,,,
123,41,-4.0590,51.2463,,,
123,42,-3.9431,51.2463,,,
123,43,-3.8272,51.2463,,,
123,44,-3.7114,51.2463,,,
123,45,-3.5955,51.2463,,,
123,46,-3.4797,51.2463,,,
123,47,-3.3638,51.2463,,,
123,48,-3.2479,51.2463,,,
123,49,-3.1321,51.2463,,,
123,50,-3.0162,51.2463,,,
123,51,-2.9003,51.2463,Somerset,-3.4,0.0
123,52,-2.7845,51.2463,Somerset,-3.58,0.0
123,53,-2.6686,51.2463,Somerset,-2.65,5.2
123,54,-2.5528,51.2463,Somerset,-3.21,0.0
123,55,-2.4369,51.2463,Somerset,-2.79,3.8
123,56,-2.3210,51.2463,Somerset,-3.53,0.0
123,57,-2.2052,51.2463,Wiltshire,-3.49,0.0
123,58,-2.0893,51.2463,Wiltshire,-3.4,0.0
123,59,-1.9734,51.2463,Wiltshire,-3.4,0.0
123,60,-1.8576,51.2463,Wiltshire,-2.28,8.9
123,61,-1.7417,51.2463,Wiltshire,-2.74,4.3
123,62,-1.6259,51.2463,Wiltshire,-3.95,0.0
123,63,-1.5100,51.2463,Hampshire,-3.77,0.0
123,64,-1.3941,51.2463,Hampshire,-4.23,0.0
123,65,-1.2783,51.2463,Hampshire,-3.77,0.0
123,66,-1.1624,51.2463,Hampshire,-3.63,0.0
123,67,-1.0466,51.2463,Hampshire,-4.05,0.0
123,68,-0.9307,51.2463,Hampshire,-3.53,0.0
123,69,-0.8148,51.2463,Hampshire,-4.23,0.0
123,70,-0.6990,51.2463,Surrey,-4.37,0.0
123,71,-0.5831,51.2463,Surrey,-3.58,0.0
123,72,-0.4672,51.2463,Surrey,-1.86,13.1
123,73,-0.3514,51.2463,Surrey,-3.07,1.1
123,74,-0.2355,51.2463,Surrey,-3.16,0.2
123,75,-0.1197,51.2463,Surrey,-3.95,0.0
123,76,-0.0038,51.2463,Surrey,-3.16,0.2
123,77,0.1121,51.2463,Kent,-4.09,0.0
123,78,0.2279,51.2463,Kent,-4.09,0.0
123,79,0.3438,51.2463,Kent,-3.67,0.0
123,80,0.4597,51.2463,Kent,-4.05,0.0
123,81,0.5755,51.2463,Kent,-3.16,0.2
123,82,0.6914,51.2463,Kent,-3.3,0.0
123,83,0.8072,51.2463,Kent,-3.58,0.0
123,84,0.9231,51.2463,Kent,-2.98,2.0
123,85,1.0390,51.2463,Kent,-2.23,9.4
123,86,1.1548,51.2463,Kent,-2.19,9.8
123,87,1.2707,51.2463,Kent,-2.19,9.8
123,88,1.3865,51.2463,Kent,-2.19,9.8
123,89,1.5024,51.2463,,,
123,90,1.6183,51.2463,,,
123,91,1.7341,51.2463,,,
123,92,1.8500,51.2463,,,
123,93,1.9659,51.2463,,,
124,0,-8.8093,51.1792,,,
124,1,-8.6934,51.1792,,,
124,2,-8.5776,51.1792,,,
124,3,-8.4617,51.1792,,,
124,4,-8.3459,51.1792,,,
124,5,-8.2300,51.1792,,,
124,6,-8.1141,51.1792,,,
124,7,-7.9983,51.1792,,,
124,8,-7.8824,51.1792,,,
124,9,-7.7665,51.1792,,,
124,10,-7.6507,51.1792,,,
124,11,-7.5348,51.1792,,,
124,12,-7.4190,51.1792,,,
124,13,-7.3031,51.1792,,,
124,14,-7.1872,51.1792,,,
124,15,-7.0714,51.1792,,,
124,16,-6.9555,51.1792,,,
124,17,-6.8397,51.1792,,,
124,18,-6.7238,51.1792,,,
124,19,-6.6079,51.1792,,,
124,20,-6.4921,51.1792,,,
124,21,-6.3762,51.1792,,,
124,22,-6.2603,51.1792,,,
124,23,-6.1445,51.1792,,,
124,24,-6.0286,51.1792,,,
124,25,-5.9128,51.1792,,,
124,26,-5.7969,51.1792,,,
124,27,-5.6810,51.1792,,,
124,28,-5.5652,51.1792,,,
124,29,-5.4493,51.1792,,,
124,30,-5.3334,51.1792,,,
124,31,-5.2176,51.1792,,,
124,32,-5.1017,51.1792,,,
124,33,-4.9859,51.1792,,,
124,34,-4.8700,51.1792,,,
124,35,-4.7541,51.1792,,,
124,36,-4.6383,51.1792,,,
124,37,-4.5224,51.1792,,,
124,38,-4.4066,51.1792,,,
124,39,-4.2907,51.1792,,,
124,40,-4.1748,51.1792,Devon,-3.95,0.0
124,41,-4.0590,51.1792,Devon,-3.95,0.0
124,42,-3.9431,51.1792,Devon,-3.16,0.2
124,43,-3.8272,51.1792,Devon,-3.3,0.0
124,44,-3.7114,51.1792,Somerset,-2.74,4.3
124,45,-3.5955,51.1792,Somerset,-2.47,7.0
124,46,-3.4797,51.1792,Somerset,-2.47,7.0
124,47,-3.3638,51.1792,,,
124,48,-3.2479,51.1792,,,
124,49,-3.1321,51.1792,Somerset,-3.63,0.0
124,50,-3.0162,51.1792,Somerset,-3.4,0.0
124,51,-2.9003,51.1792,Somerset,-3.53,0.0
124,52,-2.7845,51.1792,Somerset,-3.72,0.0
124,53,-2.6686,51.1792,Somerset,-3.07,1.1
124,54,-2.5528,51.1792,Somerset,-3.3,0.0
124,55,-2.4369,51.1792,Somerset,-3.4,0.0
124,56,-2.3210,51.1792,Somerset,-3.53,0.0
124,57,-2.2052,51.1792,Wiltshire,-3.4,0.0
124,58,-2.0893,51.1792,Wiltshire,-3.4,0.0
124,59,-1.9734,51.1792,Wiltshire,-3.3,0.0
124,60,-1.8576,51.1792,Wiltshire,-2.42,7.5
124,61,-1.7417,51.1792,Wiltshire,-2.28,8.9
124,62,-1.6259,51.1792,Hampshire,-3.91,0.0
124,63,-1.5100,51.1792,Hampshire,-3.91,0.0
124,64,-1.3941,51.1792,Hampshire,-3.77,0.0
124,65,-1.2783,51.1792,Hampshire,-3.53,0.0
124,66,-1.1624,51.1792,Hampshire,-4.09,0.0
124,67,-1.0466,51.1792,Hampshire,-3.53,0.0
124,68,-0.9307,51.1792,Hampshire,-2.51,6.6
124,69,-0.8148,51.1792,Surrey,-3.58,0.0
124,70,-0.6990,51.1792,Surrey,-3.16,0.2
124,71,-0.5831,51.1792,Surrey,-4.47,0.0
124,72,-0.4672,51.1792,Surrey,-3.07,1.1
124,73,-0.3514,51.1792,Surrey,-2.79,3.8
124,74,-0.2355,51.1792,Surrey,-3.16,0.2
124,75,-0.1197,51.1792,Surrey,-3.53,0.0
124,76,-0.0038,51.1792,Surrey,-3.91,0.0
124,77,0.1121,51.1792,Kent,-4.09,0.0
124,78,0.2279,51.1792,Kent,-3.91,0.0
124,79,0.3438,51.1792,Kent,-4.05,0.0
124,80,0.4597,51.1792,Kent,-3.77,0.0
124,81,0.5755,51.1792,Kent,-3.3,0.0
124,82,0.6914,51.1792,Kent,-3.58,0.0
124,83,0.8072,51.1792,Kent,-2.98,2.0
124,84,0.9231,51.1792,Kent,-2.23,9.4
124,85,1.0390,51.1792,Kent,-2.19,9.8
124,86,1.1548,51.1792,Kent,-2.19,9.8
124,87,1.2707,51.1792,Kent,-2.19,9.8
124,88,1.3865,51.1792,Kent,-2.19,9.8
124,89,1.5024,51.1792,,,
124,90,1.6183,51.1792,,,
124,91,1.7341,51.1792,,,
124,92,1.8500,51.1792,,,
124,93,1.9659,51.1792,,,
125,0,-8.8093,51.1122,,,
125,1,-8.6934,51.1122,,,
125,2,-8.5776,51.1122,,,
125,3,-8.4617,51.1122,,,
125,4,-8.3459,51.1122,,,
125,5,-8.2300,51.1122,,,
125,6,-8.1141,51.1122,,,
125,7,-7.9983,51.1122,,,
125,8,-7.8824,51.1122,,,
125,9,-7.7665,51.1122,,,
125,10,-7.6507,51.1122,,,
125,11,-7.5348,51.1122,,,
125,12,-7.4190,51.1122,,,
125,13,-7.3031,51.1122,,,
125,14,-7.1872,51.1122,,,
125,15,-7.0714,51.1122,,,
125,16,-6.9555,51.1122,,,
125,17,-6.8397,51.1122,,,
125,18,-6.7238,51.1122,,,
125,19,-6.6079,51.1122,,,
125,20,-6.4921,51.1122,,,
125,21,-6.3762,51.1122,,,
125,22,-6.2603,51.1122,,,
125,23,-6.1445,51.1122,,,
125,24,-6.0286,51.1122,,,
125,25,-5.9128,51.1122,,,
125,26,-5.7969,51.1122,,,
125,27,-5.6810,51.1122,,,
125,28,-5.5652,51.1122,,,
125,29,-5.4493,51.1122,,,
125,30,-5.3334,51.1122,,,
125,31,-5.2176,51.1122,,,
125,32,-5.1017,51.1122,,,
125,33,-4.9859,51.1122,,,
125,34,-4.8700,51.1122,,,
125,35,-4.7541,51.1122,,,
125,36,-4.6383,51.1122,,,
125,37,-4.5224,51.1122,,,
125,38,-4.4066,51.1122,,,
125,39,-4.2907,51.1122,,,
125,40,-4.1748,51.1122,Devon,-3.95,0.0
125,41,-4.0590,51.1122,Devon,-3.16,0.2
125,42,-3.9431,51.1122,Devon,-3.3,0.0
125,43,-3.8272,51.1122,Devon,-3.16,0.2
125,44,-3.7114,51.1122,Somerset,-3.16,0.2
125,45,-3.5955,51.1122,Somerset,-2.74,4.3
125,46,-3.4797,51.1122,Somerset,-3.4,0.0
125,47,-3.3638,51.1122,Somerset,-3.16,0.2
125,48,-3.2479,51.1122,Somerset,-3.53,0.0
125,49,-3.1321,51.1122,Somerset,-3.35,0.0
125,50,-3.0162,51.1122,Somerset,-3.16,0.2
125,51,-2.9003,51.1122,Somerset,-3.02,1.6
125,52,-2.7845,51.1122,Somerset,-3.02,1.6
125,53,-2.6686,51.1122,Somerset,-3.02,1.6
125,54,-2.5528,51.1122,Somerset,-3.16,0.2
125,55,-2.4369,51.1122,Somerset,-3.16,0.2
125,56,-2.3210,51.1122,Somerset,-3.4,0.0
125,57,-2.2052,51.1122,Wiltshire,-3.58,0.0
125,58,-2.0893,51.1122,Wiltshire,-3.58,0.0
125,59,-1.9734,51.1122,Wiltshire,-2.65,5.2
125,60,-1.8576,51.1122,Wiltshire,-3.21,0.0
125,61,-1.7417,51.1122,Wiltshire,-3.02,1.6
125,62,-1.6259,51.1122,Hampshire,-3.67,0.0
125,63,-1.5100,51.1122,Hampshire,-3.4,0.0
125,64,-1.3941,51.1122,Hampshire,-4.09,0.0
125,65,-1.2783,51.1122,Hampshire,-3.77,0.0
125,66,-1.1624,51.1122,Hampshire,-4.09,0.0
125,67,-1.0466,51.1122,Hampshire,-2.47,7.0
125,68,-0.9307,51.1122,Hampshire,-2.47,7.0
125,69,-0.8148,51.1122,Hampshire,-2.79,3.8
125,70,-0.6990,51.1122,Surrey,-3.21,0.0
125,71,-0.5831,51.1122,Surrey,-3.16,0.2
125,72,-0.4672,51.1122,Surrey,-2.79,3.8
125,73,-0.3514,51.1122,Surrey,-2.47,7.0
125,74,-0.2355,51.1122,Sussex,-2.88,3.0
125,75,-0.1197,51.1122,Sussex,-3.58,0.0
125,76,-0.0038,51.1122,Sussex,-3.16,0.2
125,77,0.1121,51.1122,Sussex,-3.16,0.2
125,78,0.2279,51.1122,Kent,-3.67,0.0
125,79,0.3438,51.1122,Kent,-4.09,0.0
125,80,0.4597,51.1122,Kent,-2.79,3.8
125,81,0.5755,51.1122,Kent,-3.3,0.0
125,82,0.6914,51.1122,Kent,-3.58,0.0
125,83,0.8072,51.1122,Kent,-3.02,1.6
125,84,0.9231,51.1122,Kent,-2.37,8.0
125,85,1.0390,51.1122,Kent,-2.19,9.8
125,86,1.1548,51.1122,Kent,-2.19,9.8
125,87,1.2707,51.1122,Kent,-2.19,9.8
125,88,1.3865,51.1122,,,
125,89,1.5024,51.1122,,,
125,90,1.6183,51.1122,,,
125,91,1.7341,51.1122,,,
125,92,1.8500,51.1122,,,
125,93,1.9659,51.1122,,,
126,0,-8.8093,51.0451,,,
126,1,-8.6934,51.0451,,,
126,2,-8.5776,51.0451,,,
126,3,-8.4617,51.0451,,,
126,4,-8.3459,51.0451,,,
126,5,-8.2300,51.0451,,,
126,6,-8.1141,51.0451,,,
126,7,-7.9983,51.0451,,,
126,8,-7.8824,51.0451,,,
126,9,-7.7665,51.0451,,,
126,10,-7.6507,51.0451,,,
126,11,-7.5348,51.0451,,,
126,12,-7.4190,51.0451,,,
126,13,-7.3031,51.0451,,,
126,14,-7.1872,51.0451,,,
126,15,-7.0714,51.0451,,,
126,16,-6.9555,51.0451,,,
126,17,-6.8397,51.0451,,,
126,18,-6.7238,51.0451,,,
126,19,-6.6079,51.0451,,,
126,20,-6.4921,51.0451,,,
126,21,-6.3762,51.0451,,,
126,22,-6.2603,51.0451,,,
126,23,-6.1445,51.0451,,,
126,24,-6.0286,51.0451,,,
126,25,-5.9128,51.0451,,,
126,26,-5.7969,51.0451,,,
126,27,-5.6810,51.0451,,,
126,28,-5.5652,51.0451,,,
126,29,-5.4493,51.0451,,,
126,30,-5.3334,51.0451,,,
126,31,-5.2176,51.0451,,,
126,32,-5.1017,51.0451,,,
126,33,-4.9859,51.0451,,,
126,34,-4.8700,51.0451,,,
126,35,-4.7541,51.0451,,,
126,36,-4.6383,51.0451,,,
126,37,-4.5224,51.0451,,,
126,38,-4.4066,51.0451,,,
126,39,-4.2907,51.0451,,,
126,40,-4.1748,51.0451,Devon,-3.53,0.0
126,41,-4.0590,51.0451,Devon,-3.53,0.0
126,42,-3.9431,51.0451,Devon,-3.58,0.0
126,43,-3.8272,51.0451,Devon,-2.51,6.6
126,44,-3.7114,51.0451,Devon,-3.3,0.0
126,45,-3.5955,51.0451,Somerset,-3.95,0.0
126,46,-3.4797,51.0451,Somerset,-2.79,3.8
126,47,-3.3638,51.0451,Somerset,-3.58,0.0
126,48,-3.2479,51.0451,Somerset,-3.21,0.0
126,49,-3.1321,51.0451,Somerset,-3.49,0.0
126,50,-3.0162,51.0451,Somerset,-2.47,7.0
126,51,-2.9003,51.0451,Somerset,-3.02,1.6
126,52,-2.7845,51.0451,Somerset,-3.16,0.2
126,53,-2.6686,51.0451,Somerset,-3.07,1.1
126,54,-2.5528,51.0451,Somerset,-3.35,0.0
126,55,-2.4369,51.0451,Somerset,-3.16,0.2
126,56,-2.3210,51.0451,Dorset,-3.72,0.0
126,57,-2.2052,51.0451,Wiltshire,-3.07,1.1
126,58,-2.0893,51.0451,Wiltshire,-2.47,7.0
126,59,-1.9734,51.0451,Wiltshire,-2.74,4.3
126,60,-1.8576,51.0451,Wiltshire,-2.65,5.2
126,61,-1.7417,51.0451,Wiltshire,-2.88,3.0
126,62,-1.6259,51.0451,Wiltshire,-3.49,0.0
126,63,-1.5100,51.0451,Hampshire,-3.02,1.6
126,64,-1.3941,51.0451,Hampshire,-4.09,0.0
126,65,-1.2783,51.0451,Hampshire,-4.23,0.0
126,66,-1.1624,51.0451,Hampshire,-3.49,0.0
126,67,-1.0466,51.0451,Hampshire,-2.23,9.4
126,68,-0.9307,51.0451,Hampshire,-2.23,9.4
126,69,-0.8148,51.0451,Sussex,-2.65,5.2
126,70,-0.6990,51.0451,Sussex,-3.95,0.0
126,71,-0.5831,51.0451,Sussex,-3.02,1.6
126,72,-0.4672,51.0451,Sussex,-1.53,16.3
126,73,-0.3514,51.0451,Sussex,-2.37,8.0
126,74,-0.2355,51.0451,Sussex,-2.47,7.0
126,75,-0.1197,51.0451,Sussex,-3.91,0.0
126,76,-0.0038,51.0451,Sussex,-2.65,5.2
126,77,0.1121,51.0451,Sussex,-3.53,0.0
126,78,0.2279,51.0451,Sussex,-3.77,0.0
126,79,0.3438,51.0451,Sussex,-3.4,0.0
126,80,0.4597,51.0451,Sussex,-3.72,0.0
126,81,0.5755,51.0451,Kent,-4.56,0.0
126,82,0.6914,51.0451,Kent,-2.79,3.8
126,83,0.8072,51.0451,Kent,-3.02,1.6
126,84,0.9231,51.0451,Kent,-3.07,1.1
126,85,1.0390,51.0451,Kent,nan,nan
126,86,1.1548,51.0451,,,
126,87,1.2707,51.0451,,,
126,88,1.3865,51.0451,,,
126,89,1.5024,51.0451,,,
126,90,1.6183,51.0451,,,
126,91,1.7341,51.0451,,,
126,92,1.8500,51.0451,,,
126,93,1.9659,51.0451,,,
127,0,-8.8093,50.9780,,,
127,1,-8.6934,50.9780,,,
127,2,-8.5776,50.9780,,,
127,3,-8.4617,50.9780,,,
127,4,-8.3459,50.9780,,,
127,5,-8.2300,50.9780,,,
127,6,-8.1141,50.9780,,,
127,7,-7.9983,50.9780,,,
127,8,-7.8824,50.9780,,,
127,9,-7.7665,50.9780,,,
127,10,-7.6507,50.9780,,,
127,11,-7.5348,50.9780,,,
127,12,-7.4190,50.9780,,,
127,13,-7.3031,50.9780,,,
127,14,-7.1872,50.9780,,,
127,15,-7.0714,50.9780,,,
127,16,-6.9555,50.9780,,,
127,17,-6.8397,50.9780,,,
127,18,-6.7238,50.9780,,,
127,19,-6.6079,50.9780,,,
127,20,-6.4921,50.9780,,,
127,21,-6.3762,50.9780,,,
127,22,-6.2603,50.9780,,,
127,23,-6.1445,50.9780,,,
127,24,-6.0286,50.9780,,,
127,25,-5.9128,50.9780,,,
127,26,-5.7969,50.9780,,,
127,27,-5.6810,50.9780,,,
127,28,-5.5652,50.9780,,,
127,29,-5.4493,50.9780,,,
127,30,-5.3334,50.9780,,,
127,31,-5.2176,50.9780,,,
127,32,-5.1017,50.9780,,,
127,33,-4.9859,50.9780,,,
127,34,-4.8700,50.9780,,,
127,35,-4.7541,50.9780,,,
127,36,-4.6383,50.9780,,,
127,37,-4.5224,50.9780,,,
127,38,-4.4066,50.9780,Devon,-2.65,5.2
127,39,-4.2907,50.9780,Devon,-3.72,0.0
127,40,-4.1748,50.9780,Devon,-3.53,0.0
127,41,-4.0590,50.9780,Devon,-3.58,0.0
127,42,-3.9431,50.9780,Devon,-3.53,0.0
127,43,-3.8272,50.9780,Devon,-3.16,0.2
127,44,-3.7114,50.9780,Devon,-3.3,0.0
127,45,-3.5955,50.9780,Devon,-3.58,0.0
127,46,-3.4797,50.9780,Devon,-3.3,0.0
127,47,-3.3638,50.9780,Devon,-3.4,0.0
127,48,-3.2479,50.9780,Somerset,-3.02,1.6
127,49,-3.1321,50.9780,Somerset,-2.84,3.4
127,50,-3.0162,50.9780,Somerset,-2.88,3.0
127,51,-2.9003,50.9780,Somerset,-3.02,1.6
127,52,-2.7845,50.9780,Somerset,-3.07,1.1
127,53,-2.6686,50.9780,Somerset,-3.21,0.0
127,54,-2.5528,50.9780,Somerset,-3.07,1.1
127,55,-2.4369,50.9780,Somerset,-3.16,0.2
127,56,-2.3210,50.9780,Dorset,-3.53,0.0
127,57,-2.2052,50.9780,Dorset,-3.53,0.0
127,58,-2.0893,50.9780,Wiltshire,-2.51,6.6
127,59,-1.9734,50.9780,Wiltshire,-2.65,5.2
127,60,-1.8576,50.9780,Wiltshire,-3.02,1.6
127,61,-1.7417,50.9780,Wiltshire,-2.98,2.0
127,62,-1.6259,50.9780,Wiltshire,-3.02,1.6
127,63,-1.5100,50.9780,Hampshire,-4.23,0.0
127,64,-1.3941,50.9780,Hampshire,-4.28,0.0
127,65,-1.2783,50.9780,Hampshire,-3.21,0.0
127,66,-1.1624,50.9780,Hampshire,-3.53,0.0
127,67,-1.0466,50.9780,Hampshire,-3.58,0.0
127,68,-0.9307,50.9780,Hampshire,-3.21,0.0
127,69,-0.8148,50.9780,Sussex,-2.65,5.2
127,70,-0.6990,50.9780,Sussex,-3.53,0.0
127,71,-0.5831,50.9780,Sussex,-2.88,3.0
127,72,-0.4672,50.9780,Sussex,-1.81,13.5
127,73,-0.3514,50.9780,Sussex,-1.67,14.9
127,74,-0.2355,50.9780,Sussex,-2.19,9.8
127,75,-0.1197,50.9780,Sussex,-2.09,10.8
127,76,-0.0038,50.9780,Sussex,-3.16,0.2
127,77,0.1121,50.9780,Sussex,-3.67,0.0
127,78,0.2279,50.9780,Sussex,-3.67,0.0
127,79,0.3438,50.9780,Sussex,-3.63,0.0
127,80,0.4597,50.9780,Sussex,-3.21,0.0
127,81,0.5755,50.9780,Sussex,-3.3,0.0
127,82,0.6914,50.9780,Sussex,-3.3,0.0
127,83,0.8072,50.9780,Kent,-2.79,3.8
127,84,0.9231,50.9780,Kent,-2.74,4.3
127,85,1.0390,50.9780,,,
127,86,1.1548,50.9780,,,
127,87,1.2707,50.9780,,,
127,88,1.3865,50.9780,,,
127,89,1.5024,50.9780,,,
127,90,1.6183,50.9780,,,
127,91,1.7341,50.9780,,,
127,92,1.8500,50.9780,,,
127,93,1.9659,50.9780,,,
128,0,-8.8093,50.9110,,,
128,1,-8.6934,50.9110,,,
128,2,-8.5776,50.9110,,,
128,3,-8.4617,50.9110,,,
128,4,-8.3459,50.9110,,,
128,5,-8.2300,50.9110,,,
128,6,-8.1141,50.9110,,,
128,7,-7.9983,50.9110,,,
128,8,-7.8824,50.9110,,,
128,9,-7.7665,50.9110,,,
128,10,-7.6507,50.9110,,,
128,11,-7.5348,50.9110,,,
128,12,-7.4190,50.9110,,,
128,13,-7.3031,50.9110,,,
128,14,-7.1872,50.9110,,,
128,15,-7.0714,50.9110,,,
128,16,-6.9555,50.9110,,,
128,17,-6.8397,50.9110,,,
128,18,-6.7238,50.9110,,,
128,19,-6.6079,50.9110,,,
128,20,-6.4921,50.9110,,,
128,21,-6.3762,50.9110,,,
128,22,-6.2603,50.9110,,,
128,23,-6.1445,50.9110,,,
128,24,-6.0286,50.9110,,,
128,25,-5.9128,50.9110,,,
128,26,-5.7969,50.9110,,,
128,27,-5.6810,50.9110,,,
128,28,-5.5652,50.9110,,,
128,29,-5.4493,50.9110,,,
128,30,-5.3334,50.9110,,,
128,31,-5.2176,50.9110,,,
128,32,-5.1017,50.9110,,,
128,33,-4.9859,50.9110,,,
128,34,-4.8700,50.9110,,,
128,35,-4.7541,50.9110,,,
128,36,-4.6383,50.9110,,,
128,37,-4.5224,50.9110,,,
128,38,-4.4066,50.9110,Devon,-3.49,0.0
128,39,-4.2907,50.9110,Devon,-3.4,0.0
128,40,-4.1748,50.9110,Devon,-3.02,1.6
128,41,-4.0590,50.9110,Devon,-3.21,0.0
128,42,-3.9431,50.9110,Devon,-3.16,0.2
128,43,-3.8272,50.9110,Devon,-3.16,0.2
128,44,-3.7114,50.9110,Devon,-3.4,0.0
128,45,-3.5955,50.9110,Devon,-3.16,0.2
128,46,-3.4797,50.9110,Devon,-3.53,0.0
128,47,-3.3638,50.9110,Devon,-2.47,7.0
128,48,-3.2479,50.9110,Devon,-3.02,1.6
128,49,-3.1321,50.9110,Devon,-2.47,7.0
128,50,-3.0162,50.9110,Somerset,-2.88,3.0
128,51,-2.9003,50.9110,Somerset,-3.07,1.1
128,52,-2.7845,50.9110,Somerset,-3.07,1.1
128,53,-2.6686,50.9110,Somerset,-3.16,0.2
128,54,-2.5528,50.9110,Dorset,-3.49,0.0
128,55,-2.4369,50.9110,Dorset,-2.88,3.0
128,56,-2.3210,50.9110,Dorset,-3.3,0.0
128,57,-2.2052,50.9110,Dorset,-3.91,0.0
128,58,-2.0893,50.9110,Dorset,-3.16,0.2
128,59,-1.9734,50.9110,Dorset,-3.53,0.0
128,60,-1.8576,50.9110,Dorset,-3.02,1.6
128,61,-1.7417,50.9110,Hampshire,-3.67,0.0
128,62,-1.6259,50.9110,Hampshire,-4.09,0.0
128,63,-1.5100,50.9110,Hampshire,-4.05,0.0
128,64,-1.3941,50.9110,Hampshire,-3.91,0.0
128,65,-1.2783,50.9110,Hampshire,-3.49,0.0
128,66,-1.1624,50.9110,Hampshire,-3.53,0.0
128,67,-1.0466,50.9110,Hampshire,-2.79,3.8
128,68,-0.9307,50.9110,Hampshire,-3.49,0.0
128,69,-0.8148,50.9110,Sussex,-3.58,0.0
128,70,-0.6990,50.9110,Sussex,-3.02,1.6
128,71,-0.5831,50.9110,Sussex,-3.02,1.6
128,72,-0.4672,50.9110,Sussex,-1.81,13.5
128,73,-0.3514,50.9110,Sussex,-1.67,14.9
128,74,-0.2355,50.9110,Sussex,-2.0,11.7
128,75,-0.1197,50.9110,Sussex,-2.84,3.4
128,76,-0.0038,50.9110,Sussex,-3.58,0.0
128,77,0.1121,50.9110,Sussex,-3.58,0.0
128,78,0.2279,50.9110,Sussex,-3.72,0.0
128,79,0.3438,50.9110,Sussex,-3.72,0.0
128,80,0.4597,50.9110,Sussex,-2.88,3.0
128,81,0.5755,50.9110,Sussex,-2.88,3.0
128,82,0.6914,50.9110,Sussex,-3.3,0.0
128,83,0.8072,50.9110,,,
128,84,0.9231,50.9110,,,
128,85,1.0390,50.9110,,,
128,86,1.1548,50.9110,,,
128,87,1.2707,50.9110,,,
128,88,1.3865,50.9110,,,
128,89,1.5024,50.9110,,,
128,90,1.6183,50.9110,,,
128,91,1.7341,50.9110,,,
128,92,1.8500,50.9110,,,
128,93,1.9659,50.9110,,,
129,0,-8.8093,50.8439,,,
129,1,-8.6934,50.8439,,,
129,2,-8.5776,50.8439,,,
129,3,-8.4617,50.8439,,,
129,4,-8.3459,50.8439,,,
129,5,-8.2300,50.8439,,,
129,6,-8.1141,50.8439,,,
129,7,-7.9983,50.8439,,,
129,8,-7.8824,50.8439,,,
129,9,-7.7665,50.8439,,,
129,10,-7.6507,50.8439,,,
129,11,-7.5348,50.8439,,,
129,12,-7.4190,50.8439,,,
129,13,-7.3031,50.8439,,,
129,14,-7.1872,50.8439,,,
129,15,-7.0714,50.8439,,,
129,16,-6.9555,50.8439,,,
129,17,-6.8397,50.8439,,,
129,18,-6.7238,50.8439,,,
129,19,-6.6079,50.8439,,,
129,20,-6.4921,50.8439,,,
129,21,-6.3762,50.8439,,,
129,22,-6.2603,50.8439,,,
129,23,-6.1445,50.8439,,,
129,24,-6.0286,50.8439,,,
129,25,-5.9128,50.8439,,,
129,26,-5.7969,50.8439,,,
129,27,-5.6810,50.8439,,,
129,28,-5.5652,50.8439,,,
129,29,-5.4493,50.8439,,,
129,30,-5.3334,50.8439,,,
129,31,-5.2176,50.8439,,,
129,32,-5.1017,50.8439,,,
129,33,-4.9859,50.8439,,,
129,34,-4.8700,50.8439,,,
129,35,-4.7541,50.8439,,,
129,36,-4.6383,50.8439,,,
129,37,-4.5224,50.8439,Cornwall,-3.53,0.0
129,38,-4.4066,50.8439,Devon,-3.49,0.0
129,39,-4.2907,50.8439,Devon,-3.4,0.0
129,40,-4.1748,50.8439,Devon,-2.47,7.0
129,41,-4.0590,50.8439,Devon,-3.02,1.6
129,42,-3.9431,50.8439,Devon,-3.07,1.1
129,43,-3.8272,50.8439,Devon,-3.21,0.0
129,44,-3.7114,50.8439,Devon,-2.74,4.3
129,45,-3.5955,50.8439,Devon,-2.79,3.8
129,46,-3.4797,50.8439,Devon,-3.02,1.6
129,47,-3.3638,50.8439,Devon,-3.02,1.6
129,48,-3.2479,50.8439,Devon,-1.86,13.1
129,49,-3.1321,50.8439,Devon,-1.86,13.1
129,50,-3.0162,50.8439,Devon,-3.02,1.6
129,51,-2.9003,50.8439,Somerset,-2.84,3.4
129,52,-2.7845,50.8439,Dorset,-3.07,1.1
129,53,-2.6686,50.8439,Dorset,-3.53,0.0
129,54,-2.5528,50.8439,Dorset,-2.79,3.8
129,55,-2.4369,50.8439,Dorset,-2.88,3.0
129,56,-2.3210,50.8439,Dorset,-3.58,0.0
129,57,-2.2052,50.8439,Dorset,-3.16,0.2
129,58,-2.0893,50.8439,Dorset,-3.16,0.2
129,59,-1.9734,50.8439,Dorset,-3.21,0.0
129,60,-1.8576,50.8439,Dorset,-2.23,9.4
129,61,-1.7417,50.8439,Hampshire,-3.91,0.0
129,62,-1.6259,50.8439,Hampshire,-3.91,0.0
129,63,-1.5100,50.8439,Hampshire,-4.23,0.0
129,64,-1.3941,50.8439,Hampshire,-4.09,0.0
129,65,-1.2783,50.8439,Hampshire,-3.77,0.0
129,66,-1.1624,50.8439,Hampshire,-3.67,0.0
129,67,-1.0466,50.8439,Hampshire,-2.79,3.8
129,68,-0.9307,50.8439,Hampshire,-3.16,0.2
129,69,-0.8148,50.8439,Sussex,-3.95,0.0
129,70,-0.6990,50.8439,Sussex,-2.47,7.0
129,71,-0.5831,50.8439,Sussex,-2.19,9.8
129,72,-0.4672,50.8439,Sussex,-2.19,9.8
129,73,-0.3514,50.8439,Sussex,-2.37,8.0
129,74,-0.2355,50.8439,Sussex,-2.42,7.5
129,75,-0.1197,50.8439,Sussex,-2.74,4.3
129,76,-0.0038,50.8439,Sussex,-3.77,0.0
129,77,0.1121,50.8439,Sussex,-3.95,0.0
129,78,0.2279,50.8439,Sussex,-3.95,0.0
129,79,0.3438,50.8439,Sussex,-3.63,0.0
129,80,0.4597,50.8439,Sussex,-2.47,7.0
129,81,0.5755,50.8439,,,
129,82,0.6914,50.8439,,,
129,83,0.8072,50.8439,,,
129,84,0.9231,50.8439,,,
129,85,1.0390,50.8439,,,
129,86,1.1548,50.8439,,,
129,87,1.2707,50.8439,,,
129,88,1.3865,50.8439,,,
129,89,1.5024,50.8439,,,
129,90,1.6183,50.8439,,,
129,91,1.7341,50.8439,,,
129,92,1.8500,50.8439,,,
129,93,1.9659,50.8439,,,
130,0,-8.8093,50.7768,,,
130,1,-8.6934,50.7768,,,
130,2,-8.5776,50.7768,,,
130,3,-8.4617,50.7768,,,
130,4,-8.3459,50.7768,,,
130,5,-8.2300,50.7768,,,
130,6,-8.1141,50.7768,,,
130,7,-7.9983,50.7768,,,
130,8,-7.8824,50.7768,,,
130,9,-7.7665,50.7768,,,
130,10,-7.6507,50.7768,,,
130,11,-7.5348,50.7768,,,
130,12,-7.4190,50.7768,,,
130,13,-7.3031,50.7768,,,
130,14,-7.1872,50.7768,,,
130,15,-7.0714,50.7768,,,
130,16,-6.9555,50.7768,,,
130,17,-6.8397,50.7768,,,
130,18,-6.7238,50.7768,,,
130,19,-6.6079,50.7768,,,
130,20,-6.4921,50.7768,,,
130,21,-6.3762,50.7768,,,
130,22,-6.2603,50.7768,,,
130,23,-6.1445,50.7768,,,
130,24,-6.0286,50.7768,,,
130,25,-5.9128,50.7768,,,
130,26,-5.7969,50.7768,,,
130,27,-5.6810,50.7768,,,
130,28,-5.5652,50.7768,,,
130,29,-5.4493,50.7768,,,
130,30,-5.3334,50.7768,,,
130,31,-5.2176,50.7768,,,
130,32,-5.1017,50.7768,,,
130,33,-4.9859,50.7768,,,
130,34,-4.8700,50.7768,,,
130,35,-4.7541,50.7768,,,
130,36,-4.6383,50.7768,,,
130,37,-4.5224,50.7768,Cornwall,-3.02,1.6
130,38,-4.4066,50.7768,Devon,-3.72,0.0
130,39,-4.2907,50.7768,Devon,-2.84,3.4
130,40,-4.1748,50.7768,Devon,-2.84,3.4
130,41,-4.0590,50.7768,Devon,-2.84,3.4
130,42,-3.9431,50.7768,Devon,-3.58,0.0
130,43,-3.8272,50.7768,Devon,-3.72,0.0
130,44,-3.7114,50.7768,Devon,-2.79,3.8
130,45,-3.5955,50.7768,Devon,-2.79,3.8
130,46,-3.4797,50.7768,Devon,-3.02,1.6
130,47,-3.3638,50.7768,Devon,-2.79,3.8
130,48,-3.2479,50.7768,Devon,-2.09,10.8
130,49,-3.1321,50.7768,Devon,-2.65,5.2
130,50,-3.0162,50.7768,Devon,-2.37,8.0
130,51,-2.9003,50.7768,Dorset,-3.02,1.6
130,52,-2.7845,50.7768,Dorset,-3.07,1.1
130,53,-2.6686,50.7768,Dorset,-3.07,1.1
130,54,-2.5528,50.7768,Dorset,-3.3,0.0
130,55,-2.4369,50.7768,Dorset,-4.23,0.0
130,56,-2.3210,50.7768,Dorset,-3.16,0.2
130,57,-2.2052,50.7768,Dorset,-3.16,0.2
130,58,-2.0893,50.7768,Dorset,-3.53,0.0
130,59,-1.9734,50.7768,Dorset,-3.77,0.0
130,60,-1.8576,50.7768,Dorset,-3.02,1.6
130,61,-1.7417,50.7768,Hampshire,-3.35,0.0
130,62,-1.6259,50.7768,Hampshire,-3.63,0.0
130,63,-1.5100,50.7768,Hampshire,-3.67,0.0
130,64,-1.3941,50.7768,Hampshire,-3.3,0.0
130,65,-1.2783,50.7768,,,
130,66,-1.1624,50.7768,,,
130,67,-1.0466,50.7768,,,
130,68,-0.9307,50.7768,,,
130,69,-0.8148,50.7768,Sussex,-3.53,0.0
130,70,-0.6990,50.7768,Sussex,nan,nan
130,71,-0.5831,50.7768,,,
130,72,-0.4672,50.7768,,,
130,73,-0.3514,50.7768,,,
130,74,-0.2355,50.7768,,,
130,75,-0.1197,50.7768,,,
130,76,-0.0038,50.7768,,,
130,77,0.1121,50.7768,Sussex,-3.91,0.0
130,78,0.2279,50.7768,Sussex,-3.72,0.0
130,79,0.3438,50.7768,,,
130,80,0.4597,50.7768,,,
130,81,0.5755,50.7768,,,
130,82,0.6914,50.7768,,,
130,83,0.8072,50.7768,,,
130,84,0.9231,50.7768,,,
130,85,1.0390,50.7768,,,
130,86,1.1548,50.7768,,,
130,87,1.2707,50.7768,,,
130,88,1.3865,50.7768,,,
130,89,1.5024,50.7768,,,
130,90,1.6183,50.7768,,,
130,91,1.7341,50.7768,,,
130,92,1.8500,50.7768,,,
130,93,1.9659,50.7768,,,
131,0,-8.8093,50.7098,,,
131,1,-8.6934,50.7098,,,
131,2,-8.5776,50.7098,,,
131,3,-8.4617,50.7098,,,
131,4,-8.3459,50.7098,,,
131,5,-8.2300,50.7098,,,
131,6,-8.1141,50.7098,,,
131,7,-7.9983,50.7098,,,
131,8,-7.8824,50.7098,,,
131,9,-7.7665,50.7098,,,
131,10,-7.6507,50.7098,,,
131,11,-7.5348,50.7098,,,
131,12,-7.4190,50.7098,,,
131,13,-7.3031,50.7098,,,
131,14,-7.1872,50.7098,,,
131,15,-7.0714,50.7098,,,
131,16,-6.9555,50.7098,,,
131,17,-6.8397,50.7098,,,
131,18,-6.7238,50.7098,,,
131,19,-6.6079,50.7098,,,
131,20,-6.4921,50.7098,,,
131,21,-6.3762,50.7098,,,
131,22,-6.2603,50.7098,,,
131,23,-6.1445,50.7098,,,
131,24,-6.0286,50.7098,,,
131,25,-5.9128,50.7098,,,
131,26,-5.7969,50.7098,,,
131,27,-5.6810,50.7098,,,
131,28,-5.5652,50.7098,,,
131,29,-5.4493,50.7098,,,
131,30,-5.3334,50.7098,,,
131,31,-5.2176,50.7098,,,
131,32,-5.1017,50.7098,,,
131,33,-4.9859,50.7098,,,
131,34,-4.8700,50.7098,,,
131,35,-4.7541,50.7098,,,
131,36,-4.6383,50.7098,Cornwall,-2.47,7.0
131,37,-4.5224,50.7098,Cornwall,-2.98,2.0
131,38,-4.4066,50.7098,Cornwall,-2.51,6.6
131,39,-4.2907,50.7098,Devon,-2.84,3.4
131,40,-4.1748,50.7098,Devon,-2.84,3.4
131,41,-4.0590,50.7098,Devon,-2.84,3.4
131,42,-3.9431,50.7098,Devon,-3.21,0.0
131,43,-3.8272,50.7098,Devon,-3.21,0.0
131,44,-3.7114,50.7098,Devon,-3.35,0.0
131,45,-3.5955,50.7098,Devon,-2.47,7.0
131,46,-3.4797,50.7098,Devon,-2.65,5.2
131,47,-3.3638,50.7098,Devon,-2.09,10.8
131,48,-3.2479,50.7098,Devon,-1.81,13.5
131,49,-3.1321,50.7098,Devon,-2.65,5.2
131,50,-3.0162,50.7098,Devon,-2.98,2.0
131,51,-2.9003,50.7098,,,
131,52,-2.7845,50.7098,Dorset,nan,nan
131,53,-2.6686,50.7098,Dorset,-3.67,0.0
131,54,-2.5528,50.7098,Dorset,-3.91,0.0
131,55,-2.4369,50.7098,Dorset,-3.53,0.0
131,56,-2.3210,50.7098,Dorset,-3.58,0.0
131,57,-2.2052,50.7098,Dorset,-3.58,0.0
131,58,-2.0893,50.7098,Dorset,-3.67,0.0
131,59,-1.9734,50.7098,Dorset,-3.21,0.0
131,60,-1.8576,50.7098,,,
131,61,-1.7417,50.7098,,,
131,62,-1.6259,50.7098,,,
131,63,-1.5100,50.7098,,,
131,64,-1.3941,50.7098,Hampshire,-4.05,0.0
131,65,-1.2783,50.7098,Hampshire,-3.72,0.0
131,66,-1.1624,50.7098,Hampshire,-3.35,0.0
131,67,-1.0466,50.7098,,,
131,68,-0.9307,50.7098,,,
131,69,-0.8148,50.7098,,,
131,70,-0.6990,50.7098,,,
131,71,-0.5831,50.7098,,,
131,72,-0.4672,50.7098,,,
131,73,-0.3514,50.7098,,,
131,74,-0.2355,50.7098,,,
131,75,-0.1197,50.7098,,,
131,76,-0.0038,50.7098,,,
131,77,0.1121,50.7098,,,
131,78,0.2279,50.7098,,,
131,79,0.3438,50.7098,,,
131,80,0.4597,50.7098,,,
131,81,0.5755,50.7098,,,
131,82,0.6914,50.7098,,,
131,83,0.8072,50.7098,,,
131,84,0.9231,50.7098,,,
131,85,1.0390,50.7098,,,
131,86,1.1548,50.7098,,,
131,87,1.2707,50.7098,,,
131,88,1.3865,50.7098,,,
131,89,1.5024,50.7098,,,
131,90,1.6183,50.7098,,,
131,91,1.7341,50.7098,,,
131,92,1.8500,50.7098,,,
131,93,1.9659,50.7098,,,
132,0,-8.8093,50.6427,,,
132,1,-8.6934,50.6427,,,
132,2,-8.5776,50.6427,,,
132,3,-8.4617,50.6427,,,
132,4,-8.3459,50.6427,,,
132,5,-8.2300,50.6427,,,
132,6,-8.1141,50.6427,,,
132,7,-7.9983,50.6427,,,
132,8,-7.8824,50.6427,,,
132,9,-7.7665,50.6427,,,
132,10,-7.6507,50.6427,,,
132,11,-7.5348,50.6427,,,
132,12,-7.4190,50.6427,,,
132,13,-7.3031,50.6427,,,
132,14,-7.1872,50.6427,,,
132,15,-7.0714,50.6427,,,
132,16,-6.9555,50.6427,,,
132,17,-6.8397,50.6427,,,
132,18,-6.7238,50.6427,,,
132,19,-6.6079,50.6427,,,
132,20,-6.4921,50.6427,,,
132,21,-6.3762,50.6427,,,
132,22,-6.2603,50.6427,,,
132,23,-6.1445,50.6427,,,
132,24,-6.0286,50.6427,,,
132,25,-5.9128,50.6427,,,
132,26,-5.7969,50.6427,,,
132,27,-5.6810,50.6427,,,
132,28,-5.5652,50.6427,,,
132,29,-5.4493,50.6427,,,
132,30,-5.3334,50.6427,,,
132,31,-5.2176,50.6427,,,
132,32,-5.1017,50.6427,,,
132,33,-4.9859,50.6427,,,
132,34,-4.8700,50.6427,,,
132,35,-4.7541,50.6427,,,
132,36,-4.6383,50.6427,Cornwall,-3.02,1.6
132,37,-4.5224,50.6427,Cornwall,-3.02,1.6
132,38,-4.4066,50.6427,Cornwall,-3.02,1.6
132,39,-4.2907,50.6427,Devon,-3.02,1.6
132,40,-4.1748,50.6427,Devon,-2.28,8.9
132,41,-4.0590,50.6427,Devon,-3.16,0.2
132,42,-3.9431,50.6427,Devon,-2.84,3.4
132,43,-3.8272,50.6427,Devon,-3.02,1.6
132,44,-3.7114,50.6427,Devon,-2.47,7.0
132,45,-3.5955,50.6427,Devon,-2.84,3.4
132,46,-3.4797,50.6427,Devon,-2.79,3.8
132,47,-3.3638,50.6427,Devon,-1.67,14.9
132,48,-3.2479,50.6427,,,
132,49,-3.1321,50.6427,,,
132,50,-3.0162,50.6427,,,
132,51,-2.9003,50.6427,,,
132,52,-2.7845,50.6427,,,
132,53,-2.6686,50.6427,,,
132,54,-2.5528,50.6427,Dorset,-4.09,0.0
132,55,-2.4369,50.6427,Dorset,-4.05,0.0
132,56,-2.3210,50.6427,Dorset,-3.95,0.0
132,57,-2.2052,50.6427,Dorset,-3.4,0.0
132,58,-2.0893,50.6427,Dorset,-3.3,0.0
132,59,-1.9734,50.6427,Dorset,-3.3,0.0
132,60,-1.8576,50.6427,,,
132,61,-1.7417,50.6427,,,
132,62,-1.6259,50.6427,,,
132,63,-1.5100,50.6427,,,
132,64,-1.3941,50.6427,Hampshire,-3.21,0.0
132,65,-1.2783,50.6427,Hampshire,-3.4,0.0
132,66,-1.1624,50.6427,Hampshire,nan,nan
132,67,-1.0466,50.6427,,,
132,68,-0.9307,50.6427,,,
132,69,-0.8148,50.6427,,,
132,70,-0.6990,50.6427,,,
132,71,-0.5831,50.6427,,,
132,72,-0.4672,50.6427,,,
132,73,-0.3514,50.6427,,,
132,74,-0.2355,50.6427,,,
132,75,-0.1197,50.6427,,,
132,76,-0.0038,50.6427,,,
132,77,0.1121,50.6427,,,
132,78,0.2279,50.6427,,,
132,79,0.3438,50.6427,,,
132,80,0.4597,50.6427,,,
132,81,0.5755,50.6427,,,
132,82,0.6914,50.6427,,,
132,83,0.8072,50.6427,,,
132,84,0.9231,50.6427,,,
132,85,1.0390,50.6427,,,
132,86,1.1548,50.6427,,,
132,87,1.2707,50.6427,,,
132,88,1.3865,50.6427,,,
132,89,1.5024,50.6427,,,
132,90,1.6183,50.6427,,,
132,91,1.7341,50.6427,,,
132,92,1.8500,50.6427,,,
132,93,1.9659,50.6427,,,
133,0,-8.8093,50.5756,,,
133,1,-8.6934,50.5756,,,
133,2,-8.5776,50.5756,,,
133,3,-8.4617,50.5756,,,
133,4,-8.3459,50.5756,,,
133,5,-8.2300,50.5756,,,
133,6,-8.1141,50.5756,,,
133,7,-7.9983,50.5756,,,
133,8,-7.8824,50.5756,,,
133,9,-7.7665,50.5756,,,
133,10,-7.6507,50.5756,,,
133,11,-7.5348,50.5756,,,
133,12,-7.4190,50.5756,,,
133,13,-7.3031,50.5756,,,
133,14,-7.1872,50.5756,,,
133,15,-7.0714,50.5756,,,
133,16,-6.9555,50.5756,,,
133,17,-6.8397,50.5756,,,
133,18,-6.7238,50.5756,,,
133,19,-6.6079,50.5756,,,
133,20,-6.4921,50.5756,,,
133,21,-6.3762,50.5756,,,
133,22,-6.2603,50.5756,,,
133,23,-6.1445,50.5756,,,
133,24,-6.0286,50.5756,,,
133,25,-5.9128,50.5756,,,
133,26,-5.7969,50.5756,,,
133,27,-5.6810,50.5756,,,
133,28,-5.5652,50.5756,,,
133,29,-5.4493,50.5756,,,
133,30,-5.3334,50.5756,,,
133,31,-5.2176,50.5756,,,
133,32,-5.1017,50.5756,,,
133,33,-4.9859,50.5756,,,
133,34,-4.8700,50.5756,,,
133,35,-4.7541,50.5756,Cornwall,-3.4,0.0
133,36,-4.6383,50.5756,Cornwall,-3.4,0.0
133,37,-4.5224,50.5756,Cornwall,-3.02,1.6
133,38,-4.4066,50.5756,Cornwall,-3.02,1.6
133,39,-4.2907,50.5756,Cornwall,-3.02,1.6
133,40,-4.1748,50.5756,Devon,-1.86,13.1
133,41,-4.0590,50.5756,Devon,-4.05,0.0
133,42,-3.9431,50.5756,Devon,-3.02,1.6
133,43,-3.8272,50.5756,Devon,-3.02,1.6
133,44,-3.7114,50.5756,Devon,-2.65,5.2
133,45,-3.5955,50.5756,Devon,-2.84,3.4
133,46,-3.4797,50.5756,Devon,-2.09,10.8
133,47,-3.3638,50.5756,,,
133,48,-3.2479,50.5756,,,
133,49,-3.1321,50.5756,,,
133,50,-3.0162,50.5756,,,
133,51,-2.9003,50.5756,,,
133,52,-2.7845,50.5756,,,
133,53,-2.6686,50.5756,,,
133,54,-2.5528,50.5756,,,
133,55,-2.4369,50.5756,,,
133,56,-2.3210,50.5756,,,
133,57,-2.2052,50.5756,,,
133,58,-2.0893,50.5756,,,
133,59,-1.9734,50.5756,,,
133,60,-1.8576,50.5756,,,
133,61,-1.7417,50.5756,,,
133,62,-1.6259,50.5756,,,
133,63,-1.5100,50.5756,,,
133,64,-1.3941,50.5756,,,
133,65,-1.2783,50.5756,,,
133,66,-1.1624,50.5756,,,
133,67,-1.0466,50.5756,,,
133,68,-0.9307,50.5756,,,
133,69,-0.8148,50.5756,,,
133,70,-0.6990,50.5756,,,
133,71,-0.5831,50.5756,,,
133,72,-0.4672,50.5756,,,
133,73,-0.3514,50.5756,,,
133,74,-0.2355,50.5756,,,
133,75,-0.1197,50.5756,,,
133,76,-0.0038,50.5756,,,
133,77,0.1121,50.5756,,,
133,78,0.2279,50.5756,,,
133,79,0.3438,50.5756,,,
133,80,0.4597,50.5756,,,
133,81,0.5755,50.5756,,,
133,82,0.6914,50.5756,,,
133,83,0.8072,50.5756,,,
133,84,0.9231,50.5756,,,
133,85,1.0390,50.5756,,,
133,86,1.1548,50.5756,,,
133,87,1.2707,50.5756,,,
133,88,1.3865,50.5756,,,
133,89,1.5024,50.5756,,,
133,90,1.6183,50.5756,,,
133,91,1.7341,50.5756,,,
133,92,1.8500,50.5756,,,
133,93,1.9659,50.5756,,,
134,0,-8.8093,50.5086,,,
134,1,-8.6934,50.5086,,,
134,2,-8.5776,50.5086,,,
134,3,-8.4617,50.5086,,,
134,4,-8.3459,50.5086,,,
134,5,-8.2300,50.5086,,,
134,6,-8.1141,50.5086,,,
134,7,-7.9983,50.5086,,,
134,8,-7.8824,50.5086,,,
134,9,-7.7665,50.5086,,,
134,10,-7.6507,50.5086,,,
134,11,-7.5348,50.5086,,,
134,12,-7.4190,50.5086,,,
134,13,-7.3031,50.5086,,,
134,14,-7.1872,50.5086,,,
134,15,-7.0714,50.5086,,,
134,16,-6.9555,50.5086,,,
134,17,-6.8397,50.5086,,,
134,18,-6.7238,50.5086,,,
134,19,-6.6079,50.5086,,,
134,20,-6.4921,50.5086,,,
134,21,-6.3762,50.5086,,,
134,22,-6.2603,50.5086,,,
134,23,-6.1445,50.5086,,,
134,24,-6.0286,50.5086,,,
134,25,-5.9128,50.5086,,,
134,26,-5.7969,50.5086,,,
134,27,-5.6810,50.5086,,,
134,28,-5.5652,50.5086,,,
134,29,-5.4493,50.5086,,,
134,30,-5.3334,50.5086,,,
134,31,-5.2176,50.5086,,,
134,32,-5.1017,50.5086,,,
134,33,-4.9859,50.5086,Cornwall,-2.79,3.8
134,34,-4.8700,50.5086,Cornwall,-3.4,0.0
134,35,-4.7541,50.5086,Cornwall,-3.4,0.0
134,36,-4.6383,50.5086,Cornwall,-3.4,0.0
134,37,-4.5224,50.5086,Cornwall,-2.37,8.0
134,38,-4.4066,50.5086,Cornwall,-2.37,8.0
134,39,-4.2907,50.5086,Cornwall,-2.42,7.5
134,40,-4.1748,50.5086,Devon,-2.23,9.4
134,41,-4.0590,50.5086,Devon,-2.28,8.9
134,42,-3.9431,50.5086,Devon,-2.74,4.3
134,43,-3.8272,50.5086,Devon,-2.51,6.6
134,44,-3.7114,50.5086,Devon,-3.02,1.6
134,45,-3.5955,50.5086,Devon,-2.84,3.4
134,46,-3.4797,50.5086,,,
134,47,-3.3638,50.5086,,,
134,48,-3.2479,50.5086,,,
134,49,-3.1321,50.5086,,,
134,50,-3.0162,50.5086,,,
134,51,-2.9003,50.5086,,,
134,52,-2.7845,50.5086,,,
134,53,-2.6686,50.5086,,,
134,54,-2.5528,50.5086,,,
134,55,-2.4369,50.5086,,,
134,56,-2.3210,50.5086,,,
134,57,-2.2052,50.5086,,,
134,58,-2.0893,50.5086,,,
134,59,-1.9734,50.5086,,,
134,60,-1.8576,50.5086,,,
134,61,-1.7417,50.5086,,,
134,62,-1.6259,50.5086,,,
134,63,-1.5100,50.5086,,,
134,64,-1.3941,50.5086,,,
134,65,-1.2783,50.5086,,,
134,66,-1.1624,50.5086,,,
134,67,-1.0466,50.5086,,,
134,68,-0.9307,50.5086,,,
134,69,-0.8148,50.5086,,,
134,70,-0.6990,50.5086,,,
134,71,-0.5831,50.5086,,,
134,72,-0.4672,50.5086,,,
134,73,-0.3514,50.5086,,,
134,74,-0.2355,50.5086,,,
134,75,-0.1197,50.5086,,,
134,76,-0.0038,50.5086,,,
134,77,0.1121,50.5086,,,
134,78,0.2279,50.5086,,,
134,79,0.3438,50.5086,,,
134,80,0.4597,50.5086,,,
134,81,0.5755,50.5086,,,
134,82,0.6914,50.5086,,,
134,83,0.8072,50.5086,,,
134,84,0.9231,50.5086,,,
134,85,1.0390,50.5086,,,
134,86,1.1548,50.5086,,,
134,87,1.2707,50.5086,,,
134,88,1.3865,50.5086,,,
134,89,1.5024,50.5086,,,
134,90,1.6183,50.5086,,,
134,91,1.7341,50.5086,,,
134,92,1.8500,50.5086,,,
134,93,1.9659,50.5086,,,
135,0,-8.8093,50.4415,,,
135,1,-8.6934,50.4415,,,
135,2,-8.5776,50.4415,,,
135,3,-8.4617,50.4415,,,
135,4,-8.3459,50.4415,,,
135,5,-8.2300,50.4415,,,
135,6,-8.1141,50.4415,,,
135,7,-7.9983,50.4415,,,
135,8,-7.8824,50.4415,,,
135,9,-7.7665,50.4415,,,
135,10,-7.6507,50.4415,,,
135,11,-7.5348,50.4415,,,
135,12,-7.4190,50.4415,,,
135,13,-7.3031,50.4415,,,
135,14,-7.1872,50.4415,,,
135,15,-7.0714,50.4415,,,
135,16,-6.9555,50.4415,,,
135,17,-6.8397,50.4415,,,
135,18,-6.7238,50.4415,,,
135,19,-6.6079,50.4415,,,
135,20,-6.4921,50.4415,,,
135,21,-6.3762,50.4415,,,
135,22,-6.2603,50.4415,,,
135,23,-6.1445,50.4415,,,
135,24,-6.0286,50.4415,,,
135,25,-5.9128,50.4415,,,
135,26,-5.7969,50.4415,,,
135,27,-5.6810,50.4415,,,
135,28,-5.5652,50.4415,,,
135,29,-5.4493,50.4415,,,
135,30,-5.3334,50.4415,,,
135,31,-5.2176,50.4415,,,
135,32,-5.1017,50.4415,,,
135,33,-4.9859,50.4415,Cornwall,-3.4,0.0
135,34,-4.8700,50.4415,Cornwall,-3.4,0.0
135,35,-4.7541,50.4415,Cornwall,-3.4,0.0
135,36,-4.6383,50.4415,Cornwall,-2.37,8.0
135,37,-4.5224,50.4415,Cornwall,-2.37,8.0
135,38,-4.4066,50.4415,Cornwall,-2.37,8.0
135,39,-4.2907,50.4415,Cornwall,-2.0,11.7
135,40,-4.1748,50.4415,Devon,-3.02,1.6
135,41,-4.0590,50.4415,Devon,-2.23,9.4
135,42,-3.9431,50.4415,Devon,-2.37,8.0
135,43,-3.8272,50.4415,Devon,-2.23,9.4
135,44,-3.7114,50.4415,Devon,-1.86,13.1
135,45,-3.5955,50.4415,Devon,-3.02,1.6
135,46,-3.4797,50.4415,,,
135,47,-3.3638,50.4415,,,
135,48,-3.2479,50.4415,,,
135,49,-3.1321,50.4415,,,
135,50,-3.0162,50.4415,,,
135,51,-2.9003,50.4415,,,
135,52,-2.7845,50.4415,,,
135,53,-2.6686,50.4415,,,
135,54,-2.5528,50.4415,,,
135,55,-2.4369,50.4415,,,
135,56,-2.3210,50.4415,,,
135,57,-2.2052,50.4415,,,
135,58,-2.0893,50.4415,,,
135,59,-1.9734,50.4415,,,
135,60,-1.8576,50.4415,,,
135,61,-1.7417,50.4415,,,
135,62,-1.6259,50.4415,,,
135,63,-1.5100,50.4415,,,
135,64,-1.3941,50.4415,,,
135,65,-1.2783,50.4415,,,
135,66,-1.1624,50.4415,,,
135,67,-1.0466,50.4415,,,
135,68,-0.9307,50.4415,,,
135,69,-0.8148,50.4415,,,
135,70,-0.6990,50.4415,,,
135,71,-0.5831,50.4415,,,
135,72,-0.4672,50.4415,,,
135,73,-0.3514,50.4415,,,
135,74,-0.2355,50.4415,,,
135,75,-0.1197,50.4415,,,
135,76,-0.0038,50.4415,,,
135,77,0.1121,50.4415,,,
135,78,0.2279,50.4415,,,
135,79,0.3438,50.4415,,,
135,80,0.4597,50.4415,,,
135,81,0.5755,50.4415,,,
135,82,0.6914,50.4415,,,
135,83,0.8072,50.4415,,,
135,84,0.9231,50.4415,,,
135,85,1.0390,50.4415,,,
135,86,1.1548,50.4415,,,
135,87,1.2707,50.4415,,,
135,88,1.3865,50.4415,,,
135,89,1.5024,50.4415,,,
135,90,1.6183,50.4415,,,
135,91,1.7341,50.4415,,,
135,92,1.8500,50.4415,,,
135,93,1.9659,50.4415,,,
136,0,-8.8093,50.3744,,,
136,1,-8.6934,50.3744,,,
136,2,-8.5776,50.3744,,,
136,3,-8.4617,50.3744,,,
136,4,-8.3459,50.3744,,,
136,5,-8.2300,50.3744,,,
136,6,-8.1141,50.3744,,,
136,7,-7.9983,50.3744,,,
136,8,-7.8824,50.3744,,,
136,9,-7.7665,50.3744,,,
136,10,-7.6507,50.3744,,,
136,11,-7.5348,50.3744,,,
136,12,-7.4190,50.3744,,,
136,13,-7.3031,50.3744,,,
136,14,-7.1872,50.3744,,,
136,15,-7.0714,50.3744,,,
136,16,-6.9555,50.3744,,,
136,17,-6.8397,50.3744,,,
136,18,-6.7238,50.3744,,,
136,19,-6.6079,50.3744,,,
136,20,-6.4921,50.3744,,,
136,21,-6.3762,50.3744,,,
136,22,-6.2603,50.3744,,,
136,23,-6.1445,50.3744,,,
136,24,-6.0286,50.3744,,,
136,25,-5.9128,50.3744,,,
136,26,-5.7969,50.3744,,,
136,27,-5.6810,50.3744,,,
136,28,-5.5652,50.3744,,,
136,29,-5.4493,50.3744,,,
136,30,-5.3334,50.3744,,,
136,31,-5.2176,50.3744,,,
136,32,-5.1017,50.3744,Cornwall,-3.91,0.0
136,33,-4.9859,50.3744,Cornwall,-3.91,0.0
136,34,-4.8700,50.3744,Cornwall,-3.53,0.0
136,35,-4.7541,50.3744,Cornwall,-3.67,0.0
136,36,-4.6383,50.3744,Cornwall,-3.72,0.0
136,37,-4.5224,50.3744,Cornwall,-2.37,8.0
136,38,-4.4066,50.3744,Cornwall,-2.74,4.3
136,39,-4.2907,50.3744,Cornwall,-2.23,9.4
136,40,-4.1748,50.3744,Cornwall,-1.86,13.1
136,41,-4.0590,50.3744,Devon,-2.6,5.7
136,42,-3.9431,50.3744,Devon,-2.23,9.4
136,43,-3.8272,50.3744,Devon,-2.37,8.0
136,44,-3.7114,50.3744,Devon,-2.23,9.4
136,45,-3.5955,50.3744,Devon,-1.86,13.1
136,46,-3.4797,50.3744,,,
136,47,-3.3638,50.3744,,,
136,48,-3.2479,50.3744,,,
136,49,-3.1321,50.3744,,,
136,50,-3.0162,50.3744,,,
136,51,-2.9003,50.3744,,,
136,52,-2.7845,50.3744,,,
136,53,-2.6686,50.3744,,,
136,54,-2.5528,50.3744,,,
136,55,-2.4369,50.3744,,,
136,56,-2.3210,50.3744,,,
136,57,-2.2052,50.3744,,,
136,58,-2.0893,50.3744,,,
136,59,-1.9734,50.3744,,,
136,60,-1.8576,50.3744,,,
136,61,-1.7417,50.3744,,,
136,62,-1.6259,50.3744,,,
136,63,-1.5100,50.3744,,,
136,64,-1.3941,50.3744,,,
136,65,-1.2783,50.3744,,,
136,66,-1.1624,50.3744,,,
136,67,-1.0466,50.3744,,,
136,68,-0.9307,50.3744,,,
136,69,-0.8148,50.3744,,,
136,70,-0.6990,50.3744,,,
136,71,-0.5831,50.3744,,,
136,72,-0.4672,50.3744,,,
136,73,-0.3514,50.3744,,,
136,74,-0.2355,50.3744,,,
136,75,-0.1197,50.3744,,,
136,76,-0.0038,50.3744,,,
136,77,0.1121,50.3744,,,
136,78,0.2279,50.3744,,,
136,79,0.3438,50.3744,,,
136,80,0.4597,50.3744,,,
136,81,0.5755,50.3744,,,
136,82,0.6914,50.3744,,,
136,83,0.8072,50.3744,,,
136,84,0.9231,50.3744,,,
136,85,1.0390,50.3744,,,
136,86,1.1548,50.3744,,,
136,87,1.2707,50.3744,,,
136,88,1.3865,50.3744,,,
136,89,1.5024,50.3744,,,
136,90,1.6183,50.3744,,,
136,91,1.7341,50.3744,,,
136,92,1.8500,50.3744,,,
136,93,1.9659,50.3744,,,
137,0,-8.8093,50.3074,,,
137,1,-8.6934,50.3074,,,
137,2,-8.5776,50.3074,,,
137,3,-8.4617,50.3074,,,
137,4,-8.3459,50.3074,,,
137,5,-8.2300,50.3074,,,
137,6,-8.1141,50.3074,,,
137,7,-7.9983,50.3074,,,
137,8,-7.8824,50.3074,,,
137,9,-7.7665,50.3074,,,
137,10,-7.6507,50.3074,,,
137,11,-7.5348,50.3074,,,
137,12,-7.4190,50.3074,,,
137,13,-7.3031,50.3074,,,
137,14,-7.1872,50.3074,,,
137,15,-7.0714,50.3074,,,
137,16,-6.9555,50.3074,,,
137,17,-6.8397,50.3074,,,
137,18,-6.7238,50.3074,,,
137,19,-6.6079,50.3074,,,
137,20,-6.4921,50.3074,,,
137,21,-6.3762,50.3074,,,
137,22,-6.2603,50.3074,,,
137,23,-6.1445,50.3074,,,
137,24,-6.0286,50.3074,,,
137,25,-5.9128,50.3074,,,
137,26,-5.7969,50.3074,,,
137,27,-5.6810,50.3074,,,
137,28,-5.5652,50.3074,,,
137,29,-5.4493,50.3074,,,
137,30,-5.3334,50.3074,,,
137,31,-5.2176,50.3074,,,
137,32,-5.1017,50.3074,Cornwall,-3.72,0.0
137,33,-4.9859,50.3074,Cornwall,-3.53,0.0
137,34,-4.8700,50.3074,Cornwall,-3.53,0.0
137,35,-4.7541,50.3074,Cornwall,nan,nan
137,36,-4.6383,50.3074,,,
137,37,-4.5224,50.3074,,,
137,38,-4.4066,50.3074,,,
137,39,-4.2907,50.3074,,,
137,40,-4.1748,50.3074,,,
137,41,-4.0590,50.3074,Devon,-2.84,3.4
137,42,-3.9431,50.3074,Devon,-2.6,5.7
137,43,-3.8272,50.3074,Devon,-2.23,9.4
137,44,-3.7114,50.3074,Devon,-2.37,8.0
137,45,-3.5955,50.3074,Devon,nan,nan
137,46,-3.4797,50.3074,,,
137,47,-3.3638,50.3074,,,
137,48,-3.2479,50.3074,,,
137,49,-3.1321,50.3074,,,
137,50,-3.0162,50.3074,,,
137,51,-2.9003,50.3074,,,
137,52,-2.7845,50.3074,,,
137,53,-2.6686,50.3074,,,
137,54,-2.5528,50.3074,,,
137,55,-2.4369,50.3074,,,
137,56,-2.3210,50.3074,,,
137,57,-2.2052,50.3074,,,
137,58,-2.0893,50.3074,,,
137,59,-1.9734,50.3074,,,
137,60,-1.8576,50.3074,,,
137,61,-1.7417,50.3074,,,
137,62,-1.6259,50.3074,,,
137,63,-1.5100,50.3074,,,
137,64,-1.3941,50.3074,,,
137,65,-1.2783,50.3074,,,
137,66,-1.1624,50.3074,,,
137,67,-1.0466,50.3074,,,
137,68,-0.9307,50.3074,,,
137,69,-0.8148,50.3074,,,
137,70,-0.6990,50.3074,,,
137,71,-0.5831,50.3074,,,
137,72,-0.4672,50.3074,,,
137,73,-0.3514,50.3074,,,
137,74,-0.2355,50.3074,,,
137,75,-0.1197,50.3074,,,
137,76,-0.0038,50.3074,,,
137,77,0.1121,50.3074,,,
137,78,0.2279,50.3074,,,
137,79,0.3438,50.3074,,,
137,80,0.4597,50.3074,,,
137,81,0.5755,50.3074,,,
137,82,0.6914,50.3074,,,
137,83,0.8072,50.3074,,,
137,84,0.9231,50.3074,,,
137,85,1.0390,50.3074,,,
137,86,1.1548,50.3074,,,
137,87,1.2707,50.3074,,,
137,88,1.3865,50.3074,,,
137,89,1.5024,50.3074,,,
137,90,1.6183,50.3074,,,
137,91,1.7341,50.3074,,,
137,92,1.8500,50.3074,,,
137,93,1.9659,50.3074,,,
138,0,-8.8093,50.2403,,,
138,1,-8.6934,50.2403,,,
138,2,-8.5776,50.2403,,,
138,3,-8.4617,50.2403,,,
138,4,-8.3459,50.2403,,,
138,5,-8.2300,50.2403,,,
138,6,-8.1141,50.2403,,,
138,7,-7.9983,50.2403,,,
138,8,-7.8824,50.2403,,,
138,9,-7.7665,50.2403,,,
138,10,-7.6507,50.2403,,,
138,11,-7.5348,50.2403,,,
138,12,-7.4190,50.2403,,,
138,13,-7.3031,50.2403,,,
138,14,-7.1872,50.2403,,,
138,15,-7.0714,50.2403,,,
138,16,-6.9555,50.2403,,,
138,17,-6.8397,50.2403,,,
138,18,-6.7238,50.2403,,,
138,19,-6.6079,50.2403,,,
138,20,-6.4921,50.2403,,,
138,21,-6.3762,50.2403,,,
138,22,-6.2603,50.2403,,,
138,23,-6.1445,50.2403,,,
138,24,-6.0286,50.2403,,,
138,25,-5.9128,50.2403,,,
138,26,-5.7969,50.2403,,,
138,27,-5.6810,50.2403,,,
138,28,-5.5652,50.2403,,,
138,29,-5.4493,50.2403,,,
138,30,-5.3334,50.2403,,,
138,31,-5.2176,50.2403,Cornwall,-3.77,0.0
138,32,-5.1017,50.2403,Cornwall,-3.72,0.0
138,33,-4.9859,50.2403,Cornwall,-3.58,0.0
138,34,-4.8700,50.2403,Cornwall,-3.53,0.0
138,35,-4.7541,50.2403,,,
138,36,-4.6383,50.2403,,,
138,37,-4.5224,50.2403,,,
138,38,-4.4066,50.2403,,,
138,39,-4.2907,50.2403,,,
138,40,-4.1748,50.2403,,,
138,41,-4.0590,50.2403,,,
138,42,-3.9431,50.2403,,,
138,43,-3.8272,50.2403,Devon,-1.86,13.1
138,44,-3.7114,50.2403,Devon,-2.23,9.4
138,45,-3.5955,50.2403,,,
138,46,-3.4797,50.2403,,,
138,47,-3.3638,50.2403,,,
138,48,-3.2479,50.2403,,,
138,49,-3.1321,50.2403,,,
138,50,-3.0162,50.2403,,,
138,51,-2.9003,50.2403,,,
138,52,-2.7845,50.2403,,,
138,53,-2.6686,50.2403,,,
138,54,-2.5528,50.2403,,,
138,55,-2.4369,50.2403,,,
138,56,-2.3210,50.2403,,,
138,57,-2.2052,50.2403,,,
138,58,-2.0893,50.2403,,,
138,59,-1.9734,50.2403,,,
138,60,-1.8576,50.2403,,,
138,61,-1.7417,50.2403,,,
138,62,-1.6259,50.2403,,,
138,63,-1.5100,50.2403,,,
138,64,-1.3941,50.2403,,,
138,65,-1.2783,50.2403,,,
138,66,-1.1624,50.2403,,,
138,67,-1.0466,50.2403,,,
138,68,-0.9307,50.2403,,,
138,69,-0.8148,50.2403,,,
138,70,-0.6990,50.2403,,,
138,71,-0.5831,50.2403,,,
138,72,-0.4672,50.2403,,,
138,73,-0.3514,50.2403,,,
138,74,-0.2355,50.2403,,,
138,75,-0.1197,50.2403,,,
138,76,-0.0038,50.2403,,,
138,77,0.1121,50.2403,,,
138,78,0.2279,50.2403,,,
138,79,0.3438,50.2403,,,
138,80,0.4597,50.2403,,,
138,81,0.5755,50.2403,,,
138,82,0.6914,50.2403,,,
138,83,0.8072,50.2403,,,
138,84,0.9231,50.2403,,,
138,85,1.0390,50.2403,,,
138,86,1.1548,50.2403,,,
138,87,1.2707,50.2403,,,
138,88,1.3865,50.2403,,,
138,89,1.5024,50.2403,,,
138,90,1.6183,50.2403,,,
138,91,1.7341,50.2403,,,
138,92,1.8500,50.2403,,,
138,93,1.9659,50.2403,,,
139,0,-8.8093,50.1732,,,
139,1,-8.6934,50.1732,,,
139,2,-8.5776,50.1732,,,
139,3,-8.4617,50.1732,,,
139,4,-8.3459,50.1732,,,
139,5,-8.2300,50.1732,,,
139,6,-8.1141,50.1732,,,
139,7,-7.9983,50.1732,,,
139,8,-7.8824,50.1732,,,
139,9,-7.7665,50.1732,,,
139,10,-7.6507,50.1732,,,
139,11,-7.5348,50.1732,,,
139,12,-7.4190,50.1732,,,
139,13,-7.3031,50.1732,,,
139,14,-7.1872,50.1732,,,
139,15,-7.0714,50.1732,,,
139,16,-6.9555,50.1732,,,
139,17,-6.8397,50.1732,,,
139,18,-6.7238,50.1732,,,
139,19,-6.6079,50.1732,,,
139,20,-6.4921,50.1732,,,
139,21,-6.3762,50.1732,,,
139,22,-6.2603,50.1732,,,
139,23,-6.1445,50.1732,,,
139,24,-6.0286,50.1732,,,
139,25,-5.9128,50.1732,,,
139,26,-5.7969,50.1732,,,
139,27,-5.6810,50.1732,,,
139,28,-5.5652,50.1732,Cornwall,-3.16,0.2
139,29,-5.4493,50.1732,Cornwall,-3.3,0.0
139,30,-5.3334,50.1732,Cornwall,-3.77,0.0
139,31,-5.2176,50.1732,Cornwall,-3.16,0.2
139,32,-5.1017,50.1732,Cornwall,-3.63,0.0
139,33,-4.9859,50.1732,Cornwall,-3.72,0.0
139,34,-4.8700,50.1732,,,
139,35,-4.7541,50.1732,,,
139,36,-4.6383,50.1732,,,
139,37,-4.5224,50.1732,,,
139,38,-4.4066,50.1732,,,
139,39,-4.2907,50.1732,,,
139,40,-4.1748,50.1732,,,
139,41,-4.0590,50.1732,,,
139,42,-3.9431,50.1732,,,
139,43,-3.8272,50.1732,,,
139,44,-3.7114,50.1732,,,
139,45,-3.5955,50.1732,,,
139,46,-3.4797,50.1732,,,
139,47,-3.3638,50.1732,,,
139,48,-3.2479,50.1732,,,
139,49,-3.1321,50.1732,,,
139,50,-3.0162,50.1732,,,
139,51,-2.9003,50.1732,,,
139,52,-2.7845,50.1732,,,
139,53,-2.6686,50.1732,,,
139,54,-2.5528,50.1732,,,
139,55,-2.4369,50.1732,,,
139,56,-2.3210,50.1732,,,
139,57,-2.2052,50.1732,,,
139,58,-2.0893,50.1732,,,
139,59,-1.9734,50.1732,,,
139,60,-1.8576,50.1732,,,
139,61,-1.7417,50.1732,,,
139,62,-1.6259,50.1732,,,
139,63,-1.5100,50.1732,,,
139,64,-1.3941,50.1732,,,
139,65,-1.2783,50.1732,,,
139,66,-1.1624,50.1732,,,
139,67,-1.0466,50.1732,,,
139,68,-0.9307,50.1732,,,
139,69,-0.8148,50.1732,,,
139,70,-0.6990,50.1732,,,
139,71,-0.5831,50.1732,,,
139,72,-0.4672,50.1732,,,
139,73,-0.3514,50.1732,,,
139,74,-0.2355,50.1732,,,
139,75,-0.1197,50.1732,,,
139,76,-0.0038,50.1732,,,
139,77,0.1121,50.1732,,,
139,78,0.2279,50.1732,,,
139,79,0.3438,50.1732,,,
139,80,0.4597,50.1732,,,
139,81,0.5755,50.1732,,,
139,82,0.6914,50.1732,,,
139,83,0.8072,50.1732,,,
139,84,0.9231,50.1732,,,
139,85,1.0390,50.1732,,,
139,86,1.1548,50.1732,,,
139,87,1.2707,50.1732,,,
139,88,1.3865,50.1732,,,
139,89,1.5024,50.1732,,,
139,90,1.6183,50.1732,,,
139,91,1.7341,50.1732,,,
139,92,1.8500,50.1732,,,
139,93,1.9659,50.1732,,,
140,0,-8.8093,50.1062,,,
140,1,-8.6934,50.1062,,,
140,2,-8.5776,50.1062,,,
140,3,-8.4617,50.1062,,,
140,4,-8.3459,50.1062,,,
140,5,-8.2300,50.1062,,,
140,6,-8.1141,50.1062,,,
140,7,-7.9983,50.1062,,,
140,8,-7.8824,50.1062,,,
140,9,-7.7665,50.1062,,,
140,10,-7.6507,50.1062,,,
140,11,-7.5348,50.1062,,,
140,12,-7.4190,50.1062,,,
140,13,-7.3031,50.1062,,,
140,14,-7.1872,50.1062,,,
140,15,-7.0714,50.1062,,,
140,16,-6.9555,50.1062,,,
140,17,-6.8397,50.1062,,,
140,18,-6.7238,50.1062,,,
140,19,-6.6079,50.1062,,,
140,20,-6.4921,50.1062,,,
140,21,-6.3762,50.1062,,,
140,22,-6.2603,50.1062,,,
140,23,-6.1445,50.1062,,,
140,24,-6.0286,50.1062,,,
140,25,-5.9128,50.1062,,,
140,26,-5.7969,50.1062,,,
140,27,-5.6810,50.1062,,,
140,28,-5.5652,50.1062,Cornwall,-2.98,2.0
140,29,-5.4493,50.1062,,,
140,30,-5.3334,50.1062,Cornwall,-3.16,0.2
140,31,-5.2176,50.1062,Cornwall,-3.3,0.0
140,32,-5.1017,50.1062,Cornwall,-3.67,0.0
140,33,-4.9859,50.1062,,,
140,34,-4.8700,50.1062,,,
140,35,-4.7541,50.1062,,,
140,36,-4.6383,50.1062,,,
140,37,-4.5224,50.1062,,,
140,38,-4.4066,50.1062,,,
140,39,-4.2907,50.1062,,,
140,40,-4.1748,50.1062,,,
140,41,-4.0590,50.1062,,,
140,42,-3.9431,50.1062,,,
140,43,-3.8272,50.1062,,,
140,44,-3.7114,50.1062,,,
140,45,-3.5955,50.1062,,,
140,46,-3.4797,50.1062,,,
140,47,-3.3638,50.1062,,,
140,48,-3.2479,50.1062,,,
140,49,-3.1321,50.1062,,,
140,50,-3.0162,50.1062,,,
140,51,-2.9003,50.1062,,,
140,52,-2.7845,50.1062,,,
140,53,-2.6686,50.1062,,,
140,54,-2.5528,50.1062,,,
140,55,-2.4369,50.1062,,,
140,56,-2.3210,50.1062,,,
140,57,-2.2052,50.1062,,,
140,58,-2.0893,50.1062,,,
140,59,-1.9734,50.1062,,,
140,60,-1.8576,50.1062,,,
140,61,-1.7417,50.1062,,,
140,62,-1.6259,50.1062,,,
140,63,-1.5100,50.1062,,,
140,64,-1.3941,50.1062,,,
140,65,-1.2783,50.1062,,,
140,66,-1.1624,50.1062,,,
140,67,-1.0466,50.1062,,,
140,68,-0.9307,50.1062,,,
140,69,-0.8148,50.1062,,,
140,70,-0.6990,50.1062,,,
140,71,-0.5831,50.1062,,,
140,72,-0.4672,50.1062,,,
140,73,-0.3514,50.1062,,,
140,74,-0.2355,50.1062,,,
140,75,-0.1197,50.1062,,,
140,76,-0.0038,50.1062,,,
140,77,0.1121,50.1062,,,
140,78,0.2279,50.1062,,,
140,79,0.3438,50.1062,,,
140,80,0.4597,50.1062,,,
140,81,0.5755,50.1062,,,
140,82,0.6914,50.1062,,,
140,83,0.8072,50.1062,,,
140,84,0.9231,50.1062,,,
140,85,1.0390,50.1062,,,
140,86,1.1548,50.1062,,,
140,87,1.2707,50.1062,,,
140,88,1.3865,50.1062,,,
140,89,1.5024,50.1062,,,
140,90,1.6183,50.1062,,,
140,91,1.7341,50.1062,,,
140,92,1.8500,50.1062,,,
140,93,1.9659,50.1062,,,
141,0,-8.8093,50.0391,,,
141,1,-8.6934,50.0391,,,
141,2,-8.5776,50.0391,,,
141,3,-8.4617,50.0391,,,
141,4,-8.3459,50.0391,,,
141,5,-8.2300,50.0391,,,
141,6,-8.1141,50.0391,,,
141,7,-7.9983,50.0391,,,
141,8,-7.8824,50.0391,,,
141,9,-7.7665,50.0391,,,
141,10,-7.6507,50.0391,,,
141,11,-7.5348,50.0391,,,
141,12,-7.4190,50.0391,,,
141,13,-7.3031,50.0391,,,
141,14,-7.1872,50.0391,,,
141,15,-7.0714,50.0391,,,
141,16,-6.9555,50.0391,,,
141,17,-6.8397,50.0391,,,
141,18,-6.7238,50.0391,,,
141,19,-6.6079,50.0391,,,
141,20,-6.4921,50.0391,,,
141,21,-6.3762,50.0391,,,
141,22,-6.2603,50.0391,,,
141,23,-6.1445,50.0391,,,
141,24,-6.0286,50.0391,,,
141,25,-5.9128,50.0391,,,
141,26,-5.7969,50.0391,,,
141,27,-5.6810,50.0391,,,
141,28,-5.5652,50.0391,,,
141,29,-5.4493,50.0391,,,
141,30,-5.3334,50.0391,,,
141,31,-5.2176,50.0391,Cornwall,-4.09,0.0
141,32,-5.1017,50.0391,Cornwall,-3.3,0.0
141,33,-4.9859,50.0391,,,
141,34,-4.8700,50.0391,,,
141,35,-4.7541,50.0391,,,
141,36,-4.6383,50.0391,,,
141,37,-4.5224,50.0391,,,
141,38,-4.4066,50.0391,,,
141,39,-4.2907,50.0391,,,
141,40,-4.1748,50.0391,,,
141,41,-4.0590,50.0391,,,
141,42,-3.9431,50.0391,,,
141,43,-3.8272,50.0391,,,
141,44,-3.7114,50.0391,,,
141,45,-3.5955,50.0391,,,
141,46,-3.4797,50.0391,,,
141,47,-3.3638,50.0391,,,
141,48,-3.2479,50.0391,,,
141,49,-3.1321,50.0391,,,
141,50,-3.0162,50.0391,,,
141,51,-2.9003,50.0391,,,
141,52,-2.7845,50.0391,,,
141,53,-2.6686,50.0391,,,
141,54,-2.5528,50.0391,,,
141,55,-2.4369,50.0391,,,
141,56,-2.3210,50.0391,,,
141,57,-2.2052,50.0391,,,
141,58,-2.0893,50.0391,,,
141,59,-1.9734,50.0391,,,
141,60,-1.8576,50.0391,,,
141,61,-1.7417,50.0391,,,
141,62,-1.6259,50.0391,,,
141,63,-1.5100,50.0391,,,
141,64,-1.3941,50.0391,,,
141,65,-1.2783,50.0391,,,
141,66,-1.1624,50.0391,,,
141,67,-1.0466,50.0391,,,
141,68,-0.9307,50.0391,,,
141,69,-0.8148,50.0391,,,
141,70,-0.6990,50.0391,,,
141,71,-0.5831,50.0391,,,
141,72,-0.4672,50.0391,,,
141,73,-0.3514,50.0391,,,
141,74,-0.2355,50.0391,,,
141,75,-0.1197,50.0391,,,
141,76,-0.0038,50.0391,,,
141,77,0.1121,50.0391,,,
141,78,0.2279,50.0391,,,
141,79,0.3438,50.0391,,,
141,80,0.4597,50.0391,,,
141,81,0.5755,50.0391,,,
141,82,0.6914,50.0391,,,
141,83,0.8072,50.0391,,,
141,84,0.9231,50.0391,,,
141,85,1.0390,50.0391,,,
141,86,1.1548,50.0391,,,
141,87,1.2707,50.0391,,,
141,88,1.3865,50.0391,,,
141,89,1.5024,50.0391,,,
141,90,1.6183,50.0391,,,
141,91,1.7341,50.0391,,,
141,92,1.8500,50.0391,,,
141,93,1.9659,50.0391,,,
142,0,-8.8093,49.9720,,,
142,1,-8.6934,49.9720,,,
142,2,-8.5776,49.9720,,,
142,3,-8.4617,49.9720,,,
142,4,-8.3459,49.9720,,,
142,5,-8.2300,49.9720,,,
142,6,-8.1141,49.9720,,,
142,7,-7.9983,49.9720,,,
142,8,-7.8824,49.9720,,,
142,9,-7.7665,49.9720,,,
142,10,-7.6507,49.9720,,,
142,11,-7.5348,49.9720,,,
142,12,-7.4190,49.9720,,,
142,13,-7.3031,49.9720,,,
142,14,-7.1872,49.9720,,,
142,15,-7.0714,49.9720,,,
142,16,-6.9555,49.9720,,,
142,17,-6.8397,49.9720,,,
142,18,-6.7238,49.9720,,,
142,19,-6.6079,49.9720,,,
142,20,-6.4921,49.9720,,,
142,21,-6.3762,49.9720,,,
142,22,-6.2603,49.9720,,,
142,23,-6.1445,49.9720,,,
142,24,-6.0286,49.9720,,,
142,25,-5.9128,49.9720,,,
142,26,-5.7969,49.9720,,,
142,27,-5.6810,49.9720,,,
142,28,-5.5652,49.9720,,,
142,29,-5.4493,49.9720,,,
142,30,-5.3334,49.9720,,,
142,31,-5.2176,49.9720,,,
142,32,-5.1017,49.9720,,,
142,33,-4.9859,49.9720,,,
142,34,-4.8700,49.9720,,,
142,35,-4.7541,49.9720,,,
142,36,-4.6383,49.9720,,,
142,37,-4.5224,49.9720,,,
142,38,-4.4066,49.9720,,,
142,39,-4.2907,49.9720,,,
142,40,-4.1748,49.9720,,,
142,41,-4.0590,49.9720,,,
142,42,-3.9431,49.9720,,,
142,43,-3.8272,49.9720,,,
142,44,-3.7114,49.9720,,,
142,45,-3.5955,49.9720,,,
142,46,-3.4797,49.9720,,,
142,47,-3.3638,49.9720,,,
142,48,-3.2479,49.9720,,,
142,49,-3.1321,49.9720,,,
142,50,-3.0162,49.9720,,,
142,51,-2.9003,49.9720,,,
142,52,-2.7845,49.9720,,,
142,53,-2.6686,49.9720,,,
142,54,-2.5528,49.9720,,,
142,55,-2.4369,49.9720,,,
142,56,-2.3210,49.9720,,,
142,57,-2.2052,49.9720,,,
142,58,-2.0893,49.9720,,,
142,59,-1.9734,49.9720,,,
142,60,-1.8576,49.9720,,,
142,61,-1.7417,49.9720,,,
142,62,-1.6259,49.9720,,,
142,63,-1.5100,49.9720,,,
142,64,-1.3941,49.9720,,,
142,65,-1.2783,49.9720,,,
142,66,-1.1624,49.9720,,,
142,67,-1.0466,49.9720,,,
142,68,-0.9307,49.9720,,,
142,69,-0.8148,49.9720,,,
142,70,-0.6990,49.9720,,,
142,71,-0.5831,49.9720,,,
142,72,-0.4672,49.9720,,,
142,73,-0.3514,49.9720,,,
142,74,-0.2355,49.9720,,,
142,75,-0.1197,49.9720,,,
142,76,-0.0038,49.9720,,,
142,77,0.1121,49.9720,,,
142,78,0.2279,49.9720,,,
142,79,0.3438,49.9720,,,
142,80,0.4597,49.9720,,,
142,81,0.5755,49.9720,,,
142,82,0.6914,49.9720,,,
142,83,0.8072,49.9720,,,
142,84,0.9231,49.9720,,,
142,85,1.0390,49.9720,,,
142,86,1.1548,49.9720,,,
142,87,1.2707,49.9720,,,
142,88,1.3865,49.9720,,,
142,89,1.5024,49.9720,,,
142,90,1.6183,49.9720,,,
142,91,1.7341,49.9720,,,
142,92,1.8500,49.9720,,,
142,93,1.9659,49.9720,,,
143,0,-8.8093,49.9050,,,
143,1,-8.6934,49.9050,,,
143,2,-8.5776,49.9050,,,
143,3,-8.4617,49.9050,,,
143,4,-8.3459,49.9050,,,
143,5,-8.2300,49.9050,,,
143,6,-8.1141,49.9050,,,
143,7,-7.9983,49.9050,,,
143,8,-7.8824,49.9050,,,
143,9,-7.7665,49.9050,,,
143,10,-7.6507,49.9050,,,
143,11,-7.5348,49.9050,,,
143,12,-7.4190,49.9050,,,
143,13,-7.3031,49.9050,,,
143,14,-7.1872,49.9050,,,
143,15,-7.0714,49.9050,,,
143,16,-6.9555,49.9050,,,
143,17,-6.8397,49.9050,,,
143,18,-6.7238,49.9050,,,
143,19,-6.6079,49.9050,,,
143,20,-6.4921,49.9050,,,
143,21,-6.3762,49.9050,,,
143,22,-6.2603,49.9050,,,
143,23,-6.1445,49.9050,,,
143,24,-6.0286,49.9050,,,
143,25,-5.9128,49.9050,,,
143,26,-5.7969,49.9050,,,
143,27,-5.6810,49.9050,,,
143,28,-5.5652,49.9050,,,
143,29,-5.4493,49.9050,,,
143,30,-5.3334,49.9050,,,
143,31,-5.2176,49.9050,,,
143,32,-5.1017,49.9050,,,
143,33,-4.9859,49.9050,,,
143,34,-4.8700,49.9050,,,
143,35,-4.7541,49.9050,,,
143,36,-4.6383,49.9050,,,
143,37,-4.5224,49.9050,,,
143,38,-4.4066,49.9050,,,
143,39,-4.2907,49.9050,,,
143,40,-4.1748,49.9050,,,
143,41,-4.0590,49.9050,,,
143,42,-3.9431,49.9050,,,
143,43,-3.8272,49.9050,,,
143,44,-3.7114,49.9050,,,
143,45,-3.5955,49.9050,,,
143,46,-3.4797,49.9050,,,
143,47,-3.3638,49.9050,,,
143,48,-3.2479,49.9050,,,
143,49,-3.1321,49.9050,,,
143,50,-3.0162,49.9050,,,
143,51,-2.9003,49.9050,,,
143,52,-2.7845,49.9050,,,
143,53,-2.6686,49.9050,,,
143,54,-2.5528,49.9050,,,
143,55,-2.4369,49.9050,,,
143,56,-2.3210,49.9050,,,
143,57,-2.2052,49.9050,,,
143,58,-2.0893,49.9050,,,
143,59,-1.9734,49.9050,,,
143,60,-1.8576,49.9050,,,
143,61,-1.7417,49.9050,,,
143,62,-1.6259,49.9050,,,
143,63,-1.5100,49.9050,,,
143,64,-1.3941,49.9050,,,
143,65,-1.2783,49.9050,,,
143,66,-1.1624,49.9050,,,
143,67,-1.0466,49.9050,,,
143,68,-0.9307,49.9050,,,
143,69,-0.8148,49.9050,,,
143,70,-0.6990,49.9050,,,
143,71,-0.5831,49.9050,,,
143,72,-0.4672,49.9050,,,
143,73,-0.3514,49.9050,,,
143,74,-0.2355,49.9050,,,
143,75,-0.1197,49.9050,,,
143,76,-0.0038,49.9050,,,
143,77,0.1121,49.9050,,,
143,78,0.2279,49.9050,,,
143,79,0.3438,49.9050,,,
143,80,0.4597,49.9050,,,
143,81,0.5755,49.9050,,,
143,82,0.6914,49.9050,,,
143,83,0.8072,49.9050,,,
143,84,0.9231,49.9050,,,
143,85,1.0390,49.9050,,,
143,86,1.1548,49.9050,,,
143,87,1.2707,49.9050,,,
143,88,1.3865,49.9050,,,
143,89,1.5024,49.9050,,,
143,90,1.6183,49.9050,,,
143,91,1.7341,49.9050,,,
143,92,1.8500,49.9050,,,
143,93,1.9659,49.9050,,,
144,0,-8.8093,49.8379,,,
144,1,-8.6934,49.8379,,,
144,2,-8.5776,49.8379,,,
144,3,-8.4617,49.8379,,,
144,4,-8.3459,49.8379,,,
144,5,-8.2300,49.8379,,,
144,6,-8.1141,49.8379,,,
144,7,-7.9983,49.8379,,,
144,8,-7.8824,49.8379,,,
144,9,-7.7665,49.8379,,,
144,10,-7.6507,49.8379,,,
144,11,-7.5348,49.8379,,,
144,12,-7.4190,49.8379,,,
144,13,-7.3031,49.8379,,,
144,14,-7.1872,49.8379,,,
144,15,-7.0714,49.8379,,,
144,16,-6.9555,49.8379,,,
144,17,-6.8397,49.8379,,,
144,18,-6.7238,49.8379,,,
144,19,-6.6079,49.8379,,,
144,20,-6.4921,49.8379,,,
144,21,-6.3762,49.8379,,,
144,22,-6.2603,49.8379,,,
144,23,-6.1445,49.8379,,,
144,24,-6.0286,49.8379,,,
144,25,-5.9128,49.8379,,,
144,26,-5.7969,49.8379,,,
144,27,-5.6810,49.8379,,,
144,28,-5.5652,49.8379,,,
144,29,-5.4493,49.8379,,,
144,30,-5.3334,49.8379,,,
144,31,-5.2176,49.8379,,,
144,32,-5.1017,49.8379,,,
144,33,-4.9859,49.8379,,,
144,34,-4.8700,49.8379,,,
144,35,-4.7541,49.8379,,,
144,36,-4.6383,49.8379,,,
144,37,-4.5224,49.8379,,,
144,38,-4.4066,49.8379,,,
144,39,-4.2907,49.8379,,,
144,40,-4.1748,49.8379,,,
144,41,-4.0590,49.8379,,,
144,42,-3.9431,49.8379,,,
144,43,-3.8272,49.8379,,,
144,44,-3.7114,49.8379,,,
144,45,-3.5955,49.8379,,,
144,46,-3.4797,49.8379,,,
144,47,-3.3638,49.8379,,,
144,48,-3.2479,49.8379,,,
144,49,-3.1321,49.8379,,,
144,50,-3.0162,49.8379,,,
144,51,-2.9003,49.8379,,,
144,52,-2.7845,49.8379,,,
144,53,-2.6686,49.8379,,,
144,54,-2.5528,49.8379,,,
144,55,-2.4369,49.8379,,,
144,56,-2.3210,49.8379,,,
144,57,-2.2052,49.8379,,,
144,58,-2.0893,49.8379,,,
144,59,-1.9734,49.8379,,,
144,60,-1.8576,49.8379,,,
144,61,-1.7417,49.8379,,,
144,62,-1.6259,49.8379,,,
144,63,-1.5100,49.8379,,,
144,64,-1.3941,49.8379,,,
144,65,-1.2783,49.8379,,,
144,66,-1.1624,49.8379,,,
144,67,-1.0466,49.8379,,,
144,68,-0.9307,49.8379,,,
144,69,-0.8148,49.8379,,,
144,70,-0.6990,49.8379,,,
144,71,-0.5831,49.8379,,,
144,72,-0.4672,49.8379,,,
144,73,-0.3514,49.8379,,,
144,74,-0.2355,49.8379,,,
144,75,-0.1197,49.8379,,,
144,76,-0.0038,49.8379,,,
144,77,0.1121,49.8379,,,
144,78,0.2279,49.8379,,,
144,79,0.3438,49.8379,,,
144,80,0.4597,49.8379,,,
144,81,0.5755,49.8379,,,
144,82,0.6914,49.8379,,,
144,83,0.8072,49.8379,,,
144,84,0.9231,49.8379,,,
144,85,1.0390,49.8379,,,
144,86,1.1548,49.8379,,,
144,87,1.2707,49.8379,,,
144,88,1.3865,49.8379,,,
144,89,1.5024,49.8379,,,
144,90,1.6183,49.8379,,,
144,91,1.7341,49.8379,,,
144,92,1.8500,49.8379,,,
144,93,1.9659,49.8379,,,
