{"type":"FeatureCollection","features":[{"type":"Feature","properties":{"name":"Carlow"},"geometry":{"type":"MultiPolygon","coordinates":[[[[-6.5924,52.7081],[-6.5968,52.6979],[-6.5976,52.6714],[-6.6023,52.6643],[-6.6148,52.6542],[-6.6632,52.6401],[-6.7179,52.6331],[-6.7257,52.6229],[-6.7288,52.6073],[-6.7265,52.5823],[-6.7312,52.5745],[-6.7608,52.5374],[-6.771,52.5202],[-6.81,52.4812],[-6.8288,52.4671],[-6.8905,52.4648],[-6.9085,52.4484],[-6.917,52.446],[-6.9178,52.5116],[-6.91,52.5538],[-6.91,52.5733],[-6.9147,52.5905],[-6.9319,52.6085],[-6.9405,52.6132],[-6.9428,52.6226],[-6.9733,52.6483],[-6.9756,52.6538],[-6.9756,52.6624],[-6.953,52.6944],[-6.953,52.7053],[-6.9647,52.7116],[-6.9803,52.7108],[-7.028,52.721],[-7.0834,52.7284],[-7.0904,52.7323],[-7.0904,52.7417],[-7.0873,52.762],[-7.0725,52.7979],[-7.066,52.8229],[-7.054,52.8194],[-6.9839,52.818],[-6.9756,52.8257],[-6.9582,52.8354],[-6.9374,52.841],[-6.9221,52.85],[-6.9158,52.8567],[-6.8952,52.8448],[-6.8842,52.8416],[-6.8639,52.8424],[-6.8577,52.8471],[-6.8499,52.8627],[-6.8264,52.8768],[-6.7601,52.8783],[-6.7355,52.884],[-6.7279,52.888],[-6.7135,52.9088],[-6.7123,52.9243],[-6.7015,52.9276],[-6.678,52.9268],[-6.589,52.9065],[-6.5562,52.9065],[-6.5421,52.9041],[-6.5375,52.8963],[-6.5289,52.8932],[-6.5172,52.8932],[-6.507,52.8963],[-6.5031,52.9018],[-6.4922,52.9033],[-6.4773,52.9002],[-6.4633,52.894],[-6.464,52.8854],[-6.4711,52.8823],[-6.4765,52.8737],[-6.4765,52.8479],[-6.482,52.8385],[-6.5125,52.8268],[-6.5336,52.8205],[-6.5593,52.8205],[-6.5718,52.8245],[-6.5929,52.837],[-6.6187,52.837],[-6.6312,52.8315],[-6.6374,52.8213],[-6.6406,52.7932],[-6.6288,52.7729],[-6.6078,52.7628],[-6.5859,52.744],[-6.5843,52.7315],[-6.5867,52.7175],[-6.5924,52.7081]]]]}},{"type":"Feature","properties":{"name":"Cavan"},"geometry":{"type":"MultiPolygon","coordinates":[[[[-7.2752,53.7839],[-7.2824,53.7954],[-7.2998,53.7977],[-7.3684,53.7907],[-7.4079,53.778],[-7.4188,53.782],[-7.4718,53.836],[-7.495,53.8518],[-7.522,53.8592],[-7.5676,53.8666],[-7.5778,53.8727],[-7.5871,53.8959],[-7.5964,53.8982],[-7.6057,53.9308],[-7.608,53.9494],[-7.6045,53.9598],[-7.5976,53.9703],[-7.5964,53.9843],[-7.6045,54.0052],[-7.6568,54.0389],[-7.7068,54.0644],[-7.751,54.0947],[-7.7603,54.1051],[-7.78,54.1086],[-7.8056,54.1075],[-7.8532,54.0982],[-7.8835,54.1249],[-7.9032,54.1458],[-7.9265,54.1621],[-7.9776,54.1888],[-8.002,54.1946],[-8.0194,54.1911],[-8.0357,54.1935],[-8.038,54.2121],[-8.0346,54.2388],[-7.9962,54.2818],[-7.973,54.2981],[-7.9449,54.3097],[-7.9429,54.3073],[-7.9059,54.2955],[-7.8925,54.3023],[-7.8779,54.2987],[-7.8544,54.2584],[-7.8475,54.2184],[-7.8281,54.2055],[-7.7629,54.2091],[-7.691,54.2065],[-7.6659,54.1839],[-7.652,54.1868],[-7.6246,54.1728],[-7.6173,54.1507],[-7.599,54.1423],[-7.5814,54.1447],[-7.5749,54.1395],[-7.5672,54.1386],[-7.5543,54.128],[-7.5231,54.1343],[-7.4734,54.1259],[-7.4637,54.1302],[-7.4638,54.1408],[-7.4454,54.1447],[-7.4287,54.1544],[-7.4108,54.1552],[-7.4068,54.1478],[-7.4156,54.1432],[-7.4126,54.137],[-7.3728,54.1381],[-7.3865,54.1244],[-7.3593,54.1294],[-7.3339,54.1195],[-7.3265,54.1234],[-7.3079,54.1109],[-7.2579,54.0935],[-7.1882,54.0796],[-7.1464,54.0807],[-7.1336,54.0877],[-7.1266,54.0947],[-7.1196,54.0935],[-7.1127,54.0877],[-7.036,54.0865],[-7.0197,54.0796],[-6.9534,54.0168],[-6.929,54.0087],[-6.9081,53.9947],[-6.8895,53.9819],[-6.8512,53.9482],[-6.8082,53.9203],[-6.771,53.9052],[-6.7524,53.9017],[-6.764,53.8843],[-6.7791,53.8738],[-6.8163,53.8797],[-6.8651,53.8797],[-6.9069,53.875],[-6.943,53.875],[-6.9569,53.8634],[-6.9569,53.8518],[-6.9511,53.8355],[-6.9255,53.8111],[-6.9186,53.7971],[-6.929,53.7832],[-6.9558,53.7669],[-7.0267,53.7576],[-7.0778,53.7663],[-7.1034,53.7768],[-7.1429,53.7838],[-7.1859,53.7814],[-7.2103,53.771],[-7.23,53.771],[-7.2498,53.7826],[-7.2672,53.7884],[-7.2752,53.7839]]]]}},{"type":"Feature","properties":{"name":"Clare"},"geometry":{"type":"MultiPolygon","coordinates":[[[[-9.7319,52.6488],[-9.7242,52.6518],[-9.7225,52.6565],[-9.7247,52.6579],[-9.7069,52.6596],[-9.7003,52.6671],[-9.6953,52.6671],[-9.6986,52.6707],[-9.6931,52.6724],[-9.6942,52.6751],[-9.6858,52.6735],[-9.6831,52.6749],[-9.6842,52.6768],[-9.6764,52.6771],[-9.6769,52.6807],[-9.6636,52.6826],[-9.6547,52.6815],[-9.6553,52.6782],[-9.6531,52.6776],[-9.6464,52.681],[-9.6469,52.6835],[-9.6531,52.684],[-9.6525,52.6915],[-9.6597,52.6929],[-9.6503,52.6965],[-9.6569,52.6965],[-9.6492,52.7032],[-9.6519,52.7051],[-9.6353,52.7126],[-9.6242,52.7129],[-9.6169,52.7157],[-9.6225,52.7174],[-9.6192,52.7207],[-9.6303,52.7218],[-9.6314,52.7251],[-9.6369,52.7282],[-9.6308,52.7287],[-9.6258,52.7262],[-9.6231,52.7282],[-9.6314,52.7329],[-9.6092,52.7335],[-9.6125,52.7351],[-9.6086,52.7407],[-9.6131,52.7429],[-9.5831,52.7485],[-9.5814,52.751],[-9.5481,52.7518],[-9.5503,52.7476],[-9.5408,52.7463],[-9.5358,52.7379],[-9.5297,52.736],[-9.5258,52.7374],[-9.5258,52.7401],[-9.5314,52.7438],[-9.5275,52.7482],[-9.5203,52.7468],[-9.5025,52.7504],[-9.5042,52.7471],[-9.4953,52.7513],[-9.4919,52.7588],[-9.4936,52.7654],[-9.5069,52.7693],[-9.4836,52.7746],[-9.4819,52.7793],[-9.4786,52.7768],[-9.4769,52.7782],[-9.4792,52.7807],[-9.4764,52.7812],[-9.4903,52.7854],[-9.4875,52.7868],[-9.4903,52.791],[-9.4853,52.7935],[-9.4886,52.8043],[-9.4936,52.8088],[-9.4903,52.8099],[-9.4836,52.8071],[-9.4569,52.8176],[-9.4542,52.8204],[-9.4625,52.8237],[-9.4525,52.8254],[-9.4525,52.8276],[-9.4575,52.8285],[-9.4569,52.831],[-9.4603,52.8326],[-9.4358,52.8329],[-9.4319,52.8351],[-9.4325,52.8435],[-9.4564,52.8479],[-9.4564,52.8501],[-9.4458,52.8537],[-9.4453,52.8568],[-9.4319,52.8576],[-9.4308,52.8601],[-9.4353,52.8618],[-9.4275,52.8671],[-9.4436,52.8649],[-9.4436,52.8699],[-9.4381,52.8707],[-9.4408,52.8735],[-9.4375,52.8751],[-9.4464,52.8771],[-9.4375,52.8774],[-9.4347,52.8826],[-9.4175,52.8918],[-9.3897,52.8976],[-9.3792,52.9068],[-9.3719,52.9087],[-9.3681,52.9151],[-9.3508,52.9185],[-9.3536,52.9229],[-9.3475,52.9299],[-9.3497,52.9351],[-9.3586,52.9399],[-9.3581,52.9432],[-9.3742,52.9421],[-9.3786,52.9385],[-9.3858,52.9382],[-9.4019,52.9321],[-9.4236,52.9315],[-9.4292,52.934],[-9.4275,52.9365],[-9.4442,52.9362],[-9.4608,52.9332],[-9.4669,52.9299],[-9.4764,52.9324],[-9.4708,52.9371],[-9.4764,52.9415],[-9.4686,52.9451],[-9.4725,52.9471],[-9.4719,52.9487],[-9.4586,52.9518],[-9.4503,52.9585],[-9.4342,52.9663],[-9.4292,52.9754],[-9.4319,52.9849],[-9.4231,52.9888],[-9.4142,52.9993],[-9.4097,52.9993],[-9.3925,53.0079],[-9.4075,53.0135],[-9.4053,53.0165],[-9.4103,53.0187],[-9.4019,53.0249],[-9.3953,53.0257],[-9.3947,53.0304],[-9.3881,53.0349],[-9.3836,53.0429],[-9.3714,53.0462],[-9.3647,53.0513],[-9.3675,53.0568],[-9.3631,53.0671],[-9.3586,53.0704],[-9.3592,53.0729],[-9.3297,53.0865],[-9.3203,53.0871],[-9.3114,53.0921],[-9.3103,53.0999],[-9.3014,53.1037],[-9.2992,53.1096],[-9.2925,53.1126],[-9.2869,53.1196],[-9.2908,53.1213],[-9.2908,53.1287],[-9.2936,53.1301],[-9.2919,53.1338],[-9.2825,53.1451],[-9.2647,53.1543],[-9.2403,53.1496],[-9.2208,53.1401],[-9.1675,53.1354],[-9.1614,53.1324],[-9.1653,53.1321],[-9.1625,53.1287],[-9.1731,53.1307],[-9.1747,53.1301],[-9.1719,53.1287],[-9.1736,53.1274],[-9.1658,53.124],[-9.1625,53.126],[-9.1525,53.1196],[-9.1492,53.1218],[-9.1386,53.1218],[-9.1392,53.1235],[-9.1342,53.1265],[-9.1431,53.1285],[-9.1219,53.1318],[-9.1258,53.1329],[-9.1208,53.1379],[-9.1008,53.1401],[-9.1047,53.1407],[-9.1008,53.1426],[-9.1086,53.1443],[-9.1186,53.139],[-9.1169,53.1424],[-9.1186,53.1454],[-9.1231,53.1443],[-9.1264,53.1485],[-9.1392,53.149],[-9.1331,53.1521],[-9.1225,53.1515],[-9.1186,53.1538],[-9.1181,53.156],[-9.1286,53.1574],[-9.0936,53.1599],[-9.0875,53.1574],[-9.0703,53.1562],[-9.0525,53.1587],[-9.0397,53.151],[-9.0269,53.1535],[-9.0225,53.1499],[-9.0264,53.1468],[-8.9997,53.1376],[-8.9972,53.1229],[-8.9983,53.0985],[-8.9953,53.0945],[-8.9846,53.0893],[-8.9724,53.0879],[-8.9101,53.0685],[-8.8987,53.0619],[-8.8924,53.0548],[-8.8906,53.0475],[-8.8906,53.0268],[-8.8898,53.022],[-8.8839,53.0139],[-8.8839,52.9977],[-8.8784,52.9918],[-8.8412,52.9829],[-8.836,52.9807],[-8.8334,52.9759],[-8.8257,52.9733],[-8.8198,52.9748],[-8.8135,52.9818],[-8.8083,52.9833],[-8.7829,52.9839],[-8.7567,52.9953],[-8.7324,53.01],[-8.6734,53.0333],[-8.6497,53.0335],[-8.6103,53.0394],[-8.5668,53.0394],[-8.5435,53.0323],[-8.5177,53.0204],[-8.4484,52.9816],[-8.417,52.9813],[-8.413,52.9787],[-8.3689,52.9754],[-8.3423,52.9847],[-8.3014,53.0041],[-8.2995,53.001],[-8.2988,52.9524],[-8.3054,52.9352],[-8.3153,52.9234],[-8.3299,52.9164],[-8.3715,52.9042],[-8.3794,52.9045],[-8.3847,52.9088],[-8.392,52.9098],[-8.3956,52.9065],[-8.3979,52.8979],[-8.4154,52.8959],[-8.4207,52.8819],[-8.4286,52.8158],[-8.4422,52.7799],[-8.4847,52.7215],[-8.4987,52.6979],[-8.5054,52.6925],[-8.5206,52.6905],[-8.5421,52.6835],[-8.5945,52.6855],[-8.6221,52.6943],[-8.6469,52.6968],[-8.6845,52.6906],[-8.7364,52.6763],[-8.7458,52.6793],[-8.7886,52.6774],[-8.7953,52.681],[-8.8047,52.6793],[-8.8064,52.6829],[-8.8119,52.6807],[-8.8136,52.6815],[-8.8119,52.6862],[-8.8147,52.689],[-8.8231,52.6871],[-8.8242,52.6849],[-8.8297,52.6871],[-8.8353,52.6849],[-8.8386,52.6885],[-8.8442,52.6885],[-8.8464,52.6937],[-8.8581,52.6915],[-8.8625,52.6979],[-8.8703,52.6937],[-8.8731,52.6979],[-8.8781,52.6963],[-8.8814,52.6985],[-8.8858,52.6979],[-8.8892,52.6943],[-8.8947,52.6976],[-8.8986,52.6926],[-8.9092,52.6901],[-8.9119,52.6871],[-8.9219,52.6885],[-8.9231,52.686],[-8.9186,52.6843],[-8.9186,52.6793],[-8.9436,52.6876],[-8.9558,52.6857],[-8.9592,52.6824],[-8.9658,52.6835],[-8.9697,52.6857],[-8.9675,52.6871],[-8.9692,52.6893],[-8.9586,52.6907],[-8.9642,52.6951],[-8.9658,52.701],[-8.9575,52.7093],[-8.9581,52.7124],[-8.9675,52.7151],[-8.9669,52.7188],[-8.9597,52.7204],[-8.9553,52.7251],[-8.9575,52.7315],[-8.9419,52.7351],[-8.9419,52.7382],[-8.9497,52.7388],[-8.9486,52.7429],[-8.9642,52.7446],[-8.9597,52.7482],[-8.9625,52.7526],[-8.9775,52.7529],[-8.9786,52.7549],[-8.9781,52.759],[-8.9542,52.7649],[-8.9464,52.7715],[-8.9486,52.7754],[-8.9436,52.781],[-8.9436,52.7854],[-8.9408,52.7868],[-8.9547,52.7887],[-8.9608,52.796],[-8.9569,52.7988],[-8.9608,52.7988],[-8.9608,52.7899],[-8.9475,52.7874],[-8.9458,52.7854],[-8.9475,52.779],[-8.9597,52.7721],[-8.9686,52.7713],[-8.9731,52.7693],[-8.9719,52.7674],[-8.9853,52.7632],[-9.0047,52.7646],[-9.0081,52.7612],[-9.0186,52.7596],[-9.0225,52.7562],[-9.0286,52.7568],[-9.0303,52.7513],[-9.0364,52.7474],[-9.0431,52.7499],[-9.0419,52.7474],[-9.0303,52.7421],[-9.0336,52.7388],[-9.0325,52.7351],[-9.0342,52.7337],[-9.0319,52.731],[-9.0342,52.7246],[-9.0453,52.7168],[-9.0619,52.7118],[-9.0636,52.7085],[-9.0619,52.694],[-9.0686,52.689],[-9.0697,52.6851],[-9.0769,52.6824],[-9.0775,52.6718],[-9.0803,52.6707],[-9.0853,52.6746],[-9.0892,52.6746],[-9.0914,52.6715],[-9.1014,52.669],[-9.1031,52.6585],[-9.1081,52.6571],[-9.1125,52.6488],[-9.1169,52.6476],[-9.1186,52.6446],[-9.1297,52.6437],[-9.1342,52.6413],[-9.1392,52.6365],[-9.1408,52.6312],[-9.1625,52.6185],[-9.1681,52.6176],[-9.1742,52.6221],[-9.2008,52.6193],[-9.2075,52.6215],[-9.2208,52.6201],[-9.2219,52.6218],[-9.2275,52.6193],[-9.2553,52.6199],[-9.2531,52.614],[-9.2597,52.6107],[-9.2592,52.6037],[-9.2914,52.5882],[-9.3197,52.5882],[-9.3347,52.5949],[-9.3347,52.5974],[-9.3392,52.5982],[-9.3392,52.6012],[-9.3336,52.6026],[-9.3219,52.6129],[-9.2842,52.6282],[-9.2825,52.6318],[-9.2753,52.634],[-9.2758,52.6387],[-9.2697,52.6396],[-9.2897,52.6376],[-9.2953,52.6399],[-9.2986,52.6354],[-9.3136,52.6285],[-9.3436,52.6246],[-9.3414,52.6224],[-9.3508,52.6146],[-9.3808,52.6143],[-9.3831,52.6113],[-9.3925,52.6099],[-9.3997,52.6037],[-9.4175,52.6021],[-9.4275,52.606],[-9.4353,52.606],[-9.4381,52.6076],[-9.4386,52.6118],[-9.4425,52.6138],[-9.4603,52.6118],[-9.4664,52.6132],[-9.4703,52.6171],[-9.4803,52.6168],[-9.4831,52.6224],[-9.4919,52.6237],[-9.5031,52.6304],[-9.5025,52.6326],[-9.4969,52.6318],[-9.4986,52.6343],[-9.5047,52.6329],[-9.5064,52.6296],[-9.5175,52.6321],[-9.5319,52.6301],[-9.5325,52.6321],[-9.5269,52.634],[-9.5264,52.6362],[-9.5369,52.6365],[-9.5358,52.639],[-9.5436,52.6435],[-9.5408,52.6463],[-9.5419,52.6496],[-9.5486,52.6532],[-9.5447,52.6554],[-9.5514,52.6571],[-9.5431,52.6621],[-9.5392,52.6618],[-9.5419,52.6676],[-9.5442,52.6682],[-9.5431,52.666],[-9.5453,52.6629],[-9.5808,52.6668],[-9.5825,52.6657],[-9.5758,52.6626],[-9.5764,52.6607],[-9.5686,52.6596],[-9.5697,52.6568],[-9.5619,52.6543],[-9.5586,52.6482],[-9.5469,52.6424],[-9.5469,52.6393],[-9.5508,52.6393],[-9.5503,52.6368],[-9.5942,52.6265],[-9.5953,52.6249],[-9.5931,52.6243],[-9.5847,52.6276],[-9.5847,52.6243],[-9.6058,52.6174],[-9.6336,52.6193],[-9.6447,52.6151],[-9.6658,52.6126],[-9.6836,52.6151],[-9.7008,52.6121],[-9.7081,52.6076],[-9.7086,52.6049],[-9.7058,52.6012],[-9.6986,52.6004],[-9.7047,52.5938],[-9.7053,52.5901],[-9.6964,52.586],[-9.6964,52.5824],[-9.7125,52.5793],[-9.7197,52.5812],[-9.7186,52.5851],[-9.7203,52.5863],[-9.7242,52.5865],[-9.7269,52.5826],[-9.7297,52.5826],[-9.7325,52.5865],[-9.7403,52.5871],[-9.7442,52.5857],[-9.7447,52.5832],[-9.7408,52.5799],[-9.7697,52.5718],[-9.7914,52.5696],[-9.8036,52.5651],[-9.8153,52.5646],[-9.8208,52.5654],[-9.8186,52.5668],[-9.8197,52.5682],[-9.8275,52.5699],[-9.8486,52.5713],[-9.8619,52.5701],[-9.8597,52.5665],[-9.8647,52.5626],[-9.8897,52.5543],[-9.8925,52.5543],[-9.8897,52.556],[-9.8908,52.5571],[-9.9303,52.556],[-9.9392,52.5582],[-9.9397,52.5607],[-9.9225,52.5651],[-9.9081,52.579],[-9.9025,52.5788],[-9.8992,52.5821],[-9.8942,52.5824],[-9.8897,52.5799],[-9.8858,52.5815],[-9.8808,52.5801],[-9.8786,52.5826],[-9.8842,52.5846],[-9.8703,52.5857],[-9.8708,52.5876],[-9.8842,52.5882],[-9.8847,52.5915],[-9.8353,52.5968],[-9.8353,52.599],[-9.8314,52.6007],[-9.8175,52.6007],[-9.8169,52.6035],[-9.8092,52.6049],[-9.8125,52.6071],[-9.8086,52.6074],[-9.8042,52.619],[-9.7936,52.6201],[-9.7958,52.6215],[-9.7947,52.6246],[-9.7603,52.6387],[-9.7458,52.6399],[-9.7469,52.6413],[-9.7431,52.6415],[-9.7453,52.644],[-9.7319,52.6488]]],[[[-9.1453,53.1263],[-9.1419,53.1235],[-9.1481,53.1237],[-9.1453,53.1263]]],[[[-9.4114,53.0179],[-9.4103,53.0154],[-9.4147,53.016],[-9.4114,53.0179]]],[[[-9.5081,52.8176],[-9.5047,52.816],[-9.5136,52.8104],[-9.5275,52.8074],[-9.5347,52.8079],[-9.5342,52.8121],[-9.5364,52.8135],[-9.5197,52.8135],[-9.5081,52.8176]]],[[[-9.0292,52.7504],[-9.0269,52.7463],[-9.0303,52.7432],[-9.0358,52.7463],[-9.0292,52.7504]]],[[[-9.0247,52.7276],[-9.0214,52.7262],[-9.0269,52.7262],[-9.0247,52.7276]]],[[[-9.0253,52.721],[-9.0147,52.7193],[-9.0208,52.7118],[-9.0369,52.7104],[-9.0497,52.7057],[-9.0564,52.7068],[-9.0553,52.7104],[-9.0436,52.7143],[-9.0336,52.721],[-9.0253,52.721]]],[[[-8.9925,52.7176],[-8.9908,52.7121],[-8.9947,52.7099],[-9.0147,52.7071],[-9.0253,52.7015],[-9.0114,52.7151],[-8.9925,52.7176]]],[[[-8.9842,52.7171],[-8.9808,52.7151],[-8.9892,52.7157],[-8.9842,52.7171]]],[[[-8.9747,52.711],[-8.9708,52.7088],[-8.9636,52.7104],[-8.9619,52.7065],[-8.9747,52.7004],[-8.9825,52.7043],[-8.9781,52.7068],[-8.9831,52.7079],[-8.9747,52.711]]],[[[-9.0342,52.704],[-9.0292,52.7062],[-9.0342,52.704]]],[[[-9.0553,52.691],[-9.0592,52.691],[-9.0592,52.6935],[-9.0536,52.6965],[-9.0553,52.691]]],[[[-9.0414,52.6907],[-9.0347,52.6862],[-9.0586,52.6757],[-9.0608,52.679],[-9.0586,52.6832],[-9.0414,52.6907]]],[[[-9.0642,52.6899],[-9.0625,52.6879],[-9.0675,52.6865],[-9.0675,52.6888],[-9.0642,52.6899]]],[[[-8.8486,52.6899],[-8.8469,52.6862],[-8.8508,52.6857],[-8.8514,52.6896],[-8.8486,52.6899]]],[[[-9.0364,52.6818],[-9.0342,52.6813],[-9.0353,52.6768],[-9.0447,52.6726],[-9.0436,52.6704],[-9.0464,52.6676],[-9.0586,52.6643],[-9.0586,52.6682],[-9.0536,52.6701],[-9.0531,52.6743],[-9.0486,52.679],[-9.0364,52.6818]]],[[[-9.0125,52.6813],[-9.0136,52.6768],[-9.0097,52.6774],[-9.0069,52.6749],[-9.0153,52.674],[-9.0169,52.6718],[-9.0264,52.6735],[-9.0292,52.6768],[-9.0225,52.681],[-9.0125,52.6813]]],[[[-9.0014,52.6799],[-9.0008,52.6765],[-9.0058,52.6776],[-9.0014,52.6799]]],[[[-9.0625,52.6796],[-9.0625,52.6771],[-9.0658,52.6768],[-9.0625,52.6796]]],[[[-8.7936,52.6774],[-8.7914,52.6763],[-8.7947,52.6746],[-8.7936,52.6774]]],[[[-8.8086,52.6718],[-8.8064,52.6743],[-8.8086,52.6718]]],[[[-9.0864,52.674],[-9.0847,52.6712],[-9.0764,52.6696],[-9.0792,52.666],[-9.0881,52.664],[-9.0997,52.6654],[-9.0997,52.6682],[-9.0864,52.674]]],[[[-9.0069,52.6729],[-9.0069,52.6704],[-9.0119,52.6707],[-9.0069,52.6729]]],[[[-9.0614,52.6724],[-9.0608,52.6685],[-9.0664,52.6649],[-9.0731,52.6665],[-9.0664,52.6721],[-9.0614,52.6724]]],[[[-9.0714,52.6721],[-9.0714,52.6696],[-9.0753,52.6685],[-9.0714,52.6721]]],[[[-9.1058,52.6532],[-9.1058,52.6496],[-9.1097,52.6496],[-9.1058,52.6532]]],[[[-9.4981,52.6226],[-9.4936,52.6204],[-9.4992,52.6179],[-9.5053,52.6213],[-9.4981,52.6226]]],[[[-9.5158,52.6182],[-9.5125,52.6179],[-9.5125,52.6104],[-9.5181,52.6085],[-9.5164,52.6046],[-9.5186,52.604],[-9.5247,52.6087],[-9.5258,52.6162],[-9.5158,52.6182]]]]}},{"type":"Feature","properties":{"name":"Cork"},"geometry":{"type":"MultiPolygon","coordinates":[[[[-10.1636,51.5799],[-10.1664,51.5818],[-10.1531,51.5938],[-10.1436,51.5974],[-10.1453,51.6026],[-10.1431,51.606],[-10.1569,51.6101],[-10.1592,51.6118],[-10.1581,51.6154],[-10.1481,51.6151],[-10.1436,51.621],[-10.1336,51.6229],[-10.1297,51.6196],[-10.1342,51.6171],[-10.1281,51.6132],[-10.1053,51.6193],[-10.0969,51.619],[-10.0908,51.6246],[-10.0764,51.6204],[-10.0647,51.6249],[-10.0558,51.6321],[-10.0714,51.6346],[-10.0614,51.639],[-10.0631,51.6446],[-10.0569,51.649],[-10.0597,51.6532],[-10.0714,51.651],[-10.0803,51.654],[-10.0764,51.6582],[-10.0864,51.6565],[-10.0881,51.6585],[-10.0997,51.659],[-10.1058,51.6637],[-10.1047,51.6662],[-10.0969,51.6688],[-10.0953,51.6726],[-10.0869,51.6746],[-10.0781,51.6724],[-10.0714,51.6768],[-10.0647,51.6721],[-10.0525,51.669],[-10.0325,51.6782],[-10.0108,51.6729],[-10.0025,51.6765],[-10.0036,51.6793],[-9.9981,51.6851],[-9.9925,51.686],[-9.9814,51.6829],[-9.9731,51.686],[-9.9781,51.6876],[-9.9692,51.6924],[-9.9736,51.6957],[-9.9653,51.7001],[-9.9653,51.7046],[-9.9508,51.7104],[-9.9525,51.7129],[-9.9475,51.7143],[-9.9575,51.7151],[-9.9592,51.7113],[-9.9697,51.7132],[-9.9842,51.7101],[-9.9847,51.7135],[-10.0075,51.7157],[-10.0047,51.7193],[-9.9969,51.7221],[-9.9981,51.7238],[-9.9831,51.7293],[-9.9819,51.7335],[-9.9647,51.7343],[-9.9475,51.7415],[-9.9403,51.7415],[-9.9392,51.7393],[-9.9292,51.7401],[-9.9253,51.7432],[-9.9308,51.744],[-9.9197,51.7463],[-9.9236,51.7476],[-9.9147,51.7513],[-9.9136,51.7487],[-9.9083,51.7496],[-9.8872,51.7293],[-9.8737,51.7226],[-9.8563,51.7192],[-9.7945,51.7564],[-9.7824,51.7602],[-9.7781,51.7675],[-9.7704,51.7733],[-9.7452,51.7873],[-9.7279,51.7926],[-9.682,51.8056],[-9.6482,51.8035],[-9.6163,51.7962],[-9.5951,51.7967],[-9.5675,51.8025],[-9.5337,51.816],[-9.484,51.8452],[-9.4642,51.8534],[-9.4454,51.8544],[-9.4116,51.8501],[-9.3927,51.8612],[-9.358,51.8718],[-9.3309,51.8901],[-9.3164,51.9107],[-9.3174,51.9271],[-9.3266,51.9435],[-9.3266,51.9493],[-9.3227,51.957],[-9.3053,51.9705],[-9.2797,51.9826],[-9.2254,51.9865],[-9.1945,51.9858],[-9.1537,52.0077],[-9.1537,52.0182],[-9.1658,52.0265],[-9.1967,52.0348],[-9.2141,52.0439],[-9.2402,52.062],[-9.2402,52.0686],[-9.2342,52.0728],[-9.2118,52.0777],[-9.2076,52.0831],[-9.2094,52.0916],[-9.2293,52.1145],[-9.2342,52.1278],[-9.2269,52.1718],[-9.2293,52.1809],[-9.2933,52.2334],[-9.2945,52.237],[-9.2939,52.2431],[-9.2855,52.2527],[-9.2474,52.276],[-9.2317,52.2826],[-9.2257,52.2898],[-9.2281,52.3001],[-9.2346,52.3085],[-9.2197,52.3134],[-9.1663,52.3241],[-9.1324,52.3385],[-9.0778,52.3379],[-9.0553,52.3322],[-9.0389,52.3241],[-8.9618,52.3212],[-8.9358,52.3262],[-8.8427,52.3783],[-8.7583,52.382],[-8.7062,52.3795],[-8.6764,52.3741],[-8.6406,52.3602],[-8.6059,52.3403],[-8.5731,52.3155],[-8.5195,52.2847],[-8.4947,52.2887],[-8.4639,52.2996],[-8.4053,52.3006],[-8.3626,52.3175],[-8.3418,52.322],[-8.312,52.315],[-8.2484,52.2922],[-8.2028,52.3001],[-8.1603,52.3027],[-8.164,52.2751],[-8.1624,52.2627],[-8.1041,52.2303],[-8.0886,52.2155],[-8.1418,52.1972],[-8.1474,52.1861],[-8.1474,52.1745],[-8.1375,52.1591],[-8.116,52.1487],[-8.0564,52.0872],[-7.9643,52.0264],[-7.9428,52.0031],[-7.9274,51.9902],[-7.9096,51.9877],[-7.8586,51.9871],[-7.8525,51.9834],[-7.8498,51.9787],[-7.8558,51.9824],[-7.8586,51.9776],[-7.8642,51.9754],[-7.8619,51.9729],[-7.8536,51.974],[-7.8503,51.9607],[-7.8414,51.9482],[-7.8419,51.9404],[-7.8681,51.9301],[-7.8814,51.9132],[-7.9003,51.9074],[-7.9019,51.9115],[-7.9064,51.9135],[-7.9103,51.9107],[-7.9108,51.9071],[-7.9219,51.9024],[-7.9275,51.9029],[-7.9242,51.9001],[-7.9181,51.9007],[-7.9097,51.9046],[-7.9042,51.9113],[-7.9069,51.8968],[-7.9036,51.894],[-7.8881,51.8951],[-7.8853,51.8918],[-7.8697,51.8874],[-7.8642,51.8824],[-7.8714,51.8774],[-7.8903,51.8779],[-7.9153,51.8724],[-7.9675,51.869],[-7.9975,51.8607],[-8.0214,51.8451],[-8.0219,51.8371],[-8.0281,51.8385],[-8.0264,51.8407],[-8.0308,51.8376],[-8.0303,51.836],[-8.0219,51.8365],[-8.0208,51.8326],[-8.0058,51.8296],[-8.0008,51.8271],[-8.0014,51.8251],[-8.0253,51.8179],[-8.0347,51.819],[-8.0386,51.8143],[-8.0486,51.8171],[-8.0503,51.8132],[-8.0614,51.8082],[-8.1131,51.8079],[-8.1297,51.8054],[-8.1464,51.7974],[-8.1569,51.7882],[-8.1703,51.7843],[-8.1753,51.7849],[-8.1803,51.7954],[-8.1964,51.7924],[-8.2236,51.7946],[-8.2319,51.7921],[-8.2369,51.7949],[-8.2425,51.7912],[-8.2536,51.7921],[-8.2558,51.7938],[-8.2525,51.7943],[-8.2531,51.799],[-8.2486,51.8043],[-8.2531,51.8085],[-8.2608,51.8093],[-8.2647,51.8151],[-8.2619,51.8187],[-8.2497,51.8226],[-8.2508,51.826],[-8.2542,51.8265],[-8.2519,51.8301],[-8.2458,51.829],[-8.2492,51.826],[-8.2469,51.8235],[-8.2331,51.8254],[-8.2331,51.831],[-8.2419,51.834],[-8.2381,51.8385],[-8.2292,51.8387],[-8.2197,51.8435],[-8.1825,51.8462],[-8.1958,51.8454],[-8.1942,51.8512],[-8.1881,51.8557],[-8.1892,51.8576],[-8.1808,51.8571],[-8.1753,51.8599],[-8.2075,51.8574],[-8.2097,51.8585],[-8.2103,51.864],[-8.2019,51.8721],[-8.1986,51.8796],[-8.1703,51.8829],[-8.1803,51.8851],[-8.1792,51.8887],[-8.1836,51.8915],[-8.1814,51.8954],[-8.1753,51.8985],[-8.1831,51.8965],[-8.1831,51.8935],[-8.1908,51.8951],[-8.1881,51.8918],[-8.1881,51.8865],[-8.1947,51.886],[-8.1925,51.8835],[-8.1981,51.8854],[-8.1975,51.8832],[-8.2053,51.8849],[-8.2081,51.8882],[-8.2119,51.8865],[-8.2231,51.889],[-8.2281,51.8854],[-8.2214,51.8849],[-8.2225,51.8835],[-8.2403,51.8851],[-8.2419,51.8832],[-8.2586,51.8812],[-8.2636,51.886],[-8.2547,51.8885],[-8.2636,51.8896],[-8.2681,51.8932],[-8.2675,51.8913],[-8.2736,51.8874],[-8.2758,51.8879],[-8.2742,51.8918],[-8.2808,51.8937],[-8.2797,51.8904],[-8.2836,51.889],[-8.2831,51.8849],[-8.2892,51.8851],[-8.2853,51.8835],[-8.2703,51.8846],[-8.2669,51.8796],[-8.2625,51.8785],[-8.2408,51.8774],[-8.2336,51.8796],[-8.2219,51.8782],[-8.2092,51.8804],[-8.2031,51.8782],[-8.2025,51.874],[-8.2136,51.8662],[-8.2131,51.8579],[-8.2569,51.856],[-8.2675,51.8613],[-8.2642,51.8579],[-8.2703,51.8526],[-8.3064,51.8474],[-8.3125,51.8429],[-8.3197,51.8424],[-8.3208,51.8449],[-8.3292,51.8471],[-8.3269,51.8499],[-8.3264,51.8682],[-8.3242,51.8726],[-8.3319,51.8749],[-8.3336,51.8782],[-8.3303,51.8807],[-8.3197,51.8818],[-8.3192,51.8946],[-8.3225,51.8965],[-8.3181,51.8971],[-8.3164,51.904],[-8.3197,51.9021],[-8.3203,51.8982],[-8.3275,51.8963],[-8.3319,51.8871],[-8.3364,51.8851],[-8.3403,51.8857],[-8.3425,51.8896],[-8.3397,51.8901],[-8.3408,51.8913],[-8.3708,51.8918],[-8.3919,51.9015],[-8.3897,51.904],[-8.3925,51.9054],[-8.4136,51.8996],[-8.4264,51.9021],[-8.4475,51.9021],[-8.4158,51.8982],[-8.4003,51.9007],[-8.3925,51.8976],[-8.3886,51.8907],[-8.3908,51.8807],[-8.3969,51.8799],[-8.4058,51.8826],[-8.4158,51.8796],[-8.4058,51.8776],[-8.3986,51.8801],[-8.3892,51.8776],[-8.3831,51.879],[-8.3836,51.8821],[-8.3792,51.8779],[-8.3481,51.8796],[-8.3325,51.8704],[-8.3303,51.8679],[-8.3325,51.8621],[-8.3314,51.8482],[-8.3386,51.8407],[-8.3547,51.839],[-8.3525,51.8382],[-8.3525,51.8349],[-8.3453,51.8376],[-8.3331,51.8374],[-8.3242,51.8318],[-8.3231,51.8365],[-8.3097,51.8343],[-8.2964,51.836],[-8.3003,51.8329],[-8.2986,51.8254],[-8.3053,51.824],[-8.3025,51.8218],[-8.3031,51.8179],[-8.3086,51.819],[-8.3114,51.8232],[-8.3181,51.8204],[-8.3242,51.8218],[-8.3214,51.821],[-8.3231,51.8179],[-8.3214,51.8151],[-8.3197,51.8182],[-8.3136,51.8193],[-8.3097,51.8129],[-8.2942,51.8126],[-8.2931,51.8076],[-8.3197,51.8082],[-8.3292,51.8024],[-8.3325,51.8057],[-8.3386,51.8054],[-8.3458,51.8129],[-8.3553,51.8132],[-8.3597,51.8182],[-8.3642,51.8154],[-8.3714,51.8154],[-8.3714,51.8138],[-8.3869,51.8132],[-8.3508,51.8101],[-8.3386,51.8043],[-8.3331,51.8046],[-8.3292,51.8013],[-8.3253,51.8018],[-8.3214,51.806],[-8.3114,51.8037],[-8.3031,51.8057],[-8.2942,51.8032],[-8.2969,51.8057],[-8.2914,51.806],[-8.2875,51.8104],[-8.2775,51.8107],[-8.2747,51.8085],[-8.2775,51.804],[-8.2731,51.8013],[-8.2731,51.7982],[-8.2792,51.7949],[-8.2814,51.7879],[-8.2953,51.7832],[-8.2919,51.7812],[-8.2931,51.7793],[-8.3047,51.7751],[-8.3114,51.7757],[-8.3108,51.7735],[-8.3181,51.7718],[-8.3258,51.7665],[-8.3375,51.7646],[-8.3269,51.7643],[-8.3175,51.7699],[-8.3064,51.7721],[-8.2964,51.7674],[-8.2986,51.761],[-8.2958,51.754],[-8.3036,51.7476],[-8.3003,51.7435],[-8.3114,51.7401],[-8.3108,51.7315],[-8.3175,51.7301],[-8.3203,51.7332],[-8.3297,51.7332],[-8.3375,51.7268],[-8.3369,51.7193],[-8.3392,51.7163],[-8.3514,51.7157],[-8.3547,51.7126],[-8.3581,51.7154],[-8.3847,51.7129],[-8.3919,51.704],[-8.3897,51.7012],[-8.3975,51.7007],[-8.4069,51.704],[-8.4181,51.7026],[-8.4258,51.6982],[-8.4264,51.6951],[-8.4225,51.6924],[-8.4281,51.6893],[-8.4281,51.6868],[-8.4331,51.6882],[-8.4414,51.6849],[-8.4475,51.6888],[-8.4425,51.6935],[-8.4419,51.6999],[-8.4381,51.7018],[-8.4419,51.7046],[-8.4414,51.7099],[-8.4447,51.709],[-8.4431,51.7046],[-8.4497,51.7015],[-8.4492,51.6976],[-8.4547,51.6968],[-8.4614,51.7029],[-8.4603,51.7085],[-8.4708,51.7113],[-8.4736,51.7149],[-8.4775,51.714],[-8.4786,51.7113],[-8.4831,51.7124],[-8.4908,51.7171],[-8.4886,51.7201],[-8.4903,51.7204],[-8.4936,51.7168],[-8.4886,51.7121],[-8.4814,51.7099],[-8.4742,51.7121],[-8.4603,51.6968],[-8.4503,51.6937],[-8.4569,51.6821],[-8.4725,51.6793],[-8.4758,51.6732],[-8.4814,51.676],[-8.4942,51.674],[-8.4975,51.679],[-8.4914,51.684],[-8.4931,51.6896],[-8.5003,51.6949],[-8.5003,51.6996],[-8.5069,51.7049],[-8.5158,51.704],[-8.5169,51.6985],[-8.5269,51.6937],[-8.5403,51.7001],[-8.5469,51.7001],[-8.5531,51.7062],[-8.5603,51.7093],[-8.5631,51.7074],[-8.5536,51.7057],[-8.5536,51.704],[-8.5697,51.6968],[-8.5814,51.6979],[-8.5847,51.6963],[-8.5969,51.699],[-8.6053,51.7126],[-8.6042,51.7157],[-8.6108,51.7182],[-8.6125,51.7251],[-8.6164,51.7285],[-8.6297,51.7313],[-8.6347,51.7376],[-8.6297,51.729],[-8.6158,51.7268],[-8.6169,51.721],[-8.6114,51.7168],[-8.6125,51.7135],[-8.6036,51.7068],[-8.6047,51.7026],[-8.5969,51.6949],[-8.5753,51.6957],[-8.5681,51.6935],[-8.5514,51.7004],[-8.5381,51.6915],[-8.5292,51.6901],[-8.5175,51.6946],[-8.5136,51.701],[-8.5086,51.7004],[-8.5125,51.6951],[-8.5114,51.6904],[-8.5019,51.6871],[-8.5019,51.6843],[-8.5086,51.6818],[-8.5075,51.6787],[-8.5103,51.6776],[-8.5181,51.679],[-8.5192,51.6832],[-8.5275,51.6865],[-8.5197,51.6821],[-8.5197,51.6779],[-8.5236,51.6768],[-8.5225,51.674],[-8.5269,51.6721],[-8.5269,51.6662],[-8.5308,51.6621],[-8.5297,51.6562],[-8.5414,51.6521],[-8.5464,51.6485],[-8.5447,51.6463],[-8.5503,51.6454],[-8.5514,51.6426],[-8.5419,51.6393],[-8.5442,51.636],[-8.5397,51.6351],[-8.5397,51.6318],[-8.5281,51.6279],[-8.5392,51.621],[-8.5386,51.6154],[-8.5269,51.6104],[-8.5325,51.6037],[-8.5447,51.6087],[-8.5436,51.6176],[-8.5519,51.6218],[-8.5636,51.6232],[-8.5597,51.6265],[-8.5608,51.6315],[-8.5642,51.6329],[-8.5631,51.6393],[-8.5703,51.641],[-8.5747,51.639],[-8.5781,51.6435],[-8.5819,51.644],[-8.6103,51.6399],[-8.6275,51.6346],[-8.6381,51.6357],[-8.6431,51.6399],[-8.6442,51.6351],[-8.6536,51.636],[-8.6586,51.634],[-8.6625,51.636],[-8.6675,51.644],[-8.6658,51.646],[-8.6703,51.6512],[-8.6697,51.6546],[-8.6647,51.6557],[-8.6781,51.6587],[-8.6758,51.6557],[-8.6708,51.6554],[-8.6731,51.6546],[-8.6714,51.6515],[-8.6786,51.6496],[-8.6797,51.6437],[-8.6931,51.6449],[-8.6969,51.6493],[-8.7003,51.6493],[-8.7003,51.646],[-8.7069,51.6432],[-8.7097,51.6387],[-8.7203,51.641],[-8.7231,51.6454],[-8.7281,51.6465],[-8.7642,51.6443],[-8.7619,51.6415],[-8.7464,51.6429],[-8.7269,51.6351],[-8.7108,51.6362],[-8.7003,51.6335],[-8.6981,51.6368],[-8.6819,51.6362],[-8.6886,51.6263],[-8.6925,51.6243],[-8.6931,51.6207],[-8.7019,51.621],[-8.7025,51.6179],[-8.6858,51.6135],[-8.6858,51.6118],[-8.6931,51.6115],[-8.6925,51.6099],[-8.6758,51.6085],[-8.6897,51.6046],[-8.6903,51.5999],[-8.6992,51.5988],[-8.7003,51.5949],[-8.7036,51.5938],[-8.7047,51.5904],[-8.6986,51.5879],[-8.6992,51.5843],[-8.6964,51.5821],[-8.6992,51.5804],[-8.6975,51.5779],[-8.7025,51.5776],[-8.7008,51.5754],[-8.7069,51.5757],[-8.7047,51.5743],[-8.7064,51.5707],[-8.7192,51.5693],[-8.7281,51.5737],[-8.7375,51.571],[-8.7431,51.5726],[-8.7425,51.5754],[-8.7464,51.5757],[-8.7464,51.5715],[-8.7492,51.569],[-8.7519,51.5701],[-8.7519,51.5726],[-8.7592,51.5704],[-8.7592,51.5765],[-8.7519,51.5824],[-8.7564,51.584],[-8.7553,51.5899],[-8.7603,51.5932],[-8.7619,51.5857],[-8.7742,51.5812],[-8.7803,51.5829],[-8.7819,51.5871],[-8.7936,51.5879],[-8.8058,51.5929],[-8.8058,51.5949],[-8.8175,51.5924],[-8.8497,51.5926],[-8.8503,51.6029],[-8.8464,51.6054],[-8.8503,51.6079],[-8.8497,51.6113],[-8.8697,51.6132],[-8.8797,51.6224],[-8.8803,51.6165],[-8.8747,51.6146],[-8.8769,51.6054],[-8.8686,51.604],[-8.8669,51.6079],[-8.8542,51.609],[-8.8525,51.6046],[-8.8558,51.6032],[-8.8558,51.5988],[-8.8608,51.5962],[-8.8719,51.5965],[-8.8908,51.6037],[-8.8958,51.5974],[-8.8814,51.5954],[-8.8786,51.5932],[-8.8669,51.5929],[-8.8669,51.5857],[-8.8725,51.5807],[-8.8675,51.5762],[-8.8836,51.5737],[-8.8858,51.571],[-8.8919,51.5699],[-8.8914,51.5668],[-8.8953,51.564],[-8.8936,51.5593],[-8.8897,51.5593],[-8.8908,51.5551],[-8.8886,51.5524],[-8.8997,51.5515],[-8.8969,51.5501],[-8.8986,51.5457],[-8.9053,51.5468],[-8.9075,51.5435],[-8.9225,51.5387],[-8.9264,51.5415],[-8.9253,51.5485],[-8.9403,51.5457],[-8.9431,51.5435],[-8.9414,51.5371],[-8.9458,51.534],[-8.9492,51.5346],[-8.9519,51.5282],[-8.9581,51.5307],[-8.9542,51.5346],[-8.9547,51.5407],[-8.9575,51.5415],[-8.9547,51.5435],[-8.9586,51.544],[-8.9558,51.5524],[-8.9747,51.5601],[-8.9819,51.5582],[-8.9964,51.5665],[-9.0058,51.5635],[-9.0153,51.5649],[-9.0219,51.5718],[-9.0203,51.5765],[-9.0242,51.5804],[-9.0275,51.5796],[-9.0292,51.574],[-9.0219,51.5704],[-9.0214,51.5657],[-9.0108,51.5618],[-9.0131,51.5588],[-9.0281,51.5588],[-9.0347,51.5524],[-9.0425,51.5546],[-9.0458,51.5518],[-9.0447,51.5504],[-9.0503,51.5496],[-9.0703,51.5596],[-9.0608,51.5521],[-9.0647,51.5485],[-9.0808,51.5451],[-9.0986,51.5482],[-9.1014,51.5521],[-9.1114,51.5574],[-9.1114,51.561],[-9.1197,51.5651],[-9.1236,51.5649],[-9.1242,51.5621],[-9.1319,51.5621],[-9.1358,51.5651],[-9.1386,51.5746],[-9.1475,51.5793],[-9.1503,51.5768],[-9.1458,51.5718],[-9.1381,51.5701],[-9.1381,51.5601],[-9.1397,51.5596],[-9.1253,51.5593],[-9.1158,51.5563],[-9.1142,51.5518],[-9.1169,51.5474],[-9.1119,51.5415],[-9.1069,51.5399],[-9.1075,51.5374],[-9.1186,51.5365],[-9.1236,51.5393],[-9.1197,51.5354],[-9.1253,51.5321],[-9.1353,51.5313],[-9.1286,51.5268],[-9.1458,51.5204],[-9.1547,51.5235],[-9.1531,51.5279],[-9.1469,51.529],[-9.1592,51.5274],[-9.1603,51.5246],[-9.1558,51.524],[-9.1558,51.519],[-9.1642,51.5185],[-9.1708,51.5129],[-9.1775,51.5179],[-9.1658,51.529],[-9.1642,51.5346],[-9.1669,51.539],[-9.1664,51.5485],[-9.1725,51.5493],[-9.1747,51.5465],[-9.1686,51.5449],[-9.1697,51.5396],[-9.1681,51.5379],[-9.1708,51.5332],[-9.1686,51.5301],[-9.1725,51.5285],[-9.1725,51.5257],[-9.1881,51.5187],[-9.1825,51.5149],[-9.1886,51.5118],[-9.1853,51.5107],[-9.1897,51.5065],[-9.1969,51.5054],[-9.2003,51.5082],[-9.2036,51.5076],[-9.2053,51.504],[-9.2142,51.4985],[-9.2114,51.4951],[-9.2136,51.4924],[-9.2075,51.4874],[-9.2214,51.4851],[-9.2275,51.4799],[-9.2442,51.4813],[-9.2408,51.4876],[-9.2325,51.4912],[-9.2369,51.4932],[-9.2514,51.491],[-9.2714,51.4835],[-9.2719,51.4871],[-9.2697,51.489],[-9.2719,51.491],[-9.2664,51.496],[-9.2681,51.5001],[-9.2775,51.4976],[-9.2742,51.4943],[-9.2781,51.4926],[-9.2869,51.4938],[-9.2853,51.4968],[-9.2875,51.4971],[-9.2897,51.496],[-9.2892,51.4921],[-9.2919,51.4918],[-9.2903,51.4901],[-9.3036,51.4849],[-9.3108,51.4846],[-9.3197,51.4779],[-9.3375,51.4729],[-9.3431,51.4674],[-9.3497,51.4704],[-9.3631,51.4715],[-9.3719,51.4682],[-9.3814,51.4688],[-9.3825,51.4738],[-9.3886,51.4721],[-9.3903,51.4743],[-9.3842,51.4771],[-9.3853,51.4793],[-9.3825,51.481],[-9.3769,51.4804],[-9.3725,51.4882],[-9.3575,51.486],[-9.3553,51.4926],[-9.3586,51.4968],[-9.3564,51.4985],[-9.3664,51.4935],[-9.3681,51.4904],[-9.3725,51.491],[-9.3797,51.4865],[-9.3864,51.489],[-9.3936,51.4879],[-9.3986,51.491],[-9.3958,51.4951],[-9.3986,51.496],[-9.3881,51.4999],[-9.3864,51.4985],[-9.3897,51.496],[-9.3847,51.4946],[-9.3814,51.4985],[-9.3925,51.5004],[-9.3925,51.5024],[-9.3675,51.5126],[-9.3653,51.5146],[-9.3675,51.521],[-9.3603,51.5251],[-9.3414,51.5274],[-9.3375,51.5243],[-9.3436,51.5207],[-9.3447,51.5187],[-9.3431,51.5187],[-9.3353,51.5249],[-9.3364,51.5274],[-9.3314,51.5329],[-9.3225,51.5329],[-9.3281,51.536],[-9.3353,51.5299],[-9.3531,51.5288],[-9.3564,51.5304],[-9.3603,51.5274],[-9.3675,51.5268],[-9.3725,51.5218],[-9.3703,51.5196],[-9.3719,51.5126],[-9.3975,51.5057],[-9.4014,51.5029],[-9.4019,51.4979],[-9.4131,51.4957],[-9.4186,51.5007],[-9.4119,51.5137],[-9.4169,51.514],[-9.4175,51.509],[-9.4242,51.5035],[-9.4314,51.5062],[-9.4264,51.5093],[-9.4314,51.5112],[-9.4197,51.5146],[-9.4197,51.5174],[-9.4064,51.5221],[-9.4064,51.5274],[-9.3958,51.5354],[-9.3975,51.5399],[-9.3942,51.5415],[-9.3942,51.5471],[-9.3969,51.5479],[-9.4014,51.5424],[-9.4069,51.5432],[-9.4142,51.539],[-9.4208,51.5435],[-9.4153,51.5465],[-9.4153,51.5513],[-9.4186,51.5515],[-9.4181,51.5474],[-9.4253,51.5513],[-9.4258,51.5471],[-9.4236,51.5443],[-9.4303,51.5429],[-9.4336,51.5479],[-9.4325,51.5501],[-9.4458,51.5526],[-9.4481,51.5571],[-9.4547,51.5604],[-9.4569,51.5582],[-9.4492,51.5563],[-9.4525,51.5529],[-9.4436,51.551],[-9.4408,51.5479],[-9.4464,51.5435],[-9.4336,51.5432],[-9.4375,51.5399],[-9.4369,51.5343],[-9.4547,51.5249],[-9.4658,51.5238],[-9.4703,51.5268],[-9.4686,51.5307],[-9.4736,51.5304],[-9.4714,51.529],[-9.4714,51.5251],[-9.4753,51.5226],[-9.4831,51.5215],[-9.4881,51.5238],[-9.4975,51.5215],[-9.5019,51.5176],[-9.5175,51.5174],[-9.5297,51.5124],[-9.5314,51.5151],[-9.5275,51.5171],[-9.5308,51.5196],[-9.5286,51.5204],[-9.5297,51.5243],[-9.5264,51.5282],[-9.5319,51.5265],[-9.5353,51.529],[-9.5431,51.526],[-9.5403,51.5129],[-9.5475,51.5082],[-9.5736,51.5029],[-9.5775,51.5049],[-9.5892,51.504],[-9.5892,51.5068],[-9.5969,51.5021],[-9.5858,51.5013],[-9.5842,51.4974],[-9.5864,51.496],[-9.6308,51.4899],[-9.6342,51.4918],[-9.6197,51.4974],[-9.6314,51.4979],[-9.6308,51.5015],[-9.6375,51.5037],[-9.6353,51.5112],[-9.6408,51.5096],[-9.6481,51.5121],[-9.6447,51.5204],[-9.6486,51.5193],[-9.6475,51.5151],[-9.6514,51.5132],[-9.6603,51.5137],[-9.6592,51.516],[-9.6636,51.5163],[-9.6619,51.5124],[-9.6553,51.5107],[-9.6575,51.5079],[-9.6564,51.5054],[-9.6636,51.4987],[-9.6703,51.5007],[-9.6708,51.5032],[-9.6681,51.5051],[-9.6697,51.5057],[-9.6725,51.5026],[-9.6803,51.5035],[-9.6819,51.4999],[-9.6858,51.5007],[-9.7031,51.494],[-9.7036,51.4854],[-9.7058,51.4843],[-9.6997,51.484],[-9.7081,51.4793],[-9.7025,51.4787],[-9.7047,51.4757],[-9.7208,51.4724],[-9.7136,51.4765],[-9.7164,51.4771],[-9.7325,51.4704],[-9.7392,51.4704],[-9.7403,51.4668],[-9.7442,51.4649],[-9.7514,51.464],[-9.7442,51.4621],[-9.7169,51.4715],[-9.7036,51.4724],[-9.6997,51.4715],[-9.7008,51.469],[-9.7203,51.4671],[-9.7292,51.4607],[-9.7436,51.4615],[-9.7397,51.4588],[-9.7414,51.4574],[-9.7514,51.4579],[-9.7625,51.449],[-9.7736,51.4465],[-9.7747,51.4476],[-9.7703,51.4515],[-9.7736,51.4529],[-9.7608,51.461],[-9.7725,51.4635],[-9.7736,51.4679],[-9.7714,51.4699],[-9.7769,51.4729],[-9.7625,51.4771],[-9.7608,51.4796],[-9.7642,51.4801],[-9.7769,51.4749],[-9.7814,51.461],[-9.7953,51.4499],[-9.8064,51.4474],[-9.8147,51.4499],[-9.8219,51.4485],[-9.8175,51.4579],[-9.8219,51.4615],[-9.8097,51.4735],[-9.8164,51.4754],[-9.8169,51.4776],[-9.8253,51.4762],[-9.8331,51.4774],[-9.8342,51.4807],[-9.8403,51.4796],[-9.8381,51.4832],[-9.8053,51.4951],[-9.7903,51.4976],[-9.7881,51.5018],[-9.7819,51.5024],[-9.7764,51.5065],[-9.7775,51.509],[-9.7742,51.511],[-9.7731,51.5151],[-9.7597,51.5165],[-9.7597,51.5193],[-9.7486,51.5238],[-9.7414,51.5221],[-9.7353,51.5268],[-9.7214,51.5251],[-9.7169,51.5282],[-9.7075,51.5271],[-9.6908,51.5307],[-9.6747,51.539],[-9.6725,51.544],[-9.6692,51.5449],[-9.6653,51.5446],[-9.6664,51.5424],[-9.6642,51.5407],[-9.6536,51.5429],[-9.6631,51.5429],[-9.6642,51.5451],[-9.6475,51.5535],[-9.6475,51.5565],[-9.6619,51.559],[-9.6581,51.5607],[-9.6481,51.559],[-9.6492,51.5607],[-9.6458,51.5662],[-9.6169,51.5729],[-9.6164,51.5746],[-9.6225,51.5779],[-9.6069,51.581],[-9.5847,51.5907],[-9.5858,51.5951],[-9.5731,51.6029],[-9.5597,51.6051],[-9.5503,51.6024],[-9.5431,51.6049],[-9.5392,51.6121],[-9.5447,51.6135],[-9.5419,51.6171],[-9.5519,51.6154],[-9.5519,51.6104],[-9.5564,51.6079],[-9.5642,51.6082],[-9.5614,51.611],[-9.5664,51.6121],[-9.5786,51.6096],[-9.5847,51.611],[-9.6025,51.6051],[-9.6031,51.6012],[-9.6058,51.5996],[-9.6142,51.6007],[-9.6142,51.5979],[-9.6197,51.5954],[-9.6242,51.5954],[-9.6242,51.5971],[-9.6297,51.5954],[-9.6303,51.5988],[-9.6342,51.599],[-9.6364,51.5929],[-9.6625,51.5788],[-9.6647,51.5799],[-9.6619,51.5835],[-9.6758,51.5821],[-9.6819,51.5765],[-9.6908,51.5793],[-9.6958,51.5715],[-9.7242,51.5685],[-9.7286,51.5654],[-9.7264,51.5604],[-9.7303,51.559],[-9.7364,51.559],[-9.7358,51.5621],[-9.7419,51.5624],[-9.7547,51.5571],[-9.7603,51.5582],[-9.7747,51.5493],[-9.7942,51.5499],[-9.8047,51.5435],[-9.8158,51.5412],[-9.8414,51.539],[-9.8519,51.5401],[-9.8508,51.5429],[-9.8319,51.5524],[-9.8208,51.5546],[-9.8086,51.5632],[-9.7897,51.569],[-9.7886,51.571],[-9.7931,51.5737],[-9.7864,51.5754],[-9.7842,51.5801],[-9.7697,51.5835],[-9.7525,51.5929],[-9.7208,51.6004],[-9.7164,51.6051],[-9.7036,51.6096],[-9.7014,51.6135],[-9.6881,51.6146],[-9.6719,51.6235],[-9.6597,51.6271],[-9.6403,51.6287],[-9.6136,51.636],[-9.6036,51.6413],[-9.5714,51.6499],[-9.5703,51.6512],[-9.5769,51.6512],[-9.5681,51.6549],[-9.5636,51.6554],[-9.5608,51.6532],[-9.5119,51.6635],[-9.5092,51.6701],[-9.4969,51.6718],[-9.4864,51.679],[-9.4636,51.6787],[-9.4592,51.6862],[-9.4597,51.6901],[-9.4442,51.6924],[-9.4525,51.6954],[-9.4519,51.6974],[-9.4592,51.6957],[-9.4614,51.6976],[-9.4553,51.7012],[-9.4542,51.7065],[-9.4575,51.7085],[-9.4514,51.7149],[-9.4453,51.7199],[-9.4392,51.7204],[-9.4453,51.721],[-9.4586,51.7149],[-9.4636,51.7154],[-9.4586,51.7171],[-9.4614,51.7188],[-9.4503,51.7257],[-9.4547,51.7271],[-9.4519,51.7315],[-9.4786,51.716],[-9.4914,51.714],[-9.4931,51.716],[-9.4914,51.7185],[-9.5014,51.7163],[-9.5069,51.7182],[-9.5058,51.7246],[-9.5114,51.7243],[-9.5108,51.7262],[-9.5164,51.7274],[-9.5236,51.726],[-9.5325,51.7296],[-9.5281,51.734],[-9.5297,51.7385],[-9.5275,51.7438],[-9.5342,51.7451],[-9.5319,51.7482],[-9.5392,51.751],[-9.5503,51.7471],[-9.5442,51.744],[-9.5447,51.7393],[-9.5508,51.7388],[-9.5497,51.7368],[-9.5536,51.7354],[-9.5486,51.7351],[-9.5497,51.7315],[-9.5531,51.7301],[-9.5414,51.7221],[-9.5497,51.7176],[-9.5481,51.7132],[-9.5592,51.7129],[-9.5631,51.7085],[-9.5742,51.7046],[-9.5775,51.709],[-9.5814,51.7093],[-9.5836,51.7007],[-9.5969,51.6954],[-9.5958,51.6929],[-9.6153,51.6876],[-9.6231,51.6801],[-9.6342,51.6793],[-9.6397,51.6754],[-9.6686,51.6724],[-9.6758,51.6696],[-9.6703,51.6743],[-9.6747,51.6763],[-9.6692,51.6796],[-9.6692,51.6824],[-9.6786,51.6771],[-9.7014,51.6782],[-9.7064,51.6757],[-9.7181,51.6757],[-9.7197,51.6774],[-9.7147,51.6815],[-9.7197,51.6876],[-9.7253,51.6879],[-9.7225,51.6904],[-9.7269,51.691],[-9.7336,51.6871],[-9.7258,51.6813],[-9.7275,51.6785],[-9.7247,51.6757],[-9.7247,51.6707],[-9.7314,51.666],[-9.7481,51.6688],[-9.7497,51.6649],[-9.7547,51.6657],[-9.7658,51.661],[-9.7975,51.6585],[-9.8008,51.6554],[-9.8114,51.6543],[-9.8253,51.6585],[-9.8369,51.6582],[-9.8481,51.6532],[-9.8631,51.6529],[-9.8658,51.656],[-9.8814,51.6496],[-9.8975,51.6515],[-9.8975,51.6476],[-9.9031,51.6457],[-9.9064,51.6463],[-9.9064,51.6493],[-9.8992,51.6515],[-9.9069,51.6521],[-9.9097,51.649],[-9.9097,51.6443],[-9.9142,51.6415],[-9.9142,51.6379],[-9.9214,51.6362],[-9.9219,51.6393],[-9.9258,51.6393],[-9.9264,51.634],[-9.9225,51.6335],[-9.9225,51.631],[-9.9292,51.6263],[-9.9231,51.6232],[-9.9353,51.6143],[-9.9658,51.6146],[-9.9669,51.6179],[-9.9786,51.6115],[-9.9858,51.6104],[-9.9908,51.6057],[-10.0097,51.5971],[-10.0214,51.594],[-10.0286,51.5949],[-10.0375,51.5882],[-10.0481,51.5918],[-10.0358,51.5971],[-10.0542,51.5929],[-10.0525,51.5971],[-10.0419,51.6012],[-10.0447,51.6026],[-10.0619,51.601],[-10.0731,51.6037],[-10.0825,51.5985],[-10.0942,51.6004],[-10.1047,51.5971],[-10.1136,51.601],[-10.1192,51.6007],[-10.1281,51.5949],[-10.1414,51.5935],[-10.1558,51.5818],[-10.1636,51.5799]]],[[[-7.8547,51.884],[-7.8497,51.8818],[-7.8558,51.8801],[-7.8564,51.8838],[-7.8547,51.884]]],[[[-8.2992,51.8438],[-8.2931,51.8418],[-8.2942,51.839],[-8.3097,51.8399],[-8.2992,51.8438]]],[[[-8.3269,51.8404],[-8.3242,51.8385],[-8.3292,51.8396],[-8.3269,51.8404]]],[[[-8.3008,51.8379],[-8.3042,51.8368],[-8.3008,51.8379]]],[[[-8.2814,51.8371],[-8.2792,51.8354],[-8.2808,51.8321],[-8.2858,51.8301],[-8.2914,51.8312],[-8.2919,51.8354],[-8.2814,51.8371]]],[[[-7.9947,51.8274],[-7.9942,51.8243],[-7.9975,51.826],[-7.9947,51.8274]]],[[[-7.9853,51.8271],[-7.9825,51.8246],[-7.9875,51.8257],[-7.9853,51.8271]]],[[[-9.5364,51.7399],[-9.5342,51.7376],[-9.5469,51.734],[-9.5469,51.7365],[-9.5364,51.7399]]],[[[-10.0108,51.7146],[-10.0103,51.7124],[-10.0147,51.7096],[-10.0358,51.7065],[-10.0269,51.711],[-10.0108,51.7146]]],[[[-9.4781,51.7071],[-9.4792,51.7032],[-9.4769,51.7012],[-9.4947,51.6846],[-9.4925,51.6821],[-9.4942,51.6785],[-9.5031,51.6785],[-9.5081,51.6818],[-9.5053,51.6824],[-9.5064,51.684],[-9.5203,51.6796],[-9.5275,51.6801],[-9.5264,51.6824],[-9.5347,51.6796],[-9.5331,51.6838],[-9.5103,51.6924],[-9.5042,51.6957],[-9.5047,51.6979],[-9.4953,51.7004],[-9.4914,51.6993],[-9.4858,51.7049],[-9.4781,51.7071]]],[[[-9.4769,51.689],[-9.4797,51.689],[-9.4781,51.6907],[-9.4675,51.6943],[-9.4769,51.689]]],[[[-8.5147,51.6776],[-8.5142,51.676],[-8.5219,51.6746],[-8.5203,51.6774],[-8.5147,51.6776]]],[[[-8.4492,51.6763],[-8.4519,51.6743],[-8.4492,51.6763]]],[[[-9.8253,51.6232],[-9.8353,51.6193],[-9.8442,51.6226],[-9.8614,51.619],[-9.8681,51.6154],[-9.8781,51.6151],[-9.8814,51.611],[-9.8875,51.6096],[-9.8897,51.6129],[-9.8864,51.6165],[-9.9097,51.6138],[-9.9131,51.6149],[-9.9131,51.6171],[-9.9197,51.6182],[-9.9197,51.6237],[-9.9108,51.6307],[-9.9119,51.6329],[-9.8997,51.6401],[-9.8936,51.6385],[-9.8919,51.6413],[-9.8719,51.6404],[-9.8364,51.6451],[-9.8258,51.641],[-9.8264,51.639],[-9.8231,51.6382],[-9.8258,51.6349],[-9.8225,51.6343],[-9.8192,51.6393],[-9.8142,51.6413],[-9.7819,51.6482],[-9.7803,51.6468],[-9.7853,51.6413],[-9.7925,51.6371],[-9.8008,51.6368],[-9.7953,51.6349],[-9.7969,51.6312],[-9.8097,51.6321],[-9.8192,51.629],[-9.8181,51.6257],[-9.8253,51.6232]]],[[[-8.5464,51.6451],[-8.5458,51.6426],[-8.5492,51.644],[-8.5464,51.6451]]],[[[-10.1631,51.6124],[-10.1564,51.6079],[-10.1597,51.601],[-10.1669,51.6018],[-10.1792,51.5951],[-10.1903,51.5943],[-10.2031,51.5887],[-10.2103,51.589],[-10.2336,51.5785],[-10.2386,51.5826],[-10.2297,51.5885],[-10.2264,51.5935],[-10.2169,51.5949],[-10.2103,51.6015],[-10.2014,51.6054],[-10.1886,51.6068],[-10.1847,51.6099],[-10.1714,51.6093],[-10.1631,51.6124]]],[[[-10.3047,51.5935],[-10.2975,51.5921],[-10.3092,51.5918],[-10.3047,51.5935]]],[[[-10.2708,51.5887],[-10.2736,51.586],[-10.2786,51.586],[-10.2708,51.5887]]],[[[-9.6631,51.5646],[-9.6664,51.5607],[-9.6753,51.5604],[-9.6742,51.5632],[-9.6631,51.5646]]],[[[-9.4231,51.5493],[-9.4214,51.5476],[-9.4247,51.5474],[-9.4231,51.5493]]],[[[-9.4169,51.5387],[-9.4164,51.5363],[-9.4247,51.5337],[-9.4231,51.5368],[-9.4169,51.5387]]],[[[-9.4569,51.5204],[-9.4558,51.5185],[-9.4653,51.5129],[-9.4819,51.5115],[-9.4819,51.5151],[-9.4719,51.5157],[-9.4569,51.5204]]],[[[-9.4908,51.5135],[-9.4897,51.5124],[-9.4936,51.509],[-9.5008,51.509],[-9.5047,51.5024],[-9.5181,51.5062],[-9.4908,51.5135]]],[[[-9.4431,51.5076],[-9.4392,51.5068],[-9.4425,51.5035],[-9.4519,51.5049],[-9.4492,51.5076],[-9.4431,51.5076]]],[[[-9.4619,51.5001],[-9.4669,51.5013],[-9.4536,51.5057],[-9.4558,51.5021],[-9.4619,51.5001]]],[[[-9.5453,51.4979],[-9.5553,51.4929],[-9.5631,51.4929],[-9.5647,51.4904],[-9.5803,51.4868],[-9.5881,51.4912],[-9.5358,51.5049],[-9.5336,51.504],[-9.5364,51.5018],[-9.5453,51.4979]]],[[[-9.3981,51.5035],[-9.3958,51.5018],[-9.4008,51.4996],[-9.3981,51.5035]]],[[[-9.4364,51.5015],[-9.4231,51.4999],[-9.4308,51.494],[-9.4275,51.4924],[-9.4292,51.4868],[-9.4375,51.4865],[-9.4375,51.491],[-9.4397,51.4926],[-9.4481,51.4879],[-9.4569,51.4888],[-9.4575,51.4929],[-9.4519,51.4949],[-9.4519,51.4985],[-9.4469,51.4996],[-9.4419,51.4974],[-9.4397,51.4982],[-9.4425,51.4996],[-9.4414,51.5013],[-9.4364,51.5015]]],[[[-9.5053,51.496],[-9.4981,51.4954],[-9.5092,51.4935],[-9.5097,51.4957],[-9.5053,51.496]]],[[[-9.4075,51.4951],[-9.4069,51.4912],[-9.3981,51.4899],[-9.3997,51.479],[-9.3919,51.4712],[-9.3969,51.4704],[-9.4008,51.4726],[-9.3975,51.4679],[-9.4203,51.4593],[-9.4225,51.4546],[-9.4347,51.4518],[-9.4381,51.4529],[-9.4375,51.4568],[-9.4431,51.4562],[-9.4381,51.4582],[-9.4403,51.4624],[-9.4275,51.4657],[-9.4247,51.4699],[-9.4258,51.4729],[-9.4336,51.4729],[-9.4358,51.4768],[-9.4203,51.4813],[-9.4164,51.4776],[-9.4169,51.4732],[-9.4092,51.474],[-9.4086,51.4757],[-9.4153,51.4768],[-9.4169,51.4793],[-9.4164,51.4826],[-9.4125,51.4835],[-9.4181,51.484],[-9.4192,51.4863],[-9.4092,51.491],[-9.4175,51.4899],[-9.4164,51.4935],[-9.4075,51.4951]]],[[[-9.5958,51.4901],[-9.5964,51.4871],[-9.6008,51.4865],[-9.6008,51.4835],[-9.6053,51.4846],[-9.6042,51.4879],[-9.5958,51.4901]]],[[[-9.4847,51.4871],[-9.4836,51.484],[-9.4808,51.484],[-9.4819,51.4799],[-9.4897,51.4787],[-9.4936,51.4826],[-9.4925,51.486],[-9.4847,51.4871]]],[[[-9.6153,51.4849],[-9.6142,51.4826],[-9.6181,51.4824],[-9.6153,51.4849]]],[[[-9.5008,51.4824],[-9.5003,51.4774],[-9.5036,51.474],[-9.5114,51.4787],[-9.5058,51.4824],[-9.5008,51.4824]]],[[[-9.5142,51.4779],[-9.5119,51.4751],[-9.5147,51.4718],[-9.5236,51.4715],[-9.5214,51.4754],[-9.5142,51.4779]]],[[[-9.3397,51.4646],[-9.3431,51.4613],[-9.3475,51.4615],[-9.3397,51.4646]]],[[[-9.4414,51.4551],[-9.4392,51.4535],[-9.4453,51.4512],[-9.4447,51.4546],[-9.4414,51.4551]]],[[[-9.4664,51.4543],[-9.4597,51.4493],[-9.4619,51.4457],[-9.4781,51.4376],[-9.4797,51.4332],[-9.4925,51.4265],[-9.4997,51.4251],[-9.5003,51.4346],[-9.5036,51.4338],[-9.5031,51.429],[-9.5086,51.4263],[-9.5125,51.4196],[-9.5214,51.4218],[-9.5236,51.4276],[-9.5292,51.4271],[-9.5164,51.4365],[-9.5169,51.439],[-9.5069,51.4437],[-9.5031,51.4418],[-9.4903,51.4485],[-9.4919,51.4499],[-9.4664,51.4543]]]]}},{"type":"Feature","properties":{"name":"Donegal"},"geometry":{"type":"MultiPolygon","coordinates":[[[[-7.2408,55.4496],[-7.2453,55.4485],[-7.2408,55.4496]]],[[[-7.2525,55.4471],[-7.2503,55.446],[-7.2553,55.4457],[-7.2525,55.4471]]],[[[-7.2386,55.4349],[-7.2203,55.4332],[-7.2269,55.4299],[-7.2464,55.429],[-7.2442,55.4346],[-7.2386,55.4349]]],[[[-7.3097,55.389],[-7.3081,55.3879],[-7.3103,55.3857],[-7.3158,55.3851],[-7.3136,55.3887],[-7.3097,55.389]]],[[[-8.3747,54.9424],[-8.3686,54.9474],[-8.3631,54.9479],[-8.3653,54.9507],[-8.4131,54.9585],[-8.4158,54.9601],[-8.4142,54.9621],[-8.4175,54.9624],[-8.4197,54.966],[-8.4253,54.9643],[-8.4247,54.9676],[-8.4192,54.9688],[-8.4253,54.969],[-8.4242,54.9712],[-8.4325,54.9776],[-8.4414,54.9793],[-8.4403,54.9765],[-8.4425,54.9768],[-8.4447,54.9865],[-8.4542,54.9918],[-8.4386,54.9895],[-8.4477,54.9949],[-8.4547,54.9932],[-8.4597,54.9954],[-8.4514,54.9968],[-8.4531,54.999],[-8.4636,54.9977],[-8.463,55.0027],[-8.4519,55.0007],[-8.4575,55.0051],[-8.4503,55.0051],[-8.4569,55.009],[-8.4503,55.0132],[-8.4469,55.0124],[-8.4431,55.0063],[-8.4347,55.0082],[-8.4342,55.011],[-8.4247,55.0071],[-8.4231,55.0077],[-8.4247,55.0118],[-8.4169,55.0121],[-8.4153,55.0096],[-8.4192,55.0068],[-8.4114,55.0057],[-8.4075,55.0018],[-8.3997,55.0024],[-8.4047,55.0076],[-8.4025,55.0121],[-8.4075,55.0118],[-8.4103,55.0143],[-8.4097,55.0101],[-8.4119,55.0093],[-8.4114,55.0115],[-8.4253,55.0201],[-8.4225,55.0226],[-8.4286,55.0232],[-8.4247,55.0251],[-8.4369,55.0246],[-8.4425,55.0293],[-8.4419,55.031],[-8.4292,55.0307],[-8.4203,55.0337],[-8.4331,55.0468],[-8.4303,55.0521],[-8.4197,55.0471],[-8.4142,55.0335],[-8.4158,55.0315],[-8.4075,55.0274],[-8.4069,55.0218],[-8.4103,55.0182],[-8.4103,55.0157],[-8.4075,55.0154],[-8.407,55.0196],[-8.3997,55.0199],[-8.3936,55.0251],[-8.4014,55.026],[-8.4042,55.0282],[-8.4025,55.0318],[-8.4075,55.0343],[-8.4008,55.0374],[-8.4002,55.0419],[-8.3931,55.0438],[-8.3825,55.034],[-8.3703,55.036],[-8.3769,55.0407],[-8.3731,55.0424],[-8.3486,55.039],[-8.3425,55.0474],[-8.3458,55.0479],[-8.3464,55.0557],[-8.3553,55.0615],[-8.3497,55.0646],[-8.3419,55.0632],[-8.3425,55.0651],[-8.333,55.0677],[-8.3269,55.0654],[-8.3203,55.0663],[-8.3197,55.064],[-8.3236,55.0638],[-8.3214,55.0585],[-8.3242,55.0574],[-8.323,55.0543],[-8.3269,55.0493],[-8.3381,55.0462],[-8.3369,55.0365],[-8.3314,55.0357],[-8.3308,55.0251],[-8.3342,55.0232],[-8.3242,55.0215],[-8.3192,55.0235],[-8.3247,55.0249],[-8.3219,55.0299],[-8.3264,55.0357],[-8.3253,55.0376],[-8.3219,55.0368],[-8.3236,55.041],[-8.3264,55.0385],[-8.3264,55.0429],[-8.3181,55.0451],[-8.3103,55.0424],[-8.2981,55.0432],[-8.3153,55.046],[-8.3242,55.051],[-8.3169,55.0535],[-8.3181,55.0563],[-8.3136,55.0601],[-8.3131,55.0646],[-8.3081,55.0671],[-8.3181,55.0687],[-8.3181,55.0768],[-8.3275,55.0835],[-8.3236,55.0851],[-8.3269,55.0899],[-8.3158,55.0918],[-8.3136,55.0996],[-8.3175,55.1057],[-8.3142,55.1074],[-8.3169,55.1093],[-8.3147,55.1113],[-8.3175,55.1127],[-8.3114,55.1151],[-8.3108,55.1207],[-8.3025,55.1185],[-8.3053,55.1221],[-8.3047,55.1254],[-8.2964,55.1257],[-8.2986,55.1285],[-8.2947,55.1318],[-8.2964,55.1371],[-8.3003,55.1379],[-8.2997,55.1413],[-8.2897,55.1463],[-8.2969,55.1493],[-8.2981,55.1521],[-8.2942,55.1524],[-8.2864,55.1599],[-8.2631,55.1543],[-8.2458,55.1554],[-8.2447,55.1526],[-8.2336,55.1501],[-8.2164,55.1526],[-8.2169,55.1488],[-8.2136,55.1474],[-8.2086,55.149],[-8.1997,55.1476],[-8.1947,55.1501],[-8.1597,55.1465],[-8.1525,55.1521],[-8.1481,55.1632],[-8.1369,55.1637],[-8.1303,55.1596],[-8.1297,55.1549],[-8.1369,55.1557],[-8.1331,55.154],[-8.1347,55.1524],[-8.1464,55.154],[-8.1469,55.1524],[-8.1414,55.151],[-8.1481,55.1507],[-8.1442,55.1493],[-8.1486,55.1476],[-8.1453,55.1457],[-8.1586,55.1451],[-8.1614,55.144],[-8.1592,55.1418],[-8.1681,55.1443],[-8.1708,55.1424],[-8.1647,55.1429],[-8.1558,55.1387],[-8.1558,55.1365],[-8.1608,55.1371],[-8.1564,55.1335],[-8.1642,55.1268],[-8.1575,55.1271],[-8.1564,55.1246],[-8.1531,55.1243],[-8.1458,55.1313],[-8.1369,55.1277],[-8.1375,55.121],[-8.1353,55.1207],[-8.1325,55.1237],[-8.1342,55.1257],[-8.1325,55.1321],[-8.1392,55.1396],[-8.1325,55.1432],[-8.1325,55.146],[-8.1297,55.1424],[-8.1325,55.1407],[-8.1219,55.1365],[-8.1231,55.1496],[-8.1169,55.151],[-8.1203,55.156],[-8.1236,55.1529],[-8.1219,55.1579],[-8.0686,55.1626],[-8.0514,55.1743],[-8.0447,55.1721],[-8.0425,55.1755],[-8.038,55.1749],[-8.0375,55.1712],[-8.0264,55.1735],[-8.0164,55.1821],[-8.0175,55.1854],[-8.0247,55.1876],[-8.0225,55.1929],[-8.0153,55.1949],[-8.0164,55.1971],[-8.0247,55.1985],[-8.0181,55.214],[-7.9992,55.2165],[-7.9953,55.2224],[-7.9875,55.2235],[-7.9847,55.2276],[-7.9814,55.2276],[-7.9797,55.2249],[-7.9742,55.2246],[-7.9747,55.221],[-7.9714,55.2207],[-7.9742,55.2182],[-7.9681,55.2151],[-7.9681,55.2132],[-7.9425,55.214],[-7.9392,55.2104],[-7.9392,55.204],[-7.9447,55.1957],[-7.9547,55.1943],[-7.9631,55.1888],[-7.9753,55.191],[-7.9819,55.1876],[-7.9819,55.1849],[-7.9642,55.1843],[-7.9586,55.1888],[-7.9475,55.1815],[-7.9353,55.1824],[-7.9358,55.1793],[-7.9292,55.1787],[-7.9275,55.1838],[-7.9169,55.1863],[-7.9147,55.1915],[-7.9097,55.1893],[-7.9047,55.191],[-7.9031,55.1882],[-7.8941,55.1885],[-7.8964,55.1865],[-7.8958,55.1826],[-7.9014,55.1793],[-7.9019,55.1757],[-7.8992,55.1735],[-7.8892,55.1726],[-7.8825,55.1763],[-7.8731,55.1768],[-7.8725,55.1726],[-7.8786,55.1729],[-7.9125,55.1565],[-7.8869,55.1607],[-7.8847,55.166],[-7.8769,55.1651],[-7.8758,55.1676],[-7.8697,55.1662],[-7.8597,55.169],[-7.8575,55.1671],[-7.8614,55.1657],[-7.8536,55.166],[-7.8531,55.1632],[-7.8647,55.1562],[-7.8631,55.1535],[-7.8653,55.1499],[-7.8786,55.1471],[-7.8769,55.1499],[-7.8802,55.1501],[-7.8936,55.1463],[-7.9031,55.1349],[-7.8953,55.1349],[-7.8903,55.1401],[-7.8831,55.1371],[-7.8775,55.1396],[-7.8775,55.1435],[-7.8736,55.1449],[-7.8731,55.1407],[-7.8664,55.1396],[-7.8631,55.1357],[-7.8675,55.1315],[-7.8608,55.131],[-7.8647,55.1285],[-7.8553,55.1287],[-7.8514,55.1329],[-7.8581,55.1326],[-7.8597,55.1401],[-7.8381,55.1504],[-7.8381,55.1521],[-7.8497,55.1554],[-7.8303,55.1632],[-7.8264,55.1693],[-7.8253,55.1821],[-7.8314,55.1835],[-7.8331,55.189],[-7.8303,55.1901],[-7.8331,55.1926],[-7.8419,55.1935],[-7.8442,55.189],[-7.8497,55.189],[-7.8514,55.1932],[-7.8608,55.1924],[-7.8736,55.2021],[-7.8725,55.2037],[-7.8753,55.2046],[-7.8714,55.2101],[-7.8725,55.2137],[-7.8664,55.2163],[-7.8708,55.2201],[-7.8681,55.2218],[-7.8681,55.2262],[-7.8647,55.2301],[-7.8586,55.2262],[-7.8525,55.2293],[-7.8525,55.226],[-7.8486,55.226],[-7.8481,55.2304],[-7.8442,55.2327],[-7.8331,55.2296],[-7.8281,55.2249],[-7.8169,55.2257],[-7.8142,55.231],[-7.8203,55.2321],[-7.8231,55.2368],[-7.8192,55.2385],[-7.8081,55.2374],[-7.8069,55.2393],[-7.8086,55.2449],[-7.8136,55.2487],[-7.8069,55.2465],[-7.8042,55.2479],[-7.8064,55.2513],[-7.8042,55.2513],[-7.8008,55.2493],[-7.7931,55.2504],[-7.7919,55.2474],[-7.7892,55.2476],[-7.7892,55.2529],[-7.7925,55.2535],[-7.7881,55.2574],[-7.7808,55.2527],[-7.7847,55.2501],[-7.7847,55.2468],[-7.7875,55.2465],[-7.7881,55.241],[-7.7914,55.2407],[-7.7875,55.2388],[-7.7869,55.2351],[-7.7886,55.2313],[-7.7936,55.2296],[-7.7875,55.2246],[-7.7936,55.2246],[-7.8042,55.2188],[-7.8086,55.2093],[-7.8081,55.2027],[-7.8164,55.1993],[-7.8092,55.1957],[-7.8014,55.1874],[-7.7975,55.1882],[-7.8042,55.1851],[-7.8058,55.1782],[-7.7953,55.1779],[-7.7958,55.1846],[-7.7897,55.1827],[-7.7886,55.1799],[-7.7864,55.1805],[-7.7858,55.1846],[-7.7681,55.1832],[-7.7658,55.1849],[-7.7686,55.1865],[-7.763,55.1885],[-7.7553,55.1854],[-7.7514,55.1813],[-7.753,55.1777],[-7.7497,55.1757],[-7.7436,55.1751],[-7.7458,55.1801],[-7.7403,55.1813],[-7.7303,55.1676],[-7.7269,55.1688],[-7.7292,55.1751],[-7.7264,55.1755],[-7.7197,55.1696],[-7.7092,55.1657],[-7.7064,55.1618],[-7.7069,55.1576],[-7.6931,55.1515],[-7.6958,55.149],[-7.6953,55.144],[-7.6892,55.1449],[-7.6886,55.1418],[-7.6942,55.1379],[-7.6975,55.1251],[-7.7031,55.121],[-7.6958,55.1185],[-7.7036,55.1168],[-7.7064,55.1054],[-7.7147,55.0996],[-7.6997,55.1071],[-7.693,55.1049],[-7.6964,55.1004],[-7.6947,55.099],[-7.6864,55.1065],[-7.6925,55.111],[-7.6886,55.1138],[-7.6869,55.1207],[-7.6947,55.1213],[-7.6892,55.1237],[-7.6842,55.1221],[-7.6803,55.126],[-7.6797,55.1282],[-7.6825,55.1287],[-7.6792,55.1312],[-7.6836,55.1329],[-7.6753,55.1354],[-7.6747,55.1396],[-7.6686,55.1435],[-7.6697,55.1518],[-7.6647,55.1585],[-7.6808,55.166],[-7.6819,55.1693],[-7.6792,55.1746],[-7.6825,55.1815],[-7.6853,55.1796],[-7.6897,55.1813],[-7.6903,55.1771],[-7.7019,55.1801],[-7.7019,55.1838],[-7.6931,55.1877],[-7.6942,55.1918],[-7.6964,55.1918],[-7.6975,55.1885],[-7.7036,55.1882],[-7.7119,55.1907],[-7.7164,55.1963],[-7.7125,55.1987],[-7.7125,55.2021],[-7.7008,55.201],[-7.6969,55.2027],[-7.6981,55.2073],[-7.7008,55.2082],[-7.6992,55.211],[-7.7081,55.211],[-7.7103,55.2132],[-7.7069,55.2146],[-7.708,55.2171],[-7.7042,55.2165],[-7.7047,55.2199],[-7.7014,55.2246],[-7.7092,55.2235],[-7.7075,55.2287],[-7.7092,55.2299],[-7.7136,55.2274],[-7.7147,55.2238],[-7.7181,55.2249],[-7.7214,55.2226],[-7.7192,55.221],[-7.7219,55.2179],[-7.7192,55.206],[-7.7153,55.2076],[-7.7119,55.2062],[-7.7158,55.1993],[-7.7208,55.1996],[-7.7203,55.1946],[-7.7169,55.1885],[-7.7075,55.1857],[-7.7069,55.1824],[-7.7036,55.1813],[-7.7114,55.1757],[-7.7075,55.1749],[-7.7103,55.1743],[-7.7097,55.1682],[-7.7181,55.1757],[-7.7403,55.1835],[-7.7475,55.1885],[-7.7486,55.1929],[-7.7386,55.1896],[-7.7342,55.1932],[-7.7353,55.1963],[-7.7469,55.1987],[-7.7519,55.1965],[-7.7497,55.1949],[-7.7514,55.1929],[-7.7692,55.1904],[-7.7781,55.1985],[-7.7803,55.204],[-7.7936,55.2051],[-7.7986,55.2163],[-7.7914,55.2212],[-7.7675,55.2287],[-7.7658,55.234],[-7.7564,55.2349],[-7.7603,55.2368],[-7.7592,55.2379],[-7.752,55.2369],[-7.7603,55.2424],[-7.7547,55.2465],[-7.7625,55.2449],[-7.7592,55.2487],[-7.7514,55.2487],[-7.7586,55.2524],[-7.7575,55.2582],[-7.7536,55.2582],[-7.7481,55.2524],[-7.7431,55.2541],[-7.7419,55.2496],[-7.7292,55.2554],[-7.7253,55.2471],[-7.7014,55.2482],[-7.6914,55.2537],[-7.6958,55.2549],[-7.6942,55.2604],[-7.6958,55.2649],[-7.6892,55.2651],[-7.6869,55.2618],[-7.6769,55.2635],[-7.6725,55.2696],[-7.6597,55.276],[-7.6603,55.2782],[-7.6547,55.2776],[-7.6469,55.2807],[-7.6441,55.2799],[-7.6464,55.2776],[-7.6442,55.2757],[-7.6419,55.2788],[-7.6314,55.2776],[-7.6358,55.2715],[-7.6253,55.2696],[-7.6236,55.2593],[-7.6142,55.2549],[-7.6186,55.2501],[-7.6142,55.2443],[-7.6147,55.2365],[-7.6119,55.2343],[-7.6081,55.2357],[-7.6025,55.2321],[-7.6075,55.2212],[-7.6075,55.2185],[-7.6047,55.2171],[-7.6125,55.2124],[-7.6136,55.209],[-7.6242,55.2049],[-7.6158,55.1926],[-7.6175,55.1912],[-7.5997,55.1854],[-7.5902,55.1885],[-7.5719,55.1807],[-7.5708,55.1746],[-7.5769,55.1699],[-7.548,55.1535],[-7.5436,55.1488],[-7.5414,55.1413],[-7.5303,55.1424],[-7.5275,55.1413],[-7.5297,55.1387],[-7.5269,55.1371],[-7.5214,55.1387],[-7.5219,55.134],[-7.5175,55.126],[-7.5175,55.1226],[-7.5236,55.1154],[-7.5308,55.1149],[-7.5303,55.1104],[-7.5241,55.1049],[-7.5303,55.0946],[-7.5492,55.0923],[-7.5581,55.0868],[-7.5725,55.086],[-7.5847,55.0818],[-7.5908,55.0776],[-7.5925,55.0735],[-7.5975,55.0729],[-7.5986,55.0696],[-7.5947,55.0629],[-7.6003,55.0601],[-7.6197,55.0551],[-7.6336,55.0576],[-7.6336,55.0551],[-7.6297,55.0546],[-7.6292,55.0518],[-7.6325,55.0476],[-7.6408,55.046],[-7.6381,55.044],[-7.638,55.0407],[-7.6431,55.0393],[-7.6269,55.0435],[-7.6236,55.0471],[-7.6058,55.0446],[-7.5908,55.0479],[-7.5769,55.0551],[-7.5675,55.0537],[-7.5592,55.044],[-7.5592,55.0343],[-7.5819,55.0235],[-7.5814,55.0193],[-7.5981,55.011],[-7.6392,54.9965],[-7.6369,54.991],[-7.6508,54.9824],[-7.6564,54.9751],[-7.6564,54.971],[-7.6614,54.9679],[-7.6614,54.9649],[-7.6836,54.9599],[-7.6808,54.9518],[-7.6775,54.9585],[-7.6653,54.9582],[-7.6408,54.964],[-7.6403,54.9696],[-7.6369,54.9721],[-7.6231,54.9668],[-7.6236,54.9649],[-7.6347,54.9626],[-7.6231,54.964],[-7.5969,54.9941],[-7.5864,54.9963],[-7.5736,55.0029],[-7.5714,55.0063],[-7.5569,55.0107],[-7.5392,55.0243],[-7.5314,55.024],[-7.5269,55.0196],[-7.5158,55.0249],[-7.5186,55.0315],[-7.5141,55.0399],[-7.4947,55.0407],[-7.4892,55.0446],[-7.4764,55.0435],[-7.4725,55.0465],[-7.4708,55.0507],[-7.4953,55.0476],[-7.5025,55.0496],[-7.5097,55.0568],[-7.5269,55.059],[-7.5331,55.0729],[-7.5208,55.0815],[-7.5158,55.0843],[-7.4903,55.0846],[-7.4875,55.0801],[-7.4803,55.0788],[-7.4792,55.074],[-7.4669,55.0724],[-7.4692,55.0693],[-7.4625,55.0624],[-7.4547,55.0629],[-7.4547,55.0737],[-7.4575,55.0801],[-7.4736,55.0876],[-7.4797,55.0857],[-7.4831,55.0874],[-7.4803,55.0899],[-7.4831,55.0918],[-7.4825,55.0946],[-7.4781,55.1015],[-7.4736,55.104],[-7.4736,55.109],[-7.4581,55.1191],[-7.4597,55.1274],[-7.4642,55.1279],[-7.4625,55.1374],[-7.4758,55.1401],[-7.4758,55.1449],[-7.4858,55.1529],[-7.4858,55.1576],[-7.4969,55.1604],[-7.4981,55.164],[-7.5131,55.1751],[-7.5131,55.1796],[-7.5158,55.1821],[-7.5358,55.1901],[-7.5397,55.1937],[-7.5519,55.1946],[-7.5558,55.1971],[-7.5497,55.1993],[-7.5492,55.2018],[-7.5447,55.1996],[-7.5408,55.2007],[-7.5408,55.2043],[-7.5486,55.2051],[-7.5486,55.2082],[-7.5447,55.211],[-7.5453,55.2174],[-7.5403,55.2193],[-7.5364,55.229],[-7.5286,55.2313],[-7.5181,55.2385],[-7.5214,55.244],[-7.5319,55.2415],[-7.5347,55.2465],[-7.5275,55.2518],[-7.5197,55.2526],[-7.5097,55.2654],[-7.5109,55.2715],[-7.5208,55.2744],[-7.5258,55.2793],[-7.5231,55.2843],[-7.5281,55.286],[-7.5136,55.2893],[-7.4997,55.2893],[-7.4897,55.2837],[-7.4708,55.2812],[-7.4647,55.2846],[-7.4736,55.2924],[-7.4703,55.2971],[-7.4675,55.2974],[-7.4503,55.2907],[-7.4514,55.2851],[-7.4486,55.2821],[-7.4319,55.2815],[-7.4286,55.2796],[-7.4347,55.2854],[-7.4336,55.2877],[-7.4042,55.2938],[-7.3947,55.2935],[-7.3908,55.291],[-7.3831,55.2924],[-7.3742,55.3071],[-7.3736,55.311],[-7.3769,55.3151],[-7.3692,55.3185],[-7.3608,55.3187],[-7.338,55.3141],[-7.3319,55.3096],[-7.3331,55.3082],[-7.3264,55.3068],[-7.3247,55.3026],[-7.3125,55.3046],[-7.3158,55.2999],[-7.3081,55.2979],[-7.3036,55.2924],[-7.3197,55.2885],[-7.3425,55.291],[-7.3492,55.289],[-7.3481,55.2846],[-7.3403,55.284],[-7.3358,55.2863],[-7.3314,55.2832],[-7.3142,55.2854],[-7.2903,55.2751],[-7.2825,55.2762],[-7.2719,55.2824],[-7.2664,55.281],[-7.2708,55.2787],[-7.2703,55.2771],[-7.2647,55.2793],[-7.2475,55.2785],[-7.2664,55.289],[-7.2658,55.2915],[-7.2536,55.2949],[-7.2781,55.2929],[-7.3175,55.3115],[-7.3303,55.3118],[-7.3331,55.3165],[-7.3336,55.3249],[-7.3553,55.3315],[-7.3547,55.3349],[-7.3508,55.3365],[-7.3508,55.3437],[-7.3542,55.3476],[-7.3486,55.3532],[-7.3503,55.3546],[-7.3481,55.3579],[-7.3592,55.3607],[-7.3742,55.3601],[-7.3792,55.364],[-7.3914,55.3677],[-7.3881,55.371],[-7.3914,55.3724],[-7.3909,55.3751],[-7.4008,55.3741],[-7.3997,55.3779],[-7.3892,55.3815],[-7.3697,55.3843],[-7.3636,55.3799],[-7.3575,55.3804],[-7.3492,55.3754],[-7.3391,55.3763],[-7.3341,55.3735],[-7.3364,55.371],[-7.3342,55.3688],[-7.3058,55.3691],[-7.3042,55.3671],[-7.2908,55.3688],[-7.2892,55.3662],[-7.2758,55.366],[-7.2692,55.3599],[-7.2425,55.3604],[-7.2397,55.3551],[-7.2253,55.3507],[-7.1947,55.3482],[-7.1858,55.3426],[-7.1781,55.341],[-7.1742,55.3365],[-7.1697,55.3368],[-7.1714,55.3307],[-7.1686,55.3263],[-7.1764,55.3204],[-7.1575,55.3107],[-7.1586,55.3068],[-7.1564,55.3037],[-7.1519,55.3035],[-7.1531,55.299],[-7.1564,55.2974],[-7.1536,55.2949],[-7.1364,55.2915],[-7.1236,55.2949],[-7.1169,55.2879],[-7.0925,55.286],[-7.0914,55.2815],[-7.0792,55.2788],[-7.0703,55.2724],[-7.0397,55.2754],[-7.0386,55.2715],[-7.0269,55.2674],[-7.0081,55.2665],[-7.0119,55.2579],[-7.0053,55.2554],[-6.9992,55.256],[-6.9947,55.2537],[-6.9736,55.2574],[-6.9664,55.2537],[-6.9553,55.2549],[-6.9358,55.246],[-6.9286,55.2382],[-6.9208,55.2371],[-6.9264,55.2321],[-6.9253,55.229],[-6.9286,55.2276],[-6.9242,55.2265],[-6.9431,55.2157],[-6.9503,55.2149],[-6.9481,55.2113],[-6.9525,55.2088],[-6.9619,55.2104],[-6.9619,55.2068],[-7.0008,55.1976],[-7.0219,55.1896],[-7.0481,55.1868],[-7.0736,55.1743],[-7.0981,55.1682],[-7.1181,55.1585],[-7.1342,55.1565],[-7.1569,55.1496],[-7.1864,55.1312],[-7.1886,55.1246],[-7.2041,55.1185],[-7.2125,55.1035],[-7.2197,55.1007],[-7.2214,55.0962],[-7.2253,55.0957],[-7.2414,55.0843],[-7.2425,55.0807],[-7.2464,55.0801],[-7.2553,55.0693],[-7.2558,55.0655],[-7.2636,55.0667],[-7.2739,55.0568],[-7.2936,55.0555],[-7.3055,55.0481],[-7.348,55.049],[-7.3755,55.0294],[-7.3802,55.0254],[-7.3835,55.0102],[-7.3931,55.0028],[-7.3883,54.9923],[-7.4008,54.983],[-7.3936,54.9729],[-7.3929,54.9459],[-7.4143,54.9444],[-7.4163,54.9414],[-7.443,54.9345],[-7.4467,54.895],[-7.4397,54.884],[-7.4453,54.88],[-7.458,54.8579],[-7.4772,54.8461],[-7.4828,54.8299],[-7.5197,54.8153],[-7.5302,54.8086],[-7.5382,54.7944],[-7.5444,54.7568],[-7.533,54.7449],[-7.561,54.7441],[-7.5724,54.7504],[-7.6397,54.7474],[-7.6822,54.729],[-7.728,54.7159],[-7.7382,54.7063],[-7.7506,54.7055],[-7.8344,54.7385],[-7.848,54.7333],[-7.8709,54.7081],[-7.8797,54.7074],[-7.8841,54.7037],[-7.9103,54.7027],[-7.9122,54.7005],[-7.8936,54.6908],[-7.9054,54.6775],[-7.8992,54.6674],[-7.8566,54.6518],[-7.8537,54.6423],[-7.8426,54.6351],[-7.8283,54.6353],[-7.8128,54.6417],[-7.8094,54.6391],[-7.7788,54.6321],[-7.756,54.6197],[-7.7374,54.6201],[-7.7046,54.6326],[-7.6933,54.6137],[-7.7065,54.6098],[-7.7058,54.6064],[-7.7391,54.6001],[-7.7653,54.5855],[-7.7876,54.5813],[-7.793,54.5732],[-7.8194,54.5625],[-7.8216,54.5489],[-7.8292,54.5447],[-7.9275,54.5359],[-7.9664,54.5433],[-7.9962,54.5435],[-8.0181,54.5255],[-8.0397,54.4904],[-8.0674,54.4887],[-8.0842,54.4795],[-8.1076,54.4767],[-8.1133,54.4741],[-8.1144,54.469],[-8.1379,54.4709],[-8.1687,54.4671],[-8.1709,54.4637],[-8.1514,54.4581],[-8.2472,54.4585],[-8.267,54.4677],[-8.2763,54.4747],[-8.2825,54.4799],[-8.2742,54.4832],[-8.2831,54.4877],[-8.2642,54.4912],[-8.2664,54.4979],[-8.2608,54.5051],[-8.2575,54.5051],[-8.2597,54.5024],[-8.2553,54.4999],[-8.2397,54.4999],[-8.2214,54.5032],[-8.2169,54.501],[-8.2003,54.5001],[-8.2003,54.5021],[-8.2064,54.5024],[-8.2069,54.5068],[-8.2047,54.5071],[-8.2064,54.5082],[-8.2125,54.506],[-8.2475,54.5085],[-8.2686,54.5215],[-8.2703,54.5271],[-8.2669,54.5299],[-8.2531,54.5307],[-8.2536,54.5335],[-8.2508,54.5354],[-8.2353,54.5393],[-8.2314,54.5435],[-8.2258,54.5438],[-8.2197,54.5476],[-8.2103,54.5488],[-8.2131,54.5601],[-8.2214,54.5668],[-8.2231,54.5721],[-8.2169,54.5749],[-8.2081,54.5715],[-8.2003,54.5774],[-8.1964,54.5777],[-8.1958,54.5829],[-8.1786,54.5865],[-8.1742,54.5904],[-8.1742,54.5932],[-8.1653,54.5951],[-8.1625,54.6057],[-8.1686,54.6188],[-8.1647,54.6255],[-8.1564,54.6263],[-8.1491,54.6235],[-8.1497,54.6213],[-8.1564,54.6213],[-8.1536,54.6205],[-8.1553,54.6176],[-8.1475,54.6201],[-8.1475,54.6182],[-8.1536,54.6168],[-8.1542,54.6143],[-8.1425,54.6093],[-8.1497,54.6063],[-8.1497,54.6021],[-8.1469,54.6043],[-8.1347,54.6037],[-8.1319,54.6076],[-8.1336,54.6107],[-8.1297,54.6132],[-8.1364,54.6146],[-8.1319,54.6191],[-8.1192,54.6196],[-8.1253,54.6171],[-8.1247,54.6143],[-8.1236,54.6163],[-8.1142,54.616],[-8.1136,54.6115],[-8.1092,54.6127],[-8.1119,54.6157],[-8.1058,54.6187],[-8.1169,54.6193],[-8.1175,54.6235],[-8.1303,54.6204],[-8.1314,54.6235],[-8.1259,54.6255],[-8.1292,54.6274],[-8.1253,54.6293],[-8.1081,54.6329],[-8.1447,54.6301],[-8.1242,54.6357],[-8.1203,54.6418],[-8.1242,54.6426],[-8.1236,54.6443],[-8.1158,54.6485],[-8.1164,54.6501],[-8.1225,54.6507],[-8.1269,54.6477],[-8.1303,54.6479],[-8.1269,54.6518],[-8.1347,54.6496],[-8.1331,54.6432],[-8.1519,54.6343],[-8.1603,54.634],[-8.1608,54.6285],[-8.1642,54.6299],[-8.1603,54.6379],[-8.1669,54.6424],[-8.1564,54.6437],[-8.1547,54.646],[-8.1597,54.6479],[-8.1669,54.6468],[-8.1775,54.6401],[-8.1708,54.6385],[-8.1708,54.6354],[-8.1875,54.6401],[-8.1942,54.6343],[-8.2047,54.6318],[-8.2053,54.629],[-8.2147,54.6293],[-8.2292,54.624],[-8.2331,54.6179],[-8.2486,54.6171],[-8.2542,54.6127],[-8.2708,54.6069],[-8.2903,54.6043],[-8.2975,54.601],[-8.2992,54.6021],[-8.2964,54.6026],[-8.2969,54.6065],[-8.3008,54.6079],[-8.3008,54.6104],[-8.2886,54.6196],[-8.2919,54.6224],[-8.2853,54.6251],[-8.2825,54.6312],[-8.2719,54.6351],[-8.2775,54.6396],[-8.2775,54.6429],[-8.2881,54.6465],[-8.3036,54.6379],[-8.3414,54.6304],[-8.3486,54.6237],[-8.3519,54.6151],[-8.3786,54.6037],[-8.3775,54.6012],[-8.3858,54.599],[-8.3919,54.5929],[-8.4292,54.5865],[-8.4286,54.5824],[-8.4419,54.5796],[-8.4342,54.5779],[-8.4381,54.5732],[-8.4619,54.5657],[-8.4647,54.5693],[-8.4569,54.5713],[-8.4542,54.5782],[-8.4442,54.5818],[-8.4481,54.5865],[-8.4514,54.5868],[-8.4475,54.5904],[-8.4408,54.5887],[-8.3981,54.5988],[-8.3947,54.6049],[-8.3769,54.614],[-8.3819,54.6138],[-8.3786,54.6182],[-8.3825,54.6171],[-8.3825,54.6188],[-8.3786,54.6218],[-8.3903,54.6276],[-8.3858,54.6349],[-8.3914,54.6354],[-8.3897,54.6332],[-8.3919,54.631],[-8.3975,54.631],[-8.3975,54.6346],[-8.4064,54.631],[-8.4086,54.6265],[-8.4153,54.6257],[-8.4147,54.624],[-8.4192,54.6226],[-8.4175,54.6204],[-8.4203,54.6162],[-8.4269,54.6157],[-8.4308,54.6196],[-8.4358,54.6165],[-8.4331,54.6138],[-8.4414,54.6135],[-8.4369,54.6171],[-8.4375,54.6193],[-8.4342,54.6199],[-8.4375,54.621],[-8.4369,54.624],[-8.4292,54.6257],[-8.4319,54.6329],[-8.4214,54.644],[-8.4214,54.6468],[-8.4269,54.6507],[-8.4286,54.6452],[-8.4342,54.6415],[-8.4336,54.6388],[-8.4419,54.6346],[-8.4386,54.6301],[-8.4414,54.6224],[-8.4469,54.6188],[-8.4525,54.6185],[-8.4525,54.616],[-8.4586,54.6126],[-8.4575,54.6093],[-8.4631,54.6051],[-8.4742,54.6029],[-8.4847,54.604],[-8.4858,54.6087],[-8.4809,54.6151],[-8.4881,54.6171],[-8.4869,54.6224],[-8.4775,54.6263],[-8.4831,54.6263],[-8.4797,54.6287],[-8.4808,54.6324],[-8.4781,54.6332],[-8.4864,54.6351],[-8.5075,54.6282],[-8.5081,54.6232],[-8.5097,54.6265],[-8.5186,54.6254],[-8.5325,54.619],[-8.5408,54.619],[-8.5419,54.6168],[-8.5469,54.6174],[-8.5486,54.6199],[-8.5564,54.6193],[-8.5608,54.6151],[-8.5697,54.6124],[-8.5769,54.614],[-8.5781,54.6107],[-8.5764,54.6093],[-8.5869,54.6057],[-8.5936,54.6079],[-8.5936,54.6099],[-8.5886,54.611],[-8.5892,54.6129],[-8.5847,54.6162],[-8.6219,54.6179],[-8.6181,54.6213],[-8.6069,54.6224],[-8.6036,54.6249],[-8.6242,54.6224],[-8.6275,54.6251],[-8.6253,54.6268],[-8.6281,54.6296],[-8.6319,54.6279],[-8.6358,54.6307],[-8.6325,54.6371],[-8.6431,54.6479],[-8.6436,54.6432],[-8.6381,54.6382],[-8.6386,54.6304],[-8.6347,54.6277],[-8.6342,54.6243],[-8.6308,54.6249],[-8.6269,54.6218],[-8.6514,54.6199],[-8.6575,54.6201],[-8.6564,54.6218],[-8.6581,54.6221],[-8.6619,54.6193],[-8.6714,54.6207],[-8.6803,54.6185],[-8.6831,54.6199],[-8.6808,54.6221],[-8.6886,54.6274],[-8.6808,54.6301],[-8.6797,54.6326],[-8.6869,54.6346],[-8.6925,54.6421],[-8.7075,54.6418],[-8.7136,54.6454],[-8.7231,54.6457],[-8.7258,54.6496],[-8.7464,54.6499],[-8.7486,54.6524],[-8.7719,54.6546],[-8.7747,54.6574],[-8.7725,54.664],[-8.7797,54.6635],[-8.7781,54.6601],[-8.7803,54.659],[-8.7858,54.6649],[-8.7875,54.6593],[-8.7936,54.659],[-8.7925,54.6613],[-8.7947,54.6621],[-8.7954,54.6665],[-8.8031,54.666],[-8.7914,54.671],[-8.7914,54.6757],[-8.7853,54.6743],[-8.7886,54.6846],[-8.7831,54.689],[-8.7986,54.6893],[-8.8042,54.694],[-8.8036,54.6971],[-8.8075,54.6976],[-8.8058,54.7024],[-8.7953,54.7068],[-8.7875,54.7065],[-8.7825,54.7038],[-8.7631,54.7065],[-8.7686,54.7104],[-8.7597,54.7099],[-8.7586,54.7118],[-8.7497,54.7088],[-8.7408,54.709],[-8.7408,54.7113],[-8.7503,54.7118],[-8.7497,54.7171],[-8.7519,54.7179],[-8.7514,54.7202],[-8.7464,54.7199],[-8.7503,54.7215],[-8.7508,54.7276],[-8.7414,54.7324],[-8.7475,54.7363],[-8.7475,54.7388],[-8.7364,54.7374],[-8.7258,54.7432],[-8.7047,54.7454],[-8.7047,54.7476],[-8.7081,54.7482],[-8.7053,54.751],[-8.7114,54.7537],[-8.7036,54.7535],[-8.6986,54.7551],[-8.6992,54.7582],[-8.6903,54.7588],[-8.6947,54.7646],[-8.6742,54.7615],[-8.6753,54.7643],[-8.6714,54.7654],[-8.6742,54.7693],[-8.6708,54.7713],[-8.6519,54.7715],[-8.6503,54.7729],[-8.6531,54.7757],[-8.6364,54.7732],[-8.6186,54.7774],[-8.6069,54.7771],[-8.6069,54.7801],[-8.5914,54.7796],[-8.5497,54.7715],[-8.5469,54.7701],[-8.5475,54.7682],[-8.5364,54.7646],[-8.5153,54.7674],[-8.5103,54.7654],[-8.5153,54.7596],[-8.5036,54.7627],[-8.4919,54.7599],[-8.4925,54.7615],[-8.4892,54.7627],[-8.4881,54.7601],[-8.4708,54.756],[-8.4342,54.7554],[-8.4336,54.7574],[-8.4392,54.7582],[-8.4547,54.7568],[-8.4581,54.7593],[-8.4703,54.7591],[-8.4675,54.7637],[-8.4736,54.7651],[-8.4681,54.7663],[-8.4842,54.7718],[-8.4936,54.7704],[-8.5041,54.7751],[-8.5103,54.7718],[-8.5225,54.7726],[-8.5525,54.7854],[-8.5536,54.7876],[-8.5497,54.7876],[-8.5486,54.7899],[-8.5325,54.791],[-8.5158,54.7849],[-8.5147,54.7879],[-8.503,54.7899],[-8.4892,54.7879],[-8.4875,54.7915],[-8.4764,54.7921],[-8.4703,54.7896],[-8.4708,54.7821],[-8.4603,54.7812],[-8.4536,54.7707],[-8.4469,54.7713],[-8.4314,54.7629],[-8.4225,54.7629],[-8.4219,54.7663],[-8.4247,54.7696],[-8.4131,54.7738],[-8.4247,54.7774],[-8.4281,54.776],[-8.4281,54.7732],[-8.4381,54.7751],[-8.4431,54.7785],[-8.4392,54.7793],[-8.4397,54.7826],[-8.4525,54.7832],[-8.4481,54.7846],[-8.4481,54.7882],[-8.4453,54.7899],[-8.4597,54.7921],[-8.4576,54.7938],[-8.4475,54.7926],[-8.4492,54.7962],[-8.4553,54.7987],[-8.4669,54.7979],[-8.4714,54.8018],[-8.4764,54.8024],[-8.4908,54.7979],[-8.5019,54.7996],[-8.5008,54.8018],[-8.4942,54.8021],[-8.4958,54.8082],[-8.5114,54.8093],[-8.5103,54.811],[-8.5125,54.8121],[-8.5303,54.8121],[-8.5286,54.8143],[-8.5364,54.8149],[-8.5369,54.8168],[-8.5281,54.8199],[-8.5297,54.8221],[-8.5686,54.8251],[-8.5603,54.8332],[-8.5331,54.8354],[-8.5147,54.8313],[-8.5125,54.829],[-8.5086,54.8335],[-8.5153,54.8354],[-8.5153,54.8374],[-8.5108,54.8382],[-8.5103,54.8407],[-8.5053,54.8401],[-8.5025,54.8418],[-8.5036,54.8446],[-8.4981,54.8451],[-8.4969,54.8474],[-8.4764,54.8479],[-8.4631,54.841],[-8.4469,54.8385],[-8.4458,54.8413],[-8.4286,54.846],[-8.4258,54.8499],[-8.4269,54.8526],[-8.4186,54.8521],[-8.4192,54.8474],[-8.4114,54.846],[-8.4058,54.8471],[-8.4019,54.8532],[-8.3959,54.8524],[-8.3997,54.8446],[-8.3858,54.8426],[-8.3781,54.8382],[-8.3703,54.841],[-8.3669,54.8449],[-8.3614,54.839],[-8.373,54.8396],[-8.3736,54.8368],[-8.3558,54.834],[-8.3581,54.8374],[-8.3342,54.8343],[-8.3358,54.8385],[-8.3281,54.8387],[-8.2719,54.8596],[-8.2669,54.8663],[-8.2531,54.8746],[-8.2497,54.8776],[-8.2514,54.8782],[-8.2703,54.8671],[-8.2719,54.8638],[-8.3086,54.8499],[-8.3097,54.8468],[-8.3158,54.8443],[-8.3386,54.8421],[-8.3525,54.8468],[-8.3553,54.8496],[-8.3508,54.8496],[-8.3508,54.8518],[-8.3625,54.8549],[-8.3831,54.8512],[-8.3847,54.8565],[-8.3836,54.8743],[-8.3925,54.8771],[-8.3908,54.8793],[-8.3831,54.8804],[-8.3681,54.8765],[-8.3669,54.8791],[-8.3631,54.8793],[-8.3636,54.8824],[-8.3508,54.8835],[-8.3208,54.8737],[-8.3258,54.8801],[-8.3097,54.8841],[-8.3114,54.8851],[-8.3103,54.889],[-8.3275,54.8868],[-8.3425,54.891],[-8.3403,54.8946],[-8.3425,54.8982],[-8.3403,54.9004],[-8.3408,54.904],[-8.3425,54.9068],[-8.3464,54.9074],[-8.3492,54.9043],[-8.3608,54.9024],[-8.3597,54.9001],[-8.3642,54.8993],[-8.3697,54.8999],[-8.3697,54.9035],[-8.3753,54.9018],[-8.3814,54.9046],[-8.3814,54.9018],[-8.3764,54.8996],[-8.3769,54.8924],[-8.3736,54.8876],[-8.3792,54.8832],[-8.3869,54.8835],[-8.3909,54.8893],[-8.3953,54.8913],[-8.4103,54.8943],[-8.4231,54.901],[-8.4458,54.9046],[-8.4558,54.9101],[-8.4569,54.916],[-8.4603,54.9188],[-8.4581,54.9207],[-8.4597,54.9243],[-8.4481,54.9246],[-8.4447,54.9315],[-8.4503,54.9349],[-8.4581,54.9351],[-8.4597,54.9424],[-8.4542,54.9457],[-8.4425,54.9443],[-8.4353,54.9468],[-8.4297,54.9415],[-8.4408,54.9371],[-8.4481,54.9368],[-8.4408,54.9354],[-8.4353,54.9374],[-8.4369,54.9357],[-8.4331,54.9351],[-8.4208,54.9357],[-8.4203,54.9391],[-8.4064,54.9368],[-8.4014,54.9412],[-8.3903,54.9421],[-8.3886,54.9443],[-8.3825,54.9432],[-8.3814,54.9399],[-8.3769,54.9399],[-8.3797,54.9429],[-8.3747,54.9424]]],[[[-7.2814,55.3677],[-7.2831,55.3693],[-7.2808,55.3693],[-7.2814,55.3677]]],[[[-7.4008,55.3199],[-7.3958,55.3176],[-7.4003,55.3176],[-7.4008,55.3199]]],[[[-7.4903,55.2904],[-7.4836,55.2887],[-7.4853,55.2863],[-7.4892,55.2865],[-7.4903,55.2904]]],[[[-8.2486,55.2762],[-8.2381,55.2751],[-8.2347,55.2735],[-8.2353,55.2715],[-8.2269,55.2693],[-8.2225,55.2707],[-8.2169,55.2679],[-8.2158,55.2649],[-8.2108,55.2649],[-8.2053,55.2612],[-8.1981,55.2607],[-8.1897,55.2637],[-8.1903,55.2554],[-8.2042,55.2518],[-8.2147,55.2526],[-8.2253,55.2637],[-8.2308,55.2607],[-8.2481,55.2637],[-8.2547,55.2676],[-8.2525,55.2701],[-8.2547,55.2735],[-8.2486,55.2762]]],[[[-7.8386,55.2381],[-7.8358,55.2368],[-7.8397,55.2351],[-7.8403,55.2382],[-7.8386,55.2381]]],[[[-8.1614,55.2062],[-8.1586,55.2049],[-8.1597,55.2024],[-8.1664,55.2015],[-8.1669,55.2035],[-8.1614,55.2062]]],[[[-7.7981,55.1985],[-7.7953,55.1979],[-7.7953,55.1954],[-7.8003,55.1965],[-7.7981,55.1985]]],[[[-8.1681,55.1969],[-8.1592,55.1954],[-8.1603,55.1885],[-8.1575,55.1877],[-8.1664,55.1871],[-8.1658,55.1901],[-8.1697,55.1907],[-8.1681,55.1969]]],[[[-7.7975,55.1882],[-7.7992,55.1901],[-7.7969,55.1915],[-7.7897,55.1905],[-7.7897,55.1957],[-7.7831,55.1921],[-7.7858,55.1876],[-7.7975,55.1882]]],[[[-8.1814,55.1853],[-8.1775,55.1841],[-8.1775,55.1793],[-8.1742,55.1774],[-8.163,55.1783],[-8.1614,55.1738],[-8.1631,55.1705],[-8.1747,55.1674],[-8.1797,55.1704],[-8.1775,55.1763],[-8.1919,55.1765],[-8.1847,55.1796],[-8.1875,55.1824],[-8.1814,55.1853]]],[[[-7.8858,55.1426],[-7.8842,55.1404],[-7.8869,55.1407],[-7.8858,55.1426]]],[[[-8.3481,55.1249],[-8.3408,55.1246],[-8.3275,55.1154],[-8.3358,55.1143],[-8.3425,55.1204],[-8.3508,55.1224],[-8.3481,55.1249]]],[[[-8.3419,55.1082],[-8.3331,55.1082],[-8.3303,55.1037],[-8.3358,55.1026],[-8.3358,55.1007],[-8.3425,55.1013],[-8.3442,55.1051],[-8.3408,55.106],[-8.3419,55.1082]]],[[[-8.3675,55.1037],[-8.3597,55.101],[-8.3703,55.101],[-8.3714,55.1035],[-8.3675,55.1037]]],[[[-8.3658,55.0961],[-8.3592,55.0954],[-8.3553,55.0921],[-8.3564,55.0851],[-8.3481,55.0843],[-8.3569,55.0804],[-8.3675,55.0846],[-8.3792,55.0843],[-8.3803,55.0882],[-8.3703,55.0893],[-8.3808,55.0904],[-8.3797,55.0932],[-8.3736,55.0962],[-8.3658,55.0961]]],[[[-8.3703,55.0804],[-8.3669,55.0782],[-8.3714,55.0785],[-8.3703,55.0804]]],[[[-8.3364,55.0803],[-8.3342,55.0776],[-8.3408,55.0796],[-8.3364,55.0803]]],[[[-8.3664,55.0791],[-8.3608,55.0799],[-8.3608,55.0774],[-8.3664,55.0791]]],[[[-8.3403,55.0773],[-8.3319,55.0768],[-8.3314,55.0727],[-8.3364,55.0721],[-8.3342,55.0687],[-8.3397,55.0704],[-8.3397,55.0743],[-8.3431,55.0757],[-8.3403,55.0773]]],[[[-8.3447,55.074],[-8.3408,55.0724],[-8.3447,55.074]]],[[[-8.3853,55.0671],[-8.3769,55.066],[-8.3758,55.0613],[-8.3853,55.0615],[-8.3869,55.0629],[-8.3853,55.0671]]],[[[-8.3142,55.0665],[-8.3119,55.0651],[-8.3158,55.0651],[-8.3142,55.0665]]],[[[-7.2549,55.0654],[-7.2549,55.0654]]],[[[-8.4514,55.0618],[-8.4447,55.0613],[-8.443,55.0571],[-8.4392,55.0565],[-8.4386,55.0504],[-8.4503,55.0471],[-8.4597,55.0479],[-8.4614,55.0507],[-8.4592,55.0521],[-8.4653,55.0574],[-8.4514,55.0618]]],[[[-7.5953,55.0563],[-7.5925,55.0557],[-7.5936,55.0516],[-7.6019,55.0485],[-7.6008,55.0532],[-7.5953,55.0563]]],[[[-8.4125,55.0451],[-8.4097,55.0452],[-8.4092,55.0426],[-8.4164,55.0438],[-8.4125,55.0451]]],[[[-8.3264,55.0311],[-8.3258,55.0285],[-8.3281,55.0299],[-8.3264,55.0311]]],[[[-8.5453,55.0221],[-8.5453,55.0238],[-8.5358,55.0221],[-8.5325,55.0179],[-8.5286,55.0171],[-8.5281,55.0124],[-8.5191,55.0113],[-8.5119,55.0049],[-8.5119,55.0082],[-8.5092,55.0082],[-8.4969,55.0046],[-8.4947,55.0024],[-8.4953,54.9976],[-8.4992,54.9949],[-8.4958,54.9924],[-8.4969,54.9877],[-8.4903,54.9871],[-8.4869,54.9837],[-8.4853,54.9813],[-8.4864,54.9735],[-8.4953,54.9726],[-8.4948,54.9746],[-8.4981,54.9749],[-8.5036,54.9712],[-8.5214,54.9729],[-8.5225,54.9713],[-8.5197,54.9687],[-8.5225,54.9665],[-8.5281,54.9693],[-8.5292,54.9729],[-8.5447,54.9718],[-8.5697,54.9757],[-8.5708,54.9807],[-8.5631,54.9865],[-8.5636,54.9957],[-8.5497,55.0013],[-8.5514,55.0057],[-8.5586,55.0085],[-8.5636,55.0151],[-8.5475,55.0149],[-8.5431,55.0199],[-8.5453,55.0221]]],[[[-8.4925,54.9965],[-8.4892,54.9954],[-8.4947,54.9943],[-8.4925,54.9965]]],[[[-8.4753,54.9977],[-8.4692,54.996],[-8.4692,54.9924],[-8.4592,54.9932],[-8.4558,54.9912],[-8.4519,54.9871],[-8.4558,54.9835],[-8.4519,54.9807],[-8.4803,54.9924],[-8.4781,54.9946],[-8.4797,54.9968],[-8.4753,54.9977]]],[[[-8.4658,54.9841],[-8.4692,54.9849],[-8.4658,54.9841]]],[[[-8.5747,54.9831],[-8.5731,54.9776],[-8.5764,54.9787],[-8.5775,54.9821],[-8.5747,54.9831]]],[[[-8.4631,54.9831],[-8.4502,54.9771],[-8.4464,54.9701],[-8.4586,54.9696],[-8.4675,54.9732],[-8.4631,54.9831]]],[[[-8.4369,54.9759],[-8.4314,54.9674],[-8.4397,54.9704],[-8.4392,54.9757],[-8.4369,54.9759]]],[[[-8.4447,54.9663],[-8.4408,54.9649],[-8.443,54.9629],[-8.4297,54.954],[-8.4319,54.9518],[-8.4219,54.9543],[-8.4231,54.9521],[-8.4186,54.9487],[-8.4292,54.9451],[-8.4331,54.9482],[-8.4342,54.9529],[-8.438,54.9493],[-8.4447,54.9482],[-8.4558,54.949],[-8.4553,54.9507],[-8.4608,54.9521],[-8.4603,54.9554],[-8.4542,54.9574],[-8.4575,54.9577],[-8.4575,54.9599],[-8.4464,54.9607],[-8.4447,54.9637],[-8.4475,54.9657],[-8.4447,54.9663]]],[[[-8.4975,54.9626],[-8.4958,54.9626],[-8.4969,54.9604],[-8.4892,54.9579],[-8.4881,54.9549],[-8.4919,54.9538],[-8.5019,54.9565],[-8.5064,54.9613],[-8.4975,54.9626]]],[[[-8.3997,54.9489],[-8.3936,54.9479],[-8.3925,54.9449],[-8.4036,54.9454],[-8.4019,54.9465],[-8.4058,54.9485],[-8.3997,54.9489]]],[[[-8.4842,54.9435],[-8.4764,54.9407],[-8.4742,54.9385],[-8.4753,54.9354],[-8.4781,54.939],[-8.4847,54.9415],[-8.4842,54.9435]]],[[[-8.5403,54.8754],[-8.5375,54.8743],[-8.5425,54.8716],[-8.5369,54.8732],[-8.5225,54.8701],[-8.5414,54.8679],[-8.5486,54.8704],[-8.5492,54.8729],[-8.5403,54.8754]]],[[[-8.4164,54.8557],[-8.4075,54.854],[-8.4164,54.8557]]],[[[-8.4575,54.8517],[-8.4486,54.8499],[-8.4475,54.8479],[-8.4514,54.8465],[-8.4486,54.8446],[-8.4558,54.8443],[-8.4664,54.8488],[-8.4575,54.8517]]],[[[-8.5608,54.8153],[-8.5531,54.8132],[-8.5558,54.8127],[-8.5553,54.8105],[-8.5647,54.8112],[-8.5653,54.814],[-8.5608,54.8153]]],[[[-8.4981,54.7663],[-8.4958,54.7677],[-8.4931,54.7651],[-8.4981,54.7663]]],[[[-8.8331,54.6699],[-8.8247,54.669],[-8.8258,54.6662],[-8.8214,54.6621],[-8.8269,54.6601],[-8.8375,54.6632],[-8.8319,54.6637],[-8.8325,54.6674],[-8.8297,54.6679],[-8.8331,54.6699]]],[[[-8.8392,54.6607],[-8.8369,54.6621],[-8.8364,54.6593],[-8.8392,54.6607]]],[[[-8.1336,54.6407],[-8.1319,54.6393],[-8.1375,54.6377],[-8.1392,54.6349],[-8.1436,54.6365],[-8.1336,54.6407]]],[[[-8.3981,54.6289],[-8.3975,54.6268],[-8.4014,54.626],[-8.4019,54.6235],[-8.4052,54.6257],[-8.3981,54.6289]]],[[[-8.1408,54.626],[-8.1347,54.6232],[-8.1458,54.6221],[-8.1408,54.626]]],[[[-8.1369,54.6188],[-8.1369,54.6168],[-8.1425,54.6163],[-8.1425,54.6185],[-8.1369,54.6188]]],[[[-8.5481,54.5999],[-8.5442,54.5993],[-8.5436,54.5968],[-8.5486,54.5976],[-8.5481,54.5999]]],[[[-8.2531,54.5081],[-8.2514,54.5068],[-8.2564,54.5071],[-8.2531,54.5081]]]]}},{"type":"Feature","properties":{"name":"Dublin"},"geometry":{"type":"MultiPolygon","coordinates":[[[[-6.1342,53.4071],[-6.1308,53.4013],[-6.1175,53.3924],[-6.0875,53.3924],[-6.0747,53.3896],[-6.0681,53.3929],[-6.0697,53.3904],[-6.0642,53.3901],[-6.0619,53.3865],[-6.0469,53.386],[-6.0425,53.3785],[-6.0542,53.3665],[-6.0514,53.3613],[-6.0569,53.3641],[-6.0702,53.3643],[-6.0758,53.3601],[-6.0819,53.361],[-6.0964,53.369],[-6.0992,53.3749],[-6.1019,53.3757],[-6.1003,53.3851],[-6.1053,53.3877],[-6.1219,53.3887],[-6.1414,53.3854],[-6.1581,53.3785],[-6.1803,53.3607],[-6.1886,53.3582],[-6.2186,53.3627],[-6.2292,53.3605],[-6.2231,53.3574],[-6.2119,53.3569],[-6.2086,53.3532],[-6.1969,53.3532],[-6.1947,53.3507],[-6.1897,53.3507],[-6.1886,53.3451],[-6.2014,53.3446],[-6.2103,53.3468],[-6.2097,53.3449],[-6.2119,53.3449],[-6.2169,53.3482],[-6.2186,53.3474],[-6.2158,53.3454],[-6.2197,53.3451],[-6.2469,53.3468],[-6.1803,53.3415],[-6.1814,53.3377],[-6.1953,53.3351],[-6.2125,53.3365],[-6.2131,53.334],[-6.2091,53.3321],[-6.2064,53.3251],[-6.2047,53.316],[-6.1836,53.3049],[-6.1547,53.2957],[-6.1308,53.2982],[-6.1319,53.2955],[-6.1297,53.296],[-6.1303,53.2935],[-6.1236,53.2882],[-6.1131,53.2896],[-6.1003,53.2829],[-6.0981,53.2785],[-6.0936,53.2765],[-6.0908,53.2702],[-6.1064,53.266],[-6.1119,53.2576],[-6.1119,53.2424],[-6.1103,53.2343],[-6.1069,53.2313],[-6.1075,53.2235],[-6.1053,53.2194],[-6.12,53.2137],[-6.146,53.2097],[-6.1783,53.2086],[-6.2049,53.2095],[-6.2315,53.2168],[-6.2484,53.2173],[-6.348,53.2009],[-6.4051,53.2237],[-6.4486,53.2265],[-6.4758,53.2309],[-6.5041,53.2401],[-6.5352,53.2553],[-6.5368,53.2767],[-6.542,53.2824],[-6.5408,53.2881],[-6.5165,53.309],[-6.5029,53.3243],[-6.4899,53.3509],[-6.4899,53.3751],[-6.4956,53.3843],[-6.4535,53.3769],[-6.4313,53.3945],[-6.4149,53.4116],[-6.3681,53.4433],[-6.3348,53.4525],[-6.3205,53.4856],[-6.3205,53.4955],[-6.3333,53.5113],[-6.3688,53.5347],[-6.3922,53.5543],[-6.4081,53.5635],[-6.4081,53.5717],[-6.402,53.5837],[-6.393,53.5951],[-6.3794,53.6026],[-6.3417,53.589],[-6.2911,53.58],[-6.2873,53.583],[-6.2857,53.5937],[-6.2797,53.6072],[-6.2646,53.6207],[-6.2136,53.6355],[-6.2119,53.6326],[-6.1864,53.6299],[-6.1892,53.6276],[-6.1875,53.6265],[-6.1892,53.6207],[-6.1831,53.6129],[-6.1747,53.6087],[-6.1636,53.6074],[-6.1647,53.6035],[-6.1492,53.5865],[-6.1286,53.586],[-6.1119,53.5812],[-6.1053,53.5829],[-6.1047,53.5846],[-6.1081,53.5846],[-6.1058,53.5863],[-6.0986,53.5851],[-6.1047,53.5821],[-6.1003,53.5687],[-6.0969,53.5649],[-6.0825,53.5599],[-6.0786,53.5465],[-6.0831,53.5462],[-6.0842,53.5426],[-6.0764,53.5412],[-6.0769,53.539],[-6.0836,53.5374],[-6.0825,53.5351],[-6.0869,53.531],[-6.0864,53.5276],[-6.0831,53.5235],[-6.0753,53.5226],[-6.0753,53.5196],[-6.0836,53.5165],[-6.0942,53.5176],[-6.1103,53.5096],[-6.1197,53.511],[-6.1236,53.514],[-6.1325,53.5127],[-6.1414,53.5088],[-6.1475,53.5096],[-6.1486,53.5021],[-6.1586,53.5035],[-6.168,53.5007],[-6.1231,53.4987],[-6.1214,53.5004],[-6.1264,53.5021],[-6.1303,53.5104],[-6.1197,53.5093],[-6.1147,53.5057],[-6.1081,53.4935],[-6.0986,53.4929],[-6.0958,53.4896],[-6.1181,53.4771],[-6.1336,53.4532],[-6.1464,53.4551],[-6.1425,53.4627],[-6.1336,53.4688],[-6.1458,53.4751],[-6.1525,53.4751],[-6.1525,53.4721],[-6.1475,53.4718],[-6.1542,53.4685],[-6.1708,53.4696],[-6.1792,53.466],[-6.1869,53.4663],[-6.1897,53.4637],[-6.2003,53.4643],[-6.1592,53.4529],[-6.1558,53.4538],[-6.1547,53.4579],[-6.1497,53.4518],[-6.1386,53.4509],[-6.133,53.4463],[-6.1225,53.4427],[-6.1214,53.436],[-6.1242,53.4293],[-6.1203,53.4179],[-6.1125,53.4057],[-6.1119,53.4004],[-6.1153,53.3979],[-6.1214,53.3996],[-6.1314,53.4179],[-6.1358,53.416],[-6.1364,53.4104],[-6.1336,53.4093],[-6.1342,53.4071]]],[[[-6.0714,53.5867],[-6.0725,53.5843],[-6.0775,53.584],[-6.0714,53.5867]]],[[[-6.0864,53.5863],[-6.0908,53.5835],[-6.0864,53.5863]]],[[[-6.0853,53.5743],[-6.0792,53.571],[-6.0842,53.571],[-6.087,53.5735],[-6.0853,53.5743]]],[[[-6.0264,53.4991],[-6.0213,53.4951],[-6.0075,53.4987],[-6.0047,53.4963],[-5.9969,53.4968],[-5.9975,53.4951],[-5.9936,53.4938],[-6.0036,53.4921],[-6.0081,53.4879],[-6.0053,53.4851],[-6.0092,53.4824],[-6.0231,53.4829],[-6.0242,53.486],[-6.0353,53.4888],[-6.0264,53.4991]]],[[[-6.0686,53.4081],[-6.0592,53.4079],[-6.0597,53.4026],[-6.0653,53.4037],[-6.0692,53.4062],[-6.0686,53.4081]]],[[[-6.1158,53.3827],[-6.1192,53.379],[-6.1459,53.3688],[-6.1664,53.3526],[-6.1797,53.359],[-6.1747,53.3596],[-6.1725,53.3632],[-6.1569,53.3732],[-6.1531,53.3724],[-6.1308,53.3813],[-6.1158,53.3827]]],[[[-6.083,53.2735],[-6.0819,53.2701],[-6.0864,53.271],[-6.0869,53.2735],[-6.083,53.2735]]]]}},{"type":"Feature","properties":{"name":"Galway"},"geometry":{"type":"MultiPolygon","coordinates":[[[[-9.4019,53.2315],[-9.4075,53.2315],[-9.4086,53.234],[-9.4114,53.2337],[-9.4103,53.2321],[-9.4181,53.234],[-9.4292,53.2313],[-9.4381,53.2332],[-9.4547,53.2321],[-9.4653,53.2249],[-9.4886,53.2276],[-9.4886,53.2243],[-9.4992,53.2246],[-9.5092,53.2207],[-9.5269,53.2212],[-9.5336,53.2287],[-9.5447,53.2321],[-9.5497,53.2368],[-9.5503,53.2346],[-9.5547,53.234],[-9.5553,53.2396],[-9.5531,53.2424],[-9.5564,53.2446],[-9.5503,53.2454],[-9.5503,53.2529],[-9.5519,53.2537],[-9.5558,53.2496],[-9.5603,53.2504],[-9.5686,53.2632],[-9.5631,53.2679],[-9.5575,53.2674],[-9.5542,53.2762],[-9.5414,53.2796],[-9.5447,53.284],[-9.5564,53.2882],[-9.5631,53.286],[-9.5497,53.2832],[-9.5475,53.281],[-9.5486,53.279],[-9.5653,53.2804],[-9.5736,53.2771],[-9.5803,53.271],[-9.5803,53.2679],[-9.5753,53.2654],[-9.5725,53.2604],[-9.5775,53.2543],[-9.5769,53.2451],[-9.5842,53.2412],[-9.5842,53.2368],[-9.5875,53.234],[-9.5919,53.234],[-9.6008,53.2393],[-9.6147,53.2307],[-9.6181,53.2349],[-9.6275,53.2382],[-9.6258,53.2418],[-9.6325,53.2501],[-9.6319,53.2535],[-9.6203,53.2674],[-9.6069,53.2735],[-9.6081,53.2762],[-9.5997,53.2807],[-9.6003,53.2837],[-9.6081,53.281],[-9.6131,53.2832],[-9.6103,53.2887],[-9.6008,53.2938],[-9.6086,53.2943],[-9.6136,53.2904],[-9.6197,53.2929],[-9.6175,53.2971],[-9.6125,53.2954],[-9.6092,53.2993],[-9.6147,53.3026],[-9.6158,53.3065],[-9.6158,53.3093],[-9.6125,53.3112],[-9.6219,53.3129],[-9.6258,53.3182],[-9.6214,53.3226],[-9.6231,53.3254],[-9.6192,53.3276],[-9.5869,53.3296],[-9.5831,53.334],[-9.5731,53.3329],[-9.5692,53.3351],[-9.5697,53.3371],[-9.5753,53.3387],[-9.5769,53.3424],[-9.5697,53.3476],[-9.5631,53.3407],[-9.5642,53.3382],[-9.5619,53.3343],[-9.5597,53.3387],[-9.5508,53.3424],[-9.5608,53.3435],[-9.5625,53.3468],[-9.5703,53.3507],[-9.5797,53.3449],[-9.5792,53.3549],[-9.5858,53.3518],[-9.5997,53.361],[-9.5997,53.3638],[-9.5947,53.3665],[-9.5947,53.3699],[-9.5975,53.371],[-9.5947,53.3732],[-9.5825,53.3732],[-9.5742,53.3782],[-9.5581,53.3771],[-9.5558,53.3801],[-9.5508,53.3782],[-9.5514,53.3812],[-9.5575,53.3835],[-9.5642,53.3838],[-9.5692,53.3796],[-9.5769,53.3782],[-9.5947,53.381],[-9.5969,53.3799],[-9.5953,53.3774],[-9.5997,53.3779],[-9.6019,53.3754],[-9.6058,53.3824],[-9.6131,53.3796],[-9.6075,53.3701],[-9.6014,53.3699],[-9.5981,53.3662],[-9.6014,53.3638],[-9.6031,53.3504],[-9.6075,53.3479],[-9.6119,53.3493],[-9.6142,53.3465],[-9.6042,53.3482],[-9.5975,53.3438],[-9.5969,53.3485],[-9.5864,53.3476],[-9.5831,53.3504],[-9.5853,53.3435],[-9.5831,53.3413],[-9.5886,53.3385],[-9.5808,53.3387],[-9.5803,53.3357],[-9.5942,53.3382],[-9.5936,53.3343],[-9.5981,53.3326],[-9.6008,53.3349],[-9.6114,53.3318],[-9.6197,53.3332],[-9.6258,53.3285],[-9.6342,53.3321],[-9.6436,53.3301],[-9.6508,53.3349],[-9.6692,53.3382],[-9.6697,53.341],[-9.6525,53.3446],[-9.6397,53.3415],[-9.6297,53.3438],[-9.6269,53.3476],[-9.6453,53.3468],[-9.6481,53.3521],[-9.6686,53.3476],[-9.6786,53.3476],[-9.6792,53.3504],[-9.6858,53.3504],[-9.6764,53.3532],[-9.6747,53.3574],[-9.6697,53.3571],[-9.6692,53.354],[-9.6647,53.3529],[-9.6575,53.3568],[-9.6431,53.3551],[-9.6286,53.3613],[-9.6358,53.3651],[-9.6375,53.3737],[-9.6281,53.379],[-9.6303,53.3801],[-9.6469,53.3704],[-9.6475,53.3726],[-9.6431,53.3749],[-9.6431,53.3807],[-9.6364,53.3835],[-9.6386,53.384],[-9.6392,53.3876],[-9.6436,53.3854],[-9.6492,53.3871],[-9.6542,53.3857],[-9.6547,53.3799],[-9.6625,53.3774],[-9.6614,53.3724],[-9.6642,53.3699],[-9.6925,53.3607],[-9.6975,53.3512],[-9.7069,53.3438],[-9.7053,53.3401],[-9.7131,53.3401],[-9.7131,53.3374],[-9.7081,53.336],[-9.7092,53.3321],[-9.7186,53.3318],[-9.7186,53.3285],[-9.7319,53.3221],[-9.7292,53.3138],[-9.7353,53.3063],[-9.7453,53.3051],[-9.7442,53.3076],[-9.7475,53.3079],[-9.7514,53.3065],[-9.7503,53.3051],[-9.7625,53.3054],[-9.7669,53.3015],[-9.7736,53.3007],[-9.7703,53.2935],[-9.7747,53.2915],[-9.7869,53.2954],[-9.7814,53.2979],[-9.7819,53.3015],[-9.7836,53.2988],[-9.7892,53.2979],[-9.7886,53.3001],[-9.7931,53.3035],[-9.8086,53.3054],[-9.8086,53.3074],[-9.8142,53.3074],[-9.8158,53.3099],[-9.8225,53.3071],[-9.8286,53.3101],[-9.8342,53.306],[-9.8442,53.3074],[-9.8425,53.3085],[-9.8442,53.309],[-9.8458,53.306],[-9.8364,53.291],[-9.8414,53.2874],[-9.8525,53.2904],[-9.8514,53.299],[-9.8636,53.2982],[-9.8764,53.3026],[-9.8769,53.3051],[-9.8692,53.3065],[-9.8581,53.3124],[-9.8586,53.3143],[-9.8525,53.3146],[-9.8464,53.3185],[-9.8481,53.3201],[-9.8569,53.319],[-9.8553,53.3246],[-9.8608,53.3299],[-9.8669,53.3312],[-9.8608,53.3201],[-9.8642,53.3179],[-9.8647,53.3138],[-9.8714,53.311],[-9.8753,53.3132],[-9.8836,53.3118],[-9.8847,53.3146],[-9.8875,53.314],[-9.8886,53.3185],[-9.8997,53.3179],[-9.9008,53.321],[-9.9069,53.3226],[-9.9081,53.3288],[-9.8986,53.3296],[-9.9014,53.3376],[-9.8942,53.3424],[-9.8831,53.3396],[-9.8831,53.3443],[-9.8869,53.346],[-9.8858,53.3476],[-9.8953,53.346],[-9.8919,53.3496],[-9.8803,53.3501],[-9.8781,53.3532],[-9.8808,53.3554],[-9.8875,53.351],[-9.8953,53.3526],[-9.8958,53.3565],[-9.8881,53.3585],[-9.8936,53.3624],[-9.8897,53.3679],[-9.8764,53.3701],[-9.8664,53.3688],[-9.8558,53.3746],[-9.8425,53.3746],[-9.8386,53.3765],[-9.8358,53.3824],[-9.8336,53.3801],[-9.8242,53.3793],[-9.8214,53.3751],[-9.8186,53.3785],[-9.8208,53.3807],[-9.7925,53.3915],[-9.7947,53.3946],[-9.7997,53.3918],[-9.8036,53.3935],[-9.7958,53.4032],[-9.7964,53.4057],[-9.7881,53.4065],[-9.7992,53.4071],[-9.8047,53.4029],[-9.8136,53.401],[-9.8231,53.406],[-9.8197,53.4121],[-9.8097,53.4143],[-9.8019,53.4126],[-9.7981,53.4151],[-9.8019,53.4182],[-9.8108,53.4182],[-9.8125,53.4149],[-9.8203,53.4179],[-9.8269,53.4165],[-9.8364,53.4038],[-9.8464,53.4029],[-9.8431,53.4024],[-9.8458,53.401],[-9.8436,53.3957],[-9.8475,53.394],[-9.8575,53.3937],[-9.8581,53.3971],[-9.8542,53.3974],[-9.8531,53.3999],[-9.8586,53.4026],[-9.8619,53.401],[-9.8586,53.3935],[-9.8603,53.3893],[-9.8658,53.3874],[-9.8703,53.3907],[-9.8831,53.3932],[-9.8814,53.4046],[-9.8881,53.4074],[-9.8864,53.4126],[-9.8764,53.4174],[-9.8664,53.4182],[-9.8664,53.4201],[-9.8625,53.4212],[-9.8519,53.4193],[-9.8525,53.4221],[-9.8586,53.4229],[-9.8519,53.4285],[-9.8397,53.4257],[-9.8369,53.4221],[-9.8331,53.4249],[-9.8269,53.4251],[-9.8375,53.4263],[-9.8381,53.4287],[-9.8436,53.4274],[-9.8514,53.431],[-9.8525,53.4338],[-9.8664,53.4343],[-9.8636,53.4315],[-9.8569,53.4326],[-9.8536,53.4296],[-9.8619,53.4254],[-9.8631,53.4224],[-9.8758,53.4201],[-9.8847,53.4146],[-9.8908,53.4146],[-9.8981,53.4204],[-9.8953,53.4232],[-9.9008,53.4232],[-9.8986,53.4218],[-9.9008,53.4193],[-9.9069,53.4188],[-9.9097,53.416],[-9.8964,53.4157],[-9.8975,53.4115],[-9.8942,53.4107],[-9.8964,53.4087],[-9.8953,53.4051],[-9.9003,53.4038],[-9.8908,53.4015],[-9.8864,53.3932],[-9.8914,53.3907],[-9.8997,53.3921],[-9.9014,53.3904],[-9.8897,53.384],[-9.8881,53.3818],[-9.8897,53.3776],[-9.9019,53.3751],[-9.9086,53.3782],[-9.9042,53.3843],[-9.9064,53.3893],[-9.9042,53.3929],[-9.9081,53.394],[-9.9086,53.4012],[-9.9108,53.4024],[-9.9081,53.4076],[-9.9114,53.4082],[-9.9114,53.4107],[-9.9069,53.4126],[-9.9158,53.4143],[-9.9142,53.4129],[-9.9158,53.4104],[-9.9125,53.4082],[-9.9192,53.4065],[-9.9169,53.4004],[-9.9186,53.3988],[-9.9147,53.3932],[-9.9164,53.3868],[-9.9408,53.3768],[-9.9508,53.381],[-9.9597,53.3785],[-9.9619,53.3732],[-9.9497,53.3707],[-9.9575,53.3665],[-9.9631,53.3665],[-9.9642,53.3685],[-9.9625,53.369],[-9.9681,53.3732],[-9.9731,53.3693],[-9.9803,53.3724],[-9.9742,53.3782],[-9.9631,53.3779],[-9.9625,53.3799],[-9.9686,53.3829],[-9.9886,53.3787],[-9.9981,53.3796],[-9.9992,53.3826],[-10.0047,53.3826],[-10.0097,53.3796],[-10.0169,53.3807],[-10.0175,53.386],[-10.0297,53.3846],[-10.0314,53.3885],[-10.0381,53.391],[-10.0353,53.394],[-10.0381,53.3979],[-10.0458,53.3965],[-10.0453,53.3999],[-10.0514,53.4032],[-10.0447,53.4054],[-10.0375,53.3993],[-10.0347,53.4071],[-10.0414,53.4107],[-10.0669,53.4157],[-10.0686,53.4199],[-10.0719,53.4207],[-10.0781,53.4174],[-10.0758,53.4135],[-10.0864,53.4062],[-10.0897,53.4074],[-10.0897,53.4096],[-10.0831,53.4118],[-10.0869,53.4135],[-10.0919,53.4137],[-10.0947,53.4104],[-10.1008,53.411],[-10.1042,53.4076],[-10.1092,53.4079],[-10.1081,53.4101],[-10.1119,53.4129],[-10.1208,53.4074],[-10.1153,53.406],[-10.1175,53.401],[-10.1375,53.4001],[-10.1408,53.3965],[-10.1453,53.3996],[-10.1392,53.404],[-10.1264,53.4051],[-10.1397,53.4101],[-10.1414,53.4162],[-10.1481,53.4185],[-10.1475,53.4201],[-10.1558,53.4157],[-10.1631,53.4157],[-10.1764,53.4113],[-10.1758,53.4079],[-10.1792,53.4062],[-10.1892,53.406],[-10.1919,53.4032],[-10.1936,53.4035],[-10.1919,53.4071],[-10.1981,53.4051],[-10.1803,53.4174],[-10.1747,53.4188],[-10.1703,53.4249],[-10.1636,53.4282],[-10.1653,53.4321],[-10.1542,53.4354],[-10.1536,53.4374],[-10.1575,53.4385],[-10.1631,53.4349],[-10.1669,53.4357],[-10.1747,53.431],[-10.1786,53.4313],[-10.1797,53.4326],[-10.1747,53.4354],[-10.1775,53.4371],[-10.1769,53.4393],[-10.1692,53.4393],[-10.1642,53.4421],[-10.1647,53.444],[-10.1558,53.4468],[-10.1508,53.4465],[-10.1514,53.4432],[-10.1397,53.4432],[-10.1386,53.4451],[-10.1408,53.4471],[-10.1342,53.4521],[-10.1369,53.4538],[-10.1353,53.4565],[-10.1258,53.459],[-10.1253,53.4538],[-10.1219,53.4524],[-10.1108,53.4526],[-10.1081,53.4496],[-10.1036,53.451],[-10.0842,53.4465],[-10.0797,53.4418],[-10.0731,53.4393],[-10.0714,53.4429],[-10.0636,53.4426],[-10.0619,53.4518],[-10.0592,53.4526],[-10.0603,53.4574],[-10.0564,53.4593],[-10.0353,53.4601],[-10.0475,53.4637],[-10.0614,53.4621],[-10.0742,53.466],[-10.0931,53.4671],[-10.0892,53.4707],[-10.0808,53.4729],[-10.1019,53.4801],[-10.0986,53.4835],[-10.0908,53.4835],[-10.0858,53.4888],[-10.0797,53.489],[-10.0681,53.4835],[-10.0575,53.4821],[-10.0497,53.4749],[-10.0436,53.4729],[-10.0225,53.4682],[-10.0197,53.4718],[-10.0225,53.474],[-10.0264,53.4738],[-10.0264,53.4715],[-10.0369,53.4735],[-10.0458,53.4787],[-10.0453,53.4824],[-10.0319,53.4843],[-10.0525,53.486],[-10.0608,53.4907],[-10.0692,53.4904],[-10.0875,53.496],[-10.1086,53.4957],[-10.1175,53.5015],[-10.1242,53.499],[-10.1269,53.5046],[-10.1153,53.5062],[-10.1247,53.5096],[-10.1269,53.5074],[-10.1353,53.5079],[-10.1392,53.5096],[-10.1392,53.5143],[-10.1053,53.5126],[-10.1392,53.5176],[-10.1364,53.5268],[-10.1453,53.531],[-10.1453,53.5399],[-10.1475,53.5418],[-10.1692,53.5424],[-10.1786,53.5387],[-10.1897,53.5429],[-10.2036,53.5432],[-10.1897,53.5501],[-10.1947,53.5524],[-10.1931,53.5554],[-10.1658,53.5638],[-10.1608,53.5604],[-10.1519,53.5615],[-10.1547,53.5643],[-10.1631,53.5626],[-10.1525,53.5671],[-10.1614,53.569],[-10.1581,53.5715],[-10.1497,53.5657],[-10.1436,53.5649],[-10.1442,53.5626],[-10.1347,53.5579],[-10.1303,53.5582],[-10.1286,53.5612],[-10.1231,53.5612],[-10.1081,53.5557],[-10.0914,53.5529],[-10.0886,53.5537],[-10.0908,53.5557],[-10.1308,53.574],[-10.1286,53.5768],[-10.1025,53.5776],[-10.0914,53.5735],[-10.0819,53.576],[-10.0731,53.5749],[-10.0675,53.5724],[-10.0653,53.5679],[-10.0619,53.5682],[-10.0614,53.5704],[-10.0508,53.5701],[-10.0458,53.5726],[-10.0142,53.5679],[-10.0097,53.5615],[-10.0197,53.5618],[-10.0203,53.5601],[-10.0092,53.5543],[-10.0103,53.5515],[-10.0047,53.5499],[-10.0053,53.5468],[-10.0019,53.5454],[-10.0008,53.5471],[-10.0036,53.5485],[-9.9897,53.5485],[-9.9914,53.5513],[-9.9847,53.5518],[-9.9803,53.5563],[-9.9747,53.5549],[-9.9708,53.5501],[-9.9558,53.5521],[-9.9664,53.5579],[-9.9775,53.559],[-9.9842,53.5576],[-9.9842,53.556],[-9.9986,53.5554],[-9.9992,53.559],[-10.0014,53.5593],[-10.0003,53.5618],[-9.9925,53.5615],[-9.9903,53.5593],[-9.9869,53.561],[-9.9869,53.5638],[-9.9942,53.5643],[-9.9969,53.5671],[-9.9886,53.5674],[-9.9769,53.5629],[-9.9786,53.5679],[-9.9692,53.5671],[-9.9647,53.571],[-9.9703,53.5726],[-9.9775,53.569],[-9.9831,53.5721],[-10.0008,53.5732],[-10.0242,53.5782],[-10.0253,53.5815],[-10.0347,53.5863],[-10.0431,53.5868],[-10.0369,53.589],[-10.0469,53.5949],[-10.0436,53.6007],[-10.0525,53.6032],[-10.0481,53.6049],[-10.0481,53.6071],[-10.0558,53.6118],[-10.0447,53.6101],[-10.0347,53.6115],[-10.0281,53.6074],[-10.0192,53.6068],[-10.0125,53.6074],[-10.0064,53.6118],[-9.9953,53.6115],[-9.9869,53.6071],[-9.9753,53.6082],[-9.9764,53.6043],[-9.9681,53.6012],[-9.9469,53.6021],[-9.9392,53.5988],[-9.9247,53.599],[-9.9131,53.601],[-9.9058,53.6076],[-9.8981,53.6065],[-9.9047,53.6085],[-9.9008,53.6096],[-9.9003,53.6121],[-9.9058,53.6138],[-9.8903,53.614],[-9.8908,53.619],[-9.8836,53.6179],[-9.8864,53.6165],[-9.8842,53.6138],[-9.8792,53.6129],[-9.8792,53.6149],[-9.8753,53.6149],[-9.8769,53.6174],[-9.8747,53.6179],[-9.8492,53.6099],[-9.8486,53.6124],[-9.8536,53.6154],[-9.8681,53.6174],[-9.8675,53.619],[-9.8797,53.624],[-9.8742,53.6254],[-9.8842,53.629],[-9.8825,53.6301],[-9.8731,53.629],[-9.8703,53.6246],[-9.8603,53.6207],[-9.8419,53.6176],[-9.8297,53.6104],[-9.8075,53.606],[-9.8058,53.6021],[-9.7958,53.6001],[-9.7881,53.594],[-9.7831,53.5962],[-9.7331,53.6004],[-9.7042,53.5957],[-9.6953,53.5976],[-9.6919,53.604],[-9.6858,53.6076],[-9.6764,53.6099],[-9.6719,53.6076],[-9.6703,53.6146],[-9.6625,53.6201],[-9.6267,53.6327],[-9.6106,53.6327],[-9.5558,53.6143],[-9.4601,53.5683],[-9.4358,53.5521],[-9.4097,53.5411],[-9.3891,53.5351],[-9.3423,53.5375],[-9.3265,53.5443],[-9.3131,53.5467],[-9.2658,53.5443],[-9.2573,53.5427],[-9.2433,53.5191],[-9.2293,53.5045],[-9.2033,53.4874],[-9.117,53.4868],[-9.1037,53.4898],[-9.0709,53.5117],[-9.0618,53.5208],[-9.0545,53.5336],[-9.052,53.5451],[-9.0199,53.5642],[-9.0028,53.5819],[-8.9834,53.6219],[-8.9513,53.6329],[-8.9391,53.6407],[-8.9258,53.6456],[-8.862,53.6468],[-8.815,53.6633],[-8.8079,53.6592],[-8.7483,53.66],[-8.6644,53.6709],[-8.6442,53.6801],[-8.6274,53.7036],[-8.6115,53.7095],[-8.5838,53.7103],[-8.4948,53.7087],[-8.4848,53.702],[-8.4596,53.6978],[-8.4386,53.6877],[-8.4084,53.6608],[-8.3849,53.6457],[-8.3715,53.6159],[-8.3698,53.5991],[-8.3555,53.6017],[-8.3102,53.5807],[-8.2842,53.5505],[-8.2632,53.5161],[-8.2523,53.4892],[-8.2399,53.4187],[-8.2326,53.4114],[-8.2137,53.4114],[-8.2095,53.4051],[-8.2095,53.3925],[-8.2158,53.3809],[-8.2284,53.3757],[-8.242,53.361],[-8.2357,53.3558],[-8.2074,53.3474],[-8.1675,53.3295],[-8.1528,53.3285],[-8.1466,53.319],[-8.1434,53.2897],[-8.1298,53.2624],[-8.1025,53.2593],[-8.0626,53.2603],[-8.0196,53.2582],[-8.0201,53.2615],[-8.01,53.26],[-8.0022,53.2572],[-7.9606,53.2251],[-7.9565,53.2162],[-7.9613,53.2108],[-8.0466,53.1855],[-8.1289,53.1484],[-8.1809,53.1083],[-8.2057,53.075],[-8.2585,53.0333],[-8.3105,52.9983],[-8.3689,52.9754],[-8.413,52.9787],[-8.417,52.9813],[-8.4484,52.9816],[-8.5177,53.0204],[-8.5435,53.0323],[-8.5668,53.0394],[-8.6103,53.0394],[-8.6497,53.0335],[-8.6734,53.0333],[-8.7324,53.01],[-8.7567,52.9953],[-8.7829,52.9839],[-8.8083,52.9833],[-8.8135,52.9818],[-8.8198,52.9748],[-8.8257,52.9733],[-8.8334,52.9759],[-8.836,52.9807],[-8.8412,52.9829],[-8.8784,52.9918],[-8.8839,52.9977],[-8.8839,53.0139],[-8.8898,53.022],[-8.8906,53.0268],[-8.8906,53.0475],[-8.8924,53.0548],[-8.8987,53.0619],[-8.9101,53.0685],[-8.9724,53.0879],[-8.9846,53.0893],[-8.9953,53.0945],[-8.9986,53.1022],[-8.9975,53.1325],[-8.9997,53.1376],[-9.0144,53.1437],[-9.0097,53.1465],[-9.0103,53.1515],[-9.0131,53.154],[-9.0231,53.1582],[-9.0431,53.1596],[-9.0475,53.1651],[-9.0725,53.1576],[-9.0769,53.1576],[-9.0886,53.1635],[-9.0786,53.1696],[-9.0664,53.1696],[-9.0619,53.1665],[-9.0525,53.1654],[-9.0236,53.171],[-8.9864,53.1701],[-8.9864,53.174],[-8.9675,53.1768],[-8.9681,53.1707],[-8.9653,53.1657],[-8.9603,53.1654],[-8.9675,53.1646],[-8.9719,53.1671],[-8.9758,53.1604],[-8.9575,53.1601],[-8.9603,53.1576],[-8.9525,53.1562],[-8.9536,53.154],[-8.9453,53.154],[-8.9453,53.1493],[-8.9425,53.1488],[-8.9436,53.1468],[-8.9397,53.1413],[-8.9336,53.1399],[-8.9269,53.1415],[-8.9292,53.1437],[-8.9353,53.1437],[-8.9392,53.1557],[-8.9447,53.1613],[-8.9442,53.1685],[-8.9597,53.171],[-8.9603,53.1738],[-8.9497,53.1829],[-8.9525,53.1851],[-8.9497,53.1862],[-8.9492,53.191],[-8.9558,53.1918],[-8.9453,53.196],[-8.9458,53.2001],[-8.9436,53.2026],[-8.9342,53.2018],[-8.9319,53.206],[-8.9247,53.209],[-8.9114,53.2101],[-8.9147,53.2121],[-8.9136,53.2146],[-8.9031,53.2176],[-8.9031,53.2215],[-8.9181,53.2176],[-8.9297,53.211],[-8.9425,53.2115],[-8.9503,53.2082],[-8.9547,53.2099],[-8.9631,53.2082],[-8.9725,53.2126],[-8.9897,53.2115],[-8.9903,53.2099],[-8.9825,53.2093],[-8.9842,53.2071],[-8.9747,53.2035],[-8.9675,53.2043],[-8.9714,53.2021],[-8.9958,53.2113],[-9.0275,53.2126],[-9.0464,53.216],[-9.0519,53.2201],[-9.0203,53.2268],[-9.0114,53.2257],[-8.9869,53.2287],[-8.9864,53.2318],[-8.9786,53.2343],[-8.9797,53.2363],[-9.0053,53.2315],[-9.0086,53.2329],[-8.9953,53.2376],[-8.9825,53.239],[-8.9819,53.241],[-8.9642,53.2404],[-8.9625,53.2454],[-8.9714,53.2435],[-8.9725,53.2451],[-8.9925,53.246],[-8.9847,53.2485],[-8.9786,53.256],[-8.9475,53.2582],[-8.9453,53.2596],[-8.9481,53.261],[-8.9469,53.264],[-8.9342,53.269],[-8.9369,53.2718],[-8.9419,53.2707],[-8.9469,53.2726],[-8.9514,53.2696],[-8.9569,53.2715],[-8.9686,53.2682],[-8.9725,53.2696],[-8.9742,53.266],[-8.9669,53.2629],[-8.9675,53.261],[-8.9736,53.261],[-8.9786,53.264],[-8.9953,53.2615],[-8.9975,53.2626],[-8.9981,53.2682],[-9.0203,53.2649],[-9.0192,53.2704],[-9.0297,53.2668],[-9.0464,53.2676],[-9.0547,53.2629],[-9.0542,53.2568],[-9.0497,53.2557],[-9.0508,53.2524],[-9.0575,53.2526],[-9.0569,53.2618],[-9.0619,53.2624],[-9.0664,53.2596],[-9.0664,53.2626],[-9.0697,53.2626],[-9.0736,53.2588],[-9.0953,53.2557],[-9.0992,53.2521],[-9.1014,53.2554],[-9.1069,53.2543],[-9.1097,53.2485],[-9.1197,53.2446],[-9.1214,53.246],[-9.1119,53.251],[-9.1169,53.2537],[-9.1125,53.256],[-9.1119,53.2593],[-9.1292,53.2557],[-9.1297,53.254],[-9.1242,53.2515],[-9.1203,53.254],[-9.1164,53.2521],[-9.1203,53.2487],[-9.1269,53.251],[-9.1386,53.2471],[-9.1481,53.2493],[-9.1514,53.2463],[-9.1608,53.2451],[-9.2086,53.2463],[-9.2197,53.2446],[-9.2231,53.246],[-9.2208,53.2468],[-9.2219,53.2485],[-9.2258,53.249],[-9.2297,53.2468],[-9.2719,53.2415],[-9.2936,53.2415],[-9.2986,53.2435],[-9.3103,53.2412],[-9.3142,53.2379],[-9.3275,53.239],[-9.3358,53.2371],[-9.3558,53.239],[-9.3614,53.2415],[-9.3742,53.2365],[-9.4019,53.2332],[-9.4019,53.2315]]],[[[-10.2153,53.6307],[-10.2058,53.6293],[-10.2097,53.6346],[-10.2042,53.6376],[-10.1775,53.6315],[-10.1781,53.6265],[-10.1875,53.6254],[-10.1886,53.6218],[-10.1714,53.6179],[-10.1819,53.6149],[-10.1825,53.6096],[-10.1914,53.606],[-10.2203,53.6082],[-10.2208,53.6099],[-10.2086,53.611],[-10.2092,53.6132],[-10.2286,53.6132],[-10.2314,53.6104],[-10.2581,53.6179],[-10.2619,53.6218],[-10.2603,53.6274],[-10.2625,53.6321],[-10.2603,53.6351],[-10.2569,53.6276],[-10.2531,53.6282],[-10.2486,53.6326],[-10.2442,53.6321],[-10.2425,53.6232],[-10.2336,53.6204],[-10.2308,53.6213],[-10.2342,53.6237],[-10.2336,53.6265],[-10.2247,53.6301],[-10.2297,53.6338],[-10.2153,53.6307]]],[[[-10.1403,53.6296],[-10.1275,53.6293],[-10.1253,53.6268],[-10.1431,53.626],[-10.1492,53.6293],[-10.1403,53.6296]]],[[[-10.0036,53.6279],[-9.9975,53.626],[-9.9947,53.6213],[-9.9847,53.6176],[-10.0014,53.6201],[-10.0058,53.624],[-10.0064,53.6276],[-10.0036,53.6279]]],[[[-10.0525,53.6246],[-10.0508,53.6226],[-10.0558,53.6226],[-10.0525,53.6246]]],[[[-10.2853,53.6193],[-10.2814,53.616],[-10.2675,53.6132],[-10.2619,53.609],[-10.2619,53.6057],[-10.2719,53.6037],[-10.2864,53.6063],[-10.2953,53.5999],[-10.3036,53.6012],[-10.2936,53.6107],[-10.2964,53.6129],[-10.2936,53.6174],[-10.2853,53.6193]]],[[[-10.0169,53.6193],[-10.0119,53.6162],[-10.0197,53.6157],[-10.0203,53.6179],[-10.0169,53.6193]]],[[[-10.1214,53.6176],[-10.1147,53.6154],[-10.1231,53.6165],[-10.1214,53.6176]]],[[[-10.1603,53.6146],[-10.1569,53.6121],[-10.1647,53.6099],[-10.1786,53.6118],[-10.1742,53.614],[-10.1603,53.6146]]],[[[-10.2492,53.6113],[-10.2469,53.6087],[-10.2536,53.6068],[-10.2492,53.6113]]],[[[-10.0697,53.611],[-10.0597,53.6093],[-10.0614,53.6068],[-10.0681,53.6071],[-10.0714,53.6093],[-10.0719,53.611],[-10.0697,53.611]]],[[[-10.2453,53.6076],[-10.2458,53.6029],[-10.2492,53.6026],[-10.2508,53.606],[-10.2453,53.6076]]],[[[-10.3125,53.604],[-10.3119,53.6007],[-10.3147,53.6007],[-10.3158,53.6035],[-10.3125,53.604]]],[[[-10.2625,53.599],[-10.2597,53.5971],[-10.2625,53.5929],[-10.2586,53.5921],[-10.2636,53.5913],[-10.2658,53.5932],[-10.2647,53.596],[-10.2692,53.5974],[-10.2625,53.599]]],[[[-10.2703,53.5954],[-10.2703,53.5938],[-10.2775,53.5929],[-10.2703,53.5954]]],[[[-10.0469,53.5812],[-10.0381,53.5782],[-10.0392,53.5749],[-10.0514,53.5782],[-10.0514,53.5804],[-10.0469,53.5812]]],[[[-10.0514,53.5762],[-10.0503,53.5743],[-10.0536,53.5754],[-10.0514,53.5762]]],[[[-10.1992,53.5699],[-10.1992,53.5682],[-10.2036,53.5679],[-10.1992,53.5699]]],[[[-10.1658,53.5696],[-10.1647,53.5671],[-10.1703,53.5665],[-10.1658,53.5696]]],[[[-10.1836,53.5651],[-10.1836,53.5635],[-10.1875,53.5635],[-10.1836,53.5651]]],[[[-10.1914,53.5621],[-10.1919,53.5599],[-10.1953,53.561],[-10.1914,53.5621]]],[[[-10.2142,53.5546],[-10.2108,53.5563],[-10.2142,53.5546]]],[[[-10.2275,53.5551],[-10.2242,53.5482],[-10.2347,53.5476],[-10.2347,53.5496],[-10.2303,53.5513],[-10.2308,53.5543],[-10.2275,53.5551]]],[[[-10.2542,53.5501],[-10.2469,53.5499],[-10.2464,53.5471],[-10.2531,53.5457],[-10.2586,53.5412],[-10.2686,53.5404],[-10.2642,53.5468],[-10.2542,53.5501]]],[[[-10.2125,53.5451],[-10.2108,53.5424],[-10.2158,53.5435],[-10.2125,53.5451]]],[[[-10.1614,53.5393],[-10.1519,53.5351],[-10.1469,53.5257],[-10.1703,53.5226],[-10.1758,53.5268],[-10.1664,53.5293],[-10.1742,53.5293],[-10.1775,53.5337],[-10.1869,53.5343],[-10.1819,53.5371],[-10.1614,53.5393]]],[[[-10.2142,53.5271],[-10.2075,53.5232],[-10.2164,53.5215],[-10.2281,53.5232],[-10.2247,53.5268],[-10.2142,53.5271]]],[[[-10.1514,53.516],[-10.1442,53.5112],[-10.1514,53.5068],[-10.1631,53.5057],[-10.1631,53.5079],[-10.1586,53.5093],[-10.1586,53.5146],[-10.1514,53.516]]],[[[-10.1697,53.509],[-10.1675,53.5065],[-10.1731,53.5057],[-10.1731,53.5079],[-10.1697,53.509]]],[[[-10.1469,53.504],[-10.1369,53.5021],[-10.1353,53.4985],[-10.1436,53.4999],[-10.1458,53.4979],[-10.1608,53.4979],[-10.1586,53.5029],[-10.1469,53.504]]],[[[-10.1647,53.5007],[-10.1636,53.4982],[-10.1681,53.4999],[-10.1647,53.5007]]],[[[-10.1575,53.4943],[-10.1531,53.4882],[-10.1603,53.4837],[-10.1642,53.4849],[-10.1647,53.4888],[-10.1608,53.4904],[-10.1625,53.4921],[-10.1575,53.4943]]],[[[-10.1064,53.4801],[-10.1047,53.4787],[-10.1103,53.479],[-10.1064,53.4801]]],[[[-10.0675,53.4601],[-10.0631,53.4571],[-10.0697,53.459],[-10.0675,53.4601]]],[[[-10.1842,53.446],[-10.1831,53.4437],[-10.1858,53.4437],[-10.1864,53.4457],[-10.1842,53.446]]],[[[-10.1697,53.4301],[-10.1731,53.4287],[-10.1697,53.4301]]],[[[-10.1764,53.429],[-10.1753,53.4257],[-10.1819,53.4274],[-10.1764,53.429]]],[[[-10.1697,53.4279],[-10.1736,53.4271],[-10.1697,53.4279]]],[[[-10.1775,53.4254],[-10.1753,53.4246],[-10.1764,53.4235],[-10.1864,53.4229],[-10.1775,53.4254]]],[[[-10.1764,53.4226],[-10.1747,53.4212],[-10.1797,53.4212],[-10.1764,53.4226]]],[[[-10.2031,53.4221],[-10.2014,53.419],[-10.2075,53.419],[-10.2064,53.4221],[-10.2031,53.4221]]],[[[-10.1914,53.4182],[-10.1919,53.4162],[-10.1953,53.4168],[-10.1914,53.4182]]],[[[-10.1575,53.4085],[-10.1553,53.4065],[-10.1603,53.4057],[-10.1603,53.4079],[-10.1575,53.4085]]],[[[-10.0586,53.4071],[-10.0581,53.4049],[-10.0619,53.406],[-10.0586,53.4071]]],[[[-10.0975,53.4065],[-10.0986,53.4043],[-10.1025,53.4054],[-10.0975,53.4065]]],[[[-9.9136,53.4065],[-9.9125,53.404],[-9.9158,53.404],[-9.9136,53.4065]]],[[[-10.2014,53.4015],[-10.2142,53.3943],[-10.2175,53.3946],[-10.2175,53.3974],[-10.2086,53.4004],[-10.2092,53.4026],[-10.2281,53.3963],[-10.2442,53.4007],[-10.2253,53.3999],[-10.2247,53.4021],[-10.2092,53.4054],[-10.2069,53.4051],[-10.2058,53.4015],[-10.2019,53.406],[-10.1997,53.406],[-10.2014,53.4015]]],[[[-10.0842,53.4021],[-10.0858,53.4029],[-10.0808,53.4043],[-10.0842,53.4021]]],[[[-10.0936,53.4032],[-10.0931,53.399],[-10.0997,53.399],[-10.0964,53.3996],[-10.0969,53.4029],[-10.0936,53.4032]]],[[[-9.8025,53.4018],[-9.8036,53.3968],[-9.8114,53.3937],[-9.8119,53.3904],[-9.8169,53.3901],[-9.8114,53.3982],[-9.8025,53.4018]]],[[[-10.1331,53.3985],[-10.1319,53.3963],[-10.1381,53.3968],[-10.1331,53.3985]]],[[[-10.1231,53.3976],[-10.1208,53.396],[-10.1225,53.3918],[-10.1203,53.3896],[-10.1303,53.3896],[-10.1281,53.3957],[-10.1231,53.3976]]],[[[-9.8225,53.3971],[-9.8208,53.3937],[-9.8169,53.3929],[-9.8203,53.3893],[-9.8314,53.3943],[-9.8303,53.3968],[-9.8225,53.3971]]],[[[-10.1336,53.3949],[-10.1331,53.3932],[-10.1392,53.3918],[-10.1386,53.394],[-10.1336,53.3949]]],[[[-9.8092,53.389],[-9.8075,53.3868],[-9.8114,53.3868],[-9.8092,53.389]]],[[[-9.8803,53.3874],[-9.8808,53.3846],[-9.8858,53.3849],[-9.8858,53.3871],[-9.8803,53.3874]]],[[[-9.6497,53.381],[-9.6519,53.3785],[-9.6497,53.381]]],[[[-9.6464,53.3785],[-9.6464,53.3765],[-9.6508,53.3757],[-9.6464,53.3785]]],[[[-9.9231,53.3763],[-9.9203,53.3737],[-9.9225,53.3665],[-9.9336,53.3668],[-9.9319,53.3696],[-9.9336,53.3735],[-9.9314,53.3757],[-9.9231,53.3763]]],[[[-9.8969,53.3707],[-9.8925,53.3668],[-9.8942,53.3651],[-9.9014,53.3693],[-9.8969,53.3707]]],[[[-9.9714,53.3688],[-9.9719,53.3662],[-9.9753,53.3662],[-9.9714,53.3688]]],[[[-9.6536,53.3621],[-9.6531,53.3579],[-9.6647,53.3593],[-9.6536,53.3621]]],[[[-9.5981,53.3557],[-9.5903,53.3524],[-9.5903,53.349],[-9.6008,53.3512],[-9.6003,53.3554],[-9.5981,53.3557]]],[[[-9.9025,53.3549],[-9.8986,53.3501],[-9.9097,53.3493],[-9.9081,53.3532],[-9.9025,53.3549]]],[[[-9.9619,53.3476],[-9.9581,53.3449],[-9.9592,53.3435],[-9.9664,53.3457],[-9.9619,53.3476]]],[[[-9.9581,53.3426],[-9.9553,53.3387],[-9.9564,53.3365],[-9.9608,53.3407],[-9.9608,53.3426],[-9.9581,53.3426]]],[[[-9.6747,53.3385],[-9.6753,53.3351],[-9.6781,53.3354],[-9.6747,53.3385]]],[[[-9.6897,53.3318],[-9.6886,53.3299],[-9.6958,53.3285],[-9.6897,53.3318]]],[[[-9.6619,53.3304],[-9.6569,53.3268],[-9.6631,53.3246],[-9.6597,53.3174],[-9.6747,53.3171],[-9.6803,53.3151],[-9.6786,53.3129],[-9.6847,53.3143],[-9.6842,53.324],[-9.6797,53.324],[-9.6803,53.3207],[-9.6669,53.3226],[-9.6653,53.3246],[-9.6686,53.3262],[-9.6631,53.3268],[-9.6647,53.329],[-9.6619,53.3304]]],[[[-9.9669,53.3301],[-9.9625,53.3288],[-9.9664,53.3226],[-9.9719,53.319],[-9.9781,53.3201],[-9.9753,53.3232],[-9.9808,53.3257],[-9.9808,53.3282],[-9.9669,53.3301]]],[[[-9.6836,53.3299],[-9.6831,53.3271],[-9.6892,53.3268],[-9.6836,53.3299]]],[[[-9.6675,53.3296],[-9.6653,53.3285],[-9.6714,53.3265],[-9.6675,53.3296]]],[[[-9.6364,53.3232],[-9.6353,53.3213],[-9.6386,53.3201],[-9.6425,53.3215],[-9.6364,53.3232]]],[[[-9.7075,53.3226],[-9.7092,53.3187],[-9.7175,53.3171],[-9.7153,53.3201],[-9.7075,53.3226]]],[[[-9.6975,53.2221],[-9.6964,53.2235],[-9.7031,53.2251],[-9.7058,53.231],[-9.7114,53.231],[-9.7147,53.2335],[-9.7153,53.2407],[-9.7181,53.2421],[-9.7214,53.2404],[-9.7169,53.2363],[-9.7214,53.2351],[-9.7175,53.2313],[-9.7181,53.2279],[-9.7236,53.2235],[-9.7253,53.2243],[-9.7242,53.2287],[-9.7331,53.2313],[-9.7358,53.2282],[-9.7503,53.2293],[-9.7553,53.2262],[-9.7719,53.2293],[-9.7669,53.2335],[-9.7608,53.2313],[-9.7519,53.236],[-9.7497,53.2332],[-9.7442,53.2351],[-9.7475,53.2379],[-9.7669,53.2412],[-9.7664,53.2432],[-9.7547,53.2449],[-9.7614,53.2471],[-9.7564,53.2529],[-9.7492,53.2499],[-9.7514,53.2454],[-9.7486,53.2432],[-9.7442,53.2435],[-9.7436,53.2471],[-9.7514,53.2543],[-9.7503,53.2565],[-9.7597,53.2593],[-9.7597,53.2663],[-9.7536,53.2685],[-9.7519,53.2621],[-9.7481,53.2635],[-9.7397,53.2579],[-9.7364,53.2585],[-9.7342,53.2565],[-9.7353,53.2546],[-9.7403,53.2565],[-9.7364,53.2474],[-9.7314,53.2499],[-9.7225,53.2485],[-9.7181,53.2449],[-9.7108,53.2468],[-9.7036,53.2518],[-9.7186,53.2532],[-9.7181,53.256],[-9.7219,53.2574],[-9.7247,53.2646],[-9.6819,53.2715],[-9.6847,53.2735],[-9.6819,53.2762],[-9.6847,53.2807],[-9.6897,53.279],[-9.6953,53.2826],[-9.7119,53.2857],[-9.7119,53.2893],[-9.7069,53.2907],[-9.7014,53.2876],[-9.6919,53.2882],[-9.6958,53.2918],[-9.7119,53.2962],[-9.7075,53.3037],[-9.6842,53.3099],[-9.6619,53.306],[-9.6569,53.3024],[-9.6475,53.3049],[-9.6425,53.3035],[-9.6364,53.3082],[-9.6386,53.3104],[-9.6575,53.3079],[-9.6586,53.3112],[-9.6553,53.3143],[-9.6508,53.3135],[-9.6475,53.3182],[-9.6331,53.3207],[-9.6281,53.3193],[-9.6353,53.3138],[-9.6236,53.3126],[-9.6242,53.3068],[-9.6336,53.3046],[-9.6336,53.3015],[-9.6286,53.2971],[-9.6242,53.2971],[-9.6247,53.2929],[-9.6308,53.291],[-9.6314,53.294],[-9.6397,53.2943],[-9.6475,53.2912],[-9.6503,53.2874],[-9.6625,53.2882],[-9.6753,53.2846],[-9.6858,53.2857],[-9.6831,53.2818],[-9.6747,53.2801],[-9.6642,53.2818],[-9.6631,53.2843],[-9.6653,53.286],[-9.6581,53.284],[-9.6497,53.2851],[-9.6542,53.2843],[-9.6486,53.2826],[-9.6514,53.2796],[-9.6442,53.2762],[-9.6453,53.2735],[-9.6536,53.2699],[-9.6536,53.2674],[-9.6436,53.2646],[-9.6408,53.2596],[-9.6419,53.2388],[-9.6481,53.234],[-9.6458,53.229],[-9.6653,53.2232],[-9.6775,53.2232],[-9.6931,53.2271],[-9.6875,53.2224],[-9.6947,53.2188],[-9.6975,53.219],[-9.6975,53.2221]]],[[[-9.6947,53.3185],[-9.6908,53.3171],[-9.6942,53.3154],[-9.7003,53.3146],[-9.7031,53.3165],[-9.6947,53.3185]]],[[[-9.9247,53.3082],[-9.9181,53.3079],[-9.9153,53.306],[-9.9158,53.3035],[-9.9108,53.3026],[-9.9175,53.2999],[-9.9147,53.3015],[-9.9158,53.3026],[-9.9253,53.3029],[-9.9275,53.3071],[-9.9247,53.3082]]],[[[-9.9025,53.3074],[-9.9019,53.3054],[-9.9069,53.3054],[-9.9025,53.3074]]],[[[-9.8953,53.306],[-9.8914,53.3026],[-9.8808,53.304],[-9.8836,53.3007],[-9.8753,53.2979],[-9.8931,53.2957],[-9.8964,53.2974],[-9.8931,53.3018],[-9.8981,53.3029],[-9.8953,53.306]]],[[[-9.8064,53.3018],[-9.8003,53.3001],[-9.8031,53.2985],[-9.8014,53.2965],[-9.8097,53.2968],[-9.8175,53.2871],[-9.8258,53.289],[-9.8203,53.2912],[-9.8214,53.2949],[-9.8131,53.3013],[-9.8064,53.3018]]],[[[-9.7153,53.299],[-9.7136,53.2985],[-9.7142,53.294],[-9.7208,53.2918],[-9.7219,53.2954],[-9.7153,53.299]]],[[[-9.6386,53.2907],[-9.6381,53.2854],[-9.6464,53.2857],[-9.6386,53.2907]]],[[[-9.7575,53.2871],[-9.7558,53.2851],[-9.7603,53.2846],[-9.7575,53.2871]]],[[[-9.6214,53.2863],[-9.6142,53.2837],[-9.6125,53.279],[-9.6242,53.2735],[-9.6269,53.2776],[-9.6286,53.2732],[-9.6319,53.2732],[-9.6325,53.2762],[-9.6269,53.2799],[-9.6258,53.2843],[-9.6214,53.2863]]],[[[-9.7164,53.2854],[-9.7114,53.2807],[-9.7092,53.2821],[-9.7008,53.2796],[-9.6897,53.2749],[-9.6897,53.2729],[-9.7042,53.2704],[-9.7036,53.2732],[-9.7092,53.2749],[-9.7175,53.2715],[-9.7225,53.2754],[-9.7231,53.2835],[-9.7164,53.2854]]],[[[-9.7414,53.2849],[-9.7281,53.2807],[-9.7336,53.2765],[-9.7392,53.2768],[-9.7481,53.2818],[-9.7414,53.2849]]],[[[-9.7886,53.2826],[-9.7886,53.2796],[-9.7936,53.2793],[-9.7886,53.2826]]],[[[-9.8464,53.2815],[-9.8442,53.2793],[-9.8497,53.2782],[-9.8492,53.281],[-9.8464,53.2815]]],[[[-9.7936,53.2785],[-9.7903,53.2765],[-9.7892,53.2713],[-9.7964,53.2707],[-9.7997,53.2738],[-9.7975,53.2776],[-9.7936,53.2785]]],[[[-9.8247,53.2776],[-9.8214,53.2754],[-9.8225,53.2726],[-9.8253,53.2707],[-9.8292,53.2718],[-9.8292,53.2751],[-9.8247,53.2776]]],[[[-9.6208,53.2713],[-9.6242,53.2699],[-9.6253,53.2718],[-9.6192,53.2726],[-9.6208,53.2713]]],[[[-9.5592,53.2693],[-9.5619,53.2699],[-9.5575,53.2713],[-9.5592,53.2693]]],[[[-8.9592,53.2663],[-8.9547,53.2651],[-8.9558,53.2618],[-8.9597,53.2624],[-8.9592,53.2646],[-8.9675,53.2635],[-8.9592,53.2663]]],[[[-9.0108,53.2604],[-9.0125,53.2615],[-9.0058,53.264],[-9.0108,53.2604]]],[[[-9.0236,53.2601],[-9.0219,53.2568],[-9.0292,53.2579],[-9.0236,53.2601]]],[[[-10.0042,53.2582],[-10.0019,53.2562],[-10.0108,53.2562],[-10.0097,53.2582],[-10.0042,53.2582]]],[[[-9.8375,53.2535],[-9.8331,53.2518],[-9.8375,53.251],[-9.8403,53.2524],[-9.8375,53.2535]]],[[[-9.7342,53.2535],[-9.7331,53.251],[-9.7364,53.2515],[-9.7342,53.2535]]],[[[-9.8486,53.2504],[-9.8481,53.2479],[-9.8514,53.2499],[-9.8486,53.2504]]],[[[-9.8375,53.249],[-9.8414,53.2471],[-9.8375,53.249]]],[[[-9.8403,53.2421],[-9.8392,53.2399],[-9.8442,53.2393],[-9.8403,53.2421]]],[[[-9.7653,53.2393],[-9.7631,53.2382],[-9.7658,53.2351],[-9.7708,53.2357],[-9.7653,53.2393]]],[[[-9.7936,53.239],[-9.7958,53.2357],[-9.7981,53.2368],[-9.7936,53.239]]],[[[-9.0092,53.2376],[-9.0042,53.236],[-9.0131,53.236],[-9.0092,53.2376]]],[[[-9.0153,53.2374],[-9.0153,53.2349],[-9.0208,53.2357],[-9.0153,53.2374]]],[[[-9.7919,53.2349],[-9.7936,53.2321],[-9.7981,53.2318],[-9.7919,53.2349]]],[[[-9.7281,53.229],[-9.7275,53.2274],[-9.7314,53.2276],[-9.7281,53.229]]],[[[-9.7186,53.224],[-9.7208,53.2246],[-9.7169,53.2262],[-9.7186,53.224]]],[[[-8.9919,53.1999],[-8.9653,53.1943],[-8.9719,53.1912],[-8.9781,53.1943],[-8.9892,53.194],[-8.9942,53.1896],[-9.0081,53.1899],[-9.0081,53.1921],[-8.9936,53.1971],[-8.9919,53.1999]]],[[[-8.9653,53.1888],[-8.9669,53.1901],[-8.9597,53.1921],[-8.9653,53.1888]]],[[[-9.0725,53.1849],[-9.0697,53.1835],[-9.0764,53.1824],[-9.0725,53.1849]]],[[[-9.7981,53.1518],[-9.7808,53.1521],[-9.7764,53.1485],[-9.7714,53.1518],[-9.7675,53.149],[-9.7603,53.1485],[-9.7536,53.1426],[-9.7553,53.1379],[-9.7525,53.1371],[-9.7508,53.1304],[-9.7386,53.1379],[-9.7119,53.1382],[-9.7103,53.1396],[-9.7125,53.1415],[-9.7075,53.1424],[-9.6997,53.1413],[-9.6975,53.1387],[-9.6881,53.139],[-9.6842,53.1335],[-9.6731,53.1349],[-9.6697,53.1312],[-9.6597,53.1335],[-9.6514,53.1296],[-9.6525,53.1254],[-9.6592,53.126],[-9.6642,53.1221],[-9.6636,53.119],[-9.6731,53.1176],[-9.6753,53.1165],[-9.6742,53.1146],[-9.6653,53.1121],[-9.6619,53.1079],[-9.6625,53.1051],[-9.6553,53.1093],[-9.6481,53.1076],[-9.6469,53.1046],[-9.6408,53.104],[-9.6308,53.1115],[-9.6286,53.1049],[-9.6325,53.0993],[-9.6381,53.1004],[-9.6358,53.0951],[-9.6381,53.089],[-9.6542,53.0885],[-9.6753,53.099],[-9.6853,53.1015],[-9.6853,53.1046],[-9.6908,53.1043],[-9.6914,53.1076],[-9.7042,53.106],[-9.7125,53.1085],[-9.7175,53.1129],[-9.7419,53.1165],[-9.7481,53.121],[-9.7564,53.1207],[-9.7586,53.1246],[-9.7653,53.1237],[-9.7764,53.1285],[-9.7919,53.1296],[-9.7953,53.1324],[-9.8075,53.1349],[-9.8269,53.136],[-9.8303,53.1382],[-9.8281,53.1399],[-9.8292,53.1432],[-9.8092,53.1518],[-9.7981,53.1518]]],[[[-9.8581,53.1507],[-9.8547,53.1493],[-9.8536,53.1454],[-9.8592,53.1457],[-9.8636,53.1493],[-9.8581,53.1507]]],[[[-9.8369,53.1493],[-9.8347,53.1432],[-9.8425,53.1421],[-9.8425,53.1387],[-9.8442,53.1418],[-9.8503,53.1401],[-9.8492,53.1432],[-9.8442,53.1449],[-9.8453,53.1465],[-9.8369,53.1493]]],[[[-9.6303,53.1185],[-9.6247,53.1168],[-9.6303,53.1146],[-9.6331,53.1171],[-9.6303,53.1185]]],[[[-9.6519,53.1124],[-9.6514,53.1099],[-9.6536,53.1099],[-9.6519,53.1124]]],[[[-9.5731,53.1029],[-9.5619,53.0971],[-9.5647,53.0926],[-9.5608,53.0868],[-9.5742,53.0796],[-9.5758,53.0724],[-9.6075,53.0643],[-9.6169,53.0646],[-9.6203,53.0682],[-9.6203,53.0721],[-9.6164,53.0746],[-9.6175,53.0796],[-9.6153,53.0832],[-9.5997,53.0924],[-9.6014,53.0951],[-9.5992,53.0976],[-9.5903,53.1015],[-9.5819,53.1001],[-9.5731,53.1029]]],[[[-9.5269,53.069],[-9.5208,53.0657],[-9.5119,53.0668],[-9.5031,53.0626],[-9.5014,53.0549],[-9.5064,53.0554],[-9.5258,53.0446],[-9.5369,53.0457],[-9.5414,53.0488],[-9.5558,53.0471],[-9.5558,53.0529],[-9.5497,53.0563],[-9.5475,53.0626],[-9.5381,53.0676],[-9.5269,53.069]]]]}},{"type":"Feature","properties":{"name":"Kerry"},"geometry":{"type":"MultiPolygon","coordinates":[[[[-10.2103,51.999],[-10.2075,52.0029],[-10.1931,52.0099],[-10.1636,52.0143],[-10.1542,52.0224],[-10.1503,52.024],[-10.1453,52.0226],[-10.1436,52.0257],[-10.1325,52.0296],[-10.1292,52.0254],[-10.1075,52.0301],[-10.1058,52.0254],[-10.1031,52.0249],[-10.0919,52.0332],[-10.0708,52.0368],[-10.0686,52.0396],[-10.0553,52.0404],[-10.0447,52.0371],[-10.0308,52.0368],[-10.0181,52.0424],[-9.9792,52.0529],[-9.9747,52.0579],[-9.9731,52.0654],[-9.9742,52.0818],[-9.9664,52.0896],[-9.9592,52.0882],[-9.9703,52.0846],[-9.9658,52.0713],[-9.9692,52.0699],[-9.9708,52.0618],[-9.9686,52.0596],[-9.9719,52.056],[-9.9636,52.059],[-9.9608,52.061],[-9.9625,52.0626],[-9.9575,52.0657],[-9.9503,52.0676],[-9.9492,52.0726],[-9.9353,52.0782],[-9.9331,52.0782],[-9.9347,52.0729],[-9.9303,52.0676],[-9.9231,52.0687],[-9.9169,52.0668],[-9.9169,52.0687],[-9.9236,52.071],[-9.9297,52.0693],[-9.9236,52.0737],[-9.9308,52.0749],[-9.9297,52.0801],[-9.9347,52.0826],[-9.9342,52.086],[-9.9258,52.0918],[-9.9286,52.0935],[-9.9275,52.0951],[-9.9114,52.1007],[-9.9086,52.104],[-9.8997,52.1215],[-9.8992,52.1315],[-9.9014,52.1332],[-9.8997,52.1382],[-9.8914,52.1335],[-9.8908,52.1246],[-9.8947,52.1201],[-9.8892,52.1113],[-9.8642,52.1149],[-9.8597,52.1188],[-9.8497,52.1182],[-9.8492,52.1229],[-9.8453,52.1249],[-9.8325,52.1276],[-9.8231,52.1265],[-9.8208,52.129],[-9.8153,52.1293],[-9.8131,52.1324],[-9.8092,52.1304],[-9.7947,52.131],[-9.7853,52.1257],[-9.7736,52.1251],[-9.7864,52.1285],[-9.7931,52.1374],[-9.7986,52.1371],[-9.7969,52.1393],[-9.7986,52.1435],[-9.7958,52.1468],[-9.7886,52.1465],[-9.7864,52.1501],[-9.7836,52.1485],[-9.7681,52.1499],[-9.7625,52.1568],[-9.7531,52.1568],[-9.7619,52.1593],[-9.7725,52.1529],[-9.7808,52.1518],[-9.7914,52.1521],[-9.7914,52.1546],[-9.7992,52.1599],[-9.8036,52.1599],[-9.8119,52.1535],[-9.8192,52.1551],[-9.8197,52.1596],[-9.8425,52.1565],[-9.8658,52.1593],[-9.8703,52.1551],[-9.8825,52.1568],[-9.8892,52.1529],[-9.8997,52.1535],[-9.9186,52.1504],[-9.9214,52.1479],[-9.9519,52.1463],[-9.9575,52.1413],[-9.9647,52.1401],[-9.9608,52.1354],[-9.9508,52.1351],[-9.9492,52.1318],[-9.9469,52.1321],[-9.9475,52.1296],[-9.9431,52.1274],[-9.9475,52.1235],[-9.9469,52.1199],[-9.9397,52.1146],[-9.9397,52.1124],[-9.9319,52.1115],[-9.9336,52.1085],[-9.9314,52.1076],[-9.9347,52.106],[-9.9453,52.1065],[-9.9508,52.1096],[-9.9608,52.1182],[-9.9669,52.1282],[-9.9781,52.1396],[-9.9853,52.1432],[-10.0114,52.1387],[-10.0331,52.1382],[-10.0425,52.1346],[-10.0508,52.1362],[-10.0514,52.134],[-10.0708,52.1285],[-10.0825,52.1276],[-10.0942,52.1226],[-10.1086,52.1263],[-10.1114,52.124],[-10.1108,52.1213],[-10.1231,52.114],[-10.1369,52.1118],[-10.1486,52.1126],[-10.1408,52.1188],[-10.1603,52.1199],[-10.1703,52.1138],[-10.1786,52.1129],[-10.1931,52.1068],[-10.2003,52.1085],[-10.1969,52.1107],[-10.1981,52.1121],[-10.2047,52.1129],[-10.2058,52.1204],[-10.2153,52.1224],[-10.2125,52.1263],[-10.2125,52.1318],[-10.2064,52.1343],[-10.2219,52.134],[-10.2136,52.1315],[-10.2142,52.1257],[-10.2214,52.1207],[-10.2197,52.1182],[-10.2219,52.1168],[-10.2264,52.1193],[-10.2475,52.1157],[-10.2514,52.1179],[-10.2514,52.1213],[-10.2608,52.1218],[-10.2619,52.1285],[-10.2669,52.1324],[-10.2719,52.1326],[-10.2742,52.1368],[-10.2769,52.136],[-10.2875,52.1404],[-10.2864,52.1362],[-10.2936,52.134],[-10.3019,52.1349],[-10.3042,52.1315],[-10.3119,52.1282],[-10.3047,52.1299],[-10.3025,52.1279],[-10.2836,52.1265],[-10.2786,52.1237],[-10.2664,52.124],[-10.2603,52.1196],[-10.2653,52.1132],[-10.2831,52.1135],[-10.2831,52.1113],[-10.2919,52.1096],[-10.3069,52.1146],[-10.3208,52.1129],[-10.3258,52.1151],[-10.3281,52.1215],[-10.3358,52.1207],[-10.3353,52.1232],[-10.3392,52.1257],[-10.3636,52.1324],[-10.3703,52.1299],[-10.3758,52.1243],[-10.3764,52.1176],[-10.3742,52.1151],[-10.3619,52.1149],[-10.3592,52.111],[-10.3497,52.1104],[-10.3475,52.1082],[-10.3503,52.1065],[-10.3558,52.1043],[-10.3719,52.1074],[-10.3769,52.1054],[-10.3947,52.106],[-10.4003,52.1026],[-10.4103,52.1026],[-10.4236,52.0982],[-10.4525,52.0965],[-10.4564,52.0974],[-10.4575,52.106],[-10.4636,52.109],[-10.4797,52.1082],[-10.4842,52.1057],[-10.4753,52.1129],[-10.4653,52.1146],[-10.4597,52.1229],[-10.4636,52.1243],[-10.4636,52.1293],[-10.4708,52.134],[-10.4675,52.144],[-10.4719,52.1446],[-10.4792,52.1507],[-10.4653,52.1529],[-10.4636,52.156],[-10.4658,52.1582],[-10.4608,52.1607],[-10.4625,52.1624],[-10.4542,52.1651],[-10.4508,52.1718],[-10.4408,52.1738],[-10.4481,52.1751],[-10.4597,52.1718],[-10.4558,52.1743],[-10.4553,52.1782],[-10.4642,52.1787],[-10.4758,52.176],[-10.4719,52.1776],[-10.4725,52.1815],[-10.4497,52.1918],[-10.4369,52.1929],[-10.4342,52.199],[-10.4281,52.1996],[-10.4236,52.204],[-10.4147,52.2046],[-10.4092,52.2093],[-10.4036,52.204],[-10.4069,52.1979],[-10.4142,52.1951],[-10.4147,52.191],[-10.4108,52.1885],[-10.4147,52.1854],[-10.4136,52.1829],[-10.4053,52.1796],[-10.3942,52.1787],[-10.3864,52.181],[-10.3797,52.1743],[-10.3708,52.176],[-10.3669,52.1782],[-10.3653,52.1843],[-10.3781,52.1907],[-10.3797,52.1946],[-10.3742,52.2018],[-10.3569,52.2113],[-10.3542,52.2163],[-10.3569,52.2179],[-10.3731,52.2149],[-10.3747,52.2165],[-10.3731,52.2262],[-10.3697,52.2262],[-10.3614,52.2354],[-10.3558,52.2368],[-10.3547,52.2337],[-10.3486,52.2346],[-10.3464,52.2324],[-10.3419,52.2388],[-10.3314,52.2351],[-10.3169,52.2401],[-10.3064,52.241],[-10.3047,52.2446],[-10.2947,52.2513],[-10.2964,52.2565],[-10.2942,52.2582],[-10.2858,52.2593],[-10.2792,52.2574],[-10.2714,52.2593],[-10.2614,52.2701],[-10.2436,52.2757],[-10.2275,52.2774],[-10.2197,52.276],[-10.2153,52.2726],[-10.2092,52.2726],[-10.2097,52.279],[-10.2075,52.2821],[-10.1781,52.2915],[-10.1558,52.2874],[-10.1553,52.2846],[-10.1597,52.2785],[-10.1547,52.2754],[-10.1619,52.264],[-10.1453,52.261],[-10.1586,52.2515],[-10.1631,52.2446],[-10.1797,52.2376],[-10.1819,52.2313],[-10.1725,52.236],[-10.1569,52.2376],[-10.1531,52.241],[-10.1381,52.2376],[-10.1308,52.2412],[-10.1375,52.2438],[-10.1436,52.2424],[-10.1447,52.2451],[-10.1403,52.2474],[-10.1369,52.246],[-10.1386,52.2443],[-10.1331,52.2438],[-10.0953,52.2457],[-10.0697,52.2551],[-10.0686,52.2579],[-10.0425,52.2724],[-10.0325,52.2843],[-10.0331,52.2957],[-10.0425,52.3037],[-10.0508,52.3024],[-10.0542,52.3063],[-10.0625,52.3049],[-10.0586,52.3101],[-10.0419,52.311],[-10.0381,52.3093],[-10.0331,52.3115],[-10.0347,52.3065],[-10.0297,52.3043],[-10.0225,52.3049],[-10.0153,52.3082],[-10.0192,52.3124],[-10.0169,52.3126],[-10.0164,52.3168],[-10.0036,52.3093],[-10.0136,52.3065],[-10.0186,52.301],[-10.0169,52.2887],[-10.0119,52.2846],[-10.0175,52.2807],[-10.0247,52.2807],[-10.0264,52.2715],[-10.0114,52.2588],[-10.0008,52.2551],[-9.9981,52.2504],[-9.9903,52.2471],[-9.9803,52.2471],[-9.9742,52.2435],[-9.9725,52.2396],[-9.9569,52.2351],[-9.9558,52.2326],[-9.9375,52.2313],[-9.9214,52.2346],[-9.9075,52.2293],[-9.8919,52.2301],[-9.8697,52.2365],[-9.8631,52.236],[-9.8531,52.2396],[-9.8414,52.2487],[-9.8414,52.2524],[-9.8331,52.2604],[-9.8103,52.2596],[-9.8125,52.2588],[-9.8103,52.2562],[-9.8253,52.2551],[-9.8303,52.2526],[-9.8197,52.2443],[-9.8042,52.2443],[-9.7992,52.2482],[-9.7847,52.2524],[-9.7636,52.2496],[-9.7586,52.2524],[-9.7608,52.2571],[-9.7542,52.2554],[-9.7364,52.2568],[-9.7475,52.2588],[-9.7531,52.2615],[-9.7497,52.2621],[-9.7525,52.2665],[-9.7692,52.269],[-9.7681,52.2707],[-9.7758,52.2751],[-9.7919,52.2715],[-9.8042,52.2718],[-9.8186,52.2729],[-9.8247,52.2768],[-9.8381,52.2762],[-9.8503,52.2801],[-9.8642,52.274],[-9.8669,52.276],[-9.8769,52.274],[-9.8742,52.276],[-9.8758,52.2782],[-9.8731,52.2832],[-9.8769,52.2865],[-9.8831,52.2865],[-9.8803,52.291],[-9.8886,52.2957],[-9.8842,52.3024],[-9.8764,52.3032],[-9.8753,52.299],[-9.8714,52.2965],[-9.8631,52.2949],[-9.8642,52.2899],[-9.8692,52.2868],[-9.8758,52.2868],[-9.8714,52.2804],[-9.8608,52.284],[-9.8597,52.2896],[-9.8397,52.291],[-9.8314,52.2996],[-9.8342,52.3018],[-9.8647,52.2974],[-9.8686,52.3032],[-9.8525,52.3088],[-9.8408,52.3076],[-9.8408,52.314],[-9.8331,52.3146],[-9.8297,52.3107],[-9.8253,52.3112],[-9.8269,52.3143],[-9.8253,52.3196],[-9.8314,52.3235],[-9.8436,52.3199],[-9.8464,52.3154],[-9.8458,52.3088],[-9.8492,52.3115],[-9.8458,52.3213],[-9.8386,52.3288],[-9.8342,52.3401],[-9.8369,52.3599],[-9.8314,52.3729],[-9.8336,52.3857],[-9.8358,52.3887],[-9.8547,52.3921],[-9.8664,52.391],[-9.9014,52.3965],[-9.9142,52.3954],[-9.9186,52.3993],[-9.9381,52.4029],[-9.9481,52.4115],[-9.9431,52.4162],[-9.9453,52.4179],[-9.9436,52.4229],[-9.9253,52.4304],[-9.9086,52.4332],[-9.8864,52.4326],[-9.8836,52.429],[-9.8742,52.4321],[-9.8642,52.4274],[-9.8481,52.4304],[-9.8447,52.4338],[-9.8281,52.4343],[-9.8264,52.4371],[-9.7992,52.4424],[-9.7969,52.446],[-9.7847,52.4463],[-9.7819,52.4504],[-9.7681,52.4499],[-9.7658,52.4532],[-9.7497,52.4596],[-9.7492,52.4651],[-9.7408,52.4712],[-9.7325,52.471],[-9.7325,52.474],[-9.7125,52.4785],[-9.7103,52.4818],[-9.6953,52.4799],[-9.6875,52.4829],[-9.6792,52.4968],[-9.6808,52.5099],[-9.6758,52.5126],[-9.6808,52.5151],[-9.6808,52.5185],[-9.6781,52.5193],[-9.6814,52.5201],[-9.6797,52.5221],[-9.6836,52.5224],[-9.6836,52.5246],[-9.6742,52.5262],[-9.6825,52.531],[-9.6725,52.531],[-9.6742,52.5349],[-9.6714,52.5354],[-9.6736,52.5368],[-9.6692,52.5393],[-9.6819,52.5457],[-9.6675,52.5551],[-9.6619,52.556],[-9.6642,52.5615],[-9.6481,52.5687],[-9.6469,52.5713],[-9.6353,52.5729],[-9.6203,52.5815],[-9.5675,52.5715],[-9.5547,52.5665],[-9.5419,52.566],[-9.5319,52.5671],[-9.5181,52.5737],[-9.5036,52.5718],[-9.5008,52.574],[-9.5108,52.5788],[-9.5069,52.5793],[-9.5047,52.5768],[-9.5019,52.5799],[-9.4964,52.5804],[-9.4919,52.579],[-9.4892,52.576],[-9.4914,52.5743],[-9.4858,52.5713],[-9.4858,52.5685],[-9.4903,52.5674],[-9.4869,52.5632],[-9.4808,52.5604],[-9.4753,52.5626],[-9.4697,52.5607],[-9.4736,52.5657],[-9.4825,52.5665],[-9.4664,52.5701],[-9.4631,52.5749],[-9.4525,52.5815],[-9.4458,52.5807],[-9.4292,52.5849],[-9.4203,52.5804],[-9.4064,52.5793],[-9.3792,52.5868],[-9.3669,52.5865],[-9.3708,52.5904],[-9.3653,52.5913],[-9.3586,52.5865],[-9.3653,52.5863],[-9.3625,52.5821],[-9.3658,52.5768],[-9.3697,52.5757],[-9.3686,52.5735],[-9.3282,52.5726],[-9.3326,52.56],[-9.3364,52.5563],[-9.337,52.5494],[-9.3333,52.54],[-9.3276,52.5337],[-9.3031,52.518],[-9.3031,52.5155],[-9.3113,52.5092],[-9.3364,52.5017],[-9.3427,52.4954],[-9.3458,52.486],[-9.3458,52.4703],[-9.3402,52.459],[-9.3025,52.4502],[-9.3025,52.4439],[-9.3082,52.4364],[-9.3169,52.4314],[-9.3176,52.4176],[-9.3226,52.4069],[-9.327,52.3881],[-9.3383,52.3806],[-9.3395,52.373],[-9.3351,52.3643],[-9.3226,52.3617],[-9.2787,52.3385],[-9.2346,52.3085],[-9.2281,52.3001],[-9.2257,52.2898],[-9.2317,52.2826],[-9.2474,52.276],[-9.2855,52.2527],[-9.2939,52.2431],[-9.2945,52.237],[-9.2933,52.2334],[-9.2293,52.1809],[-9.2269,52.1718],[-9.2342,52.1278],[-9.2293,52.1145],[-9.2094,52.0916],[-9.2076,52.0831],[-9.2118,52.0777],[-9.2342,52.0728],[-9.2402,52.0686],[-9.2402,52.062],[-9.2141,52.0439],[-9.1967,52.0348],[-9.1658,52.0265],[-9.1537,52.0182],[-9.1537,52.0077],[-9.1945,51.9858],[-9.2254,51.9865],[-9.2797,51.9826],[-9.3053,51.9705],[-9.3227,51.957],[-9.3266,51.9493],[-9.3266,51.9435],[-9.3174,51.9271],[-9.3164,51.9107],[-9.3309,51.8901],[-9.358,51.8718],[-9.3927,51.8612],[-9.4116,51.8501],[-9.4454,51.8544],[-9.4642,51.8534],[-9.484,51.8452],[-9.5337,51.816],[-9.5675,51.8025],[-9.5951,51.7967],[-9.6163,51.7962],[-9.6482,51.8035],[-9.682,51.8056],[-9.7452,51.7873],[-9.7704,51.7733],[-9.7781,51.7675],[-9.7824,51.7602],[-9.7945,51.7564],[-9.8563,51.7192],[-9.8737,51.7226],[-9.8872,51.7293],[-9.9083,51.7496],[-9.8869,51.7637],[-9.8808,51.7643],[-9.8814,51.7604],[-9.8692,51.7579],[-9.8708,51.7546],[-9.8736,51.7546],[-9.8747,51.7579],[-9.8803,51.7562],[-9.8808,51.7507],[-9.8858,51.7432],[-9.8831,51.7412],[-9.8781,51.7435],[-9.8764,51.7471],[-9.8631,51.7482],[-9.8469,51.7582],[-9.8542,51.7596],[-9.8525,51.7618],[-9.8553,51.7651],[-9.8514,51.7701],[-9.8558,51.771],[-9.8475,51.7782],[-9.8331,51.7751],[-9.8336,51.7704],[-9.8436,51.7663],[-9.8192,51.7682],[-9.8119,51.771],[-9.8086,51.769],[-9.8158,51.7646],[-9.8014,51.7685],[-9.7914,51.766],[-9.8031,51.7615],[-9.7919,51.7629],[-9.7842,51.766],[-9.7886,51.7699],[-9.7869,51.7732],[-9.7992,51.774],[-9.7981,51.7757],[-9.8081,51.7746],[-9.8053,51.7779],[-9.8075,51.7801],[-9.8208,51.7785],[-9.8269,51.7826],[-9.8264,51.7849],[-9.7969,51.7968],[-9.7769,51.7982],[-9.7758,51.7999],[-9.7814,51.7993],[-9.7803,51.8037],[-9.7764,51.8054],[-9.7803,51.8079],[-9.7575,51.8185],[-9.7447,51.8213],[-9.7431,51.824],[-9.7397,51.8243],[-9.7442,51.829],[-9.7381,51.8326],[-9.7169,51.8401],[-9.7075,51.839],[-9.6914,51.8426],[-9.6442,51.8451],[-9.6425,51.8462],[-9.6447,51.8482],[-9.6436,51.8504],[-9.6331,51.8515],[-9.6281,51.8568],[-9.6119,51.861],[-9.6042,51.8657],[-9.5625,51.8751],[-9.5608,51.8812],[-9.5719,51.8799],[-9.5736,51.8776],[-9.5708,51.8774],[-9.5803,51.8749],[-9.5819,51.871],[-9.5858,51.8735],[-9.5936,51.8732],[-9.6303,51.8657],[-9.6397,51.8696],[-9.6514,51.8671],[-9.6536,51.8699],[-9.6569,51.8696],[-9.6875,51.8596],[-9.7231,51.8537],[-9.7397,51.8482],[-9.7458,51.8493],[-9.7514,51.8449],[-9.7758,51.8393],[-9.7869,51.8326],[-9.7858,51.8304],[-9.7914,51.8282],[-9.7914,51.8246],[-9.8081,51.8168],[-9.8131,51.816],[-9.8119,51.8213],[-9.8142,51.8229],[-9.8114,51.8271],[-9.8047,51.8296],[-9.8192,51.829],[-9.8286,51.8251],[-9.8364,51.8213],[-9.8253,51.8235],[-9.8253,51.8204],[-9.8303,51.8176],[-9.8308,51.8143],[-9.8531,51.8063],[-9.8592,51.8085],[-9.8608,51.8063],[-9.8586,51.8043],[-9.8631,51.8029],[-9.8631,51.799],[-9.8736,51.7949],[-9.8708,51.8065],[-9.8642,51.809],[-9.8608,51.8146],[-9.8769,51.814],[-9.8853,51.8096],[-9.8919,51.8112],[-9.8869,51.8149],[-9.8975,51.8124],[-9.9008,51.8151],[-9.8981,51.8224],[-9.9058,51.8268],[-9.9031,51.8318],[-9.9025,51.8354],[-9.9042,51.8354],[-9.9092,51.826],[-9.9025,51.821],[-9.9019,51.8115],[-9.8969,51.8104],[-9.8981,51.8085],[-9.8942,51.8093],[-9.8986,51.8032],[-9.9275,51.8043],[-9.9364,51.7999],[-9.9497,51.8004],[-9.9703,51.7882],[-9.9781,51.789],[-9.9769,51.7868],[-9.9797,51.7854],[-9.9897,51.784],[-10.0019,51.7765],[-10.0008,51.7735],[-10.0092,51.7726],[-10.0158,51.7682],[-10.0181,51.7687],[-10.0169,51.771],[-10.0219,51.7699],[-10.0242,51.7729],[-10.0319,51.7729],[-10.0347,51.7704],[-10.0347,51.7751],[-10.0447,51.7701],[-10.0497,51.7718],[-10.0575,51.7701],[-10.0597,51.7676],[-10.0525,51.7674],[-10.0542,51.7632],[-10.0508,51.7626],[-10.0536,51.7612],[-10.0653,51.7582],[-10.0803,51.7599],[-10.0792,51.7568],[-10.0814,51.7557],[-10.0992,51.7562],[-10.1031,51.7521],[-10.0992,51.7496],[-10.0992,51.7468],[-10.1192,51.7463],[-10.1258,51.7432],[-10.1247,51.7374],[-10.1325,51.7371],[-10.1431,51.7412],[-10.1131,51.7604],[-10.1125,51.7632],[-10.1192,51.7646],[-10.1219,51.7618],[-10.1408,51.7596],[-10.1431,51.7526],[-10.1492,51.7515],[-10.1519,51.7532],[-10.1536,51.7615],[-10.1486,51.7607],[-10.1475,51.7582],[-10.1431,51.7593],[-10.1492,51.7643],[-10.1681,51.761],[-10.1664,51.7679],[-10.1797,51.7657],[-10.1997,51.7774],[-10.2164,51.7746],[-10.2281,51.7818],[-10.2275,51.784],[-10.2136,51.7812],[-10.2031,51.7818],[-10.1925,51.7865],[-10.1825,51.7879],[-10.1781,51.7921],[-10.1808,51.7985],[-10.1719,51.8051],[-10.1792,51.8079],[-10.1781,51.8165],[-10.1731,51.8262],[-10.1786,51.8315],[-10.1908,51.8335],[-10.2086,51.844],[-10.1914,51.8482],[-10.1858,51.8524],[-10.1875,51.8571],[-10.2075,51.8488],[-10.2064,51.8468],[-10.2103,51.8446],[-10.2308,51.8454],[-10.2347,51.8421],[-10.2458,51.8438],[-10.2542,51.8382],[-10.2542,51.831],[-10.2725,51.8235],[-10.2708,51.8162],[-10.2747,51.8107],[-10.2714,51.8074],[-10.2831,51.8026],[-10.2886,51.8026],[-10.2881,51.806],[-10.2908,51.8057],[-10.2936,51.8021],[-10.3031,51.7993],[-10.3081,51.7938],[-10.3414,51.7829],[-10.3447,51.7835],[-10.3431,51.7885],[-10.3553,51.7976],[-10.3353,51.8046],[-10.3353,51.8074],[-10.3408,51.8126],[-10.3336,51.8201],[-10.3336,51.8224],[-10.3381,51.8237],[-10.3369,51.8365],[-10.3336,51.8379],[-10.3358,51.8396],[-10.3358,51.8454],[-10.3586,51.8438],[-10.3619,51.8457],[-10.3753,51.841],[-10.3897,51.841],[-10.3992,51.8438],[-10.3958,51.846],[-10.3975,51.8488],[-10.3864,51.8563],[-10.3853,51.8599],[-10.3931,51.8632],[-10.3875,51.8676],[-10.3908,51.8688],[-10.3947,51.876],[-10.4086,51.8785],[-10.3953,51.8821],[-10.3936,51.8865],[-10.3864,51.8838],[-10.3714,51.886],[-10.3497,51.8851],[-10.3381,51.8913],[-10.3225,51.8913],[-10.3092,51.8985],[-10.2975,51.8957],[-10.2964,51.9004],[-10.2869,51.9035],[-10.2825,51.9096],[-10.2753,51.9132],[-10.2664,51.9135],[-10.2519,51.9043],[-10.2536,51.9096],[-10.2514,51.9113],[-10.2575,51.9132],[-10.2525,51.9176],[-10.2531,51.9221],[-10.2786,51.9301],[-10.2486,51.9393],[-10.2397,51.9468],[-10.2258,51.949],[-10.2108,51.9565],[-10.2042,51.9524],[-10.2008,51.9576],[-10.1847,51.961],[-10.1858,51.9649],[-10.1931,51.9657],[-10.1986,51.9621],[-10.2142,51.9593],[-10.2264,51.9507],[-10.2497,51.9474],[-10.2508,51.946],[-10.2475,51.9454],[-10.2486,51.9435],[-10.2608,51.9471],[-10.2631,51.9415],[-10.2692,51.9388],[-10.2775,51.939],[-10.2731,51.9432],[-10.2836,51.9463],[-10.2775,51.9496],[-10.2781,51.9515],[-10.3008,51.9493],[-10.3208,51.9518],[-10.3219,51.9549],[-10.3081,51.9629],[-10.2936,51.9646],[-10.2825,51.9704],[-10.2736,51.9657],[-10.2647,51.9663],[-10.2686,51.9735],[-10.2581,51.9918],[-10.2531,51.9901],[-10.2247,51.9965],[-10.2236,51.994],[-10.2136,51.9907],[-10.2125,51.9979],[-10.2103,51.999]]],[[[-10.0519,52.3379],[-10.0503,52.3365],[-10.0569,52.334],[-10.0558,52.3379],[-10.0519,52.3379]]],[[[-10.0447,52.3354],[-10.0469,52.331],[-10.0531,52.3312],[-10.0531,52.3332],[-10.0447,52.3354]]],[[[-10.0258,52.3318],[-10.0158,52.329],[-10.0203,52.3288],[-10.0192,52.3251],[-10.0253,52.3237],[-10.0247,52.3282],[-10.0275,52.3293],[-10.0258,52.3318]]],[[[-10.0697,52.3276],[-10.0697,52.3243],[-10.0736,52.3243],[-10.0697,52.3276]]],[[[-10.0125,52.3276],[-10.0114,52.3251],[-10.0169,52.3257],[-10.0125,52.3276]]],[[[-10.0314,52.3157],[-10.0358,52.3143],[-10.0314,52.3157]]],[[[-10.0475,52.311],[-10.0492,52.311],[-10.0481,52.3135],[-10.0453,52.3146],[-10.0475,52.311]]],[[[-10.5725,52.1374],[-10.5725,52.1263],[-10.5797,52.1235],[-10.5958,52.1243],[-10.5825,52.131],[-10.5836,52.1324],[-10.5786,52.1338],[-10.5764,52.1374],[-10.5725,52.1374]]],[[[-10.5025,52.121],[-10.5019,52.1185],[-10.5069,52.1193],[-10.5025,52.121]]],[[[-10.5081,52.1182],[-10.5019,52.1154],[-10.5092,52.1135],[-10.5108,52.1154],[-10.5081,52.1182]]],[[[-10.5181,52.1113],[-10.5142,52.1101],[-10.5136,52.1065],[-10.5064,52.104],[-10.5136,52.0996],[-10.5147,52.0951],[-10.5236,52.094],[-10.5381,52.0863],[-10.5419,52.0882],[-10.5525,52.0849],[-10.5631,52.0793],[-10.5636,52.076],[-10.5808,52.0724],[-10.5814,52.074],[-10.5786,52.0746],[-10.5758,52.0799],[-10.5719,52.0801],[-10.5669,52.0871],[-10.5492,52.0954],[-10.5286,52.1004],[-10.5219,52.1051],[-10.5231,52.1099],[-10.5181,52.1113]]],[[[-10.6542,52.0785],[-10.6481,52.076],[-10.6503,52.0746],[-10.6631,52.0743],[-10.6625,52.0765],[-10.6542,52.0785]]],[[[-10.6042,52.0635],[-10.6025,52.0621],[-10.6036,52.0571],[-10.6131,52.0524],[-10.6175,52.0526],[-10.6169,52.0563],[-10.6097,52.0601],[-10.6081,52.0635],[-10.6042,52.0635]]],[[[-10.6131,52.0501],[-10.6125,52.0474],[-10.6008,52.0468],[-10.5964,52.0438],[-10.5981,52.0412],[-10.5958,52.041],[-10.6053,52.039],[-10.6047,52.0407],[-10.6153,52.0415],[-10.6158,52.0454],[-10.6231,52.0451],[-10.6131,52.0501]]],[[[-10.2975,51.9437],[-10.2969,51.9415],[-10.3019,51.9418],[-10.2975,51.9437]]],[[[-10.3069,51.9421],[-10.2981,51.9374],[-10.2892,51.9401],[-10.2881,51.9371],[-10.2942,51.9374],[-10.3042,51.9313],[-10.3081,51.9351],[-10.3136,51.934],[-10.3175,51.9362],[-10.3125,51.941],[-10.3069,51.9421]]],[[[-10.3781,51.9154],[-10.3525,51.9246],[-10.3508,51.9293],[-10.3536,51.9349],[-10.3519,51.936],[-10.3436,51.9315],[-10.3369,51.9321],[-10.3314,51.9282],[-10.3208,51.9343],[-10.3175,51.9243],[-10.2969,51.9285],[-10.2864,51.9265],[-10.2864,51.9218],[-10.2908,51.9135],[-10.3069,51.9054],[-10.3381,51.8988],[-10.3547,51.8901],[-10.3603,51.8921],[-10.3681,51.8879],[-10.3742,51.8893],[-10.3831,51.8871],[-10.3942,51.8915],[-10.4069,51.8854],[-10.4275,51.8799],[-10.4308,51.8801],[-10.4314,51.8838],[-10.4253,51.8879],[-10.4247,51.8963],[-10.4114,51.9057],[-10.4103,51.9118],[-10.3781,51.9154]]],[[[-10.3981,51.8838],[-10.3992,51.8812],[-10.4014,51.8818],[-10.3981,51.8838]]],[[[-10.4019,51.8435],[-10.4003,51.8429],[-10.4019,51.8396],[-10.4003,51.836],[-10.4164,51.8312],[-10.4119,51.8363],[-10.4125,51.8387],[-10.4019,51.8435]]],[[[-10.2603,51.8118],[-10.2597,51.8082],[-10.2686,51.8074],[-10.2686,51.8099],[-10.2603,51.8118]]],[[[-10.4503,51.8013],[-10.4536,51.7993],[-10.4503,51.8013]]],[[[-9.9025,51.8007],[-9.9019,51.7982],[-9.9097,51.7968],[-9.9025,51.8007]]],[[[-9.8903,51.7999],[-9.8886,51.7974],[-9.8914,51.796],[-9.8919,51.7918],[-9.9047,51.7857],[-9.9119,51.7857],[-9.9075,51.7904],[-9.8947,51.7949],[-9.8942,51.799],[-9.8903,51.7999]]],[[[-9.9392,51.7974],[-9.9403,51.7949],[-9.9447,51.7943],[-9.9392,51.7974]]],[[[-9.9803,51.7849],[-9.9925,51.7782],[-9.9836,51.7849],[-9.9803,51.7849]]],[[[-10.5042,51.7832],[-10.5025,51.7818],[-10.5081,51.7793],[-10.5142,51.7807],[-10.5114,51.7832],[-10.5042,51.7832]]],[[[-9.9964,51.7768],[-9.9997,51.774],[-9.9964,51.7768]]],[[[-10.5364,51.7746],[-10.5353,51.7726],[-10.5386,51.7685],[-10.5453,51.7687],[-10.5447,51.7715],[-10.5364,51.7746]]],[[[-10.2169,51.7424],[-10.2153,51.7415],[-10.2169,51.7379],[-10.2136,51.736],[-10.2147,51.7326],[-10.2269,51.7318],[-10.2236,51.7396],[-10.2169,51.7424]]],[[[-10.1692,51.7412],[-10.1703,51.7379],[-10.1758,51.7371],[-10.1692,51.7412]]],[[[-10.1469,51.7404],[-10.1531,51.7346],[-10.1569,51.7351],[-10.1469,51.7404]]],[[[-10.2464,51.7368],[-10.2392,51.7363],[-10.2358,51.7326],[-10.2475,51.7243],[-10.2619,51.7246],[-10.2636,51.7254],[-10.2625,51.729],[-10.2669,51.7299],[-10.2542,51.7365],[-10.2464,51.7368]]]]}},{"type":"Feature","properties":{"name":"Kildare"},"geometry":{"type":"MultiPolygon","coordinates":[[[[-6.4641,53.229],[-6.5012,53.1915],[-6.556,53.1535],[-6.5659,53.1183],[-6.5927,53.0927],[-6.6439,53.0685],[-6.6935,53.0673],[-6.7035,53.0621],[-6.7059,53.0405],[-6.7119,53.0273],[-6.7311,53.0186],[-6.7455,53.0177],[-6.7487,53.0126],[-6.7491,52.9874],[-6.7467,52.9746],[-6.7359,52.9574],[-6.7203,52.9474],[-6.7123,52.9248],[-6.7135,52.9088],[-6.7279,52.888],[-6.7355,52.884],[-6.7601,52.8783],[-6.8264,52.8768],[-6.8499,52.8627],[-6.8577,52.8471],[-6.8639,52.8424],[-6.8842,52.8416],[-6.8952,52.8448],[-6.9158,52.8567],[-6.9124,52.8604],[-6.9118,52.9016],[-6.9168,52.9152],[-6.9435,52.9524],[-6.9579,52.9674],[-6.9735,52.9752],[-7.0074,52.968],[-7.0329,52.9719],[-7.0401,52.9852],[-7.0401,53.0269],[-7.0318,53.0469],[-7.0307,53.0802],[-7.0596,53.1251],[-7.0637,53.1529],[-7.0742,53.1598],[-7.0881,53.1605],[-7.0972,53.1646],[-7.0969,53.1678],[-7.101,53.1735],[-7.1109,53.1813],[-7.1114,53.189],[-7.0731,53.1906],[-7.0416,53.1981],[-7.041,53.2281],[-7.0571,53.2348],[-7.0602,53.2395],[-7.0581,53.2426],[-7.0436,53.2477],[-7.041,53.2508],[-7.041,53.2596],[-7.0473,53.271],[-7.0426,53.2772],[-7.0224,53.2798],[-6.9935,53.2974],[-6.9878,53.3036],[-6.9898,53.3114],[-7.0167,53.332],[-7.0224,53.3393],[-7.0229,53.347],[-7.0354,53.3593],[-7.0577,53.3659],[-7.0908,53.3816],[-7.1098,53.3965],[-7.1361,53.4096],[-7.0657,53.4592],[-7.0523,53.4609],[-7.0523,53.4681],[-7.0461,53.4779],[-7.0373,53.5107],[-7.0321,53.514],[-7.0052,53.4993],[-6.9486,53.4774],[-6.9221,53.4623],[-6.864,53.4011],[-6.8406,53.3905],[-6.8036,53.3898],[-6.7855,53.3943],[-6.7651,53.4087],[-6.7553,53.4264],[-6.6307,53.4226],[-6.599,53.4007],[-6.5449,53.3857],[-6.511,53.3871],[-6.4955,53.3841],[-6.4899,53.3751],[-6.4894,53.3639],[-6.4899,53.3509],[-6.495,53.3384],[-6.5029,53.3243],[-6.5165,53.309],[-6.5408,53.2881],[-6.542,53.2824],[-6.5368,53.2767],[-6.5352,53.2553],[-6.5041,53.2401],[-6.4641,53.229]]]]}},{"type":"Feature","properties":{"name":"Kilkenny"},"geometry":{"type":"MultiPolygon","coordinates":[[[[-6.9162,52.4463],[-6.9419,52.3898],[-6.9743,52.3511],[-6.9779,52.3426],[-6.9752,52.2915],[-6.9986,52.2715],[-7.0116,52.2674],[-7.1107,52.2645],[-7.1917,52.2519],[-7.2196,52.2611],[-7.2705,52.2854],[-7.311,52.3151],[-7.3388,52.3426],[-7.336,52.3514],[-7.3408,52.3643],[-7.3414,52.3972],[-7.3867,52.4377],[-7.3915,52.4479],[-7.4002,52.4555],[-7.4012,52.4728],[-7.3899,52.4879],[-7.3867,52.4954],[-7.3867,52.5024],[-7.4077,52.5577],[-7.432,52.596],[-7.4541,52.6403],[-7.4724,52.6575],[-7.4865,52.6764],[-7.5,52.6893],[-7.5593,52.7125],[-7.5782,52.7244],[-7.6122,52.7495],[-7.6493,52.7908],[-7.6409,52.7964],[-7.6076,52.8103],[-7.5753,52.832],[-7.5592,52.8348],[-7.5498,52.8314],[-7.5337,52.8192],[-7.5264,52.8092],[-7.5175,52.8064],[-7.4853,52.8053],[-7.4514,52.7978],[-7.442,52.7923],[-7.4148,52.7923],[-7.3759,52.8112],[-7.3281,52.8267],[-7.3181,52.8339],[-7.3125,52.8478],[-7.2848,52.8656],[-7.2728,52.8698],[-7.2457,52.8698],[-7.2214,52.876],[-7.2193,52.8892],[-7.2124,52.8913],[-7.1811,52.8934],[-7.1575,52.892],[-7.12,52.8778],[-7.0909,52.8514],[-7.077,52.8319],[-7.066,52.8229],[-7.0725,52.7979],[-7.0873,52.762],[-7.0904,52.7323],[-7.0834,52.7284],[-7.028,52.721],[-6.9803,52.7108],[-6.9647,52.7116],[-6.953,52.7053],[-6.953,52.6944],[-6.9756,52.6624],[-6.9756,52.6538],[-6.9733,52.6483],[-6.9428,52.6226],[-6.9405,52.6132],[-6.9319,52.6085],[-6.9147,52.5905],[-6.91,52.5733],[-6.91,52.5538],[-6.9178,52.5116],[-6.9162,52.4463]]]]}},{"type":"Feature","properties":{"name":"Laoighis"},"geometry":{"type":"MultiPolygon","coordinates":[[[[-7.6493,52.7908],[-7.6634,52.8083],[-7.6866,52.8514],[-7.6871,52.8811],[-7.6828,52.8935],[-7.671,52.9043],[-7.658,52.9119],[-7.6569,52.9394],[-7.6634,52.9558],[-7.6923,52.9824],[-7.6884,52.9928],[-7.6761,53.0006],[-7.6535,53.0213],[-7.6354,53.0439],[-7.6167,53.0614],[-7.5746,53.082],[-7.5553,53.1001],[-7.5578,53.106],[-7.5649,53.1092],[-7.5863,53.1111],[-7.6024,53.1202],[-7.6186,53.1234],[-7.6199,53.1351],[-7.618,53.1448],[-7.5908,53.1648],[-7.5443,53.1768],[-7.5417,53.1813],[-7.5165,53.1813],[-7.5042,53.189],[-7.402,53.1884],[-7.3956,53.1916],[-7.3898,53.202],[-7.3755,53.2039],[-7.3316,53.1984],[-7.3141,53.1939],[-7.2857,53.1726],[-7.2656,53.1402],[-7.2605,53.1402],[-7.2184,53.1583],[-7.2036,53.1622],[-7.0975,53.1609],[-7.0972,53.1646],[-7.0881,53.1605],[-7.0742,53.1598],[-7.0637,53.1529],[-7.0596,53.1251],[-7.0307,53.0802],[-7.0318,53.0469],[-7.0401,53.0269],[-7.0401,52.9852],[-7.0329,52.9719],[-7.0074,52.968],[-6.9735,52.9752],[-6.9579,52.9674],[-6.9435,52.9524],[-6.9168,52.9152],[-6.9118,52.9016],[-6.9124,52.8604],[-6.9221,52.85],[-6.9374,52.841],[-6.9582,52.8354],[-6.9756,52.8257],[-6.9839,52.818],[-7.054,52.8194],[-7.0652,52.8222],[-7.077,52.8319],[-7.0909,52.8514],[-7.12,52.8778],[-7.1575,52.892],[-7.1811,52.8934],[-7.2193,52.8892],[-7.2214,52.876],[-7.2457,52.8698],[-7.2728,52.8698],[-7.2848,52.8656],[-7.3125,52.8478],[-7.3181,52.8339],[-7.3281,52.8267],[-7.3759,52.8112],[-7.4148,52.7923],[-7.442,52.7923],[-7.4514,52.7978],[-7.4853,52.8053],[-7.5175,52.8064],[-7.5264,52.8092],[-7.5337,52.8192],[-7.5498,52.8314],[-7.5592,52.8348],[-7.5753,52.832],[-7.6076,52.8103],[-7.6409,52.7964],[-7.6493,52.7908]]]]}},{"type":"Feature","properties":{"name":"Leitrim"},"geometry":{"type":"MultiPolygon","coordinates":[[[[-7.6065,53.9372],[-7.6454,53.9392],[-7.6631,53.9371],[-7.6735,53.9288],[-7.6871,53.908],[-7.711,53.8882],[-7.7297,53.8768],[-7.7693,53.8705],[-7.7766,53.8497],[-7.7839,53.8382],[-7.8224,53.8195],[-7.8494,53.8174],[-7.8838,53.8185],[-7.9004,53.8153],[-7.9004,53.8299],[-7.9056,53.8497],[-7.9161,53.8684],[-7.9306,53.8757],[-7.9514,53.8778],[-7.966,53.8997],[-8.0004,53.9267],[-8.0756,53.9319],[-8.0896,53.9412],[-8.1009,53.9539],[-8.1016,53.9585],[-8.0729,53.9819],[-8.0696,53.9919],[-8.0716,54.0425],[-8.0663,54.0492],[-8.0443,54.0585],[-8.041,54.0671],[-8.041,54.0771],[-8.0463,54.0945],[-8.053,54.1004],[-8.1337,54.1014],[-8.1566,54.1062],[-8.1715,54.1025],[-8.1838,54.1153],[-8.1955,54.1233],[-8.2227,54.1356],[-8.2504,54.1422],[-8.2648,54.1417],[-8.2808,54.1443],[-8.3021,54.1555],[-8.3234,54.1721],[-8.3335,54.1854],[-8.3367,54.2152],[-8.3335,54.2296],[-8.3106,54.2669],[-8.3106,54.2728],[-8.3165,54.2829],[-8.3735,54.3399],[-8.3778,54.3485],[-8.3772,54.3639],[-8.3645,54.3996],[-8.3591,54.406],[-8.3591,54.4156],[-8.3751,54.414],[-8.3884,54.4066],[-8.3964,54.4071],[-8.3986,54.414],[-8.3986,54.4268],[-8.3948,54.4321],[-8.3746,54.4455],[-8.3714,54.4519],[-8.3703,54.4593],[-8.3738,54.4682],[-8.3592,54.4679],[-8.3464,54.4724],[-8.3347,54.4715],[-8.3342,54.4743],[-8.3281,54.4757],[-8.3258,54.4732],[-8.3153,54.4796],[-8.2831,54.4771],[-8.2825,54.4799],[-8.267,54.4677],[-8.2472,54.4585],[-8.1514,54.4581],[-8.1382,54.4549],[-8.1478,54.4374],[-8.0921,54.4086],[-8.0428,54.3654],[-8.0297,54.3595],[-8.0204,54.3584],[-8.0036,54.3628],[-7.9986,54.3556],[-7.9944,54.3551],[-7.9702,54.34],[-7.9449,54.3097],[-7.973,54.2981],[-7.9962,54.2818],[-8.0346,54.2388],[-8.038,54.2121],[-8.0357,54.1935],[-8.0194,54.1911],[-8.002,54.1946],[-7.9776,54.1888],[-7.9265,54.1621],[-7.9032,54.1458],[-7.8835,54.1249],[-7.8532,54.0982],[-7.8056,54.1075],[-7.78,54.1086],[-7.7603,54.1051],[-7.751,54.0947],[-7.7068,54.0644],[-7.6568,54.0389],[-7.6045,54.0052],[-7.5964,53.9843],[-7.5976,53.9703],[-7.6045,53.9598],[-7.608,53.9494],[-7.6065,53.9372]]]]}},{"type":"Feature","properties":{"name":"Limerick"},"geometry":{"type":"MultiPolygon","coordinates":[[[[-9.0664,52.6349],[-9.0592,52.6376],[-9.0575,52.6343],[-9.0497,52.631],[-9.0481,52.6274],[-9.0386,52.6246],[-9.0275,52.6237],[-9.0269,52.6254],[-9.0308,52.6271],[-9.0297,52.6296],[-9.0353,52.6299],[-9.0242,52.6299],[-9.0258,52.6249],[-9.0147,52.6221],[-9.0092,52.6179],[-9.0064,52.6185],[-9.0086,52.6226],[-9.0075,52.626],[-9.0014,52.6271],[-9.0108,52.6271],[-9.0108,52.6315],[-9.0058,52.6349],[-9.0053,52.6321],[-8.9875,52.6193],[-8.9942,52.6315],[-8.9969,52.6315],[-8.9992,52.6351],[-8.9986,52.6396],[-8.9919,52.6385],[-8.9903,52.6457],[-8.9842,52.6449],[-8.9803,52.649],[-8.9764,52.6479],[-8.9714,52.6504],[-8.9747,52.6538],[-8.9675,52.6543],[-8.9631,52.659],[-8.9497,52.661],[-8.9342,52.6554],[-8.9292,52.6587],[-8.9108,52.6607],[-8.9119,52.6626],[-8.9092,52.661],[-8.9014,52.6626],[-8.8969,52.6593],[-8.8886,52.6615],[-8.8903,52.6646],[-8.8864,52.6662],[-8.8864,52.6685],[-8.8608,52.6682],[-8.8403,52.6704],[-8.8369,52.6726],[-8.8147,52.6696],[-8.8097,52.6615],[-8.8003,52.6562],[-8.7875,52.6571],[-8.8031,52.6587],[-8.8008,52.6626],[-8.7481,52.6749],[-8.7097,52.6701],[-8.7058,52.6649],[-8.7058,52.6562],[-8.6997,52.6529],[-8.6892,52.6526],[-8.6797,52.656],[-8.6597,52.656],[-8.6386,52.6604],[-8.6403,52.6618],[-8.6581,52.6582],[-8.6797,52.6582],[-8.6931,52.6535],[-8.6992,52.6546],[-8.7042,52.6599],[-8.7031,52.6676],[-8.7053,52.6712],[-8.7153,52.6749],[-8.7364,52.6763],[-8.6845,52.6906],[-8.6469,52.6968],[-8.6221,52.6943],[-8.5945,52.6855],[-8.5421,52.6835],[-8.5206,52.6905],[-8.5054,52.6925],[-8.4987,52.6979],[-8.4868,52.7174],[-8.4687,52.7062],[-8.4349,52.6958],[-8.3769,52.6844],[-8.3583,52.6827],[-8.3237,52.6906],[-8.2834,52.6925],[-8.2653,52.6981],[-8.2467,52.6951],[-8.2269,52.6769],[-8.2139,52.67],[-8.1893,52.6692],[-8.1807,52.6666],[-8.176,52.6592],[-8.1794,52.6359],[-8.1915,52.6122],[-8.1911,52.5496],[-8.1926,52.5321],[-8.198,52.5213],[-8.2255,52.5121],[-8.2654,52.51],[-8.301,52.4911],[-8.3129,52.4906],[-8.3404,52.4992],[-8.3668,52.4916],[-8.3949,52.476],[-8.3992,52.4684],[-8.3943,52.4598],[-8.3927,52.4474],[-8.3889,52.4388],[-8.3733,52.435],[-8.3539,52.4345],[-8.294,52.4226],[-8.2303,52.4043],[-8.2147,52.3918],[-8.2104,52.3789],[-8.1991,52.3703],[-8.1629,52.3519],[-8.1559,52.3422],[-8.1603,52.3027],[-8.2028,52.3001],[-8.2484,52.2922],[-8.312,52.315],[-8.3418,52.322],[-8.3626,52.3175],[-8.4053,52.3006],[-8.4639,52.2996],[-8.4947,52.2887],[-8.5195,52.2847],[-8.5731,52.3155],[-8.6059,52.3403],[-8.6406,52.3602],[-8.6764,52.3741],[-8.7062,52.3795],[-8.7583,52.382],[-8.8427,52.3783],[-8.9358,52.3262],[-8.9618,52.3212],[-9.0389,52.3241],[-9.0553,52.3322],[-9.0778,52.3379],[-9.1324,52.3385],[-9.1663,52.3241],[-9.2197,52.3134],[-9.2347,52.3084],[-9.2787,52.3385],[-9.3226,52.3617],[-9.3351,52.3643],[-9.3395,52.373],[-9.3383,52.3806],[-9.327,52.3881],[-9.3226,52.4069],[-9.3176,52.4176],[-9.3169,52.4314],[-9.3082,52.4364],[-9.3025,52.4439],[-9.3038,52.4515],[-9.3402,52.459],[-9.3458,52.4703],[-9.3458,52.486],[-9.3427,52.4954],[-9.3364,52.5017],[-9.3113,52.5092],[-9.3031,52.5155],[-9.3031,52.518],[-9.3276,52.5337],[-9.3333,52.54],[-9.337,52.5494],[-9.3364,52.5563],[-9.3326,52.56],[-9.3282,52.5726],[-9.2892,52.5721],[-9.2575,52.5824],[-9.2536,52.5863],[-9.2336,52.5935],[-9.2147,52.5926],[-9.2114,52.596],[-9.2014,52.5951],[-9.2036,52.5979],[-9.2014,52.5988],[-9.1958,52.599],[-9.1969,52.5962],[-9.1947,52.596],[-9.1914,52.6015],[-9.1881,52.6026],[-9.1536,52.606],[-9.1253,52.6157],[-9.1053,52.6129],[-9.0886,52.616],[-9.0831,52.6121],[-9.0853,52.6188],[-9.0708,52.6243],[-9.0703,52.6276],[-9.0647,52.6293],[-9.0664,52.6349]]],[[[-9.0431,52.6374],[-9.0419,52.6349],[-9.0453,52.6354],[-9.0431,52.6374]]],[[[-9.0014,52.6351],[-9.0014,52.6321],[-9.0047,52.6335],[-9.0014,52.6351]]],[[[-9.0181,52.6282],[-9.0181,52.6254],[-9.0208,52.6254],[-9.0181,52.6282]]],[[[-9.1069,52.6274],[-9.1025,52.6226],[-9.1031,52.6165],[-9.1164,52.6168],[-9.1247,52.6213],[-9.1153,52.6271],[-9.1069,52.6274]]],[[[-9.0814,52.6243],[-9.0814,52.6221],[-9.0847,52.6224],[-9.0814,52.6243]]]]}},{"type":"Feature","properties":{"name":"Longford"},"geometry":{"type":"MultiPolygon","coordinates":[[[[-7.3947,53.7817],[-7.3846,53.7703],[-7.3801,53.7576],[-7.3827,53.7462],[-7.3908,53.7358],[-7.4076,53.7293],[-7.4221,53.7293],[-7.4328,53.7236],[-7.4424,53.7217],[-7.4542,53.7163],[-7.4821,53.6946],[-7.5066,53.6816],[-7.5223,53.6743],[-7.5506,53.6659],[-7.5808,53.6487],[-7.5915,53.6475],[-7.5942,53.6439],[-7.5942,53.632],[-7.5861,53.611],[-7.5869,53.6018],[-7.5926,53.5888],[-7.6049,53.569],[-7.6584,53.5311],[-7.7903,53.5317],[-7.8136,53.5386],[-7.8465,53.5386],[-7.8622,53.5368],[-7.8732,53.5311],[-7.8954,53.5307],[-7.9172,53.5238],[-7.9379,53.5212],[-7.9526,53.5124],[-7.9554,53.5184],[-7.9554,53.5435],[-7.9638,53.5553],[-7.9932,53.5729],[-8.0133,53.588],[-8.0259,53.6015],[-8.0259,53.6073],[-8.0066,53.6417],[-7.9991,53.6657],[-7.9789,53.695],[-7.9193,53.7538],[-7.9,53.7622],[-7.8874,53.7722],[-7.8849,53.789],[-7.8992,53.8117],[-7.8991,53.8156],[-7.8838,53.8185],[-7.8494,53.8174],[-7.8224,53.8195],[-7.7839,53.8382],[-7.7766,53.8497],[-7.7693,53.8705],[-7.7297,53.8768],[-7.711,53.8882],[-7.6871,53.908],[-7.6735,53.9288],[-7.6631,53.9371],[-7.6454,53.9392],[-7.6065,53.9372],[-7.5964,53.8982],[-7.5871,53.8959],[-7.5778,53.8727],[-7.5676,53.8666],[-7.522,53.8592],[-7.495,53.8518],[-7.4718,53.836],[-7.4188,53.782],[-7.4079,53.778],[-7.3947,53.7817]]],[[[-9.0192,53.154],[-9.0242,53.1535],[-9.0192,53.154]]],[[[-9.5531,52.6629],[-9.5481,52.6604],[-9.5564,52.6601],[-9.5531,52.6629]]],[[[-9.7297,52.6529],[-9.7331,52.6507],[-9.7364,52.6521],[-9.7297,52.6529]]]]}},{"type":"Feature","properties":{"name":"Louth"},"geometry":{"type":"MultiPolygon","coordinates":[[[[-6.3655,54.0207],[-6.3558,54.0135],[-6.3669,54.009],[-6.4114,54.0151],[-6.3858,54.0079],[-6.3419,54.0071],[-6.3397,54.0051],[-6.3414,54.0029],[-6.3347,53.9993],[-6.3347,53.9949],[-6.3325,53.9946],[-6.3469,53.9829],[-6.3608,53.9796],[-6.3619,53.9754],[-6.3597,53.9724],[-6.3669,53.961],[-6.3647,53.9599],[-6.3669,53.9574],[-6.3658,53.9554],[-6.3775,53.9557],[-6.3781,53.9535],[-6.3758,53.9527],[-6.3792,53.951],[-6.3786,53.9471],[-6.3719,53.951],[-6.3692,53.9501],[-6.373,53.9479],[-6.3697,53.9457],[-6.3708,53.9349],[-6.3675,53.9243],[-6.368,53.9207],[-6.3736,53.9162],[-6.3697,53.9046],[-6.3631,53.8963],[-6.3575,53.8943],[-6.3569,53.8915],[-6.3336,53.8771],[-6.3203,53.8757],[-6.3036,53.879],[-6.2875,53.8707],[-6.2675,53.8704],[-6.2581,53.8638],[-6.2458,53.8646],[-6.2386,53.8618],[-6.2375,53.859],[-6.2419,53.8587],[-6.2503,53.8507],[-6.2542,53.8413],[-6.2531,53.8382],[-6.2608,53.8299],[-6.2614,53.8088],[-6.2603,53.8063],[-6.2492,53.804],[-6.2447,53.7999],[-6.2208,53.7988],[-6.2169,53.7962],[-6.2236,53.7893],[-6.2347,53.7887],[-6.2386,53.7787],[-6.256,53.7771],[-6.2765,53.7648],[-6.296,53.7423],[-6.3226,53.7279],[-6.339,53.7228],[-6.4815,53.7228],[-6.4856,53.7279],[-6.4856,53.7535],[-6.4897,53.7628],[-6.5184,53.7628],[-6.5442,53.7704],[-6.5616,53.7714],[-6.5865,53.8022],[-6.6039,53.8341],[-6.6099,53.854],[-6.6164,53.8615],[-6.6871,53.8754],[-6.7234,53.8893],[-6.7418,53.8923],[-6.7533,53.9003],[-6.7471,53.9039],[-6.7263,53.8977],[-6.7171,53.8984],[-6.7085,53.9045],[-6.6797,53.9094],[-6.6693,53.9174],[-6.6423,53.9682],[-6.6221,53.9866],[-6.5853,53.9872],[-6.5767,53.9921],[-6.57,54.0056],[-6.5694,54.0185],[-6.5718,54.0315],[-6.5845,54.0519],[-6.5768,54.0589],[-6.5536,54.0542],[-6.5292,54.0601],[-6.5037,54.0567],[-6.4723,54.0669],[-6.4702,54.0788],[-6.4276,54.0615],[-6.3895,54.0651],[-6.3572,54.0743],[-6.3503,54.0829],[-6.3581,54.1082],[-6.349,54.1186],[-6.3319,54.1139],[-6.3171,54.0953],[-6.2906,54.1091],[-6.2797,54.1099],[-6.2764,54.1054],[-6.2625,54.0965],[-6.2597,54.0901],[-6.2525,54.0877],[-6.2503,54.0821],[-6.2442,54.0762],[-6.1998,54.0601],[-6.193,54.0529],[-6.1897,54.0527],[-6.1914,54.0505],[-6.1842,54.0404],[-6.1781,54.0424],[-6.1725,54.0401],[-6.1708,54.0365],[-6.1486,54.0274],[-6.1403,54.0285],[-6.1364,54.0338],[-6.1314,54.0349],[-6.1275,54.0179],[-6.1109,54.0088],[-6.1114,54.0068],[-6.1008,54.0],[-6.1325,53.9871],[-6.1392,53.9804],[-6.1492,53.9818],[-6.1658,53.9768],[-6.1747,53.9804],[-6.1864,53.9782],[-6.1986,53.9796],[-6.2286,53.9868],[-6.2375,53.9849],[-6.2392,53.9871],[-6.2503,53.9876],[-6.2553,53.9923],[-6.2697,53.9946],[-6.2986,54.0093],[-6.3286,54.0107],[-6.3286,54.0132],[-6.3525,54.0115],[-6.3486,54.0157],[-6.3603,54.0193],[-6.3642,54.0312],[-6.3686,54.0299],[-6.3636,54.0243],[-6.3655,54.0207]]],[[[-6.1186,54.0632],[-6.1192,54.0651],[-6.1308,54.0668],[-6.1303,54.0651],[-6.1347,54.0651],[-6.1353,54.0604],[-6.1492,54.0654],[-6.1625,54.0654],[-6.1753,54.0729],[-6.1831,54.0743],[-6.1847,54.0799],[-6.1897,54.0835],[-6.1914,54.0946],[-6.1947,54.0962],[-6.2258,54.101],[-6.2303,54.099],[-6.2408,54.1004],[-6.2525,54.0968],[-6.2564,54.0999],[-6.2625,54.0993],[-6.2769,54.1103],[-6.1202,54.1058],[-6.0643,54.0401],[-6.0671,54.0285],[-6.0825,54.0296],[-6.0858,54.0354],[-6.1075,54.0412],[-6.0992,54.0438],[-6.1003,54.0454],[-6.0931,54.0491],[-6.0881,54.0474],[-6.0836,54.0488],[-6.0803,54.046],[-6.0764,54.0479],[-6.0786,54.0532],[-6.0853,54.0576],[-6.0942,54.0574],[-6.0936,54.0612],[-6.0964,54.0629],[-6.0997,54.0607],[-6.1186,54.0632]]],[[[-6.0931,54.0515],[-6.0964,54.0537],[-6.0925,54.0532],[-6.0914,54.0513],[-6.0931,54.0515]]]]}},{"type":"Feature","properties":{"name":"Mayo"},"geometry":{"type":"MultiPolygon","coordinates":[[[[-9.7931,54.3688],[-9.7864,54.3665],[-9.7853,54.3635],[-9.7892,54.3643],[-9.7931,54.3688]]],[[[-9.8681,54.1096],[-9.8753,54.1074],[-9.8714,54.1054],[-9.8714,54.0979],[-9.8736,54.0962],[-9.8819,54.0974],[-9.8786,54.0946],[-9.8792,54.0907],[-9.8819,54.0901],[-9.8814,54.0868],[-9.8897,54.0879],[-9.888,54.0971],[-9.8908,54.0954],[-9.9008,54.0963],[-9.8997,54.0899],[-9.8908,54.0849],[-9.8908,54.0804],[-9.8953,54.079],[-9.8931,54.0715],[-9.9214,54.0674],[-9.9253,54.066],[-9.9236,54.0629],[-9.9286,54.0601],[-9.9375,54.0607],[-9.9436,54.066],[-9.9497,54.0654],[-9.9542,54.0618],[-9.9703,54.0604],[-9.9736,54.0626],[-9.9714,54.0671],[-9.9636,54.0701],[-9.9664,54.0826],[-9.9708,54.0882],[-9.9775,54.0915],[-9.9758,54.0946],[-9.9836,54.0993],[-9.9886,54.0993],[-9.9936,54.1026],[-9.9925,54.1038],[-9.9869,54.1043],[-9.9836,54.1074],[-9.9736,54.1065],[-9.9681,54.1096],[-9.9564,54.1082],[-9.9542,54.1115],[-9.9486,54.1099],[-9.948,54.1121],[-9.9336,54.1135],[-9.9214,54.1207],[-9.9119,54.1174],[-9.8997,54.119],[-9.9081,54.1243],[-9.9142,54.1235],[-9.9131,54.1293],[-9.9186,54.1332],[-9.9236,54.1332],[-9.9297,54.1293],[-9.9308,54.1268],[-9.9264,54.1249],[-9.9336,54.1254],[-9.9469,54.139],[-9.962,54.1427],[-9.962,54.1449],[-9.9564,54.1477],[-9.9597,54.1499],[-9.9597,54.154],[-9.9569,54.1557],[-9.9314,54.1471],[-9.9247,54.1493],[-9.9242,54.1532],[-9.9358,54.1562],[-9.9403,54.1538],[-9.9436,54.1629],[-9.9597,54.1749],[-9.9825,54.1768],[-9.9864,54.1796],[-9.9858,54.1829],[-9.9697,54.1849],[-9.9653,54.1801],[-9.9664,54.1782],[-9.9514,54.1735],[-9.9486,54.1749],[-9.9491,54.1785],[-9.9425,54.1763],[-9.9408,54.1796],[-9.9347,54.1815],[-9.9392,54.1862],[-9.9364,54.191],[-9.9275,54.1935],[-9.9242,54.1879],[-9.9258,54.1929],[-9.9214,54.1951],[-9.9341,54.1929],[-9.9341,54.1949],[-9.9414,54.1957],[-9.9436,54.1985],[-9.9497,54.1987],[-9.9514,54.1968],[-9.9453,54.1963],[-9.9436,54.194],[-9.9547,54.1949],[-9.9625,54.1991],[-9.9636,54.2027],[-9.9675,54.2007],[-9.9747,54.2085],[-9.9881,54.2129],[-9.9919,54.2185],[-9.9936,54.2271],[-9.9975,54.2265],[-9.9986,54.224],[-10.0125,54.2265],[-10.0025,54.2154],[-10.0075,54.2126],[-10.0258,54.2146],[-10.0219,54.2135],[-10.0236,54.211],[-10.0069,54.2046],[-10.0053,54.2024],[-10.0075,54.1999],[-10.002,54.199],[-10.0036,54.196],[-9.9992,54.1968],[-10.0031,54.1932],[-10.0125,54.1918],[-10.0064,54.1868],[-10.0103,54.1813],[-10.0142,54.181],[-10.0175,54.1857],[-10.0231,54.1865],[-10.0264,54.1907],[-10.0364,54.1929],[-10.0453,54.1918],[-10.0469,54.1888],[-10.0386,54.1855],[-10.0392,54.1805],[-10.0353,54.1771],[-10.0364,54.1712],[-10.0414,54.1701],[-10.0414,54.1668],[-10.0358,54.1669],[-10.0336,54.1649],[-10.0347,54.1629],[-10.0453,54.1593],[-10.0492,54.1618],[-10.0436,54.1682],[-10.0525,54.1707],[-10.0631,54.1701],[-10.0647,54.1676],[-10.0686,54.1682],[-10.0675,54.1657],[-10.0725,54.1654],[-10.0703,54.1618],[-10.0869,54.1621],[-10.0936,54.1579],[-10.0936,54.1557],[-10.0886,54.154],[-10.0614,54.1504],[-10.0553,54.1457],[-10.0558,54.1435],[-10.0691,54.1435],[-10.0753,54.1399],[-10.0758,54.1374],[-10.0669,54.1335],[-10.0686,54.1279],[-10.0647,54.1232],[-10.0753,54.1215],[-10.0764,54.1254],[-10.0731,54.126],[-10.0736,54.1277],[-10.0864,54.1268],[-10.0875,54.1249],[-10.0825,54.1226],[-10.0908,54.1229],[-10.0881,54.1182],[-10.0942,54.1157],[-10.0931,54.1132],[-10.0881,54.1121],[-10.0669,54.1105],[-10.0664,54.1076],[-10.0708,54.1054],[-10.0686,54.101],[-10.0581,54.099],[-10.0642,54.0962],[-10.0708,54.0887],[-10.0819,54.0854],[-10.0964,54.0871],[-10.1131,54.0965],[-10.1192,54.0962],[-10.1192,54.0926],[-10.1292,54.096],[-10.1269,54.1004],[-10.1325,54.1021],[-10.133,54.1076],[-10.1375,54.1096],[-10.1225,54.1115],[-10.1231,54.1168],[-10.128,54.1215],[-10.128,54.1271],[-10.1253,54.1279],[-10.1242,54.1349],[-10.1192,54.1382],[-10.1197,54.1457],[-10.1058,54.1496],[-10.0969,54.1607],[-10.0997,54.1643],[-10.0936,54.1674],[-10.0975,54.1715],[-10.0886,54.1743],[-10.0858,54.1824],[-10.0869,54.1879],[-10.0942,54.1968],[-10.1053,54.1999],[-10.0958,54.1993],[-10.0864,54.2043],[-10.0836,54.2101],[-10.0719,54.2113],[-10.0625,54.209],[-10.0608,54.2118],[-10.0625,54.2137],[-10.0558,54.2182],[-10.0558,54.2276],[-10.0631,54.2282],[-10.0642,54.2315],[-10.0686,54.2321],[-10.0692,54.2285],[-10.0842,54.2304],[-10.0853,54.2318],[-10.083,54.2332],[-10.0953,54.2351],[-10.0947,54.2377],[-10.1097,54.2385],[-10.1092,54.2432],[-10.1064,54.2438],[-10.1081,54.2457],[-10.1042,54.246],[-10.0852,54.2427],[-10.078,54.2385],[-10.0769,54.2346],[-10.0686,54.2346],[-10.0719,54.2418],[-10.0775,54.2432],[-10.073,54.2455],[-10.0914,54.2457],[-10.0975,54.2496],[-10.0847,54.2499],[-10.0853,54.2535],[-10.0814,54.2593],[-10.0847,54.2615],[-10.078,54.2615],[-10.0792,54.2676],[-10.0836,54.2699],[-10.0725,54.271],[-10.0719,54.2796],[-10.0686,54.2771],[-10.0608,54.2771],[-10.0508,54.2807],[-10.0525,54.2854],[-10.0386,54.2824],[-10.0258,54.2849],[-10.0292,54.2887],[-10.0236,54.2904],[-10.0236,54.2943],[-10.0092,54.2924],[-10.008,54.2955],[-10.0053,54.2957],[-10.0069,54.3043],[-9.9958,54.3093],[-9.9947,54.3051],[-9.9964,54.3049],[-9.9892,54.2996],[-9.9825,54.299],[-9.9903,54.2926],[-9.9869,54.2899],[-9.978,54.2907],[-9.9719,54.2874],[-9.9697,54.2804],[-9.962,54.2796],[-9.9614,54.2724],[-9.9514,54.2707],[-9.9453,54.2727],[-9.9447,54.2699],[-9.9386,54.2687],[-9.9286,54.271],[-9.9275,54.2663],[-9.9247,54.2735],[-9.9219,54.2746],[-9.9214,54.2707],[-9.918,54.2704],[-9.9158,54.2671],[-9.9197,54.2635],[-9.9158,54.2624],[-9.9003,54.2635],[-9.8975,54.2663],[-9.8864,54.2693],[-9.8891,54.2621],[-9.8942,54.2585],[-9.8903,54.2541],[-9.8953,54.2518],[-9.8947,54.2482],[-9.8975,54.2438],[-9.9008,54.2429],[-9.9008,54.239],[-9.9203,54.2351],[-9.9181,54.231],[-9.913,54.2293],[-9.9142,54.2274],[-9.9353,54.2243],[-9.9452,54.2271],[-9.9469,54.2238],[-9.9425,54.2215],[-9.9431,54.219],[-9.9542,54.2196],[-9.9608,54.2232],[-9.962,54.229],[-9.9692,54.2343],[-9.9703,54.2315],[-9.963,54.2247],[-9.9631,54.2215],[-9.9853,54.2243],[-9.9708,54.2182],[-9.9475,54.2129],[-9.9119,54.2127],[-9.8908,54.2146],[-9.8758,54.2193],[-9.8775,54.2263],[-9.8936,54.2287],[-9.8936,54.2307],[-9.8831,54.2341],[-9.8658,54.2293],[-9.8675,54.2265],[-9.8642,54.2251],[-9.8492,54.2238],[-9.8514,54.2265],[-9.8619,54.2274],[-9.8675,54.2351],[-9.8797,54.2429],[-9.8808,54.2463],[-9.8775,54.2465],[-9.8753,54.2518],[-9.8792,54.2524],[-9.8803,54.2576],[-9.8714,54.2582],[-9.8731,54.2637],[-9.8681,54.2685],[-9.8692,54.2732],[-9.8508,54.2757],[-9.8402,54.2821],[-9.8314,54.2804],[-9.8136,54.2854],[-9.8108,54.2843],[-9.8119,54.2818],[-9.8081,54.2809],[-9.8031,54.2693],[-9.7825,54.2654],[-9.7825,54.2635],[-9.7797,54.2646],[-9.7653,54.2562],[-9.7547,54.2551],[-9.7514,54.2524],[-9.7447,54.2535],[-9.7442,54.2568],[-9.7386,54.2565],[-9.7319,54.2599],[-9.7397,54.2579],[-9.7464,54.259],[-9.7481,54.2574],[-9.7464,54.2551],[-9.7508,54.2546],[-9.7625,54.2649],[-9.7719,54.2685],[-9.7853,54.2699],[-9.8036,54.2768],[-9.8058,54.2804],[-9.8031,54.2829],[-9.8081,54.2863],[-9.8036,54.2938],[-9.7937,54.2938],[-9.7853,54.2851],[-9.7664,54.2829],[-9.7642,54.2807],[-9.7664,54.2843],[-9.7764,54.2868],[-9.7775,54.2901],[-9.7831,54.2901],[-9.7819,54.2924],[-9.7903,54.2969],[-9.8047,54.2968],[-9.8092,54.2957],[-9.8086,54.2935],[-9.8125,54.2912],[-9.8175,54.291],[-9.8342,54.3007],[-9.8419,54.3013],[-9.8458,54.2957],[-9.8469,54.2976],[-9.8431,54.3015],[-9.8442,54.3032],[-9.8636,54.3021],[-9.8631,54.3063],[-9.8558,54.3068],[-9.8564,54.3132],[-9.8619,54.3174],[-9.8597,54.3185],[-9.8614,54.3201],[-9.8597,54.3241],[-9.8481,54.3243],[-9.8425,54.3279],[-9.8369,54.3257],[-9.8392,54.3301],[-9.8308,54.331],[-9.8225,54.3351],[-9.8225,54.3396],[-9.8147,54.3382],[-9.8142,54.3413],[-9.8086,54.3407],[-9.8058,54.3446],[-9.7919,54.3385],[-9.7875,54.3426],[-9.7897,54.3449],[-9.7819,54.3465],[-9.7836,54.3438],[-9.7769,54.3429],[-9.7831,54.3371],[-9.7825,54.3315],[-9.7797,54.3318],[-9.7753,54.3399],[-9.7708,54.3357],[-9.7508,54.341],[-9.7481,54.3399],[-9.7525,54.3374],[-9.7458,54.3368],[-9.7458,54.3329],[-9.7425,54.3285],[-9.7397,54.3296],[-9.7403,54.3274],[-9.7325,54.3293],[-9.7292,54.3271],[-9.7253,54.3299],[-9.7181,54.3274],[-9.7203,54.3251],[-9.7103,54.3237],[-9.7108,54.3193],[-9.7069,54.3215],[-9.7075,54.3243],[-9.7031,54.3232],[-9.7036,54.3213],[-9.6953,54.3227],[-9.6941,54.3193],[-9.6892,54.3207],[-9.6881,54.3182],[-9.6855,54.3199],[-9.6769,54.3171],[-9.6697,54.3213],[-9.6708,54.3201],[-9.668,54.3185],[-9.6625,54.3191],[-9.6614,54.3143],[-9.6575,54.317],[-9.6497,54.3174],[-9.6453,54.321],[-9.6464,54.3235],[-9.6403,54.3274],[-9.6358,54.3274],[-9.6342,54.3246],[-9.6369,54.3243],[-9.6364,54.3213],[-9.6264,54.3263],[-9.6181,54.3271],[-9.6092,54.3237],[-9.5908,54.3246],[-9.5908,54.3229],[-9.5814,54.3204],[-9.5775,54.3246],[-9.5741,54.3241],[-9.5736,54.3215],[-9.5608,54.3241],[-9.5625,54.3143],[-9.5525,54.3127],[-9.5525,54.311],[-9.5469,54.3163],[-9.5331,54.3182],[-9.5319,54.3118],[-9.5297,54.3105],[-9.5103,54.3108],[-9.5036,54.3149],[-9.5053,54.3187],[-9.4981,54.3207],[-9.4964,54.3179],[-9.4903,54.3162],[-9.4797,54.3182],[-9.4536,54.3074],[-9.4492,54.3118],[-9.4414,54.3096],[-9.4192,54.3118],[-9.4069,54.3088],[-9.4025,54.3107],[-9.3902,54.3071],[-9.3892,54.3005],[-9.3908,54.2991],[-9.3825,54.2943],[-9.3775,54.296],[-9.3725,54.3015],[-9.3742,54.3051],[-9.3714,54.3093],[-9.3664,54.3107],[-9.3642,54.3076],[-9.3603,54.3082],[-9.3647,54.3115],[-9.3586,54.3162],[-9.3603,54.3174],[-9.3525,54.3204],[-9.3508,54.3185],[-9.3458,54.3201],[-9.3497,54.3251],[-9.3492,54.3277],[-9.3419,54.3274],[-9.3286,54.3187],[-9.2997,54.3157],[-9.2903,54.3121],[-9.2664,54.3107],[-9.2575,54.3068],[-9.2469,54.2968],[-9.2497,54.2915],[-9.2481,54.2907],[-9.2553,54.2812],[-9.2547,54.2726],[-9.2519,54.271],[-9.2419,54.2715],[-9.2414,54.2771],[-9.2453,54.2804],[-9.2331,54.2787],[-9.2397,54.2804],[-9.2386,54.2819],[-9.2275,54.2801],[-9.2192,54.2885],[-9.2147,54.2885],[-9.2092,54.2832],[-9.2075,54.2721],[-9.2142,54.2649],[-9.2142,54.261],[-9.2158,54.2613],[-9.2125,54.256],[-9.2136,54.2501],[-9.2275,54.241],[-9.2319,54.2405],[-9.2342,54.2363],[-9.2425,54.2371],[-9.2581,54.2313],[-9.2575,54.229],[-9.2642,54.2279],[-9.2558,54.2279],[-9.2553,54.2318],[-9.2508,54.2315],[-9.2419,54.236],[-9.2358,54.2357],[-9.2347,54.2326],[-9.2286,54.2343],[-9.2219,54.2396],[-9.2158,54.2401],[-9.2158,54.2454],[-9.1947,54.2474],[-9.1914,54.2385],[-9.1953,54.2354],[-9.1942,54.2337],[-9.1986,54.2321],[-9.1964,54.2296],[-9.2075,54.224],[-9.2086,54.2279],[-9.2025,54.2329],[-9.2086,54.2313],[-9.2147,54.2271],[-9.2125,54.2204],[-9.2242,54.2171],[-9.2136,54.2182],[-9.2114,54.2157],[-9.2153,54.2163],[-9.2186,54.2126],[-9.2081,54.2093],[-9.1819,54.2079],[-9.1736,54.2043],[-9.1731,54.2015],[-9.1603,54.2021],[-9.1569,54.1954],[-9.1641,54.1905],[-9.1431,54.1837],[-9.1458,54.176],[-9.1414,54.1732],[-9.1391,54.1662],[-9.1403,54.1626],[-9.1431,54.1618],[-9.1403,54.1571],[-9.1442,54.1562],[-9.1397,54.146],[-9.1419,54.1407],[-9.1392,54.1368],[-9.1397,54.1307],[-9.1431,54.1274],[-9.1414,54.121],[-9.1414,54.1265],[-9.138,54.1307],[-9.0849,54.1447],[-9.0399,54.1519],[-8.9634,54.1455],[-8.9571,54.1365],[-8.9571,54.1213],[-8.9607,54.1033],[-8.9814,54.0807],[-9.0246,54.0483],[-9.0282,54.0367],[-9.0273,54.0303],[-8.9878,54.0307],[-8.9684,54.0257],[-8.9619,54.0193],[-8.9533,54.0177],[-8.9136,54.0177],[-8.892,54.0099],[-8.8661,53.9883],[-8.8502,53.9781],[-8.8351,53.9725],[-8.8214,53.9725],[-8.8077,53.9817],[-8.7824,53.9883],[-8.7645,53.9883],[-8.6613,54.0257],[-8.6123,54.0129],[-8.5967,54.0037],[-8.5904,53.9945],[-8.5904,53.9681],[-8.6667,53.9656],[-8.6826,53.9587],[-8.6856,53.9543],[-8.6856,53.9489],[-8.6166,53.9033],[-8.6082,53.8942],[-8.6082,53.8859],[-8.6136,53.8775],[-8.6287,53.8723],[-8.6902,53.8745],[-8.6963,53.8639],[-8.6963,53.8502],[-8.7023,53.8365],[-8.7145,53.8191],[-8.7084,53.8115],[-8.6925,53.8016],[-8.6788,53.7857],[-8.6758,53.7758],[-8.6766,53.7667],[-8.6925,53.7538],[-8.6963,53.7462],[-8.6963,53.7227],[-8.7046,53.7151],[-8.7365,53.7045],[-8.7464,53.6991],[-8.7494,53.6931],[-8.7885,53.6805],[-8.8128,53.6641],[-8.8383,53.6541],[-8.862,53.6468],[-8.9258,53.6456],[-8.9391,53.6407],[-8.9513,53.6329],[-8.9834,53.6219],[-9.0028,53.5819],[-9.0199,53.5642],[-9.052,53.5451],[-9.0545,53.5336],[-9.0618,53.5208],[-9.0709,53.5117],[-9.1037,53.4898],[-9.117,53.4868],[-9.2033,53.4874],[-9.2293,53.5045],[-9.2433,53.5191],[-9.2573,53.5427],[-9.2919,53.5467],[-9.3131,53.5467],[-9.3265,53.5443],[-9.3423,53.5375],[-9.3891,53.5351],[-9.4358,53.5521],[-9.4601,53.5683],[-9.5558,53.6143],[-9.6106,53.6327],[-9.6267,53.6327],[-9.6498,53.6251],[-9.6836,53.6082],[-9.6975,53.604],[-9.7414,53.6018],[-9.7542,53.6055],[-9.7742,53.6007],[-9.7897,53.6032],[-9.8058,53.6118],[-9.8303,53.6185],[-9.838,53.6229],[-9.8575,53.6249],[-9.8625,53.629],[-9.8825,53.6335],[-9.8736,53.6335],[-9.8719,53.6354],[-9.873,53.6382],[-9.8781,53.6396],[-9.8781,53.6418],[-9.8842,53.6418],[-9.8886,53.6446],[-9.8808,53.646],[-9.8792,53.6474],[-9.8808,53.6496],[-9.8936,53.6485],[-9.9147,53.6529],[-9.913,53.6546],[-9.9158,53.6563],[-9.9158,53.6599],[-9.9125,53.6665],[-9.9086,53.6699],[-9.9025,53.6679],[-9.9019,53.6715],[-9.9064,53.6721],[-9.9064,53.6779],[-9.9225,53.6896],[-9.9181,53.6918],[-9.9219,53.6971],[-9.913,53.7001],[-9.9108,53.7079],[-9.913,53.7129],[-9.8997,53.7224],[-9.8942,53.7355],[-9.8941,53.7396],[-9.9008,53.7443],[-9.8981,53.7455],[-9.8991,53.7499],[-9.9125,53.7521],[-9.9086,53.7546],[-9.9092,53.7571],[-9.9052,53.7585],[-9.9081,53.7599],[-9.9058,53.7632],[-9.8947,53.7657],[-9.8819,53.7637],[-9.8536,53.771],[-9.8225,53.7704],[-9.8192,53.7743],[-9.8125,53.7746],[-9.8036,53.7799],[-9.7819,53.7829],[-9.7692,53.7823],[-9.7697,53.7768],[-9.7631,53.7746],[-9.7203,53.7762],[-9.7014,53.7796],[-9.6975,53.7826],[-9.6703,53.7868],[-9.6697,53.7896],[-9.6631,53.7882],[-9.6586,53.7907],[-9.6513,53.8005],[-9.6481,53.8005],[-9.6469,53.7971],[-9.6531,53.7957],[-9.6603,53.7876],[-9.6569,53.7821],[-9.6419,53.7824],[-9.6408,53.7851],[-9.6469,53.7876],[-9.6403,53.7899],[-9.6292,53.7876],[-9.6258,53.7846],[-9.6197,53.7868],[-9.6125,53.7832],[-9.6225,53.7787],[-9.6114,53.7793],[-9.6075,53.7801],[-9.6108,53.7863],[-9.6008,53.7871],[-9.5964,53.7938],[-9.5891,53.7943],[-9.5903,53.7882],[-9.5858,53.7865],[-9.5936,53.7876],[-9.5953,53.7843],[-9.6044,53.7857],[-9.6081,53.784],[-9.5842,53.781],[-9.5853,53.7854],[-9.5708,53.7882],[-9.5792,53.7901],[-9.5808,53.7926],[-9.5686,53.7918],[-9.5636,53.794],[-9.563,53.7957],[-9.5692,53.7962],[-9.5697,53.8001],[-9.5531,53.7974],[-9.5514,53.8007],[-9.5625,53.801],[-9.5503,53.8051],[-9.5681,53.8082],[-9.5719,53.8063],[-9.5636,53.8037],[-9.5669,53.8021],[-9.5841,53.8057],[-9.5897,53.8049],[-9.5869,53.8032],[-9.5881,53.8021],[-9.5975,53.8026],[-9.6014,53.8085],[-9.5903,53.8088],[-9.5936,53.8113],[-9.6036,53.8107],[-9.6058,53.8074],[-9.6069,53.8096],[-9.6158,53.8104],[-9.6331,53.8174],[-9.6147,53.8182],[-9.6025,53.8149],[-9.6186,53.8213],[-9.6275,53.8224],[-9.6275,53.8265],[-9.6203,53.8265],[-9.6153,53.8226],[-9.6058,53.8229],[-9.6186,53.8268],[-9.6197,53.8304],[-9.6047,53.8304],[-9.5992,53.8332],[-9.6025,53.8349],[-9.6131,53.8307],[-9.6214,53.8324],[-9.6136,53.8365],[-9.6136,53.8385],[-9.6192,53.8401],[-9.6169,53.8413],[-9.618,53.8449],[-9.5986,53.8482],[-9.5875,53.8462],[-9.5642,53.8471],[-9.5792,53.8471],[-9.6014,53.851],[-9.5919,53.8549],[-9.5947,53.8579],[-9.5803,53.8546],[-9.5881,53.8518],[-9.5869,53.8501],[-9.5725,53.849],[-9.5716,53.8507],[-9.5853,53.851],[-9.5797,53.8529],[-9.5647,53.8515],[-9.5636,53.8529],[-9.5731,53.8546],[-9.5625,53.8554],[-9.5647,53.8576],[-9.5903,53.8585],[-9.5653,53.8613],[-9.5586,53.856],[-9.5558,53.8563],[-9.5586,53.8607],[-9.563,53.8621],[-9.5775,53.8619],[-9.5736,53.8654],[-9.5669,53.8649],[-9.5653,53.8669],[-9.5847,53.8668],[-9.5892,53.8649],[-9.6025,53.8663],[-9.5892,53.8685],[-9.5975,53.8707],[-9.5908,53.8749],[-9.5875,53.8737],[-9.5886,53.8713],[-9.5864,53.8696],[-9.5808,53.8682],[-9.5786,53.869],[-9.5825,53.871],[-9.5786,53.8724],[-9.5569,53.8749],[-9.5836,53.8737],[-9.5864,53.8743],[-9.5864,53.8768],[-9.5936,53.8779],[-9.5803,53.8765],[-9.5781,53.8793],[-9.5636,53.8785],[-9.5664,53.8815],[-9.5797,53.8796],[-9.5875,53.881],[-9.5775,53.8826],[-9.5764,53.8849],[-9.5569,53.8851],[-9.5558,53.8865],[-9.5603,53.8882],[-9.5541,53.8899],[-9.5631,53.889],[-9.5608,53.8877],[-9.5619,53.8865],[-9.5813,53.886],[-9.5869,53.8849],[-9.5869,53.8832],[-9.6008,53.8824],[-9.5997,53.8846],[-9.5664,53.8904],[-9.5786,53.8935],[-9.5769,53.8954],[-9.5786,53.8971],[-9.5808,53.8971],[-9.5792,53.8935],[-9.5875,53.8879],[-9.5942,53.8882],[-9.5925,53.8915],[-9.5864,53.894],[-9.5886,53.8968],[-9.5997,53.8932],[-9.5986,53.891],[-9.6075,53.8913],[-9.6031,53.8887],[-9.6069,53.8871],[-9.6142,53.8882],[-9.6136,53.8931],[-9.6169,53.8937],[-9.6358,53.8887],[-9.6347,53.8921],[-9.6275,53.8949],[-9.6375,53.8954],[-9.6442,53.8915],[-9.6542,53.8904],[-9.6475,53.8885],[-9.6475,53.8868],[-9.6514,53.8865],[-9.6597,53.8904],[-9.6508,53.8937],[-9.6547,53.8949],[-9.6514,53.896],[-9.6536,53.899],[-9.6647,53.8949],[-9.6631,53.8918],[-9.6686,53.8901],[-9.6703,53.8951],[-9.6742,53.8963],[-9.6953,53.8946],[-9.6947,53.8965],[-9.6836,53.8974],[-9.6808,53.8999],[-9.6975,53.8974],[-9.7114,53.8996],[-9.7147,53.8957],[-9.7208,53.8951],[-9.7253,53.8963],[-9.7247,53.8985],[-9.7464,53.9013],[-9.7408,53.8949],[-9.7292,53.8943],[-9.7469,53.8904],[-9.7531,53.8918],[-9.7508,53.8937],[-9.7519,53.8954],[-9.7642,53.8976],[-9.7647,53.9001],[-9.7747,53.8988],[-9.7775,53.8963],[-9.7919,53.8957],[-9.8019,53.8849],[-9.8197,53.8754],[-9.8753,53.8643],[-9.893,53.8657],[-9.9058,53.8613],[-9.918,53.8691],[-9.9442,53.8707],[-9.9442,53.8732],[-9.9353,53.8715],[-9.9414,53.8754],[-9.9414,53.8777],[-9.9353,53.8763],[-9.9297,53.879],[-9.9325,53.881],[-9.9319,53.8846],[-9.9247,53.8871],[-9.9236,53.8896],[-9.9247,53.8951],[-9.9275,53.8963],[-9.9314,53.9046],[-9.9308,53.9124],[-9.9153,53.9179],[-9.9153,53.9221],[-9.9036,53.9329],[-9.9219,53.9318],[-9.9275,53.9251],[-9.9403,53.9219],[-9.9392,53.9199],[-9.9325,53.9212],[-9.9314,53.9171],[-9.9392,53.9135],[-9.9458,53.916],[-9.9564,53.9104],[-9.9553,53.9079],[-9.9536,53.9107],[-9.9425,53.9101],[-9.9364,53.8971],[-9.9431,53.8876],[-9.9436,53.8829],[-9.9486,53.8779],[-9.9442,53.8749],[-9.9608,53.874],[-9.9836,53.884],[-9.9836,53.8863],[-9.9942,53.8887],[-9.9953,53.8927],[-10.0031,53.8976],[-9.9942,53.9026],[-10.0158,53.9126],[-10.0164,53.9154],[-10.0197,53.9162],[-10.0197,53.921],[-10.0231,53.9174],[-10.0252,53.9207],[-10.0292,53.9199],[-10.0375,53.914],[-10.0536,53.9137],[-10.0536,53.9162],[-10.0569,53.9169],[-10.0558,53.9215],[-10.0592,53.9224],[-10.0597,53.9249],[-10.0564,53.9274],[-10.0564,53.9388],[-10.0525,53.9418],[-10.0553,53.9443],[-10.0514,53.9485],[-10.0531,53.954],[-10.0453,53.9571],[-10.0453,53.959],[-10.0497,53.9635],[-10.0664,53.9718],[-10.0853,53.9719],[-10.1008,53.9615],[-10.1097,53.9649],[-10.1164,53.9596],[-10.1192,53.9604],[-10.1203,53.969],[-10.1253,53.9738],[-10.1542,53.9651],[-10.1886,53.9693],[-10.1936,53.966],[-10.1892,53.964],[-10.1875,53.9604],[-10.1981,53.9601],[-10.2353,53.9729],[-10.2381,53.9774],[-10.2592,53.9735],[-10.2575,53.9763],[-10.2392,53.9832],[-10.2225,53.9824],[-10.188,53.9963],[-10.1869,53.9991],[-10.1903,53.9996],[-10.1892,54.0032],[-10.1925,54.0057],[-10.1892,54.0157],[-10.183,54.0149],[-10.1714,54.0076],[-10.148,54.0099],[-10.1441,54.0085],[-10.1436,54.0021],[-10.1358,54.0004],[-10.1231,54.0024],[-10.1008,54.0007],[-10.0986,54.0093],[-10.0892,54.0143],[-10.0853,54.0135],[-10.0825,54.0193],[-10.0708,54.024],[-10.0442,54.0246],[-10.0264,54.0126],[-10.0142,54.0174],[-10.0092,54.0151],[-10.0031,54.0154],[-10.0025,54.0176],[-9.9936,54.0143],[-9.9903,54.0176],[-9.9914,54.0213],[-9.9792,54.0224],[-9.978,54.0254],[-9.9803,54.029],[-9.9742,54.0307],[-9.9681,54.0285],[-9.9625,54.0207],[-9.9414,54.0124],[-9.9414,54.0099],[-9.9358,54.0074],[-9.9392,54.0024],[-9.9275,53.9946],[-9.9364,53.9927],[-9.9342,53.9907],[-9.9458,53.9913],[-9.9575,53.9888],[-9.9447,53.9807],[-9.9514,53.981],[-9.9536,53.9782],[-9.9508,53.9746],[-9.9553,53.9732],[-9.9519,53.9715],[-9.9508,53.9632],[-9.9603,53.9565],[-9.9575,53.951],[-9.9664,53.951],[-9.9541,53.9501],[-9.9558,53.9546],[-9.9403,53.9604],[-9.9464,53.9643],[-9.9436,53.966],[-9.9297,53.9621],[-9.9225,53.9651],[-9.9136,53.9635],[-9.9142,53.961],[-9.9242,53.9565],[-9.9225,53.954],[-9.9181,53.9543],[-9.9197,53.9518],[-9.9253,53.9518],[-9.9258,53.9479],[-9.9231,53.9449],[-9.9242,53.9404],[-9.9303,53.9357],[-9.9353,53.9382],[-9.9342,53.9365],[-9.938,53.9351],[-9.9369,53.9326],[-9.9392,53.9307],[-9.9253,53.9318],[-9.9169,53.9357],[-9.9192,53.9396],[-9.9164,53.9446],[-9.9131,53.9412],[-9.9069,53.9432],[-9.9058,53.9512],[-9.9103,53.9549],[-9.9081,53.9579],[-9.9031,53.9532],[-9.8986,53.9551],[-9.8875,53.9532],[-9.8858,53.9582],[-9.8792,53.9579],[-9.8781,53.956],[-9.8714,53.9588],[-9.8436,53.9574],[-9.838,53.9604],[-9.8325,53.9562],[-9.8342,53.9526],[-9.8303,53.9521],[-9.8286,53.949],[-9.8186,53.946],[-9.8031,53.9504],[-9.7986,53.9477],[-9.7992,53.9404],[-9.7969,53.9388],[-9.8019,53.9376],[-9.8003,53.9324],[-9.7964,53.9307],[-9.8025,53.9265],[-9.8134,53.931],[-9.8153,53.9276],[-9.8086,53.9238],[-9.8047,53.9135],[-9.7931,53.9124],[-9.7969,53.9232],[-9.7942,53.9238],[-9.7947,53.9263],[-9.7908,53.9265],[-9.7936,53.9313],[-9.7919,53.9374],[-9.7953,53.9399],[-9.7942,53.9429],[-9.7908,53.9435],[-9.792,53.9468],[-9.7975,53.9493],[-9.7936,53.9568],[-9.7992,53.9604],[-9.8019,53.9601],[-9.8019,53.9571],[-9.8075,53.9576],[-9.8053,53.9613],[-9.7986,53.9624],[-9.8019,53.9721],[-9.8086,53.9732],[-9.8053,53.9679],[-9.8097,53.9632],[-9.8269,53.9663],[-9.8219,53.9626],[-9.8175,53.9632],[-9.8147,53.9599],[-9.8136,53.9538],[-9.8175,53.9496],[-9.8225,53.9507],[-9.8208,53.9529],[-9.822,53.9579],[-9.8303,53.9607],[-9.8291,53.9635],[-9.8336,53.9649],[-9.8292,53.966],[-9.8308,53.9679],[-9.8375,53.9665],[-9.8369,53.9632],[-9.8408,53.9618],[-9.8525,53.9668],[-9.8514,53.9715],[-9.8469,53.9735],[-9.8503,53.9779],[-9.8486,53.9799],[-9.8503,53.9829],[-9.8481,53.984],[-9.8503,53.989],[-9.8486,53.9955],[-9.8347,53.9927],[-9.8325,53.991],[-9.8325,53.9863],[-9.8269,53.9893],[-9.8275,53.9915],[-9.8442,54.0007],[-9.8514,53.9996],[-9.8514,54.0013],[-9.8642,54.0045],[-9.8758,54.0057],[-9.8842,54.0037],[-9.8858,53.9996],[-9.8908,53.9979],[-9.8897,53.9932],[-9.8931,53.9904],[-9.8919,53.9837],[-9.8947,53.9843],[-9.8941,53.9871],[-9.8986,53.9915],[-9.9042,53.9913],[-9.9025,53.9885],[-9.9042,53.9857],[-9.9081,53.9871],[-9.9086,53.9843],[-9.9175,53.9849],[-9.9186,53.9896],[-9.9231,53.9907],[-9.9225,53.9932],[-9.9258,53.9949],[-9.9114,54.0021],[-9.8958,54.0015],[-9.8925,54.0041],[-9.8869,54.0037],[-9.8842,54.0071],[-9.8792,54.0071],[-9.8831,54.0135],[-9.8797,54.0135],[-9.8775,54.0168],[-9.8814,54.0171],[-9.8814,54.0215],[-9.8931,54.0254],[-9.8964,54.024],[-9.8897,54.021],[-9.8897,54.0168],[-9.8919,54.0107],[-9.8953,54.0115],[-9.8925,54.0135],[-9.8975,54.0187],[-9.898,54.0277],[-9.9008,54.0321],[-9.9097,54.0363],[-9.9075,54.0385],[-9.9097,54.0482],[-9.8981,54.0485],[-9.8919,54.0515],[-9.8919,54.0551],[-9.8891,54.0574],[-9.8908,54.0668],[-9.8864,54.0701],[-9.8841,54.0699],[-9.8842,54.0671],[-9.8753,54.0568],[-9.8636,54.0551],[-9.8631,54.0568],[-9.8669,54.0588],[-9.8669,54.0627],[-9.8592,54.0638],[-9.8569,54.0699],[-9.8475,54.0719],[-9.8558,54.0718],[-9.8614,54.0682],[-9.8792,54.0704],[-9.8692,54.0729],[-9.8675,54.0804],[-9.8719,54.0835],[-9.8475,54.0871],[-9.8475,54.0896],[-9.8375,54.0929],[-9.8547,54.0954],[-9.8492,54.0968],[-9.8531,54.099],[-9.8497,54.1004],[-9.8503,54.1026],[-9.8558,54.101],[-9.8636,54.1063],[-9.8391,54.109],[-9.8514,54.1113],[-9.8525,54.1135],[-9.8681,54.1096]]],[[[-9.7203,54.3354],[-9.7175,54.3312],[-9.7219,54.3293],[-9.7203,54.3354]]],[[[-9.8664,54.3293],[-9.8647,54.3299],[-9.8608,54.3246],[-9.8692,54.3268],[-9.8664,54.3293]]],[[[-9.8581,54.3282],[-9.8547,54.3268],[-9.8575,54.3257],[-9.8581,54.3282]]],[[[-10.0569,54.2904],[-10.0525,54.289],[-10.0575,54.2885],[-10.0569,54.2904]]],[[[-10.0914,54.2851],[-10.0864,54.2815],[-10.0947,54.2821],[-10.0914,54.2851]]],[[[-10.0847,54.2804],[-10.0797,54.2793],[-10.0825,54.2776],[-10.0847,54.2804]]],[[[-9.1953,54.2235],[-9.1525,54.2149],[-9.1392,54.201],[-9.1475,54.1999],[-9.1503,54.2026],[-9.1475,54.2041],[-9.1486,54.2057],[-9.1619,54.2121],[-9.1969,54.2221],[-9.1953,54.2235]]],[[[-9.9031,54.2199],[-9.9003,54.219],[-9.9031,54.2199]]],[[[-10.1153,54.2185],[-10.1103,54.2168],[-10.1158,54.2157],[-10.1153,54.2185]]],[[[-10.1314,54.2145],[-10.1275,54.2107],[-10.1169,54.2085],[-10.1364,54.2104],[-10.1342,54.2146],[-10.1314,54.2145]]],[[[-10.1353,54.2035],[-10.133,54.2001],[-10.1414,54.2004],[-10.1397,54.2035],[-10.1353,54.2035]]],[[[-10.1553,54.1993],[-10.1525,54.1982],[-10.1564,54.1971],[-10.1553,54.1993]]],[[[-9.1436,54.1985],[-9.1414,54.1982],[-9.1425,54.1965],[-9.1486,54.1968],[-9.1436,54.1985]]],[[[-9.1519,54.1954],[-9.1469,54.1918],[-9.1508,54.1924],[-9.1519,54.1954]]],[[[-9.1453,54.1899],[-9.1414,54.1871],[-9.1469,54.1885],[-9.1453,54.1899]]],[[[-9.1419,54.1767],[-9.1397,54.1763],[-9.1408,54.1743],[-9.1447,54.1754],[-9.1419,54.1767]]],[[[-10.1864,54.1618],[-10.1836,54.1621],[-10.1847,54.1607],[-10.1925,54.1585],[-10.1903,54.1618],[-10.1864,54.1618]]],[[[-10.1986,54.1576],[-10.1947,54.1576],[-10.1931,54.1529],[-10.1997,54.1543],[-10.1986,54.1576]]],[[[-10.1981,54.1481],[-10.1964,54.1457],[-10.2019,54.1424],[-10.1919,54.1435],[-10.1936,54.1404],[-10.1831,54.1368],[-10.1853,54.1327],[-10.1791,54.1313],[-10.1775,54.1279],[-10.1953,54.1313],[-10.2019,54.1249],[-10.2069,54.1255],[-10.2064,54.1282],[-10.2114,54.1324],[-10.2075,54.1343],[-10.2103,54.1362],[-10.2091,54.141],[-10.2131,54.1446],[-10.2108,54.1451],[-10.2125,54.1471],[-10.1981,54.1481]]],[[[-10.2136,54.1257],[-10.2058,54.1241],[-10.2064,54.1218],[-10.2036,54.1204],[-10.1986,54.1205],[-10.2008,54.1174],[-10.2064,54.1193],[-10.2058,54.1124],[-10.2152,54.1137],[-10.2169,54.1115],[-10.2242,54.1115],[-10.2236,54.1076],[-10.2347,54.1026],[-10.2414,54.1054],[-10.2381,54.1068],[-10.2403,54.1079],[-10.2386,54.1099],[-10.2331,54.109],[-10.2375,54.1113],[-10.2331,54.1154],[-10.2269,54.116],[-10.2203,54.1207],[-10.2214,54.1227],[-10.2136,54.1257]]],[[[-10.2364,54.0988],[-10.2319,54.0971],[-10.2353,54.0963],[-10.2364,54.0988]]],[[[-10.1258,54.0896],[-10.1231,54.089],[-10.1281,54.0871],[-10.1325,54.0885],[-10.1258,54.0896]]],[[[-10.1414,54.0887],[-10.1347,54.0874],[-10.1414,54.0887]]],[[[-10.1503,54.0807],[-10.1375,54.0777],[-10.1575,54.0762],[-10.1586,54.0777],[-10.1503,54.0807]]],[[[-10.1725,54.079],[-10.1614,54.0765],[-10.1608,54.0724],[-10.1636,54.0713],[-10.1703,54.0718],[-10.1742,54.0687],[-10.1942,54.0715],[-10.1919,54.0745],[-10.1797,54.0741],[-10.1725,54.079]]],[[[-10.3214,54.0685],[-10.3119,54.066],[-10.3219,54.0654],[-10.3236,54.0677],[-10.3214,54.0685]]],[[[-9.8719,53.9971],[-9.8681,53.9974],[-9.8686,53.9924],[-9.8719,53.9932],[-9.8719,53.9971]]],[[[-9.8658,53.9947],[-9.8658,53.9965],[-9.8619,53.9965],[-9.8586,53.9946],[-9.8542,53.9874],[-9.8547,53.9729],[-9.8725,53.9682],[-9.8675,53.9774],[-9.8758,53.9843],[-9.8736,53.9868],[-9.8769,53.9899],[-9.8675,53.9882],[-9.8658,53.9947]]],[[[-9.8492,53.9634],[-9.8486,53.961],[-9.8514,53.9607],[-9.8492,53.9634]]],[[[-10.1636,53.9604],[-10.1614,53.9599],[-10.1658,53.959],[-10.1636,53.9604]]],[[[-10.0986,53.9595],[-10.0975,53.9562],[-10.1036,53.9574],[-10.0986,53.9595]]],[[[-9.7075,53.8963],[-9.7025,53.8954],[-9.7036,53.8935],[-9.7136,53.8946],[-9.7075,53.8963]]],[[[-9.6975,53.894],[-9.6881,53.8915],[-9.7003,53.8896],[-9.6969,53.8913],[-9.6975,53.894]]],[[[-9.6825,53.8939],[-9.6781,53.8929],[-9.6819,53.8921],[-9.6847,53.8935],[-9.6825,53.8939]]],[[[-9.7231,53.8913],[-9.7225,53.8863],[-9.7247,53.8832],[-9.7325,53.8849],[-9.7425,53.8818],[-9.7231,53.8913]]],[[[-9.6792,53.8915],[-9.6742,53.891],[-9.6714,53.8879],[-9.6842,53.8879],[-9.6792,53.8915]]],[[[-9.7114,53.8901],[-9.7008,53.8868],[-9.7103,53.886],[-9.7131,53.8879],[-9.7114,53.8901]]],[[[-9.6231,53.8882],[-9.6153,53.8874],[-9.6225,53.8865],[-9.6231,53.8882]]],[[[-9.6636,53.8874],[-9.6619,53.8874],[-9.6636,53.8849],[-9.6719,53.8849],[-9.668,53.8877],[-9.6636,53.8874]]],[[[-9.6281,53.8877],[-9.6464,53.8843],[-9.6281,53.8877]]],[[[-9.6947,53.8854],[-9.6858,53.8841],[-9.6908,53.8824],[-9.6953,53.8832],[-9.6947,53.8854]]],[[[-9.7108,53.8838],[-9.7047,53.8807],[-9.7119,53.8801],[-9.7136,53.8827],[-9.7108,53.8838]]],[[[-9.6592,53.884],[-9.6519,53.8829],[-9.6592,53.884]]],[[[-9.6142,53.8831],[-9.6086,53.8826],[-9.6192,53.8815],[-9.6142,53.8831]]],[[[-9.6842,53.8829],[-9.6786,53.8818],[-9.6842,53.8829]]],[[[-9.7258,53.8801],[-9.7314,53.881],[-9.7253,53.8821],[-9.7258,53.8801]]],[[[-9.6503,53.8812],[-9.6447,53.8801],[-9.6503,53.8812]]],[[[-9.6281,53.8807],[-9.6208,53.8791],[-9.6281,53.8779],[-9.6281,53.8807]]],[[[-9.5925,53.8801],[-9.6008,53.8787],[-9.5925,53.8801]]],[[[-9.6892,53.8803],[-9.6875,53.8801],[-9.6886,53.8779],[-9.6919,53.8793],[-9.6892,53.8803]]],[[[-9.6997,53.8799],[-9.6936,53.8793],[-9.6992,53.8779],[-9.6997,53.8799]]],[[[-9.6797,53.8793],[-9.6736,53.8782],[-9.6797,53.8793]]],[[[-9.6553,53.8789],[-9.6508,53.876],[-9.6564,53.8763],[-9.6553,53.8789]]],[[[-9.6314,53.8771],[-9.6258,53.876],[-9.6314,53.8771]]],[[[-9.5997,53.8771],[-9.5964,53.8754],[-9.6075,53.8757],[-9.5997,53.8771]]],[[[-9.6875,53.8768],[-9.6836,53.876],[-9.6886,53.8751],[-9.6897,53.8763],[-9.6875,53.8768]]],[[[-9.7042,53.8768],[-9.7014,53.8749],[-9.713,53.8729],[-9.7103,53.8763],[-9.7042,53.8768]]],[[[-9.6414,53.8741],[-9.6491,53.8751],[-9.6414,53.8741]]],[[[-9.6753,53.8746],[-9.6708,53.8743],[-9.6708,53.8727],[-9.6753,53.8746]]],[[[-9.6553,53.874],[-9.6514,53.8729],[-9.6553,53.874]]],[[[-10.2069,53.8737],[-10.2019,53.8737],[-10.2058,53.8713],[-10.2119,53.8729],[-10.2069,53.8737]]],[[[-9.9631,53.8731],[-9.9497,53.8718],[-9.943,53.8688],[-9.9442,53.8657],[-9.948,53.8649],[-9.943,53.8627],[-9.943,53.8571],[-9.9608,53.8607],[-9.9553,53.8632],[-9.9569,53.8651],[-9.9719,53.8668],[-9.9664,53.8683],[-9.9675,53.8729],[-9.9631,53.8731]]],[[[-9.6369,53.8731],[-9.6408,53.8718],[-9.6369,53.8731]]],[[[-9.6181,53.8718],[-9.6147,53.8707],[-9.6164,53.8696],[-9.6425,53.8696],[-9.6181,53.8718]]],[[[-9.6331,53.8676],[-9.6286,53.866],[-9.6369,53.866],[-9.6331,53.8676]]],[[[-9.6564,53.8671],[-9.6536,53.8657],[-9.6597,53.8646],[-9.6564,53.8671]]],[[[-9.6264,53.866],[-9.6203,53.8643],[-9.6264,53.866]]],[[[-9.5875,53.8635],[-9.5814,53.8624],[-9.5881,53.8613],[-9.5897,53.8627],[-9.5875,53.8635]]],[[[-9.6003,53.8621],[-9.5925,53.8613],[-9.5958,53.859],[-9.6086,53.8624],[-9.6003,53.8621]]],[[[-9.6192,53.8617],[-9.6158,53.8605],[-9.6203,53.8601],[-9.6214,53.8619],[-9.6192,53.8617]]],[[[-9.6314,53.8617],[-9.628,53.8601],[-9.6297,53.859],[-9.6381,53.8596],[-9.6314,53.8617]]],[[[-9.6508,53.8599],[-9.6519,53.856],[-9.6597,53.8568],[-9.6575,53.8599],[-9.6508,53.8599]]],[[[-9.6708,53.8596],[-9.6658,53.8587],[-9.668,53.8576],[-9.6664,53.8551],[-9.6742,53.8569],[-9.6708,53.8596]]],[[[-9.6136,53.8585],[-9.6069,53.8582],[-9.6058,53.8549],[-9.6147,53.8543],[-9.6158,53.856],[-9.6136,53.8585]]],[[[-9.6258,53.8559],[-9.6225,53.8543],[-9.6269,53.8546],[-9.6258,53.8559]]],[[[-9.6319,53.854],[-9.6047,53.8504],[-9.6208,53.8462],[-9.6253,53.8513],[-9.6342,53.8526],[-9.6319,53.854]]],[[[-9.6741,53.8389],[-9.6697,53.8457],[-9.6781,53.8468],[-9.6747,53.8474],[-9.6764,53.8499],[-9.6692,53.854],[-9.6664,53.8535],[-9.6664,53.8499],[-9.6714,53.849],[-9.6697,53.8471],[-9.6502,53.8513],[-9.6425,53.8507],[-9.6503,53.8479],[-9.6614,53.8477],[-9.6669,53.8449],[-9.6697,53.8387],[-9.6575,53.8455],[-9.6436,53.8482],[-9.6358,53.8465],[-9.6481,53.8465],[-9.6547,53.8421],[-9.6597,53.8424],[-9.6525,53.8396],[-9.677,53.8349],[-9.6747,53.831],[-9.6814,53.8324],[-9.6825,53.8357],[-9.6741,53.8389]]],[[[-9.6569,53.8532],[-9.6514,53.8521],[-9.6569,53.8532]]],[[[-9.6258,53.8491],[-9.6236,53.8476],[-9.6336,53.8471],[-9.6258,53.8491]]],[[[-9.6797,53.8473],[-9.6864,53.8463],[-9.6797,53.8473]]],[[[-9.6319,53.8459],[-9.6269,53.8449],[-9.6319,53.8413],[-9.6403,53.8393],[-9.6464,53.841],[-9.6319,53.8459]]],[[[-9.6525,53.8343],[-9.6353,53.8387],[-9.6286,53.8365],[-9.6297,53.834],[-9.6275,53.8307],[-9.6303,53.829],[-9.6297,53.8265],[-9.6397,53.8265],[-9.6419,53.8277],[-9.6392,53.8288],[-9.6447,53.8301],[-9.6392,53.831],[-9.6342,53.8351],[-9.6525,53.8343]]],[[[-9.6269,53.8387],[-9.6214,53.8376],[-9.6269,53.8368],[-9.6269,53.8387]]],[[[-9.6525,53.8343],[-9.6514,53.8315],[-9.6603,53.8315],[-9.6525,53.8343]]],[[[-9.6631,53.8317],[-9.6608,53.8301],[-9.6619,53.8285],[-9.6692,53.826],[-9.6719,53.826],[-9.6736,53.8296],[-9.6631,53.8317]]],[[[-9.9628,53.7946],[-9.9925,53.7893],[-10.0164,53.7887],[-10.0241,53.7907],[-10.0469,53.7896],[-10.0569,53.7868],[-10.0469,53.7932],[-10.0508,53.7951],[-10.048,53.7985],[-10.0503,53.8027],[-10.0469,53.8051],[-10.0331,53.8099],[-10.0131,53.8112],[-9.9958,53.8157],[-9.9964,53.8179],[-9.9925,53.8193],[-9.9919,53.8229],[-9.9836,53.8293],[-9.9731,53.8257],[-9.9681,53.8165],[-9.9625,53.8126],[-9.9425,53.8121],[-9.9436,53.8088],[-9.9414,53.8068],[-9.9531,53.8015],[-9.9503,53.8007],[-9.9497,53.7976],[-9.9628,53.7946]]],[[[-9.6519,53.8267],[-9.6475,53.826],[-9.6497,53.8224],[-9.6453,53.8207],[-9.6581,53.8204],[-9.6581,53.8227],[-9.6519,53.8267]]],[[[-9.6314,53.8213],[-9.623,53.8199],[-9.6231,53.8182],[-9.6308,53.8182],[-9.6331,53.8199],[-9.6314,53.8213]]],[[[-9.6653,53.819],[-9.6631,53.8176],[-9.6719,53.816],[-9.6675,53.809],[-9.6642,53.8091],[-9.6664,53.8054],[-9.6708,53.8105],[-9.6753,53.8115],[-9.6753,53.8163],[-9.6653,53.819]]],[[[-9.6447,53.8189],[-9.6342,53.816],[-9.6481,53.8171],[-9.6497,53.8187],[-9.6447,53.8189]]],[[[-9.6558,53.8138],[-9.6581,53.8115],[-9.6558,53.8138]]],[[[-9.6397,53.8138],[-9.628,53.8135],[-9.6258,53.8124],[-9.6275,53.8107],[-9.6242,53.8093],[-9.6314,53.809],[-9.6386,53.8132],[-9.6442,53.8124],[-9.6447,53.8141],[-9.6397,53.8138]]],[[[-9.6597,53.8103],[-9.6519,53.8037],[-9.6592,53.8043],[-9.6597,53.8103]]],[[[-9.6303,53.8065],[-9.6269,53.8055],[-9.6275,53.8037],[-9.6364,53.8041],[-9.6303,53.8065]]],[[[-9.6497,53.8035],[-9.6453,53.8015],[-9.6508,53.8013],[-9.6497,53.8035]]],[[[-9.6403,53.801],[-9.6336,53.7985],[-9.6436,53.7974],[-9.6403,53.801]]],[[[-9.5758,53.7959],[-9.5736,53.7946],[-9.5781,53.7951],[-9.5758,53.7959]]],[[[-10.0008,53.7627],[-9.9969,53.7604],[-10.0008,53.7627]]],[[[-10.0375,53.7212],[-10.0247,53.7196],[-10.0214,53.7179],[-10.0208,53.714],[-10.0247,53.7124],[-10.0319,53.714],[-10.0397,53.7193],[-10.0375,53.7212]]],[[[-10.0903,53.7153],[-10.0797,53.7101],[-10.0902,53.7046],[-10.0875,53.6985],[-10.0914,53.6963],[-10.1336,53.6893],[-10.1408,53.6935],[-10.1381,53.6954],[-10.1397,53.6971],[-10.1369,53.6991],[-10.1381,53.7015],[-10.1297,53.7046],[-10.1275,53.7065],[-10.128,53.7099],[-10.1242,53.7126],[-10.1042,53.7107],[-10.0903,53.7153]]],[[[-10.0475,53.7107],[-10.0475,53.7129],[-10.0397,53.7113],[-10.0475,53.7107]]],[[[-10.0758,53.6821],[-10.0675,53.6813],[-10.0669,53.6791],[-10.0753,53.6779],[-10.0781,53.6807],[-10.0758,53.6821]]],[[[-9.9642,53.6643],[-9.9536,53.6624],[-9.9475,53.6576],[-9.9653,53.6629],[-9.9642,53.6643]]],[[[-9.9386,53.6559],[-9.9375,53.6537],[-9.9431,53.6551],[-9.9386,53.6559]]],[[[-9.9125,53.6439],[-9.9031,53.6401],[-9.9103,53.6396],[-9.9086,53.6374],[-9.9142,53.6362],[-9.9225,53.6379],[-9.9197,53.639],[-9.9225,53.641],[-9.9197,53.6418],[-9.9108,53.6393],[-9.9147,53.6427],[-9.9125,53.6439]]],[[[-9.8875,53.6254],[-9.8831,53.6246],[-9.8875,53.6254]]],[[[-9.9231,53.6145],[-9.9192,53.6129],[-9.9264,53.6129],[-9.9231,53.6145]]],[[[-9.9275,53.6113],[-9.9231,53.6107],[-9.9275,53.6113]]]]}},{"type":"Feature","properties":{"name":"Meath"},"geometry":{"type":"MultiPolygon","coordinates":[[[[-7.0321,53.514],[-7.0023,53.5488],[-6.9958,53.562],[-6.9958,53.5908],[-6.9892,53.6047],[-6.9776,53.6159],[-6.9598,53.6275],[-6.9629,53.6395],[-6.9838,53.6598],[-6.9946,53.6625],[-7.0568,53.6316],[-7.0622,53.6312],[-7.0657,53.6346],[-7.0735,53.6532],[-7.0789,53.6575],[-7.1376,53.6661],[-7.1906,53.6801],[-7.2161,53.6924],[-7.2509,53.7114],[-7.254,53.7152],[-7.2524,53.7388],[-7.2548,53.7481],[-7.2756,53.7817],[-7.2672,53.7884],[-7.2498,53.7826],[-7.23,53.771],[-7.2103,53.771],[-7.1859,53.7814],[-7.1429,53.7838],[-7.1034,53.7768],[-7.0778,53.7663],[-7.0267,53.7576],[-6.9558,53.7669],[-6.929,53.7832],[-6.9186,53.7971],[-6.9255,53.8111],[-6.9511,53.8355],[-6.9569,53.8518],[-6.9569,53.8634],[-6.943,53.875],[-6.9069,53.875],[-6.8651,53.8797],[-6.8163,53.8797],[-6.7791,53.8738],[-6.764,53.8843],[-6.7533,53.9003],[-6.7418,53.8923],[-6.7234,53.8893],[-6.6871,53.8754],[-6.6164,53.8615],[-6.6099,53.854],[-6.6039,53.8341],[-6.5865,53.8022],[-6.5616,53.7714],[-6.5442,53.7704],[-6.5184,53.7628],[-6.4897,53.7628],[-6.4856,53.7535],[-6.4856,53.7279],[-6.4815,53.7228],[-6.339,53.7228],[-6.3226,53.7279],[-6.296,53.7423],[-6.2765,53.7648],[-6.256,53.7771],[-6.2386,53.7787],[-6.2436,53.7699],[-6.2436,53.764],[-6.2475,53.761],[-6.2508,53.7285],[-6.2436,53.7199],[-6.2425,53.6946],[-6.2364,53.681],[-6.2392,53.6757],[-6.2358,53.6757],[-6.2325,53.6654],[-6.2269,53.6568],[-6.2219,53.6546],[-6.2131,53.6362],[-6.2646,53.6207],[-6.2797,53.6072],[-6.2857,53.5937],[-6.2873,53.583],[-6.2911,53.58],[-6.3417,53.589],[-6.3794,53.6026],[-6.393,53.5951],[-6.4081,53.5717],[-6.4081,53.5635],[-6.3922,53.5543],[-6.3688,53.5347],[-6.3333,53.5113],[-6.3205,53.4955],[-6.3205,53.4856],[-6.3349,53.4524],[-6.3681,53.4433],[-6.4149,53.4116],[-6.4313,53.3945],[-6.4535,53.3769],[-6.511,53.3871],[-6.5449,53.3857],[-6.599,53.4007],[-6.6307,53.4226],[-6.6692,53.4249],[-6.7553,53.4264],[-6.7651,53.4087],[-6.7855,53.3943],[-6.8036,53.3898],[-6.8406,53.3905],[-6.864,53.4011],[-6.9221,53.4623],[-6.9486,53.4774],[-7.0052,53.4993],[-7.0321,53.514]]]]}},{"type":"Feature","properties":{"name":"Monaghan"},"geometry":{"type":"MultiPolygon","coordinates":[[[[-6.6469,54.1877],[-6.6394,54.1827],[-6.6278,54.1664],[-6.626,54.1498],[-6.6456,54.1269],[-6.6433,54.1018],[-6.6614,54.0718],[-6.6411,54.0651],[-6.6274,54.0481],[-6.5922,54.0448],[-6.5845,54.0519],[-6.5718,54.0315],[-6.57,54.0056],[-6.5767,53.9921],[-6.5853,53.9872],[-6.6221,53.9866],[-6.6423,53.9682],[-6.6693,53.9174],[-6.6797,53.9094],[-6.6957,53.9081],[-6.7085,53.9045],[-6.7171,53.8984],[-6.7263,53.8977],[-6.7379,53.9026],[-6.7471,53.9039],[-6.7534,53.9019],[-6.771,53.9052],[-6.8082,53.9203],[-6.8512,53.9482],[-6.8895,53.9819],[-6.929,54.0087],[-6.9534,54.0168],[-7.0197,54.0796],[-7.036,54.0865],[-7.1127,54.0877],[-7.1196,54.0935],[-7.1266,54.0947],[-7.1336,54.0877],[-7.1464,54.0807],[-7.1882,54.0796],[-7.2579,54.0935],[-7.3079,54.1109],[-7.3218,54.122],[-7.3108,54.1188],[-7.3067,54.1332],[-7.3251,54.1429],[-7.3252,54.1489],[-7.3033,54.1661],[-7.2847,54.1719],[-7.2771,54.1694],[-7.2794,54.1568],[-7.292,54.1445],[-7.2834,54.1365],[-7.2979,54.1273],[-7.2851,54.1215],[-7.2741,54.1245],[-7.2526,54.1479],[-7.2511,54.1635],[-7.243,54.1707],[-7.2487,54.1907],[-7.2276,54.1965],[-7.2403,54.2052],[-7.2044,54.2196],[-7.1423,54.2273],[-7.1497,54.2725],[-7.1754,54.2758],[-7.1777,54.288],[-7.2021,54.2977],[-7.1951,54.3106],[-7.1755,54.3205],[-7.1732,54.3364],[-7.149,54.3377],[-7.1,54.3584],[-7.1022,54.371],[-7.0419,54.4159],[-7.0108,54.4163],[-7.0038,54.4192],[-6.9806,54.4148],[-6.9657,54.4019],[-6.9069,54.3755],[-6.9006,54.3524],[-6.869,54.3442],[-6.8503,54.2956],[-6.8517,54.2875],[-6.8539,54.2873],[-6.8586,54.2765],[-6.8278,54.2626],[-6.8099,54.2252],[-6.7964,54.2239],[-6.7778,54.2078],[-6.7497,54.2028],[-6.7361,54.1862],[-6.7312,54.1859],[-6.7092,54.2003],[-6.6872,54.2038],[-6.6628,54.1984],[-6.6469,54.1877]]]]}},{"type":"Feature","properties":{"name":"Offaly"},"geometry":{"type":"MultiPolygon","coordinates":[[[[-7.0972,53.1646],[-7.0975,53.1609],[-7.2036,53.1622],[-7.2184,53.1583],[-7.2605,53.1402],[-7.2656,53.1402],[-7.2857,53.1726],[-7.3141,53.1939],[-7.3548,53.2026],[-7.3755,53.2039],[-7.3898,53.202],[-7.3956,53.1916],[-7.402,53.1884],[-7.5042,53.189],[-7.5165,53.1813],[-7.5417,53.1813],[-7.5443,53.1768],[-7.5908,53.1648],[-7.618,53.1448],[-7.6199,53.1351],[-7.6186,53.1234],[-7.6024,53.1202],[-7.5863,53.1111],[-7.5649,53.1092],[-7.5578,53.106],[-7.5553,53.1001],[-7.5746,53.082],[-7.6167,53.0614],[-7.6354,53.0439],[-7.6535,53.0213],[-7.6761,53.0006],[-7.6884,52.9928],[-7.6923,52.9824],[-7.7054,52.9817],[-7.7159,52.9743],[-7.7422,52.9691],[-7.7955,52.9664],[-7.8225,52.9563],[-7.84,52.9273],[-7.8515,52.9131],[-7.8724,52.899],[-7.8913,52.8916],[-7.9021,52.8841],[-7.9135,52.8673],[-7.9223,52.8626],[-7.9338,52.8619],[-7.95,52.8653],[-7.9722,52.8862],[-7.9891,52.8976],[-8.0052,52.9023],[-8.0221,52.9219],[-8.0208,52.9307],[-7.9985,52.9462],[-7.9655,52.9482],[-7.9567,52.9529],[-7.9567,52.9866],[-7.9196,53.0487],[-7.9075,53.0642],[-7.9048,53.0925],[-7.9115,53.1026],[-7.9459,53.1235],[-7.9776,53.1276],[-7.9998,53.1356],[-8.0208,53.1451],[-8.0684,53.1757],[-8.0466,53.1855],[-7.9613,53.2108],[-7.9565,53.2162],[-7.9606,53.2251],[-8.0022,53.2572],[-8.0201,53.2615],[-8.0207,53.2655],[-8.0301,53.2771],[-8.0301,53.2907],[-8.0217,53.3033],[-7.9873,53.3228],[-7.9177,53.3497],[-7.9156,53.3534],[-7.9083,53.3476],[-7.889,53.3397],[-7.8555,53.329],[-7.8476,53.3226],[-7.8398,53.3226],[-7.8348,53.329],[-7.8226,53.3312],[-7.7677,53.329],[-7.7484,53.3319],[-7.7391,53.3419],[-7.7227,53.3519],[-7.7041,53.3583],[-7.6741,53.3654],[-7.6662,53.3654],[-7.6495,53.3596],[-7.6361,53.3614],[-7.6272,53.3802],[-7.587,53.3837],[-7.5513,53.3739],[-7.5388,53.3614],[-7.5352,53.3338],[-7.4808,53.332],[-7.4468,53.3195],[-7.4317,53.3168],[-7.3728,53.3177],[-7.3692,53.3266],[-7.3531,53.3355],[-7.3379,53.3507],[-7.2996,53.3619],[-7.2255,53.3904],[-7.1612,53.4074],[-7.1361,53.4096],[-7.1098,53.3965],[-7.0908,53.3816],[-7.0577,53.3659],[-7.0354,53.3593],[-7.0229,53.347],[-7.0224,53.3393],[-7.0167,53.332],[-6.9898,53.3114],[-6.9878,53.3036],[-7.0136,53.2839],[-7.0224,53.2798],[-7.0426,53.2772],[-7.0473,53.271],[-7.041,53.2596],[-7.041,53.2508],[-7.0436,53.2477],[-7.0581,53.2426],[-7.0602,53.2395],[-7.0571,53.2348],[-7.041,53.2281],[-7.0416,53.1981],[-7.0731,53.1906],[-7.1114,53.189],[-7.1109,53.1813],[-7.101,53.1735],[-7.0969,53.1678],[-7.0972,53.1646]]],[[[-9.6592,51.8657],[-9.6575,51.8646],[-9.6619,51.8635],[-9.6603,51.8618],[-9.6647,51.8593],[-9.6753,51.8599],[-9.6714,51.8632],[-9.6592,51.8657]]],[[[-9.6286,51.8657],[-9.6314,51.8621],[-9.6436,51.8596],[-9.6519,51.8629],[-9.6286,51.8657]]],[[[-9.6619,51.8599],[-9.6608,51.8587],[-9.6647,51.8582],[-9.6619,51.8599]]],[[[-9.6514,51.8496],[-9.6553,51.8457],[-9.6608,51.8462],[-9.6575,51.8493],[-9.6514,51.8496]]],[[[-9.7475,51.8276],[-9.7431,51.8257],[-9.7581,51.824],[-9.7475,51.8276]]],[[[-9.9336,51.7438],[-9.9381,51.7426],[-9.9336,51.7438]]],[[[-9.9747,51.7046],[-9.9736,51.7024],[-9.9786,51.7032],[-9.9747,51.7046]]],[[[-9.1019,51.5418],[-9.0981,51.5396],[-9.1047,51.5407],[-9.1019,51.5418]]],[[[-9.1108,51.5326],[-9.1131,51.5296],[-9.1192,51.5293],[-9.1208,51.5268],[-9.1264,51.5296],[-9.1108,51.5326]]],[[[-9.1275,51.5179],[-9.1219,51.5151],[-9.1219,51.5129],[-9.1264,51.5129],[-9.1269,51.5151],[-9.1342,51.514],[-9.1275,51.5179]]],[[[-9.1819,51.5104],[-9.1786,51.5093],[-9.1814,51.5057],[-9.1892,51.5051],[-9.1819,51.5104]]],[[[-9.2225,51.4699],[-9.2208,51.4685],[-9.2231,51.4663],[-9.2269,51.4674],[-9.2225,51.4699]]]]}},{"type":"Feature","properties":{"name":"Roscommon"},"geometry":{"type":"MultiPolygon","coordinates":[[[[-7.9526,53.5124],[-7.9504,53.5075],[-7.9504,53.4605],[-7.9428,53.4294],[-7.9286,53.416],[-7.9118,53.3757],[-7.9118,53.3606],[-7.9177,53.3497],[-7.9697,53.3312],[-8.0217,53.3033],[-8.0301,53.2907],[-8.0301,53.2771],[-8.0207,53.2655],[-8.0196,53.2582],[-8.0626,53.2603],[-8.1025,53.2593],[-8.1298,53.2624],[-8.1434,53.2897],[-8.1466,53.319],[-8.1528,53.3285],[-8.1675,53.3295],[-8.2074,53.3474],[-8.2357,53.3558],[-8.242,53.361],[-8.2284,53.3757],[-8.2158,53.3809],[-8.2095,53.3925],[-8.2095,53.4051],[-8.2137,53.4114],[-8.2326,53.4114],[-8.2399,53.4187],[-8.2523,53.4892],[-8.2632,53.5161],[-8.2842,53.5505],[-8.3102,53.5807],[-8.3555,53.6017],[-8.3698,53.5991],[-8.3715,53.6159],[-8.3849,53.6457],[-8.4084,53.6608],[-8.4386,53.6877],[-8.4596,53.6978],[-8.4848,53.702],[-8.4948,53.7087],[-8.6115,53.7095],[-8.6274,53.7036],[-8.6442,53.6801],[-8.6644,53.6709],[-8.7483,53.66],[-8.8079,53.6592],[-8.815,53.6633],[-8.7885,53.6805],[-8.7494,53.6931],[-8.7464,53.6991],[-8.7046,53.7151],[-8.6963,53.7227],[-8.6963,53.7462],[-8.6925,53.7538],[-8.6766,53.7667],[-8.6758,53.7758],[-8.6788,53.7857],[-8.6925,53.8016],[-8.7084,53.8115],[-8.7145,53.8191],[-8.7023,53.8365],[-8.6963,53.8502],[-8.6963,53.8639],[-8.6902,53.8745],[-8.6287,53.8723],[-8.6136,53.8775],[-8.6082,53.8859],[-8.6082,53.8942],[-8.6166,53.9033],[-8.6856,53.9489],[-8.6856,53.9543],[-8.6826,53.9587],[-8.6667,53.9656],[-8.5904,53.9681],[-8.5475,53.9595],[-8.5339,53.9545],[-8.49,53.9337],[-8.477,53.9241],[-8.4597,53.916],[-8.4284,53.909],[-8.407,53.9085],[-8.373,53.9191],[-8.355,53.9294],[-8.3441,53.9406],[-8.3412,53.9495],[-8.3446,53.9731],[-8.3317,53.9855],[-8.3043,54.019],[-8.2756,54.0476],[-8.2629,54.0514],[-8.237,54.0503],[-8.2245,54.0547],[-8.2131,54.0662],[-8.1841,54.0872],[-8.1707,54.1027],[-8.1566,54.1062],[-8.1337,54.1014],[-8.053,54.1004],[-8.0463,54.0945],[-8.041,54.0771],[-8.041,54.0671],[-8.0443,54.0585],[-8.0663,54.0492],[-8.0716,54.0425],[-8.0696,53.9919],[-8.0729,53.9819],[-8.1016,53.9585],[-8.1009,53.9539],[-8.0896,53.9412],[-8.0756,53.9319],[-8.0004,53.9267],[-7.966,53.8997],[-7.9514,53.8778],[-7.9306,53.8757],[-7.9161,53.8684],[-7.9056,53.8497],[-7.9004,53.8299],[-7.8992,53.8117],[-7.8849,53.789],[-7.8874,53.7722],[-7.9,53.7622],[-7.9193,53.7538],[-7.9789,53.695],[-7.9991,53.6657],[-8.0066,53.6417],[-8.0259,53.6073],[-8.0259,53.6015],[-8.0133,53.588],[-7.9638,53.5553],[-7.9554,53.5435],[-7.9554,53.5184],[-7.9526,53.5124]]]]}},{"type":"Feature","properties":{"name":"Sligo"},"geometry":{"type":"MultiPolygon","coordinates":[[[[-8.1708,54.1027],[-8.1841,54.0872],[-8.2131,54.0662],[-8.2245,54.0547],[-8.237,54.0503],[-8.2629,54.0514],[-8.2756,54.0476],[-8.3043,54.019],[-8.3317,53.9855],[-8.3446,53.9731],[-8.3412,53.9495],[-8.3441,53.9406],[-8.355,53.9294],[-8.373,53.9191],[-8.407,53.9085],[-8.4284,53.909],[-8.4597,53.916],[-8.477,53.9241],[-8.49,53.9337],[-8.5339,53.9545],[-8.5475,53.9595],[-8.5904,53.9681],[-8.5904,53.9945],[-8.5967,54.0037],[-8.6123,54.0129],[-8.6613,54.0257],[-8.7645,53.9883],[-8.7824,53.9883],[-8.8077,53.9817],[-8.8214,53.9725],[-8.8351,53.9725],[-8.8502,53.9781],[-8.8661,53.9883],[-8.892,54.0099],[-8.9136,54.0177],[-8.9533,54.0177],[-8.9619,54.0193],[-8.9684,54.0257],[-8.9878,54.0307],[-9.0273,54.0303],[-9.0282,54.0367],[-9.0246,54.0483],[-8.9814,54.0807],[-8.9607,54.1033],[-8.9571,54.1213],[-8.9571,54.1365],[-8.9634,54.1455],[-9.0399,54.1519],[-9.0849,54.1447],[-9.138,54.1307],[-9.1364,54.1365],[-9.1386,54.1499],[-9.1347,54.1537],[-9.1381,54.156],[-9.1342,54.1582],[-9.1375,54.1615],[-9.1342,54.1621],[-9.1353,54.1654],[-9.1308,54.1677],[-9.1342,54.171],[-9.1358,54.1782],[-9.1253,54.1813],[-9.1264,54.1877],[-9.1247,54.1904],[-9.1269,54.196],[-9.1136,54.2001],[-9.1358,54.2038],[-9.1364,54.206],[-9.1308,54.2085],[-9.1008,54.2113],[-9.0947,54.2149],[-9.0986,54.2246],[-9.0925,54.2271],[-9.0936,54.229],[-9.0908,54.2346],[-9.0825,54.2396],[-9.0719,54.2557],[-9.0642,54.2618],[-9.0669,54.2685],[-9.0631,54.2679],[-9.0542,54.2732],[-9.0542,54.2757],[-9.0625,54.2807],[-9.0614,54.2829],[-9.0536,54.2827],[-9.0547,54.2924],[-9.0586,54.2949],[-9.0336,54.2951],[-9.0264,54.2979],[-9.0158,54.2968],[-9.0103,54.2926],[-8.9992,54.2924],[-8.988,54.2951],[-8.9736,54.2921],[-8.9647,54.2951],[-8.9558,54.2921],[-8.9458,54.2957],[-8.9386,54.2918],[-8.9303,54.2943],[-8.9286,54.2926],[-8.9314,54.291],[-8.9258,54.2907],[-8.9186,54.2863],[-8.9086,54.286],[-8.8942,54.2721],[-8.8869,54.2715],[-8.8803,54.2679],[-8.8747,54.2713],[-8.8631,54.2621],[-8.8564,54.264],[-8.8575,54.2663],[-8.8536,54.2682],[-8.8536,54.2618],[-8.8486,54.2615],[-8.8492,54.2596],[-8.8442,54.2571],[-8.8402,54.2585],[-8.8275,54.2535],[-8.8214,54.2537],[-8.8203,54.2568],[-8.8119,54.259],[-8.8019,54.2576],[-8.7881,54.2665],[-8.7847,54.2721],[-8.7642,54.2788],[-8.7519,54.2776],[-8.7558,54.2693],[-8.7536,54.2679],[-8.7425,54.2693],[-8.7403,54.2743],[-8.7364,54.2732],[-8.7386,54.271],[-8.7381,54.2668],[-8.7314,54.2637],[-8.6997,54.2682],[-8.698,54.2707],[-8.6869,54.2735],[-8.6619,54.2726],[-8.652,54.2693],[-8.6492,54.2657],[-8.6497,54.2624],[-8.6441,54.2613],[-8.6431,54.2568],[-8.6269,54.2485],[-8.6314,54.2471],[-8.633,54.2499],[-8.6436,54.2527],[-8.6481,54.2507],[-8.6353,54.246],[-8.6258,54.2457],[-8.6319,54.2446],[-8.6342,54.2418],[-8.6253,54.2429],[-8.6247,54.2393],[-8.6269,54.2379],[-8.6247,54.2365],[-8.617,54.2365],[-8.6058,54.231],[-8.6036,54.2226],[-8.5891,54.2238],[-8.5914,54.2215],[-8.5892,54.2129],[-8.5836,54.2079],[-8.5747,54.2093],[-8.5769,54.2168],[-8.5725,54.2176],[-8.5492,54.2185],[-8.5358,54.2154],[-8.5181,54.2163],[-8.5197,54.2176],[-8.5175,54.2188],[-8.5114,54.2163],[-8.5081,54.219],[-8.5114,54.2176],[-8.5158,54.2212],[-8.5314,54.2221],[-8.5342,54.2274],[-8.5364,54.2271],[-8.5347,54.2218],[-8.5408,54.221],[-8.5447,54.2224],[-8.5414,54.2251],[-8.5447,54.2299],[-8.5642,54.2293],[-8.5714,54.2315],[-8.5753,54.2349],[-8.5753,54.2393],[-8.5736,54.2393],[-8.5753,54.2429],[-8.5864,54.246],[-8.5875,54.2521],[-8.5986,54.2532],[-8.6031,54.2574],[-8.6025,54.2607],[-8.6164,54.2599],[-8.6164,54.2576],[-8.6203,54.256],[-8.6181,54.2529],[-8.6203,54.2524],[-8.6264,54.2551],[-8.6225,54.2637],[-8.6142,54.2668],[-8.6064,54.276],[-8.6069,54.2785],[-8.6147,54.2796],[-8.6158,54.2876],[-8.6125,54.289],[-8.6042,54.289],[-8.6014,54.2849],[-8.6092,54.2832],[-8.6014,54.2837],[-8.6014,54.2815],[-8.5886,54.2851],[-8.5869,54.2821],[-8.5908,54.2804],[-8.5847,54.2762],[-8.5781,54.2771],[-8.5781,54.279],[-8.5708,54.2762],[-8.5631,54.2765],[-8.5481,54.2805],[-8.5297,54.2799],[-8.5169,54.2765],[-8.5069,54.2832],[-8.4964,54.2829],[-8.4953,54.2843],[-8.4986,54.2854],[-8.4942,54.2854],[-8.4803,54.2768],[-8.4753,54.2771],[-8.4864,54.2801],[-8.4864,54.2824],[-8.4775,54.2832],[-8.4797,54.2871],[-8.4881,54.2877],[-8.4881,54.2851],[-8.4908,54.2846],[-8.4931,54.2887],[-8.4919,54.2919],[-8.5192,54.3013],[-8.5253,54.3029],[-8.5364,54.3013],[-8.5542,54.3054],[-8.5736,54.3037],[-8.5786,54.3063],[-8.5725,54.3082],[-8.5714,54.3107],[-8.5725,54.3191],[-8.5764,54.3187],[-8.5764,54.321],[-8.568,54.3241],[-8.5675,54.3313],[-8.5553,54.3215],[-8.5297,54.3149],[-8.5108,54.3146],[-8.5008,54.3207],[-8.5014,54.3229],[-8.5308,54.3318],[-8.5475,54.3288],[-8.5469,54.3313],[-8.5531,54.3332],[-8.5464,54.3332],[-8.5375,54.3368],[-8.5492,54.3374],[-8.5547,54.3418],[-8.5908,54.3435],[-8.5964,54.3426],[-8.6014,54.3382],[-8.6125,54.3385],[-8.6192,54.334],[-8.6364,54.3351],[-8.6425,54.3335],[-8.6453,54.3304],[-8.6408,54.3263],[-8.6403,54.3199],[-8.6442,54.3193],[-8.6592,54.3254],[-8.6558,54.3307],[-8.6486,54.3307],[-8.6525,54.3332],[-8.6486,54.3346],[-8.6519,54.3396],[-8.6619,54.3449],[-8.6819,54.3488],[-8.6703,54.3521],[-8.6719,54.3554],[-8.6819,54.3559],[-8.6742,54.356],[-8.6736,54.3621],[-8.6686,54.3643],[-8.6653,54.3624],[-8.6619,54.3638],[-8.6625,54.3657],[-8.6592,54.3651],[-8.6447,54.3713],[-8.6253,54.3693],[-8.6164,54.3821],[-8.6031,54.3832],[-8.6003,54.3863],[-8.5925,54.3851],[-8.5852,54.3913],[-8.5714,54.3921],[-8.5719,54.3968],[-8.5686,54.3988],[-8.5753,54.3982],[-8.5758,54.4004],[-8.5675,54.4143],[-8.5669,54.4096],[-8.5603,54.4049],[-8.5497,54.4057],[-8.5297,54.4124],[-8.5275,54.4165],[-8.5303,54.4176],[-8.5308,54.4212],[-8.5247,54.4188],[-8.518,54.4249],[-8.5075,54.424],[-8.518,54.4193],[-8.5136,54.4174],[-8.5247,54.4135],[-8.5331,54.4074],[-8.5503,54.4029],[-8.5631,54.4026],[-8.5619,54.3988],[-8.5453,54.3929],[-8.5442,54.394],[-8.5481,54.394],[-8.5508,54.3971],[-8.5319,54.4021],[-8.5319,54.4049],[-8.5275,54.4043],[-8.5269,54.4065],[-8.5186,54.409],[-8.5208,54.4115],[-8.4903,54.4182],[-8.4858,54.4207],[-8.4886,54.4246],[-8.4847,54.4301],[-8.4758,54.4329],[-8.4669,54.4396],[-8.4692,54.4477],[-8.4731,54.4479],[-8.4753,54.4518],[-8.4814,54.451],[-8.4903,54.4543],[-8.4753,54.4546],[-8.4747,54.4607],[-8.4669,54.4618],[-8.4714,54.4668],[-8.4697,54.4704],[-8.4564,54.4732],[-8.4464,54.471],[-8.4453,54.466],[-8.4508,54.4635],[-8.4514,54.4596],[-8.4392,54.4526],[-8.4169,54.4565],[-8.4042,54.4629],[-8.3738,54.4682],[-8.3703,54.4593],[-8.3746,54.4455],[-8.3948,54.4321],[-8.3986,54.4268],[-8.3964,54.4071],[-8.3884,54.4066],[-8.3751,54.414],[-8.3591,54.4156],[-8.3591,54.406],[-8.3645,54.3996],[-8.3772,54.3639],[-8.3778,54.3485],[-8.3735,54.3399],[-8.3165,54.2829],[-8.3106,54.2728],[-8.3106,54.2669],[-8.3335,54.2296],[-8.3367,54.2152],[-8.3335,54.1854],[-8.3234,54.1721],[-8.3021,54.1555],[-8.2808,54.1443],[-8.2648,54.1417],[-8.2504,54.1422],[-8.2227,54.1356],[-8.1955,54.1233],[-8.1708,54.1027]]],[[[-8.6531,54.4367],[-8.6436,54.4326],[-8.6592,54.4287],[-8.6692,54.4279],[-8.6764,54.4332],[-8.6664,54.4365],[-8.6531,54.4367]]],[[[-8.4975,54.4271],[-8.4897,54.421],[-8.4975,54.4176],[-8.5019,54.4199],[-8.5031,54.4215],[-8.5003,54.4249],[-8.5019,54.4263],[-8.4975,54.4271]]],[[[-8.6219,54.3796],[-8.6303,54.3751],[-8.6219,54.3796]]],[[[-8.6908,54.3488],[-8.6925,54.3451],[-8.6947,54.3451],[-8.6947,54.3476],[-8.6908,54.3488]]],[[[-8.6736,54.3439],[-8.6758,54.341],[-8.6792,54.3426],[-8.6736,54.3439]]],[[[-8.6147,54.3085],[-8.6131,54.3074],[-8.6175,54.306],[-8.6214,54.3071],[-8.6147,54.3085]]],[[[-8.5925,54.3063],[-8.5758,54.3005],[-8.5819,54.2969],[-8.5819,54.2921],[-8.5875,54.286],[-8.6031,54.289],[-8.5936,54.2957],[-8.5942,54.2988],[-8.5997,54.2988],[-8.6003,54.3007],[-8.5925,54.3063]]],[[[-8.5564,54.3035],[-8.5581,54.3013],[-8.5758,54.3013],[-8.5564,54.3035]]],[[[-9.0686,54.2738],[-9.0636,54.2721],[-9.0642,54.2699],[-9.0708,54.2721],[-9.0686,54.2738]]]]}},{"type":"Feature","properties":{"name":"Tipperary"},"geometry":{"type":"MultiPolygon","coordinates":[[[[-8.4868,52.7174],[-8.4422,52.7799],[-8.436,52.7939],[-8.4335,52.8063],[-8.4286,52.8158],[-8.4207,52.8819],[-8.4154,52.8959],[-8.3979,52.8979],[-8.3956,52.9065],[-8.392,52.9098],[-8.3847,52.9088],[-8.3794,52.9045],[-8.3715,52.9042],[-8.3299,52.9164],[-8.3153,52.9234],[-8.3054,52.9352],[-8.2988,52.9524],[-8.2982,52.9927],[-8.3014,53.0041],[-8.2585,53.0333],[-8.2057,53.075],[-8.1809,53.1083],[-8.1289,53.1484],[-8.0684,53.1757],[-8.0208,53.1451],[-7.9998,53.1356],[-7.9776,53.1276],[-7.9459,53.1235],[-7.9115,53.1026],[-7.9048,53.0925],[-7.9075,53.0642],[-7.9196,53.0487],[-7.9567,52.9866],[-7.9567,52.9529],[-7.9655,52.9482],[-7.9985,52.9462],[-8.0208,52.9307],[-8.0221,52.9219],[-8.0133,52.9098],[-8.0052,52.9023],[-7.9891,52.8976],[-7.9722,52.8862],[-7.95,52.8653],[-7.9338,52.8619],[-7.9223,52.8626],[-7.9135,52.8673],[-7.9021,52.8841],[-7.8913,52.8916],[-7.8724,52.899],[-7.8515,52.9131],[-7.84,52.9273],[-7.8225,52.9563],[-7.7955,52.9664],[-7.7422,52.9691],[-7.7159,52.9743],[-7.7054,52.9817],[-7.6927,52.9827],[-7.6634,52.9558],[-7.6569,52.9394],[-7.658,52.9119],[-7.671,52.9043],[-7.6828,52.8935],[-7.6871,52.8811],[-7.6866,52.8514],[-7.6769,52.8331],[-7.6634,52.8083],[-7.6122,52.7495],[-7.5593,52.7125],[-7.5,52.6893],[-7.4865,52.6764],[-7.4724,52.6575],[-7.4541,52.6403],[-7.432,52.596],[-7.4077,52.5577],[-7.3867,52.5024],[-7.3867,52.4954],[-7.3899,52.4879],[-7.4012,52.4728],[-7.4002,52.4555],[-7.3915,52.4479],[-7.3867,52.4377],[-7.3414,52.3972],[-7.3408,52.3643],[-7.336,52.3514],[-7.3376,52.3428],[-7.3478,52.3411],[-7.3953,52.3425],[-7.4104,52.3484],[-7.4298,52.349],[-7.453,52.3538],[-7.48,52.356],[-7.5965,52.3562],[-7.6731,52.3498],[-7.7076,52.3366],[-7.7168,52.3301],[-7.7405,52.3268],[-7.7605,52.315],[-7.7654,52.3085],[-7.7643,52.2858],[-7.7556,52.2707],[-7.7098,52.2389],[-7.7093,52.233],[-7.7136,52.2265],[-7.7222,52.2222],[-7.7384,52.22],[-7.8544,52.2208],[-7.897,52.2289],[-7.9148,52.2354],[-7.9444,52.2365],[-7.9714,52.2227],[-8.0027,52.2136],[-8.0464,52.2136],[-8.061,52.2114],[-8.0707,52.2066],[-8.0809,52.2082],[-8.1041,52.2303],[-8.1624,52.2627],[-8.1629,52.2918],[-8.1564,52.3268],[-8.1559,52.3422],[-8.1629,52.3519],[-8.1991,52.3703],[-8.2104,52.3789],[-8.2147,52.3918],[-8.2303,52.4043],[-8.294,52.4226],[-8.3539,52.4345],[-8.3733,52.435],[-8.3889,52.4388],[-8.3927,52.4474],[-8.3943,52.4598],[-8.3992,52.4684],[-8.3949,52.476],[-8.3668,52.4916],[-8.3404,52.4992],[-8.3129,52.4906],[-8.301,52.4911],[-8.2654,52.51],[-8.2255,52.5121],[-8.198,52.5213],[-8.1926,52.5321],[-8.1911,52.5496],[-8.1915,52.6122],[-8.1794,52.6359],[-8.176,52.6502],[-8.176,52.6592],[-8.1807,52.6666],[-8.1893,52.6692],[-8.2139,52.67],[-8.2269,52.6769],[-8.2467,52.6951],[-8.2571,52.6976],[-8.2731,52.6972],[-8.2834,52.6925],[-8.2951,52.6912],[-8.3237,52.6906],[-8.3583,52.6827],[-8.4138,52.6906],[-8.4349,52.6958],[-8.4687,52.7062],[-8.4868,52.7174]]]]}},{"type":"Feature","properties":{"name":"Waterford"},"geometry":{"type":"MultiPolygon","coordinates":[[[[-7.5514,52.0776],[-7.5697,52.0815],[-7.5708,52.0879],[-7.5747,52.0921],[-7.5814,52.0943],[-7.5864,52.1032],[-7.5914,52.1035],[-7.5864,52.0999],[-7.5908,52.0982],[-7.5958,52.0918],[-7.6119,52.0874],[-7.6186,52.0926],[-7.6181,52.1007],[-7.6219,52.1029],[-7.6375,52.104],[-7.6369,52.1018],[-7.6347,52.1032],[-7.6231,52.101],[-7.6219,52.0929],[-7.6147,52.0879],[-7.6208,52.0838],[-7.6214,52.0801],[-7.6303,52.0838],[-7.6347,52.0821],[-7.6347,52.0793],[-7.6308,52.0771],[-7.6342,52.076],[-7.6331,52.0707],[-7.6269,52.066],[-7.6431,52.0638],[-7.6419,52.0607],[-7.6331,52.0615],[-7.6325,52.0638],[-7.6247,52.0624],[-7.6219,52.0646],[-7.6175,52.0629],[-7.6075,52.0646],[-7.5864,52.0513],[-7.5331,52.0543],[-7.5364,52.0537],[-7.5353,52.0524],[-7.5392,52.0504],[-7.5397,52.0474],[-7.5658,52.0407],[-7.5675,52.0376],[-7.5747,52.0346],[-7.5747,52.026],[-7.5842,52.0201],[-7.5819,52.0129],[-7.5764,52.0074],[-7.5797,52.0046],[-7.5786,52.0021],[-7.5825,52.001],[-7.5814,51.9976],[-7.5853,51.9915],[-7.6086,51.9851],[-7.6158,51.9801],[-7.6325,51.9807],[-7.6386,51.9768],[-7.6492,51.9779],[-7.6647,51.9749],[-7.6992,51.9732],[-7.7103,51.9665],[-7.7103,51.9635],[-7.7058,51.9626],[-7.7114,51.959],[-7.7181,51.9593],[-7.7225,51.9535],[-7.7197,51.9501],[-7.7069,51.9476],[-7.7086,51.9418],[-7.7114,51.9404],[-7.7153,51.9418],[-7.7208,51.9388],[-7.7458,51.9382],[-7.7569,51.9401],[-7.7586,51.9443],[-7.7664,51.9454],[-7.7647,51.9493],[-7.7769,51.9518],[-7.7931,51.949],[-7.7958,51.9415],[-7.8197,51.9385],[-7.8325,51.9418],[-7.8342,51.9437],[-7.8325,51.9529],[-7.8408,51.9549],[-7.8275,51.9574],[-7.8253,51.9626],[-7.8281,51.9696],[-7.8186,51.9674],[-7.8175,51.9704],[-7.8314,51.9712],[-7.8375,51.9765],[-7.8486,51.9782],[-7.8586,51.9871],[-7.9096,51.9877],[-7.9274,51.9902],[-7.9428,52.0031],[-7.9643,52.0264],[-8.0564,52.0872],[-8.116,52.1487],[-8.1375,52.1591],[-8.1474,52.1745],[-8.1474,52.1861],[-8.1418,52.1972],[-8.1123,52.2082],[-8.0886,52.2155],[-8.0809,52.2082],[-8.0707,52.2066],[-8.061,52.2114],[-8.0464,52.2136],[-8.0027,52.2136],[-7.9714,52.2227],[-7.9444,52.2365],[-7.9148,52.2354],[-7.897,52.2289],[-7.8544,52.2208],[-7.7384,52.22],[-7.7222,52.2222],[-7.7136,52.2265],[-7.7093,52.233],[-7.7098,52.2389],[-7.7556,52.2707],[-7.7643,52.2858],[-7.7654,52.3085],[-7.7605,52.315],[-7.7405,52.3268],[-7.7168,52.3301],[-7.7076,52.3366],[-7.6731,52.3498],[-7.5965,52.3562],[-7.48,52.356],[-7.453,52.3538],[-7.4298,52.349],[-7.4104,52.3484],[-7.3953,52.3425],[-7.3388,52.3426],[-7.311,52.3151],[-7.2705,52.2854],[-7.2196,52.2611],[-7.1917,52.2519],[-7.1107,52.2645],[-7.0116,52.2674],[-6.9986,52.2715],[-6.9752,52.2915],[-6.9725,52.2687],[-6.9639,52.257],[-6.9587,52.2415],[-6.9692,52.2438],[-6.9753,52.2415],[-6.9697,52.2399],[-6.9708,52.2351],[-6.9675,52.2293],[-6.9686,52.2232],[-6.9758,52.2149],[-6.9703,52.2071],[-6.9797,52.199],[-6.9836,52.1896],[-6.9808,52.1868],[-6.9719,52.1849],[-6.9742,52.1824],[-6.9719,52.1796],[-6.9514,52.1801],[-6.9492,52.1776],[-6.9708,52.1718],[-6.9753,52.1618],[-6.9875,52.1543],[-6.9931,52.1546],[-6.9908,52.1524],[-6.9925,52.1501],[-6.9881,52.149],[-6.9886,52.1454],[-6.9986,52.1404],[-7.0142,52.1379],[-7.0197,52.134],[-7.0342,52.1318],[-7.0397,52.1354],[-7.0547,52.1379],[-7.0836,52.1335],[-7.0958,52.1271],[-7.1075,52.1268],[-7.1092,52.1276],[-7.1069,52.1304],[-7.1086,52.1343],[-7.0914,52.144],[-7.0908,52.1474],[-7.0792,52.1562],[-7.0786,52.1618],[-7.0753,52.1649],[-7.0847,52.1615],[-7.0992,52.1688],[-7.1197,52.1701],[-7.1242,52.1662],[-7.1308,52.1685],[-7.1303,52.1651],[-7.1269,52.164],[-7.1281,52.1607],[-7.1181,52.159],[-7.1114,52.1538],[-7.0892,52.1532],[-7.0903,52.149],[-7.1069,52.151],[-7.1353,52.1585],[-7.1492,52.159],[-7.1592,52.1526],[-7.1703,52.136],[-7.1753,52.1371],[-7.1836,52.1326],[-7.2075,52.1357],[-7.2169,52.1329],[-7.2181,52.1285],[-7.2208,52.1321],[-7.2314,52.1338],[-7.2442,52.1324],[-7.2481,52.1351],[-7.2658,52.1376],[-7.2731,52.1349],[-7.2714,52.1385],[-7.2836,52.1404],[-7.3025,52.139],[-7.3025,52.1346],[-7.3064,52.1321],[-7.3097,52.1335],[-7.3081,52.1354],[-7.3197,52.1368],[-7.3192,52.139],[-7.3231,52.1354],[-7.3453,52.1379],[-7.3619,52.1365],[-7.3664,52.1387],[-7.3703,52.1382],[-7.3742,52.1332],[-7.3858,52.1304],[-7.3864,52.1282],[-7.3986,52.1276],[-7.4019,52.1315],[-7.4175,52.1285],[-7.4269,52.1296],[-7.4425,52.1268],[-7.4481,52.1221],[-7.4586,52.119],[-7.4603,52.119],[-7.4603,52.1232],[-7.4669,52.1149],[-7.4736,52.111],[-7.4803,52.1107],[-7.4853,52.1065],[-7.4897,52.1065],[-7.4931,52.1026],[-7.5208,52.1057],[-7.5397,52.0985],[-7.5481,52.0899],[-7.5458,52.0838],[-7.5492,52.0826],[-7.5514,52.0776]]],[[[-7.2353,52.1271],[-7.2364,52.1285],[-7.2331,52.1299],[-7.2353,52.1271]]],[[[-7.6097,52.0849],[-7.6058,52.0682],[-7.6114,52.0793],[-7.6097,52.0849]]]]}},{"type":"Feature","properties":{"name":"Westmeath"},"geometry":{"type":"MultiPolygon","coordinates":[[[[-7.1361,53.4096],[-7.1612,53.4074],[-7.2255,53.3904],[-7.2996,53.3619],[-7.3379,53.3507],[-7.3531,53.3355],[-7.3692,53.3266],[-7.3728,53.3177],[-7.4317,53.3168],[-7.4468,53.3195],[-7.4808,53.332],[-7.5352,53.3338],[-7.5388,53.3614],[-7.5513,53.3739],[-7.587,53.3837],[-7.6272,53.3802],[-7.6361,53.3614],[-7.6495,53.3596],[-7.6662,53.3654],[-7.6741,53.3654],[-7.7041,53.3583],[-7.7227,53.3519],[-7.7391,53.3419],[-7.7484,53.3319],[-7.7677,53.329],[-7.8226,53.3312],[-7.8348,53.329],[-7.8398,53.3226],[-7.8476,53.3226],[-7.8555,53.329],[-7.889,53.3397],[-7.9083,53.3476],[-7.9156,53.3534],[-7.9118,53.3606],[-7.9118,53.3757],[-7.9286,53.416],[-7.9428,53.4294],[-7.9504,53.4605],[-7.9504,53.5075],[-7.9526,53.5124],[-7.9379,53.5212],[-7.9172,53.5238],[-7.8954,53.5307],[-7.8732,53.5311],[-7.8622,53.5368],[-7.8465,53.5386],[-7.8136,53.5386],[-7.7903,53.5317],[-7.6584,53.5311],[-7.6049,53.569],[-7.5926,53.5888],[-7.5869,53.6018],[-7.5861,53.611],[-7.5942,53.632],[-7.5942,53.6439],[-7.5915,53.6475],[-7.5808,53.6487],[-7.5506,53.6659],[-7.5223,53.6743],[-7.5066,53.6816],[-7.4821,53.6946],[-7.4542,53.7163],[-7.4424,53.7217],[-7.4328,53.7236],[-7.4221,53.7293],[-7.4076,53.7293],[-7.3908,53.7358],[-7.3827,53.7462],[-7.3801,53.7576],[-7.3846,53.7703],[-7.3947,53.7817],[-7.3684,53.7907],[-7.2998,53.7977],[-7.2824,53.7954],[-7.2731,53.7763],[-7.2565,53.7526],[-7.2524,53.7388],[-7.254,53.7152],[-7.2509,53.7114],[-7.1906,53.6801],[-7.1376,53.6661],[-7.0789,53.6575],[-7.0735,53.6532],[-7.0657,53.6346],[-7.0622,53.6312],[-7.0568,53.6316],[-6.9946,53.6625],[-6.9838,53.6598],[-6.9629,53.6395],[-6.9598,53.6275],[-6.9776,53.6159],[-6.9892,53.6047],[-6.9958,53.5908],[-6.9958,53.562],[-7.0023,53.5488],[-7.0178,53.5295],[-7.0373,53.5107],[-7.0461,53.4779],[-7.0523,53.4681],[-7.0523,53.4609],[-7.0657,53.4592],[-7.1361,53.4096]]]]}},{"type":"Feature","properties":{"name":"Wexford"},"geometry":{"type":"MultiPolygon","coordinates":[[[[-6.6475,52.2029],[-6.6747,52.211],[-6.7069,52.2157],[-6.7069,52.2176],[-6.7386,52.2113],[-6.7553,52.2129],[-6.7664,52.2062],[-6.7808,52.2054],[-6.7819,52.2035],[-6.7881,52.2043],[-6.7975,52.211],[-6.8047,52.2121],[-6.8086,52.2176],[-6.8069,52.2201],[-6.7953,52.2243],[-6.7975,52.2157],[-6.7903,52.2146],[-6.7897,52.2235],[-6.7864,52.229],[-6.7664,52.2429],[-6.7542,52.2476],[-6.7553,52.2551],[-6.7597,52.2579],[-6.7608,52.2624],[-6.7619,52.2551],[-6.7708,52.2496],[-6.7731,52.2457],[-6.7875,52.2418],[-6.7947,52.2429],[-6.7964,52.2393],[-6.8092,52.234],[-6.8169,52.2279],[-6.8292,52.2265],[-6.8281,52.2226],[-6.8364,52.2168],[-6.8392,52.2118],[-6.8231,52.2151],[-6.8192,52.2107],[-6.8275,52.2007],[-6.8297,52.1943],[-6.8286,52.1921],[-6.8181,52.1921],[-6.8303,52.1826],[-6.8292,52.1763],[-6.8231,52.1749],[-6.8303,52.1718],[-6.8353,52.1746],[-6.8447,52.1729],[-6.8531,52.1671],[-6.8808,52.1615],[-6.8808,52.1585],[-6.8881,52.1554],[-6.8875,52.1515],[-6.8903,52.1493],[-6.9036,52.146],[-6.9014,52.1426],[-6.9097,52.1354],[-6.9075,52.1307],[-6.9186,52.1246],[-6.9319,52.1226],[-6.9314,52.1276],[-6.9353,52.1299],[-6.9342,52.1329],[-6.9275,52.1396],[-6.9136,52.1468],[-6.9153,52.1485],[-6.9131,52.1515],[-6.9014,52.156],[-6.9008,52.1696],[-6.8975,52.1738],[-6.9136,52.1907],[-6.9031,52.1957],[-6.9047,52.1971],[-6.9036,52.2012],[-6.9081,52.2015],[-6.9136,52.2096],[-6.9197,52.2113],[-6.9225,52.2154],[-6.9208,52.2182],[-6.9381,52.2201],[-6.9353,52.2235],[-6.9369,52.2274],[-6.9536,52.2412],[-6.9587,52.2415],[-6.9639,52.257],[-6.9725,52.2687],[-6.9779,52.3426],[-6.9743,52.3511],[-6.9419,52.3898],[-6.9162,52.4463],[-6.9085,52.4484],[-6.8905,52.4648],[-6.8288,52.4671],[-6.81,52.4812],[-6.771,52.5202],[-6.7608,52.5374],[-6.7312,52.5745],[-6.7265,52.5823],[-6.7288,52.6073],[-6.7257,52.6229],[-6.7179,52.6331],[-6.6632,52.6401],[-6.6148,52.6542],[-6.6023,52.6643],[-6.5976,52.6714],[-6.5968,52.6979],[-6.5924,52.7081],[-6.5831,52.7002],[-6.5647,52.6985],[-6.532,52.6859],[-6.5068,52.6851],[-6.4799,52.6884],[-6.4464,52.6985],[-6.4212,52.7119],[-6.3969,52.7379],[-6.3726,52.7673],[-6.3625,52.7883],[-6.3482,52.7941],[-6.3256,52.7992],[-6.23,52.7987],[-6.204,52.7945],[-6.1754,52.7786],[-6.1447,52.7707],[-6.1469,52.766],[-6.1458,52.7618],[-6.1369,52.7582],[-6.1414,52.7549],[-6.1408,52.7504],[-6.1469,52.7457],[-6.1453,52.739],[-6.1408,52.7363],[-6.1403,52.7329],[-6.1569,52.7249],[-6.1581,52.7154],[-6.1686,52.7118],[-6.1875,52.699],[-6.1881,52.6943],[-6.1953,52.6896],[-6.2036,52.6754],[-6.2075,52.6735],[-6.2086,52.6657],[-6.2258,52.6485],[-6.2236,52.6404],[-6.2292,52.6324],[-6.2292,52.6246],[-6.2253,52.6224],[-6.2247,52.6182],[-6.2203,52.6176],[-6.2214,52.6151],[-6.2175,52.6087],[-6.2086,52.6024],[-6.2119,52.5971],[-6.2125,52.5887],[-6.2081,52.5826],[-6.2031,52.5818],[-6.2036,52.5701],[-6.1958,52.5671],[-6.1931,52.5629],[-6.1975,52.5596],[-6.2064,52.5412],[-6.2136,52.5329],[-6.2369,52.5157],[-6.2492,52.4987],[-6.2914,52.4668],[-6.3225,52.4332],[-6.3431,52.419],[-6.3536,52.4085],[-6.3636,52.3826],[-6.3631,52.3604],[-6.3586,52.3476],[-6.3714,52.346],[-6.3658,52.344],[-6.3586,52.3462],[-6.3581,52.3443],[-6.3725,52.3438],[-6.3769,52.3524],[-6.3853,52.3554],[-6.4342,52.3563],[-6.4431,52.3535],[-6.4547,52.3399],[-6.4569,52.3399],[-6.4569,52.3474],[-6.4686,52.3488],[-6.4675,52.3501],[-6.4708,52.3529],[-6.4681,52.3587],[-6.4719,52.3665],[-6.4619,52.3737],[-6.4658,52.3779],[-6.4753,52.3757],[-6.4786,52.3724],[-6.4836,52.3729],[-6.4853,52.3701],[-6.4831,52.3654],[-6.4936,52.3596],[-6.4992,52.3596],[-6.4992,52.3571],[-6.5103,52.3507],[-6.4947,52.3546],[-6.4842,52.354],[-6.4764,52.3526],[-6.4775,52.3476],[-6.4614,52.3429],[-6.4553,52.3349],[-6.4503,52.334],[-6.4453,52.3276],[-6.4453,52.3224],[-6.4481,52.3187],[-6.4469,52.3082],[-6.4286,52.3065],[-6.4319,52.3021],[-6.4292,52.2938],[-6.4275,52.2962],[-6.4297,52.3013],[-6.4247,52.3054],[-6.4114,52.2976],[-6.4108,52.296],[-6.4136,52.2965],[-6.4158,52.2926],[-6.4097,52.2893],[-6.3997,52.2885],[-6.3975,52.3035],[-6.3881,52.3099],[-6.3908,52.2857],[-6.3842,52.2704],[-6.3736,52.2574],[-6.3631,52.2515],[-6.3397,52.2543],[-6.3408,52.2574],[-6.3364,52.2576],[-6.3297,52.2476],[-6.3114,52.241],[-6.3225,52.2349],[-6.3236,52.2318],[-6.3208,52.2299],[-6.3247,52.2274],[-6.3247,52.2249],[-6.3419,52.214],[-6.3453,52.2093],[-6.3442,52.2065],[-6.3514,52.2018],[-6.3508,52.1985],[-6.3453,52.1963],[-6.3492,52.1924],[-6.3431,52.1893],[-6.3514,52.1846],[-6.3564,52.1849],[-6.3553,52.179],[-6.3586,52.174],[-6.3647,52.1715],[-6.3703,52.1757],[-6.3897,52.1776],[-6.3958,52.1818],[-6.4136,52.1865],[-6.4547,52.1904],[-6.4892,52.1907],[-6.5403,52.1851],[-6.5619,52.1774],[-6.5725,52.176],[-6.5742,52.1718],[-6.5742,52.1754],[-6.5758,52.1754],[-6.5869,52.1729],[-6.5864,52.1701],[-6.5969,52.1696],[-6.5947,52.176],[-6.5992,52.1801],[-6.6158,52.1899],[-6.6475,52.2029]]],[[[-6.8064,52.2238],[-6.8053,52.2218],[-6.8097,52.2188],[-6.8186,52.2188],[-6.8119,52.2235],[-6.8064,52.2238]]],[[[-6.7364,52.2001],[-6.7342,52.1971],[-6.7381,52.1979],[-6.7392,52.1951],[-6.7425,52.1946],[-6.7408,52.1982],[-6.7364,52.2001]]],[[[-6.5836,52.1343],[-6.5881,52.1318],[-6.5925,52.1357],[-6.5886,52.1407],[-6.5792,52.1437],[-6.5836,52.1343]]],[[[-6.6031,52.1235],[-6.6053,52.116],[-6.6142,52.1143],[-6.6186,52.1087],[-6.6242,52.1079],[-6.6269,52.1107],[-6.6258,52.1176],[-6.6031,52.1235]]]]}},{"type":"Feature","properties":{"name":"Wicklow"},"geometry":{"type":"MultiPolygon","coordinates":[[[[-6.1092,52.8346],[-6.1108,52.8299],[-6.1164,52.8257],[-6.1197,52.8157],[-6.1425,52.7993],[-6.1386,52.7918],[-6.1453,52.7846],[-6.1453,52.7799],[-6.1397,52.7788],[-6.1408,52.7762],[-6.1364,52.7765],[-6.1419,52.7743],[-6.1436,52.7707],[-6.1754,52.7786],[-6.204,52.7945],[-6.23,52.7987],[-6.3256,52.7992],[-6.3482,52.7941],[-6.3625,52.7883],[-6.3726,52.7673],[-6.4212,52.7119],[-6.4464,52.6985],[-6.4799,52.6884],[-6.5068,52.6851],[-6.532,52.6859],[-6.5647,52.6985],[-6.5831,52.7002],[-6.5924,52.7081],[-6.5867,52.7175],[-6.5843,52.7315],[-6.5859,52.744],[-6.6078,52.7628],[-6.6288,52.7729],[-6.6343,52.7799],[-6.6406,52.7932],[-6.6374,52.8213],[-6.6312,52.8315],[-6.6187,52.837],[-6.5929,52.837],[-6.5718,52.8245],[-6.5593,52.8205],[-6.5336,52.8205],[-6.482,52.8385],[-6.4765,52.8479],[-6.4765,52.8737],[-6.4711,52.8823],[-6.464,52.8854],[-6.4633,52.894],[-6.4773,52.9002],[-6.4922,52.9033],[-6.5031,52.9018],[-6.507,52.8963],[-6.5172,52.8932],[-6.5289,52.8932],[-6.5375,52.8963],[-6.5421,52.9041],[-6.5562,52.9065],[-6.589,52.9065],[-6.678,52.9268],[-6.7015,52.9276],[-6.7123,52.9243],[-6.7203,52.9474],[-6.7359,52.9574],[-6.7467,52.9746],[-6.7491,52.9874],[-6.7487,53.0126],[-6.7455,53.0177],[-6.7311,53.0186],[-6.7119,53.0273],[-6.7059,53.0405],[-6.7035,53.0621],[-6.6935,53.0673],[-6.6439,53.0685],[-6.5927,53.0927],[-6.5659,53.1183],[-6.556,53.1535],[-6.5012,53.1915],[-6.4641,53.229],[-6.4051,53.2237],[-6.348,53.2009],[-6.2484,53.2173],[-6.2315,53.2168],[-6.2049,53.2095],[-6.1783,53.2086],[-6.146,53.2097],[-6.12,53.2137],[-6.1053,53.2194],[-6.1025,53.2085],[-6.0953,53.1999],[-6.0786,53.1921],[-6.0753,53.1879],[-6.0764,53.1832],[-6.0714,53.1754],[-6.0764,53.1699],[-6.0764,53.1632],[-6.0675,53.1512],[-6.0592,53.1479],[-6.0586,53.1418],[-6.0464,53.1296],[-6.0414,53.1179],[-6.0336,53.071],[-6.0397,53.0593],[-6.0481,53.031],[-6.0503,53.0032],[-6.0464,52.9899],[-6.0381,52.9818],[-6.0308,52.9818],[-6.0281,52.9785],[-6.0231,52.9782],[-6.0214,52.9726],[-6.0069,52.9729],[-6.0008,52.9668],[-5.9969,52.966],[-5.9969,52.9637],[-6.0081,52.9535],[-6.0142,52.9512],[-6.0147,52.9376],[-6.0164,52.9338],[-6.0225,52.9313],[-6.0197,52.9249],[-6.0269,52.924],[-6.0381,52.9162],[-6.0364,52.9124],[-6.0403,52.9043],[-6.0364,52.9021],[-6.0386,52.8976],[-6.0503,52.8921],[-6.0608,52.8785],[-6.0642,52.8651],[-6.0569,52.8604],[-6.0575,52.8574],[-6.0847,52.8493],[-6.1092,52.8346]]]]}}]}